id,text,gold,gold_multi,votes,mmv_pred,sc_pred,mmv_correct,sc_correct,parser_failure,top_votes,K,confidence_mmv,confidence_sc
0,That poster is amazing. He needs to sell these online!,admiration,admiration,"{""admiration"": 1, ""amusement"": 0, ""anger"": 0, ""annoyance"": 0, ""approval"": 0, ""caring"": 0, ""confusion"": 0, ""curiosity"": 0, ""desire"": 0, ""disappointment"": 0, ""disapproval"": 0, ""disgust"": 0, ""embarrassment"": 0, ""excitement"": 1, ""fear"": 0, ""gratitude"": 0, ""grief"": 0, ""joy"": 1, ""love"": 0, ""nervousness"": 0, ""optimism"": 0, ""pride"": 0, ""realization"": 0, ""relief"": 0, ""remorse"": 0, ""sadness"": 0, ""surprise"": 0, ""neutral"": 0}",ABSTAIN,admiration,0,1,0,1,3,0.0,0.3333
1,Adapt and overcome,caring,caring,"{""admiration"": 0, ""amusement"": 0, ""anger"": 0, ""annoyance"": 0, ""approval"": 0, ""caring"": 0, ""confusion"": 0, ""curiosity"": 0, ""desire"": 0, ""disappointment"": 0, ""disapproval"": 0, ""disgust"": 0, ""embarrassment"": 0, ""excitement"": 0, ""fear"": 0, ""gratitude"": 0, ""grief"": 0, ""joy"": 0, ""love"": 0, ""nervousness"": 0, ""optimism"": 0, ""pride"": 0, ""realization"": 1, ""relief"": 0, ""remorse"": 0, ""sadness"": 0, ""surprise"": 0, ""neutral"": 1}",ABSTAIN,realization,0,0,0,1,3,0.0,0.3333
2,I’m glad you had a great time here! Wishing you safe travels!,joy,joy|optimism,"{""admiration"": 0, ""amusement"": 0, ""anger"": 0, ""annoyance"": 0, ""approval"": 0, ""caring"": 0, ""confusion"": 0, ""curiosity"": 0, ""desire"": 0, ""disappointment"": 0, ""disapproval"": 0, ""disgust"": 0, ""embarrassment"": 0, ""excitement"": 0, ""fear"": 0, ""gratitude"": 0, ""grief"": 0, ""joy"": 3, ""love"": 0, ""nervousness"": 0, ""optimism"": 0, ""pride"": 0, ""realization"": 0, ""relief"": 0, ""remorse"": 0, ""sadness"": 0, ""surprise"": 0, ""neutral"": 0}",joy,joy,1,1,0,3,3,1.0,1.0
3,[NAME] would be really pissed off to lose c3po and r2 to the fucking destroy ending,annoyance,annoyance,"{""admiration"": 0, ""amusement"": 0, ""anger"": 1, ""annoyance"": 0, ""approval"": 0, ""caring"": 0, ""confusion"": 0, ""curiosity"": 0, ""desire"": 0, ""disappointment"": 2, ""disapproval"": 0, ""disgust"": 0, ""embarrassment"": 0, ""excitement"": 0, ""fear"": 0, ""gratitude"": 0, ""grief"": 0, ""joy"": 0, ""love"": 0, ""nervousness"": 0, ""optimism"": 0, ""pride"": 0, ""realization"": 0, ""relief"": 0, ""remorse"": 0, ""sadness"": 0, ""surprise"": 0, ""neutral"": 0}",disappointment,disappointment,0,0,0,2,3,0.6667,0.6667
4,And we'll be surrounded by friends,neutral,neutral,"{""admiration"": 0, ""amusement"": 0, ""anger"": 0, ""annoyance"": 0, ""approval"": 0, ""caring"": 0, ""confusion"": 0, ""curiosity"": 0, ""desire"": 0, ""disappointment"": 0, ""disapproval"": 0, ""disgust"": 0, ""embarrassment"": 0, ""excitement"": 0, ""fear"": 0, ""gratitude"": 0, ""grief"": 0, ""joy"": 1, ""love"": 0, ""nervousness"": 0, ""optimism"": 0, ""pride"": 0, ""realization"": 0, ""relief"": 0, ""remorse"": 0, ""sadness"": 0, ""surprise"": 0, ""neutral"": 1}",ABSTAIN,joy,0,0,0,1,3,0.0,0.3333
5,Please stop talking [NAME].,anger,anger|annoyance,"{""admiration"": 0, ""amusement"": 0, ""anger"": 0, ""annoyance"": 0, ""approval"": 0, ""caring"": 1, ""confusion"": 0, ""curiosity"": 0, ""desire"": 0, ""disappointment"": 0, ""disapproval"": 0, ""disgust"": 0, ""embarrassment"": 1, ""excitement"": 0, ""fear"": 0, ""gratitude"": 0, ""grief"": 0, ""joy"": 0, ""love"": 0, ""nervousness"": 0, ""optimism"": 0, ""pride"": 0, ""realization"": 0, ""relief"": 0, ""remorse"": 0, ""sadness"": 0, ""surprise"": 0, ""neutral"": 0}",ABSTAIN,caring,0,0,0,1,3,0.0,0.3333
6,"Also, [NAME] has reached the ""retweet fans pressuring him to run"" stage of unofficially running.",neutral,neutral,"{""admiration"": 0, ""amusement"": 0, ""anger"": 0, ""annoyance"": 0, ""approval"": 0, ""caring"": 0, ""confusion"": 0, ""curiosity"": 0, ""desire"": 0, ""disappointment"": 0, ""disapproval"": 0, ""disgust"": 0, ""embarrassment"": 0, ""excitement"": 0, ""fear"": 0, ""gratitude"": 0, ""grief"": 0, ""joy"": 0, ""love"": 0, ""nervousness"": 0, ""optimism"": 0, ""pride"": 0, ""realization"": 0, ""relief"": 0, ""remorse"": 0, ""sadness"": 0, ""surprise"": 0, ""neutral"": 0}",ABSTAIN,ABSTAIN,0,0,1,0,3,0.0,0.0
7,"Wow. These people really deserve some *clove*, especially on subshops.",admiration,admiration|surprise,"{""admiration"": 0, ""amusement"": 0, ""anger"": 0, ""annoyance"": 0, ""approval"": 1, ""caring"": 0, ""confusion"": 0, ""curiosity"": 0, ""desire"": 0, ""disappointment"": 0, ""disapproval"": 0, ""disgust"": 0, ""embarrassment"": 0, ""excitement"": 0, ""fear"": 0, ""gratitude"": 0, ""grief"": 0, ""joy"": 0, ""love"": 0, ""nervousness"": 0, ""optimism"": 0, ""pride"": 0, ""realization"": 0, ""relief"": 0, ""remorse"": 0, ""sadness"": 0, ""surprise"": 0, ""neutral"": 0}",ABSTAIN,approval,0,0,0,1,3,0.0,0.3333
8,Stop being disgusting. I dont know if you know this but all dogs are naked.,disgust,disgust,"{""admiration"": 0, ""amusement"": 0, ""anger"": 0, ""annoyance"": 0, ""approval"": 0, ""caring"": 0, ""confusion"": 0, ""curiosity"": 0, ""desire"": 0, ""disappointment"": 0, ""disapproval"": 0, ""disgust"": 3, ""embarrassment"": 0, ""excitement"": 0, ""fear"": 0, ""gratitude"": 0, ""grief"": 0, ""joy"": 0, ""love"": 0, ""nervousness"": 0, ""optimism"": 0, ""pride"": 0, ""realization"": 0, ""relief"": 0, ""remorse"": 0, ""sadness"": 0, ""surprise"": 0, ""neutral"": 0}",disgust,disgust,1,1,0,3,3,1.0,1.0
9,Dude the speed which the cop came running is amazing,admiration,admiration,"{""admiration"": 0, ""amusement"": 2, ""anger"": 0, ""annoyance"": 0, ""approval"": 0, ""caring"": 0, ""confusion"": 0, ""curiosity"": 0, ""desire"": 0, ""disappointment"": 0, ""disapproval"": 0, ""disgust"": 0, ""embarrassment"": 0, ""excitement"": 0, ""fear"": 0, ""gratitude"": 0, ""grief"": 0, ""joy"": 0, ""love"": 0, ""nervousness"": 0, ""optimism"": 0, ""pride"": 0, ""realization"": 0, ""relief"": 0, ""remorse"": 0, ""sadness"": 0, ""surprise"": 0, ""neutral"": 0}",amusement,amusement,0,0,0,2,3,0.6667,0.6667
10,Triple single son,neutral,neutral,"{""admiration"": 0, ""amusement"": 1, ""anger"": 0, ""annoyance"": 0, ""approval"": 0, ""caring"": 0, ""confusion"": 0, ""curiosity"": 0, ""desire"": 0, ""disappointment"": 0, ""disapproval"": 0, ""disgust"": 0, ""embarrassment"": 0, ""excitement"": 0, ""fear"": 0, ""gratitude"": 0, ""grief"": 0, ""joy"": 0, ""love"": 0, ""nervousness"": 0, ""optimism"": 0, ""pride"": 1, ""realization"": 0, ""relief"": 0, ""remorse"": 0, ""sadness"": 0, ""surprise"": 0, ""neutral"": 0}",ABSTAIN,amusement,0,0,0,1,3,0.0,0.3333
11,Goddamn. I'd tap the fuck out if I was that other guy.,annoyance,annoyance|disgust,"{""admiration"": 0, ""amusement"": 0, ""anger"": 2, ""annoyance"": 0, ""approval"": 0, ""caring"": 0, ""confusion"": 0, ""curiosity"": 0, ""desire"": 0, ""disappointment"": 1, ""disapproval"": 0, ""disgust"": 0, ""embarrassment"": 0, ""excitement"": 0, ""fear"": 0, ""gratitude"": 0, ""grief"": 0, ""joy"": 0, ""love"": 0, ""nervousness"": 0, ""optimism"": 0, ""pride"": 0, ""realization"": 0, ""relief"": 0, ""remorse"": 0, ""sadness"": 0, ""surprise"": 0, ""neutral"": 0}",anger,anger,0,0,0,2,3,0.6667,0.6667
12,Thank you.,gratitude,gratitude,"{""admiration"": 0, ""amusement"": 0, ""anger"": 0, ""annoyance"": 0, ""approval"": 0, ""caring"": 0, ""confusion"": 0, ""curiosity"": 0, ""desire"": 0, ""disappointment"": 0, ""disapproval"": 0, ""disgust"": 0, ""embarrassment"": 0, ""excitement"": 0, ""fear"": 0, ""gratitude"": 2, ""grief"": 0, ""joy"": 0, ""love"": 0, ""nervousness"": 0, ""optimism"": 0, ""pride"": 0, ""realization"": 0, ""relief"": 0, ""remorse"": 0, ""sadness"": 0, ""surprise"": 0, ""neutral"": 1}",gratitude,gratitude,1,1,0,2,3,0.6667,0.6667
13,Sadly enough I was thinking the same.,remorse,remorse,"{""admiration"": 0, ""amusement"": 0, ""anger"": 0, ""annoyance"": 0, ""approval"": 0, ""caring"": 0, ""confusion"": 0, ""curiosity"": 0, ""desire"": 0, ""disappointment"": 0, ""disapproval"": 0, ""disgust"": 0, ""embarrassment"": 0, ""excitement"": 0, ""fear"": 0, ""gratitude"": 0, ""grief"": 0, ""joy"": 0, ""love"": 0, ""nervousness"": 0, ""optimism"": 0, ""pride"": 0, ""realization"": 0, ""relief"": 0, ""remorse"": 0, ""sadness"": 3, ""surprise"": 0, ""neutral"": 0}",sadness,sadness,0,0,0,3,3,1.0,1.0
14,Fuuuuuck. That’s the worst I’ve seen.,anger,anger,"{""admiration"": 0, ""amusement"": 0, ""anger"": 1, ""annoyance"": 0, ""approval"": 0, ""caring"": 0, ""confusion"": 0, ""curiosity"": 0, ""desire"": 0, ""disappointment"": 2, ""disapproval"": 0, ""disgust"": 0, ""embarrassment"": 0, ""excitement"": 0, ""fear"": 0, ""gratitude"": 0, ""grief"": 0, ""joy"": 0, ""love"": 0, ""nervousness"": 0, ""optimism"": 0, ""pride"": 0, ""realization"": 0, ""relief"": 0, ""remorse"": 0, ""sadness"": 0, ""surprise"": 0, ""neutral"": 0}",disappointment,disappointment,0,0,0,2,3,0.6667,0.6667
15,Ok but it’s easy to worry when the legal drinking age in your nation is one of the lowest among first-world countries.,neutral,neutral,"{""admiration"": 0, ""amusement"": 0, ""anger"": 0, ""annoyance"": 0, ""approval"": 0, ""caring"": 0, ""confusion"": 0, ""curiosity"": 0, ""desire"": 0, ""disappointment"": 0, ""disapproval"": 0, ""disgust"": 0, ""embarrassment"": 0, ""excitement"": 0, ""fear"": 1, ""gratitude"": 0, ""grief"": 0, ""joy"": 0, ""love"": 0, ""nervousness"": 2, ""optimism"": 0, ""pride"": 0, ""realization"": 0, ""relief"": 0, ""remorse"": 0, ""sadness"": 0, ""surprise"": 0, ""neutral"": 0}",nervousness,nervousness,0,0,0,2,3,0.6667,0.6667
16,I always keep my purse by my side. She is asking for trouble.,neutral,neutral,"{""admiration"": 0, ""amusement"": 0, ""anger"": 0, ""annoyance"": 0, ""approval"": 0, ""caring"": 0, ""confusion"": 0, ""curiosity"": 0, ""desire"": 0, ""disappointment"": 0, ""disapproval"": 0, ""disgust"": 0, ""embarrassment"": 0, ""excitement"": 0, ""fear"": 2, ""gratitude"": 0, ""grief"": 0, ""joy"": 0, ""love"": 0, ""nervousness"": 1, ""optimism"": 0, ""pride"": 0, ""realization"": 0, ""relief"": 0, ""remorse"": 0, ""sadness"": 0, ""surprise"": 0, ""neutral"": 0}",fear,fear,0,0,0,2,3,0.6667,0.6667
17,Monero enthusiast here. Make me happy and call me a liar again.,joy,joy,"{""admiration"": 0, ""amusement"": 0, ""anger"": 0, ""annoyance"": 1, ""approval"": 0, ""caring"": 0, ""confusion"": 1, ""curiosity"": 0, ""desire"": 0, ""disappointment"": 1, ""disapproval"": 0, ""disgust"": 0, ""embarrassment"": 0, ""excitement"": 0, ""fear"": 0, ""gratitude"": 0, ""grief"": 0, ""joy"": 0, ""love"": 0, ""nervousness"": 0, ""optimism"": 0, ""pride"": 0, ""realization"": 0, ""relief"": 0, ""remorse"": 0, ""sadness"": 0, ""surprise"": 0, ""neutral"": 0}",ABSTAIN,annoyance,0,0,0,1,3,0.0,0.3333
18,So happy for you :),joy,joy,"{""admiration"": 0, ""amusement"": 0, ""anger"": 0, ""annoyance"": 0, ""approval"": 0, ""caring"": 0, ""confusion"": 0, ""curiosity"": 0, ""desire"": 0, ""disappointment"": 0, ""disapproval"": 0, ""disgust"": 0, ""embarrassment"": 0, ""excitement"": 0, ""fear"": 0, ""gratitude"": 1, ""grief"": 0, ""joy"": 1, ""love"": 0, ""nervousness"": 0, ""optimism"": 0, ""pride"": 0, ""realization"": 0, ""relief"": 0, ""remorse"": 0, ""sadness"": 0, ""surprise"": 0, ""neutral"": 0}",ABSTAIN,gratitude,0,0,0,1,3,0.0,0.3333
19,The thing to understand about [NAME] is that he's a complete moron.,annoyance,annoyance,"{""admiration"": 0, ""amusement"": 0, ""anger"": 0, ""annoyance"": 0, ""approval"": 0, ""caring"": 0, ""confusion"": 0, ""curiosity"": 0, ""desire"": 0, ""disappointment"": 1, ""disapproval"": 1, ""disgust"": 0, ""embarrassment"": 0, ""excitement"": 0, ""fear"": 0, ""gratitude"": 0, ""grief"": 0, ""joy"": 0, ""love"": 0, ""nervousness"": 0, ""optimism"": 0, ""pride"": 0, ""realization"": 0, ""relief"": 0, ""remorse"": 0, ""sadness"": 0, ""surprise"": 0, ""neutral"": 0}",ABSTAIN,disappointment,0,0,0,1,3,0.0,0.3333
20,"Thanks, saved. Will watch it tomorrow morning :) ",gratitude,gratitude,"{""admiration"": 0, ""amusement"": 0, ""anger"": 0, ""annoyance"": 0, ""approval"": 0, ""caring"": 0, ""confusion"": 0, ""curiosity"": 0, ""desire"": 0, ""disappointment"": 0, ""disapproval"": 0, ""disgust"": 0, ""embarrassment"": 0, ""excitement"": 0, ""fear"": 0, ""gratitude"": 1, ""grief"": 0, ""joy"": 1, ""love"": 0, ""nervousness"": 0, ""optimism"": 0, ""pride"": 0, ""realization"": 0, ""relief"": 0, ""remorse"": 0, ""sadness"": 0, ""surprise"": 0, ""neutral"": 0}",ABSTAIN,gratitude,0,1,0,1,3,0.0,0.3333
21,I'm glad you have someone to help you out! Perhaps over time you'll find it easier.,joy,joy|relief,"{""admiration"": 0, ""amusement"": 0, ""anger"": 0, ""annoyance"": 0, ""approval"": 0, ""caring"": 0, ""confusion"": 0, ""curiosity"": 0, ""desire"": 0, ""disappointment"": 0, ""disapproval"": 0, ""disgust"": 0, ""embarrassment"": 0, ""excitement"": 0, ""fear"": 0, ""gratitude"": 2, ""grief"": 0, ""joy"": 1, ""love"": 0, ""nervousness"": 0, ""optimism"": 0, ""pride"": 0, ""realization"": 0, ""relief"": 0, ""remorse"": 0, ""sadness"": 0, ""surprise"": 0, ""neutral"": 0}",gratitude,gratitude,0,0,0,2,3,0.6667,0.6667
22,Did anyone see [NAME] get pushed around by [NAME] and [NAME] in the post win lineup? I burst out laughing!,amusement,amusement|curiosity,"{""admiration"": 0, ""amusement"": 2, ""anger"": 0, ""annoyance"": 0, ""approval"": 0, ""caring"": 0, ""confusion"": 0, ""curiosity"": 0, ""desire"": 0, ""disappointment"": 0, ""disapproval"": 0, ""disgust"": 0, ""embarrassment"": 0, ""excitement"": 0, ""fear"": 0, ""gratitude"": 0, ""grief"": 0, ""joy"": 0, ""love"": 0, ""nervousness"": 0, ""optimism"": 0, ""pride"": 0, ""realization"": 0, ""relief"": 0, ""remorse"": 0, ""sadness"": 0, ""surprise"": 0, ""neutral"": 0}",amusement,amusement,1,1,0,2,3,0.6667,0.6667
23,Don't include me in this us! Just kidding.. We need some love and fast.,joy,joy|love,"{""admiration"": 0, ""amusement"": 0, ""anger"": 0, ""annoyance"": 0, ""approval"": 0, ""caring"": 1, ""confusion"": 0, ""curiosity"": 0, ""desire"": 0, ""disappointment"": 0, ""disapproval"": 0, ""disgust"": 0, ""embarrassment"": 0, ""excitement"": 0, ""fear"": 0, ""gratitude"": 0, ""grief"": 0, ""joy"": 0, ""love"": 1, ""nervousness"": 0, ""optimism"": 0, ""pride"": 0, ""realization"": 0, ""relief"": 0, ""remorse"": 0, ""sadness"": 0, ""surprise"": 0, ""neutral"": 0}",ABSTAIN,caring,0,0,0,1,3,0.0,0.3333
24,"I like all of them, depending on what I want to learn. I really like [NAME] and [NAME] style, because they are such trolls. ",annoyance,annoyance|love,"{""admiration"": 0, ""amusement"": 0, ""anger"": 0, ""annoyance"": 0, ""approval"": 0, ""caring"": 0, ""confusion"": 0, ""curiosity"": 0, ""desire"": 0, ""disappointment"": 0, ""disapproval"": 1, ""disgust"": 0, ""embarrassment"": 0, ""excitement"": 0, ""fear"": 0, ""gratitude"": 0, ""grief"": 0, ""joy"": 0, ""love"": 0, ""nervousness"": 0, ""optimism"": 0, ""pride"": 0, ""realization"": 0, ""relief"": 0, ""remorse"": 0, ""sadness"": 0, ""surprise"": 0, ""neutral"": 2}",neutral,neutral,0,0,0,2,3,0.6667,0.6667
25,"A horrendous amount of Sesame oil, god, that would be awful.",disgust,disgust,"{""admiration"": 0, ""amusement"": 0, ""anger"": 0, ""annoyance"": 0, ""approval"": 0, ""caring"": 0, ""confusion"": 0, ""curiosity"": 0, ""desire"": 0, ""disappointment"": 0, ""disapproval"": 0, ""disgust"": 2, ""embarrassment"": 0, ""excitement"": 0, ""fear"": 0, ""gratitude"": 0, ""grief"": 0, ""joy"": 0, ""love"": 0, ""nervousness"": 0, ""optimism"": 0, ""pride"": 0, ""realization"": 0, ""relief"": 0, ""remorse"": 0, ""sadness"": 0, ""surprise"": 0, ""neutral"": 0}",disgust,disgust,1,1,0,2,3,0.6667,0.6667
26,He loves buying people beer. He got into that industry to buy people beer.,love,love,"{""admiration"": 0, ""amusement"": 0, ""anger"": 0, ""annoyance"": 0, ""approval"": 0, ""caring"": 0, ""confusion"": 0, ""curiosity"": 1, ""desire"": 0, ""disappointment"": 0, ""disapproval"": 0, ""disgust"": 0, ""embarrassment"": 0, ""excitement"": 0, ""fear"": 0, ""gratitude"": 0, ""grief"": 0, ""joy"": 1, ""love"": 1, ""nervousness"": 0, ""optimism"": 0, ""pride"": 0, ""realization"": 0, ""relief"": 0, ""remorse"": 0, ""sadness"": 0, ""surprise"": 0, ""neutral"": 0}",ABSTAIN,curiosity,0,0,0,1,3,0.0,0.3333
27,I listened to this song the other day for the first time and... oh boy yeah,neutral,neutral,"{""admiration"": 0, ""amusement"": 0, ""anger"": 0, ""annoyance"": 0, ""approval"": 0, ""caring"": 0, ""confusion"": 0, ""curiosity"": 0, ""desire"": 0, ""disappointment"": 0, ""disapproval"": 0, ""disgust"": 0, ""embarrassment"": 0, ""excitement"": 0, ""fear"": 0, ""gratitude"": 0, ""grief"": 0, ""joy"": 0, ""love"": 0, ""nervousness"": 0, ""optimism"": 0, ""pride"": 0, ""realization"": 0, ""relief"": 0, ""remorse"": 0, ""sadness"": 0, ""surprise"": 1, ""neutral"": 0}",ABSTAIN,surprise,0,0,0,1,3,0.0,0.3333
28,I've been really into reading nonfiction lately and ancient religious history sounds fascinating! Do you have any books you recommend?,curiosity,curiosity,"{""admiration"": 0, ""amusement"": 0, ""anger"": 0, ""annoyance"": 0, ""approval"": 0, ""caring"": 0, ""confusion"": 0, ""curiosity"": 3, ""desire"": 0, ""disappointment"": 0, ""disapproval"": 0, ""disgust"": 0, ""embarrassment"": 0, ""excitement"": 0, ""fear"": 0, ""gratitude"": 0, ""grief"": 0, ""joy"": 0, ""love"": 0, ""nervousness"": 0, ""optimism"": 0, ""pride"": 0, ""realization"": 0, ""relief"": 0, ""remorse"": 0, ""sadness"": 0, ""surprise"": 0, ""neutral"": 0}",curiosity,curiosity,1,1,0,3,3,1.0,1.0
29,[NAME] and [NAME] are my favorite gay couple,admiration,admiration|love,"{""admiration"": 0, ""amusement"": 0, ""anger"": 0, ""annoyance"": 0, ""approval"": 1, ""caring"": 0, ""confusion"": 0, ""curiosity"": 0, ""desire"": 0, ""disappointment"": 0, ""disapproval"": 0, ""disgust"": 0, ""embarrassment"": 0, ""excitement"": 0, ""fear"": 0, ""gratitude"": 0, ""grief"": 0, ""joy"": 0, ""love"": 1, ""nervousness"": 0, ""optimism"": 0, ""pride"": 0, ""realization"": 0, ""relief"": 0, ""remorse"": 0, ""sadness"": 0, ""surprise"": 0, ""neutral"": 1}",ABSTAIN,approval,0,0,0,1,3,0.0,0.3333
30,Just get in front of him and stop,neutral,neutral,"{""admiration"": 0, ""amusement"": 0, ""anger"": 0, ""annoyance"": 1, ""approval"": 0, ""caring"": 0, ""confusion"": 0, ""curiosity"": 0, ""desire"": 0, ""disappointment"": 0, ""disapproval"": 0, ""disgust"": 0, ""embarrassment"": 0, ""excitement"": 0, ""fear"": 0, ""gratitude"": 0, ""grief"": 0, ""joy"": 0, ""love"": 0, ""nervousness"": 0, ""optimism"": 0, ""pride"": 0, ""realization"": 1, ""relief"": 0, ""remorse"": 0, ""sadness"": 0, ""surprise"": 0, ""neutral"": 0}",ABSTAIN,annoyance,0,0,0,1,3,0.0,0.3333
31,"My friend and I have been having good fun queuing Mei/Winston, trololo, and 2 bottles of whisky.",joy,joy,"{""admiration"": 0, ""amusement"": 0, ""anger"": 0, ""annoyance"": 0, ""approval"": 0, ""caring"": 0, ""confusion"": 0, ""curiosity"": 0, ""desire"": 0, ""disappointment"": 0, ""disapproval"": 0, ""disgust"": 0, ""embarrassment"": 0, ""excitement"": 1, ""fear"": 0, ""gratitude"": 0, ""grief"": 0, ""joy"": 1, ""love"": 0, ""nervousness"": 0, ""optimism"": 0, ""pride"": 0, ""realization"": 0, ""relief"": 0, ""remorse"": 0, ""sadness"": 0, ""surprise"": 0, ""neutral"": 0}",ABSTAIN,excitement,0,0,0,1,3,0.0,0.3333
32,The entire culture of NE is win at all costs. Not sure where you live but if that kid shovels snow..tell mom to him bring home .,neutral,neutral,"{""admiration"": 0, ""amusement"": 0, ""anger"": 1, ""annoyance"": 0, ""approval"": 0, ""caring"": 0, ""confusion"": 0, ""curiosity"": 0, ""desire"": 0, ""disappointment"": 0, ""disapproval"": 0, ""disgust"": 0, ""embarrassment"": 0, ""excitement"": 0, ""fear"": 0, ""gratitude"": 0, ""grief"": 0, ""joy"": 0, ""love"": 0, ""nervousness"": 0, ""optimism"": 0, ""pride"": 0, ""realization"": 0, ""relief"": 0, ""remorse"": 0, ""sadness"": 0, ""surprise"": 0, ""neutral"": 0}",ABSTAIN,anger,0,0,0,1,3,0.0,0.3333
33,"Every time I see someone walking around with their toddler now all I can think is *poor basrard, he has no idea what's coming*. ",neutral,neutral,"{""admiration"": 0, ""amusement"": 0, ""anger"": 1, ""annoyance"": 0, ""approval"": 0, ""caring"": 0, ""confusion"": 0, ""curiosity"": 0, ""desire"": 0, ""disappointment"": 2, ""disapproval"": 0, ""disgust"": 0, ""embarrassment"": 0, ""excitement"": 0, ""fear"": 0, ""gratitude"": 0, ""grief"": 0, ""joy"": 0, ""love"": 0, ""nervousness"": 0, ""optimism"": 0, ""pride"": 0, ""realization"": 0, ""relief"": 0, ""remorse"": 0, ""sadness"": 0, ""surprise"": 0, ""neutral"": 0}",disappointment,disappointment,0,0,0,2,3,0.6667,0.6667
34,"Well I am a lady, so that would probably just freak them out. Oh, Reddit. Everyone is a man haha. ",amusement,amusement,"{""admiration"": 0, ""amusement"": 2, ""anger"": 0, ""annoyance"": 0, ""approval"": 0, ""caring"": 0, ""confusion"": 0, ""curiosity"": 0, ""desire"": 0, ""disappointment"": 0, ""disapproval"": 0, ""disgust"": 0, ""embarrassment"": 0, ""excitement"": 0, ""fear"": 0, ""gratitude"": 0, ""grief"": 0, ""joy"": 0, ""love"": 0, ""nervousness"": 0, ""optimism"": 0, ""pride"": 0, ""realization"": 0, ""relief"": 0, ""remorse"": 0, ""sadness"": 0, ""surprise"": 0, ""neutral"": 1}",amusement,amusement,1,1,0,2,3,0.6667,0.6667
35,"If she deleted your Snapchat just because you showed up to a bingo, then it seems she's a bit of a bad person",disgust,disgust,"{""admiration"": 0, ""amusement"": 0, ""anger"": 0, ""annoyance"": 0, ""approval"": 0, ""caring"": 0, ""confusion"": 0, ""curiosity"": 0, ""desire"": 0, ""disappointment"": 0, ""disapproval"": 2, ""disgust"": 0, ""embarrassment"": 0, ""excitement"": 0, ""fear"": 0, ""gratitude"": 0, ""grief"": 0, ""joy"": 0, ""love"": 0, ""nervousness"": 0, ""optimism"": 0, ""pride"": 0, ""realization"": 0, ""relief"": 0, ""remorse"": 0, ""sadness"": 0, ""surprise"": 0, ""neutral"": 0}",disapproval,disapproval,0,0,0,2,3,0.6667,0.6667
36,[NAME] and [NAME] Funny thing is they both had a feud too and were in the ring at same time a lot,neutral,neutral,"{""admiration"": 0, ""amusement"": 0, ""anger"": 3, ""annoyance"": 0, ""approval"": 0, ""caring"": 0, ""confusion"": 0, ""curiosity"": 0, ""desire"": 0, ""disappointment"": 0, ""disapproval"": 0, ""disgust"": 0, ""embarrassment"": 0, ""excitement"": 0, ""fear"": 0, ""gratitude"": 0, ""grief"": 0, ""joy"": 0, ""love"": 0, ""nervousness"": 0, ""optimism"": 0, ""pride"": 0, ""realization"": 0, ""relief"": 0, ""remorse"": 0, ""sadness"": 0, ""surprise"": 0, ""neutral"": 0}",anger,anger,0,0,0,3,3,1.0,1.0
37,"Excellent collage, I learned so much from all these guys. The community is great, the unconfiscatable conference was awesome 🙏🏽🙏🏽",admiration,admiration,"{""admiration"": 1, ""amusement"": 0, ""anger"": 0, ""annoyance"": 0, ""approval"": 0, ""caring"": 0, ""confusion"": 0, ""curiosity"": 0, ""desire"": 0, ""disappointment"": 0, ""disapproval"": 0, ""disgust"": 0, ""embarrassment"": 0, ""excitement"": 0, ""fear"": 0, ""gratitude"": 0, ""grief"": 0, ""joy"": 0, ""love"": 0, ""nervousness"": 0, ""optimism"": 0, ""pride"": 0, ""realization"": 0, ""relief"": 0, ""remorse"": 0, ""sadness"": 0, ""surprise"": 0, ""neutral"": 0}",ABSTAIN,admiration,0,1,0,1,3,0.0,0.3333
38,"Hi, everyone! This is my 13 minute action/comedy short film, JUICY! I hope you all enjoy! Feedback is welcome. ",optimism,optimism,"{""admiration"": 0, ""amusement"": 0, ""anger"": 0, ""annoyance"": 0, ""approval"": 0, ""caring"": 0, ""confusion"": 0, ""curiosity"": 0, ""desire"": 0, ""disappointment"": 0, ""disapproval"": 0, ""disgust"": 0, ""embarrassment"": 0, ""excitement"": 0, ""fear"": 0, ""gratitude"": 0, ""grief"": 0, ""joy"": 2, ""love"": 0, ""nervousness"": 0, ""optimism"": 0, ""pride"": 0, ""realization"": 0, ""relief"": 0, ""remorse"": 0, ""sadness"": 0, ""surprise"": 0, ""neutral"": 1}",joy,joy,0,0,0,2,3,0.6667,0.6667
39,Not watched it yet pal. You?,neutral,neutral,"{""admiration"": 0, ""amusement"": 0, ""anger"": 0, ""annoyance"": 0, ""approval"": 0, ""caring"": 0, ""confusion"": 0, ""curiosity"": 1, ""desire"": 0, ""disappointment"": 0, ""disapproval"": 0, ""disgust"": 0, ""embarrassment"": 0, ""excitement"": 0, ""fear"": 0, ""gratitude"": 0, ""grief"": 0, ""joy"": 0, ""love"": 0, ""nervousness"": 0, ""optimism"": 0, ""pride"": 0, ""realization"": 0, ""relief"": 0, ""remorse"": 0, ""sadness"": 0, ""surprise"": 0, ""neutral"": 2}",neutral,neutral,1,1,0,2,3,0.6667,0.6667
40,I love [NAME]. He’s just going to keep getting better.,love,love,"{""admiration"": 0, ""amusement"": 0, ""anger"": 0, ""annoyance"": 0, ""approval"": 0, ""caring"": 1, ""confusion"": 0, ""curiosity"": 0, ""desire"": 0, ""disappointment"": 0, ""disapproval"": 0, ""disgust"": 0, ""embarrassment"": 0, ""excitement"": 0, ""fear"": 0, ""gratitude"": 1, ""grief"": 0, ""joy"": 0, ""love"": 1, ""nervousness"": 0, ""optimism"": 0, ""pride"": 0, ""realization"": 0, ""relief"": 0, ""remorse"": 0, ""sadness"": 0, ""surprise"": 0, ""neutral"": 0}",ABSTAIN,caring,0,0,0,1,3,0.0,0.3333
41,Everyone in this video is annoying. This seems like a terrible place to go hang out.,annoyance,annoyance,"{""admiration"": 0, ""amusement"": 0, ""anger"": 0, ""annoyance"": 0, ""approval"": 0, ""caring"": 0, ""confusion"": 0, ""curiosity"": 0, ""desire"": 0, ""disappointment"": 2, ""disapproval"": 0, ""disgust"": 0, ""embarrassment"": 0, ""excitement"": 0, ""fear"": 0, ""gratitude"": 0, ""grief"": 0, ""joy"": 0, ""love"": 0, ""nervousness"": 0, ""optimism"": 0, ""pride"": 0, ""realization"": 0, ""relief"": 0, ""remorse"": 0, ""sadness"": 0, ""surprise"": 0, ""neutral"": 0}",disappointment,disappointment,0,0,0,2,3,0.6667,0.6667
42,Thanks,gratitude,gratitude,"{""admiration"": 0, ""amusement"": 0, ""anger"": 0, ""annoyance"": 0, ""approval"": 0, ""caring"": 0, ""confusion"": 0, ""curiosity"": 0, ""desire"": 0, ""disappointment"": 0, ""disapproval"": 0, ""disgust"": 0, ""embarrassment"": 0, ""excitement"": 0, ""fear"": 0, ""gratitude"": 1, ""grief"": 0, ""joy"": 0, ""love"": 0, ""nervousness"": 0, ""optimism"": 0, ""pride"": 0, ""realization"": 0, ""relief"": 0, ""remorse"": 0, ""sadness"": 0, ""surprise"": 0, ""neutral"": 2}",neutral,neutral,0,0,0,2,3,0.6667,0.6667
43,Oh hell yeah,anger,anger,"{""admiration"": 0, ""amusement"": 0, ""anger"": 0, ""annoyance"": 0, ""approval"": 1, ""caring"": 0, ""confusion"": 0, ""curiosity"": 0, ""desire"": 0, ""disappointment"": 0, ""disapproval"": 0, ""disgust"": 0, ""embarrassment"": 0, ""excitement"": 1, ""fear"": 0, ""gratitude"": 0, ""grief"": 0, ""joy"": 1, ""love"": 0, ""nervousness"": 0, ""optimism"": 0, ""pride"": 0, ""realization"": 0, ""relief"": 0, ""remorse"": 0, ""sadness"": 0, ""surprise"": 0, ""neutral"": 0}",ABSTAIN,approval,0,0,0,1,3,0.0,0.3333
44,And then they got shot down,neutral,neutral,"{""admiration"": 0, ""amusement"": 0, ""anger"": 0, ""annoyance"": 0, ""approval"": 0, ""caring"": 0, ""confusion"": 0, ""curiosity"": 0, ""desire"": 0, ""disappointment"": 2, ""disapproval"": 0, ""disgust"": 0, ""embarrassment"": 0, ""excitement"": 0, ""fear"": 0, ""gratitude"": 0, ""grief"": 0, ""joy"": 0, ""love"": 0, ""nervousness"": 0, ""optimism"": 0, ""pride"": 0, ""realization"": 0, ""relief"": 0, ""remorse"": 0, ""sadness"": 1, ""surprise"": 0, ""neutral"": 0}",disappointment,disappointment,0,0,0,2,3,0.6667,0.6667
45,"No, what’s sad is saying the same message like it’s news. He’s a copy paste machine. No original thought.",sadness,sadness,"{""admiration"": 0, ""amusement"": 0, ""anger"": 0, ""annoyance"": 0, ""approval"": 0, ""caring"": 0, ""confusion"": 0, ""curiosity"": 0, ""desire"": 0, ""disappointment"": 2, ""disapproval"": 0, ""disgust"": 0, ""embarrassment"": 0, ""excitement"": 0, ""fear"": 0, ""gratitude"": 0, ""grief"": 0, ""joy"": 0, ""love"": 0, ""nervousness"": 0, ""optimism"": 0, ""pride"": 0, ""realization"": 0, ""relief"": 0, ""remorse"": 0, ""sadness"": 0, ""surprise"": 0, ""neutral"": 0}",disappointment,disappointment,0,0,0,2,3,0.6667,0.6667
46,they dont pay shit,anger,anger,"{""admiration"": 0, ""amusement"": 0, ""anger"": 1, ""annoyance"": 0, ""approval"": 0, ""caring"": 0, ""confusion"": 0, ""curiosity"": 0, ""desire"": 0, ""disappointment"": 1, ""disapproval"": 1, ""disgust"": 0, ""embarrassment"": 0, ""excitement"": 0, ""fear"": 0, ""gratitude"": 0, ""grief"": 0, ""joy"": 0, ""love"": 0, ""nervousness"": 0, ""optimism"": 0, ""pride"": 0, ""realization"": 0, ""relief"": 0, ""remorse"": 0, ""sadness"": 0, ""surprise"": 0, ""neutral"": 0}",ABSTAIN,anger,0,1,0,1,3,0.0,0.3333
47,I'm in the UK dude. It's happening everywhere and most people are either busy hating or living in a bubble so are oblivious.,neutral,neutral,"{""admiration"": 0, ""amusement"": 0, ""anger"": 1, ""annoyance"": 0, ""approval"": 0, ""caring"": 0, ""confusion"": 0, ""curiosity"": 0, ""desire"": 0, ""disappointment"": 0, ""disapproval"": 0, ""disgust"": 0, ""embarrassment"": 0, ""excitement"": 0, ""fear"": 0, ""gratitude"": 0, ""grief"": 0, ""joy"": 0, ""love"": 0, ""nervousness"": 0, ""optimism"": 0, ""pride"": 0, ""realization"": 0, ""relief"": 0, ""remorse"": 0, ""sadness"": 1, ""surprise"": 0, ""neutral"": 0}",ABSTAIN,anger,0,0,0,1,3,0.0,0.3333
48,Lol they’re so caught. “It’s not what it looks like! We hate each other!”,neutral,neutral,"{""admiration"": 0, ""amusement"": 0, ""anger"": 1, ""annoyance"": 0, ""approval"": 0, ""caring"": 0, ""confusion"": 0, ""curiosity"": 0, ""desire"": 0, ""disappointment"": 1, ""disapproval"": 1, ""disgust"": 0, ""embarrassment"": 0, ""excitement"": 0, ""fear"": 0, ""gratitude"": 0, ""grief"": 0, ""joy"": 0, ""love"": 0, ""nervousness"": 0, ""optimism"": 0, ""pride"": 0, ""realization"": 0, ""relief"": 0, ""remorse"": 0, ""sadness"": 0, ""surprise"": 0, ""neutral"": 0}",ABSTAIN,anger,0,0,0,1,3,0.0,0.3333
49,"It’s not about the money, it’s all about the love of the game.",realization,realization,"{""admiration"": 0, ""amusement"": 0, ""anger"": 0, ""annoyance"": 0, ""approval"": 0, ""caring"": 0, ""confusion"": 0, ""curiosity"": 0, ""desire"": 0, ""disappointment"": 0, ""disapproval"": 0, ""disgust"": 0, ""embarrassment"": 0, ""excitement"": 0, ""fear"": 0, ""gratitude"": 0, ""grief"": 0, ""joy"": 0, ""love"": 2, ""nervousness"": 0, ""optimism"": 0, ""pride"": 0, ""realization"": 0, ""relief"": 0, ""remorse"": 0, ""sadness"": 0, ""surprise"": 0, ""neutral"": 0}",love,love,0,0,0,2,3,0.6667,0.6667
50,I had the biggest smile!,admiration,admiration|joy,"{""admiration"": 0, ""amusement"": 0, ""anger"": 0, ""annoyance"": 0, ""approval"": 0, ""caring"": 0, ""confusion"": 0, ""curiosity"": 0, ""desire"": 0, ""disappointment"": 0, ""disapproval"": 0, ""disgust"": 0, ""embarrassment"": 0, ""excitement"": 0, ""fear"": 0, ""gratitude"": 0, ""grief"": 0, ""joy"": 3, ""love"": 0, ""nervousness"": 0, ""optimism"": 0, ""pride"": 0, ""realization"": 0, ""relief"": 0, ""remorse"": 0, ""sadness"": 0, ""surprise"": 0, ""neutral"": 0}",joy,joy,1,1,0,3,3,1.0,1.0
51,It’s the format. It’s like one of those bad [NAME] memes,disapproval,disapproval,"{""admiration"": 0, ""amusement"": 0, ""anger"": 0, ""annoyance"": 0, ""approval"": 0, ""caring"": 0, ""confusion"": 0, ""curiosity"": 0, ""desire"": 0, ""disappointment"": 1, ""disapproval"": 1, ""disgust"": 0, ""embarrassment"": 0, ""excitement"": 0, ""fear"": 0, ""gratitude"": 0, ""grief"": 0, ""joy"": 0, ""love"": 0, ""nervousness"": 0, ""optimism"": 0, ""pride"": 0, ""realization"": 0, ""relief"": 0, ""remorse"": 0, ""sadness"": 1, ""surprise"": 0, ""neutral"": 0}",ABSTAIN,disappointment,0,0,0,1,3,0.0,0.3333
52,I'm surprised that this is still happening despite the threats of an invasion of manbij.,surprise,surprise,"{""admiration"": 0, ""amusement"": 0, ""anger"": 0, ""annoyance"": 0, ""approval"": 0, ""caring"": 0, ""confusion"": 0, ""curiosity"": 0, ""desire"": 0, ""disappointment"": 0, ""disapproval"": 0, ""disgust"": 0, ""embarrassment"": 0, ""excitement"": 0, ""fear"": 0, ""gratitude"": 0, ""grief"": 0, ""joy"": 0, ""love"": 0, ""nervousness"": 0, ""optimism"": 0, ""pride"": 0, ""realization"": 0, ""relief"": 0, ""remorse"": 0, ""sadness"": 0, ""surprise"": 3, ""neutral"": 0}",surprise,surprise,1,1,0,3,3,1.0,1.0
53,ok now you are being adorable on purpose i see what youre doing,neutral,neutral,"{""admiration"": 1, ""amusement"": 1, ""anger"": 0, ""annoyance"": 0, ""approval"": 0, ""caring"": 0, ""confusion"": 0, ""curiosity"": 0, ""desire"": 0, ""disappointment"": 0, ""disapproval"": 0, ""disgust"": 0, ""embarrassment"": 0, ""excitement"": 0, ""fear"": 0, ""gratitude"": 0, ""grief"": 0, ""joy"": 0, ""love"": 0, ""nervousness"": 0, ""optimism"": 0, ""pride"": 0, ""realization"": 0, ""relief"": 0, ""remorse"": 0, ""sadness"": 0, ""surprise"": 0, ""neutral"": 0}",ABSTAIN,admiration,0,0,0,1,3,0.0,0.3333
54,This is amazing. WTF.,surprise,surprise,"{""admiration"": 0, ""amusement"": 0, ""anger"": 1, ""annoyance"": 0, ""approval"": 0, ""caring"": 0, ""confusion"": 0, ""curiosity"": 0, ""desire"": 0, ""disappointment"": 0, ""disapproval"": 0, ""disgust"": 0, ""embarrassment"": 0, ""excitement"": 0, ""fear"": 0, ""gratitude"": 0, ""grief"": 0, ""joy"": 0, ""love"": 0, ""nervousness"": 0, ""optimism"": 0, ""pride"": 0, ""realization"": 0, ""relief"": 0, ""remorse"": 0, ""sadness"": 0, ""surprise"": 2, ""neutral"": 0}",surprise,surprise,1,1,0,2,3,0.6667,0.6667
55,"I could have gone to a party, but it's 10 outside. Sue me.",disappointment,disappointment,"{""admiration"": 0, ""amusement"": 0, ""anger"": 1, ""annoyance"": 0, ""approval"": 0, ""caring"": 0, ""confusion"": 0, ""curiosity"": 0, ""desire"": 0, ""disappointment"": 2, ""disapproval"": 0, ""disgust"": 0, ""embarrassment"": 0, ""excitement"": 0, ""fear"": 0, ""gratitude"": 0, ""grief"": 0, ""joy"": 0, ""love"": 0, ""nervousness"": 0, ""optimism"": 0, ""pride"": 0, ""realization"": 0, ""relief"": 0, ""remorse"": 0, ""sadness"": 0, ""surprise"": 0, ""neutral"": 0}",disappointment,disappointment,1,1,0,2,3,0.6667,0.6667
56,You have your opinion and I have mine why does that make only one of us a victim?,curiosity,curiosity,"{""admiration"": 0, ""amusement"": 0, ""anger"": 1, ""annoyance"": 0, ""approval"": 0, ""caring"": 0, ""confusion"": 0, ""curiosity"": 0, ""desire"": 0, ""disappointment"": 1, ""disapproval"": 0, ""disgust"": 0, ""embarrassment"": 0, ""excitement"": 0, ""fear"": 0, ""gratitude"": 0, ""grief"": 0, ""joy"": 0, ""love"": 0, ""nervousness"": 0, ""optimism"": 0, ""pride"": 0, ""realization"": 0, ""relief"": 0, ""remorse"": 0, ""sadness"": 0, ""surprise"": 0, ""neutral"": 0}",ABSTAIN,anger,0,0,0,1,3,0.0,0.3333
57,"I like him 1.thats why I agree to go on a 2nd and 3rd date, 2. we text a lot. I just take things slow.",admiration,admiration|love,"{""admiration"": 0, ""amusement"": 0, ""anger"": 0, ""annoyance"": 0, ""approval"": 0, ""caring"": 0, ""confusion"": 0, ""curiosity"": 0, ""desire"": 0, ""disappointment"": 0, ""disapproval"": 0, ""disgust"": 0, ""embarrassment"": 0, ""excitement"": 0, ""fear"": 0, ""gratitude"": 0, ""grief"": 0, ""joy"": 2, ""love"": 0, ""nervousness"": 0, ""optimism"": 1, ""pride"": 0, ""realization"": 0, ""relief"": 0, ""remorse"": 0, ""sadness"": 0, ""surprise"": 0, ""neutral"": 0}",joy,joy,0,0,0,2,3,0.6667,0.6667
58,Knowing [NAME] he’d probably give [NAME] up for a 5th rounder smh,neutral,neutral,"{""admiration"": 0, ""amusement"": 0, ""anger"": 0, ""annoyance"": 0, ""approval"": 0, ""caring"": 0, ""confusion"": 0, ""curiosity"": 0, ""desire"": 0, ""disappointment"": 2, ""disapproval"": 0, ""disgust"": 0, ""embarrassment"": 0, ""excitement"": 0, ""fear"": 0, ""gratitude"": 0, ""grief"": 0, ""joy"": 0, ""love"": 0, ""nervousness"": 0, ""optimism"": 0, ""pride"": 0, ""realization"": 0, ""relief"": 0, ""remorse"": 0, ""sadness"": 0, ""surprise"": 0, ""neutral"": 0}",disappointment,disappointment,0,0,0,2,3,0.6667,0.6667
59,This caught me off guard for real. I actually off my bed laughing. +1,amusement,amusement|surprise,"{""admiration"": 0, ""amusement"": 1, ""anger"": 0, ""annoyance"": 0, ""approval"": 0, ""caring"": 0, ""confusion"": 0, ""curiosity"": 0, ""desire"": 0, ""disappointment"": 0, ""disapproval"": 0, ""disgust"": 0, ""embarrassment"": 0, ""excitement"": 0, ""fear"": 0, ""gratitude"": 0, ""grief"": 0, ""joy"": 1, ""love"": 0, ""nervousness"": 0, ""optimism"": 0, ""pride"": 0, ""realization"": 0, ""relief"": 0, ""remorse"": 0, ""sadness"": 0, ""surprise"": 1, ""neutral"": 0}",ABSTAIN,amusement,0,1,0,1,3,0.0,0.3333
60,Or the one scrolling channel? When you’d accidentally look away and miss what you were waiting for and have to sit thru the whole thing again,neutral,neutral,"{""admiration"": 0, ""amusement"": 0, ""anger"": 0, ""annoyance"": 0, ""approval"": 0, ""caring"": 0, ""confusion"": 0, ""curiosity"": 0, ""desire"": 0, ""disappointment"": 1, ""disapproval"": 0, ""disgust"": 0, ""embarrassment"": 0, ""excitement"": 0, ""fear"": 0, ""gratitude"": 0, ""grief"": 0, ""joy"": 0, ""love"": 0, ""nervousness"": 0, ""optimism"": 0, ""pride"": 0, ""realization"": 0, ""relief"": 0, ""remorse"": 0, ""sadness"": 1, ""surprise"": 0, ""neutral"": 0}",ABSTAIN,disappointment,0,0,0,1,3,0.0,0.3333
61,"I don't mean at Blizzcon but shortly after, like a week, imo that would have been for the best for the players and everyone involved",optimism,optimism,"{""admiration"": 0, ""amusement"": 0, ""anger"": 0, ""annoyance"": 0, ""approval"": 1, ""caring"": 0, ""confusion"": 0, ""curiosity"": 0, ""desire"": 0, ""disappointment"": 1, ""disapproval"": 0, ""disgust"": 0, ""embarrassment"": 0, ""excitement"": 0, ""fear"": 0, ""gratitude"": 0, ""grief"": 0, ""joy"": 0, ""love"": 0, ""nervousness"": 0, ""optimism"": 0, ""pride"": 0, ""realization"": 0, ""relief"": 0, ""remorse"": 0, ""sadness"": 0, ""surprise"": 0, ""neutral"": 1}",ABSTAIN,approval,0,0,0,1,3,0.0,0.3333
62,"It's so weird having HGs up this early, but I love having something to watch before my 8am lecture starts.",annoyance,annoyance,"{""admiration"": 0, ""amusement"": 0, ""anger"": 0, ""annoyance"": 0, ""approval"": 0, ""caring"": 0, ""confusion"": 0, ""curiosity"": 0, ""desire"": 0, ""disappointment"": 0, ""disapproval"": 0, ""disgust"": 0, ""embarrassment"": 0, ""excitement"": 0, ""fear"": 0, ""gratitude"": 0, ""grief"": 0, ""joy"": 1, ""love"": 1, ""nervousness"": 0, ""optimism"": 0, ""pride"": 0, ""realization"": 0, ""relief"": 0, ""remorse"": 0, ""sadness"": 0, ""surprise"": 1, ""neutral"": 0}",ABSTAIN,joy,0,0,0,1,3,0.0,0.3333
63,"Did they really have overhead projectors in the late 00s/early 10s? If so, how underfunded was your school?",neutral,neutral,"{""admiration"": 0, ""amusement"": 0, ""anger"": 0, ""annoyance"": 0, ""approval"": 0, ""caring"": 0, ""confusion"": 0, ""curiosity"": 1, ""desire"": 0, ""disappointment"": 0, ""disapproval"": 0, ""disgust"": 0, ""embarrassment"": 0, ""excitement"": 0, ""fear"": 0, ""gratitude"": 0, ""grief"": 0, ""joy"": 0, ""love"": 0, ""nervousness"": 0, ""optimism"": 0, ""pride"": 0, ""realization"": 0, ""relief"": 0, ""remorse"": 0, ""sadness"": 0, ""surprise"": 0, ""neutral"": 1}",ABSTAIN,curiosity,0,0,0,1,3,0.0,0.3333
64,"Damn, we need healthy PGs.",annoyance,annoyance,"{""admiration"": 0, ""amusement"": 0, ""anger"": 0, ""annoyance"": 0, ""approval"": 0, ""caring"": 0, ""confusion"": 0, ""curiosity"": 0, ""desire"": 0, ""disappointment"": 1, ""disapproval"": 0, ""disgust"": 0, ""embarrassment"": 0, ""excitement"": 0, ""fear"": 0, ""gratitude"": 0, ""grief"": 0, ""joy"": 0, ""love"": 0, ""nervousness"": 0, ""optimism"": 0, ""pride"": 0, ""realization"": 0, ""relief"": 0, ""remorse"": 0, ""sadness"": 0, ""surprise"": 0, ""neutral"": 0}",ABSTAIN,disappointment,0,0,0,1,3,0.0,0.3333
65,What does it matter we're just going to take another bust in the middle of the first round like always,neutral,neutral,"{""admiration"": 0, ""amusement"": 0, ""anger"": 0, ""annoyance"": 0, ""approval"": 0, ""caring"": 0, ""confusion"": 0, ""curiosity"": 0, ""desire"": 0, ""disappointment"": 3, ""disapproval"": 0, ""disgust"": 0, ""embarrassment"": 0, ""excitement"": 0, ""fear"": 0, ""gratitude"": 0, ""grief"": 0, ""joy"": 0, ""love"": 0, ""nervousness"": 0, ""optimism"": 0, ""pride"": 0, ""realization"": 0, ""relief"": 0, ""remorse"": 0, ""sadness"": 0, ""surprise"": 0, ""neutral"": 0}",disappointment,disappointment,0,0,0,3,3,1.0,1.0
66,I missed that part unfortunately,disappointment,disappointment,"{""admiration"": 0, ""amusement"": 0, ""anger"": 0, ""annoyance"": 0, ""approval"": 0, ""caring"": 0, ""confusion"": 0, ""curiosity"": 0, ""desire"": 0, ""disappointment"": 3, ""disapproval"": 0, ""disgust"": 0, ""embarrassment"": 0, ""excitement"": 0, ""fear"": 0, ""gratitude"": 0, ""grief"": 0, ""joy"": 0, ""love"": 0, ""nervousness"": 0, ""optimism"": 0, ""pride"": 0, ""realization"": 0, ""relief"": 0, ""remorse"": 0, ""sadness"": 0, ""surprise"": 0, ""neutral"": 0}",disappointment,disappointment,1,1,0,3,3,1.0,1.0
67,"Dammit, you know I proof read this and I thought it changed correctly but I guess it didn't.",confusion,confusion|realization,"{""admiration"": 0, ""amusement"": 0, ""anger"": 0, ""annoyance"": 0, ""approval"": 0, ""caring"": 0, ""confusion"": 0, ""curiosity"": 0, ""desire"": 0, ""disappointment"": 3, ""disapproval"": 0, ""disgust"": 0, ""embarrassment"": 0, ""excitement"": 0, ""fear"": 0, ""gratitude"": 0, ""grief"": 0, ""joy"": 0, ""love"": 0, ""nervousness"": 0, ""optimism"": 0, ""pride"": 0, ""realization"": 0, ""relief"": 0, ""remorse"": 0, ""sadness"": 0, ""surprise"": 0, ""neutral"": 0}",disappointment,disappointment,0,0,0,3,3,1.0,1.0
68,I admit I’ll be fairly happy if we continue to invest in young internationals and sign a $100+ mil free agent every offseason.,approval,approval|joy,"{""admiration"": 0, ""amusement"": 0, ""anger"": 0, ""annoyance"": 0, ""approval"": 0, ""caring"": 0, ""confusion"": 0, ""curiosity"": 0, ""desire"": 0, ""disappointment"": 0, ""disapproval"": 0, ""disgust"": 0, ""embarrassment"": 0, ""excitement"": 1, ""fear"": 0, ""gratitude"": 0, ""grief"": 0, ""joy"": 2, ""love"": 0, ""nervousness"": 0, ""optimism"": 0, ""pride"": 0, ""realization"": 0, ""relief"": 0, ""remorse"": 0, ""sadness"": 0, ""surprise"": 0, ""neutral"": 0}",joy,joy,1,1,0,2,3,0.6667,0.6667
69,My husband and I have been circling the drain for years. :(,sadness,sadness,"{""admiration"": 0, ""amusement"": 0, ""anger"": 0, ""annoyance"": 0, ""approval"": 0, ""caring"": 0, ""confusion"": 0, ""curiosity"": 0, ""desire"": 0, ""disappointment"": 0, ""disapproval"": 0, ""disgust"": 0, ""embarrassment"": 0, ""excitement"": 0, ""fear"": 0, ""gratitude"": 0, ""grief"": 0, ""joy"": 0, ""love"": 0, ""nervousness"": 0, ""optimism"": 0, ""pride"": 0, ""realization"": 0, ""relief"": 0, ""remorse"": 0, ""sadness"": 3, ""surprise"": 0, ""neutral"": 0}",sadness,sadness,1,1,0,3,3,1.0,1.0
70,Hopefully we can get this solved soon.,desire,desire|optimism,"{""admiration"": 0, ""amusement"": 0, ""anger"": 0, ""annoyance"": 0, ""approval"": 0, ""caring"": 0, ""confusion"": 0, ""curiosity"": 0, ""desire"": 0, ""disappointment"": 0, ""disapproval"": 0, ""disgust"": 0, ""embarrassment"": 0, ""excitement"": 0, ""fear"": 0, ""gratitude"": 0, ""grief"": 0, ""joy"": 0, ""love"": 0, ""nervousness"": 0, ""optimism"": 2, ""pride"": 0, ""realization"": 0, ""relief"": 0, ""remorse"": 0, ""sadness"": 0, ""surprise"": 0, ""neutral"": 1}",optimism,optimism,1,1,0,2,3,0.6667,0.6667
71,It is a kayak,neutral,neutral,"{""admiration"": 0, ""amusement"": 0, ""anger"": 0, ""annoyance"": 0, ""approval"": 0, ""caring"": 0, ""confusion"": 0, ""curiosity"": 1, ""desire"": 0, ""disappointment"": 0, ""disapproval"": 0, ""disgust"": 0, ""embarrassment"": 0, ""excitement"": 0, ""fear"": 0, ""gratitude"": 0, ""grief"": 0, ""joy"": 0, ""love"": 0, ""nervousness"": 0, ""optimism"": 0, ""pride"": 0, ""realization"": 0, ""relief"": 0, ""remorse"": 0, ""sadness"": 0, ""surprise"": 0, ""neutral"": 2}",neutral,neutral,1,1,0,2,3,0.6667,0.6667
72,"Anti-vaxers aren't funny anymore, now they're just scary...",fear,fear,"{""admiration"": 0, ""amusement"": 0, ""anger"": 0, ""annoyance"": 0, ""approval"": 0, ""caring"": 0, ""confusion"": 0, ""curiosity"": 0, ""desire"": 0, ""disappointment"": 0, ""disapproval"": 0, ""disgust"": 0, ""embarrassment"": 0, ""excitement"": 0, ""fear"": 2, ""gratitude"": 0, ""grief"": 0, ""joy"": 0, ""love"": 0, ""nervousness"": 0, ""optimism"": 0, ""pride"": 0, ""realization"": 0, ""relief"": 0, ""remorse"": 0, ""sadness"": 0, ""surprise"": 0, ""neutral"": 0}",fear,fear,1,1,0,2,3,0.6667,0.6667
73,You ain't wrong,approval,approval,"{""admiration"": 0, ""amusement"": 0, ""anger"": 0, ""annoyance"": 0, ""approval"": 1, ""caring"": 0, ""confusion"": 0, ""curiosity"": 0, ""desire"": 0, ""disappointment"": 0, ""disapproval"": 0, ""disgust"": 0, ""embarrassment"": 0, ""excitement"": 0, ""fear"": 0, ""gratitude"": 0, ""grief"": 0, ""joy"": 0, ""love"": 0, ""nervousness"": 0, ""optimism"": 0, ""pride"": 0, ""realization"": 0, ""relief"": 0, ""remorse"": 0, ""sadness"": 0, ""surprise"": 0, ""neutral"": 1}",ABSTAIN,approval,0,1,0,1,3,0.0,0.3333
74,"I'm sorry you fell for the carnie, bro.",remorse,remorse,"{""admiration"": 0, ""amusement"": 0, ""anger"": 0, ""annoyance"": 0, ""approval"": 0, ""caring"": 0, ""confusion"": 0, ""curiosity"": 0, ""desire"": 0, ""disappointment"": 3, ""disapproval"": 0, ""disgust"": 0, ""embarrassment"": 0, ""excitement"": 0, ""fear"": 0, ""gratitude"": 0, ""grief"": 0, ""joy"": 0, ""love"": 0, ""nervousness"": 0, ""optimism"": 0, ""pride"": 0, ""realization"": 0, ""relief"": 0, ""remorse"": 0, ""sadness"": 0, ""surprise"": 0, ""neutral"": 0}",disappointment,disappointment,0,0,0,3,3,1.0,1.0
75,Well since they hate cops and love criminals... this fits for them,approval,approval,"{""admiration"": 0, ""amusement"": 0, ""anger"": 3, ""annoyance"": 0, ""approval"": 0, ""caring"": 0, ""confusion"": 0, ""curiosity"": 0, ""desire"": 0, ""disappointment"": 0, ""disapproval"": 0, ""disgust"": 0, ""embarrassment"": 0, ""excitement"": 0, ""fear"": 0, ""gratitude"": 0, ""grief"": 0, ""joy"": 0, ""love"": 0, ""nervousness"": 0, ""optimism"": 0, ""pride"": 0, ""realization"": 0, ""relief"": 0, ""remorse"": 0, ""sadness"": 0, ""surprise"": 0, ""neutral"": 0}",anger,anger,0,0,0,3,3,1.0,1.0
76,Somebody gettin fired,anger,anger,"{""admiration"": 0, ""amusement"": 0, ""anger"": 0, ""annoyance"": 0, ""approval"": 0, ""caring"": 0, ""confusion"": 0, ""curiosity"": 0, ""desire"": 0, ""disappointment"": 3, ""disapproval"": 0, ""disgust"": 0, ""embarrassment"": 0, ""excitement"": 0, ""fear"": 0, ""gratitude"": 0, ""grief"": 0, ""joy"": 0, ""love"": 0, ""nervousness"": 0, ""optimism"": 0, ""pride"": 0, ""realization"": 0, ""relief"": 0, ""remorse"": 0, ""sadness"": 0, ""surprise"": 0, ""neutral"": 0}",disappointment,disappointment,0,0,0,3,3,1.0,1.0
77,NOT TODAY REINHARDT,neutral,neutral,"{""admiration"": 0, ""amusement"": 0, ""anger"": 0, ""annoyance"": 0, ""approval"": 0, ""caring"": 0, ""confusion"": 0, ""curiosity"": 0, ""desire"": 0, ""disappointment"": 1, ""disapproval"": 0, ""disgust"": 0, ""embarrassment"": 0, ""excitement"": 0, ""fear"": 0, ""gratitude"": 0, ""grief"": 0, ""joy"": 0, ""love"": 0, ""nervousness"": 0, ""optimism"": 0, ""pride"": 0, ""realization"": 1, ""relief"": 0, ""remorse"": 0, ""sadness"": 1, ""surprise"": 0, ""neutral"": 0}",ABSTAIN,disappointment,0,0,0,1,3,0.0,0.3333
78,Sounds like you are the one with salty tears mate,neutral,neutral,"{""admiration"": 0, ""amusement"": 0, ""anger"": 0, ""annoyance"": 0, ""approval"": 0, ""caring"": 0, ""confusion"": 0, ""curiosity"": 0, ""desire"": 0, ""disappointment"": 0, ""disapproval"": 0, ""disgust"": 0, ""embarrassment"": 0, ""excitement"": 0, ""fear"": 0, ""gratitude"": 0, ""grief"": 0, ""joy"": 0, ""love"": 0, ""nervousness"": 0, ""optimism"": 0, ""pride"": 0, ""realization"": 0, ""relief"": 0, ""remorse"": 0, ""sadness"": 3, ""surprise"": 0, ""neutral"": 0}",sadness,sadness,0,0,0,3,3,1.0,1.0
79,would love to see a win here,desire,desire,"{""admiration"": 0, ""amusement"": 0, ""anger"": 0, ""annoyance"": 0, ""approval"": 0, ""caring"": 0, ""confusion"": 0, ""curiosity"": 0, ""desire"": 0, ""disappointment"": 0, ""disapproval"": 0, ""disgust"": 0, ""embarrassment"": 0, ""excitement"": 1, ""fear"": 0, ""gratitude"": 0, ""grief"": 0, ""joy"": 1, ""love"": 0, ""nervousness"": 0, ""optimism"": 0, ""pride"": 0, ""realization"": 0, ""relief"": 0, ""remorse"": 0, ""sadness"": 0, ""surprise"": 0, ""neutral"": 0}",ABSTAIN,excitement,0,0,0,1,3,0.0,0.3333
80,Sounds like a great chap,admiration,admiration,"{""admiration"": 0, ""amusement"": 0, ""anger"": 0, ""annoyance"": 0, ""approval"": 2, ""caring"": 0, ""confusion"": 0, ""curiosity"": 0, ""desire"": 0, ""disappointment"": 0, ""disapproval"": 0, ""disgust"": 0, ""embarrassment"": 0, ""excitement"": 0, ""fear"": 0, ""gratitude"": 0, ""grief"": 0, ""joy"": 0, ""love"": 0, ""nervousness"": 0, ""optimism"": 0, ""pride"": 0, ""realization"": 0, ""relief"": 0, ""remorse"": 0, ""sadness"": 0, ""surprise"": 0, ""neutral"": 1}",approval,approval,0,0,0,2,3,0.6667,0.6667
81,"I would try rubbing alcohol, high percentage. Looks greasy to me.",optimism,optimism,"{""admiration"": 0, ""amusement"": 0, ""anger"": 0, ""annoyance"": 0, ""approval"": 0, ""caring"": 0, ""confusion"": 0, ""curiosity"": 0, ""desire"": 0, ""disappointment"": 0, ""disapproval"": 0, ""disgust"": 2, ""embarrassment"": 0, ""excitement"": 0, ""fear"": 0, ""gratitude"": 0, ""grief"": 0, ""joy"": 0, ""love"": 0, ""nervousness"": 0, ""optimism"": 0, ""pride"": 0, ""realization"": 0, ""relief"": 0, ""remorse"": 0, ""sadness"": 0, ""surprise"": 0, ""neutral"": 1}",disgust,disgust,0,0,0,2,3,0.6667,0.6667
82,"Hope you're not [RELIGION], 'cause that ain't kosher... ",optimism,optimism,"{""admiration"": 0, ""amusement"": 0, ""anger"": 0, ""annoyance"": 0, ""approval"": 0, ""caring"": 0, ""confusion"": 0, ""curiosity"": 0, ""desire"": 0, ""disappointment"": 0, ""disapproval"": 2, ""disgust"": 0, ""embarrassment"": 0, ""excitement"": 0, ""fear"": 0, ""gratitude"": 0, ""grief"": 0, ""joy"": 0, ""love"": 0, ""nervousness"": 0, ""optimism"": 0, ""pride"": 0, ""realization"": 0, ""relief"": 0, ""remorse"": 0, ""sadness"": 0, ""surprise"": 0, ""neutral"": 0}",disapproval,disapproval,0,0,0,2,3,0.6667,0.6667
83,That was my first thought too 😂,approval,approval,"{""admiration"": 0, ""amusement"": 0, ""anger"": 0, ""annoyance"": 0, ""approval"": 0, ""caring"": 0, ""confusion"": 0, ""curiosity"": 0, ""desire"": 0, ""disappointment"": 0, ""disapproval"": 0, ""disgust"": 0, ""embarrassment"": 0, ""excitement"": 0, ""fear"": 0, ""gratitude"": 0, ""grief"": 0, ""joy"": 2, ""love"": 0, ""nervousness"": 0, ""optimism"": 0, ""pride"": 0, ""realization"": 0, ""relief"": 0, ""remorse"": 0, ""sadness"": 0, ""surprise"": 0, ""neutral"": 0}",joy,joy,0,0,0,2,3,0.6667,0.6667
84,Lol.... i guess your personal experience explains everything.... personally I've seen this play out numerous times in the work place..... so.....,amusement,amusement|realization,"{""admiration"": 0, ""amusement"": 3, ""anger"": 0, ""annoyance"": 0, ""approval"": 0, ""caring"": 0, ""confusion"": 0, ""curiosity"": 0, ""desire"": 0, ""disappointment"": 0, ""disapproval"": 0, ""disgust"": 0, ""embarrassment"": 0, ""excitement"": 0, ""fear"": 0, ""gratitude"": 0, ""grief"": 0, ""joy"": 0, ""love"": 0, ""nervousness"": 0, ""optimism"": 0, ""pride"": 0, ""realization"": 0, ""relief"": 0, ""remorse"": 0, ""sadness"": 0, ""surprise"": 0, ""neutral"": 0}",amusement,amusement,1,1,0,3,3,1.0,1.0
85,[NAME] $120 million grift allegations in bombshell Forbes report - Business Insider,neutral,neutral,"{""admiration"": 0, ""amusement"": 0, ""anger"": 0, ""annoyance"": 0, ""approval"": 0, ""caring"": 0, ""confusion"": 0, ""curiosity"": 0, ""desire"": 0, ""disappointment"": 0, ""disapproval"": 1, ""disgust"": 0, ""embarrassment"": 0, ""excitement"": 0, ""fear"": 0, ""gratitude"": 0, ""grief"": 0, ""joy"": 0, ""love"": 0, ""nervousness"": 0, ""optimism"": 0, ""pride"": 0, ""realization"": 0, ""relief"": 0, ""remorse"": 0, ""sadness"": 0, ""surprise"": 1, ""neutral"": 1}",ABSTAIN,disapproval,0,0,0,1,3,0.0,0.3333
86,"I do feel sorry for the squirrel, but I wouldn't say the dog is a jerk for acting on natural instinct.",remorse,remorse,"{""admiration"": 0, ""amusement"": 0, ""anger"": 0, ""annoyance"": 0, ""approval"": 1, ""caring"": 1, ""confusion"": 0, ""curiosity"": 0, ""desire"": 0, ""disappointment"": 0, ""disapproval"": 0, ""disgust"": 0, ""embarrassment"": 0, ""excitement"": 0, ""fear"": 0, ""gratitude"": 0, ""grief"": 0, ""joy"": 0, ""love"": 0, ""nervousness"": 0, ""optimism"": 0, ""pride"": 0, ""realization"": 0, ""relief"": 0, ""remorse"": 1, ""sadness"": 0, ""surprise"": 0, ""neutral"": 0}",ABSTAIN,approval,0,0,0,1,3,0.0,0.3333
87,[NAME] is fucking destroying Bama and I LOVE IT,joy,joy,"{""admiration"": 0, ""amusement"": 0, ""anger"": 3, ""annoyance"": 0, ""approval"": 0, ""caring"": 0, ""confusion"": 0, ""curiosity"": 0, ""desire"": 0, ""disappointment"": 0, ""disapproval"": 0, ""disgust"": 0, ""embarrassment"": 0, ""excitement"": 0, ""fear"": 0, ""gratitude"": 0, ""grief"": 0, ""joy"": 0, ""love"": 0, ""nervousness"": 0, ""optimism"": 0, ""pride"": 0, ""realization"": 0, ""relief"": 0, ""remorse"": 0, ""sadness"": 0, ""surprise"": 0, ""neutral"": 0}",anger,anger,0,0,0,3,3,1.0,1.0
88,Haha this is one of those moments that makes me laugh out loud,amusement,amusement,"{""admiration"": 0, ""amusement"": 1, ""anger"": 0, ""annoyance"": 0, ""approval"": 0, ""caring"": 0, ""confusion"": 0, ""curiosity"": 0, ""desire"": 0, ""disappointment"": 0, ""disapproval"": 0, ""disgust"": 0, ""embarrassment"": 0, ""excitement"": 0, ""fear"": 0, ""gratitude"": 0, ""grief"": 0, ""joy"": 1, ""love"": 0, ""nervousness"": 0, ""optimism"": 0, ""pride"": 0, ""realization"": 0, ""relief"": 0, ""remorse"": 0, ""sadness"": 0, ""surprise"": 0, ""neutral"": 0}",ABSTAIN,amusement,0,1,0,1,3,0.0,0.3333
89,If there is no goal on this powerplay it will be difficult not to be hopeless,annoyance,annoyance,"{""admiration"": 0, ""amusement"": 0, ""anger"": 0, ""annoyance"": 0, ""approval"": 0, ""caring"": 0, ""confusion"": 0, ""curiosity"": 0, ""desire"": 0, ""disappointment"": 1, ""disapproval"": 0, ""disgust"": 0, ""embarrassment"": 0, ""excitement"": 0, ""fear"": 0, ""gratitude"": 0, ""grief"": 0, ""joy"": 0, ""love"": 0, ""nervousness"": 0, ""optimism"": 0, ""pride"": 0, ""realization"": 0, ""relief"": 0, ""remorse"": 0, ""sadness"": 2, ""surprise"": 0, ""neutral"": 0}",sadness,sadness,0,0,0,2,3,0.6667,0.6667
90,No worries! 😊,approval,approval|caring,"{""admiration"": 0, ""amusement"": 0, ""anger"": 0, ""annoyance"": 0, ""approval"": 0, ""caring"": 0, ""confusion"": 0, ""curiosity"": 0, ""desire"": 0, ""disappointment"": 0, ""disapproval"": 0, ""disgust"": 0, ""embarrassment"": 0, ""excitement"": 0, ""fear"": 0, ""gratitude"": 0, ""grief"": 0, ""joy"": 2, ""love"": 0, ""nervousness"": 0, ""optimism"": 0, ""pride"": 0, ""realization"": 0, ""relief"": 0, ""remorse"": 0, ""sadness"": 0, ""surprise"": 0, ""neutral"": 0}",joy,joy,0,0,0,2,3,0.6667,0.6667
91,"Wait, you don't love reading people's blog posts on Reddit?",curiosity,curiosity,"{""admiration"": 0, ""amusement"": 0, ""anger"": 0, ""annoyance"": 0, ""approval"": 0, ""caring"": 0, ""confusion"": 0, ""curiosity"": 0, ""desire"": 0, ""disappointment"": 0, ""disapproval"": 0, ""disgust"": 0, ""embarrassment"": 0, ""excitement"": 0, ""fear"": 0, ""gratitude"": 0, ""grief"": 0, ""joy"": 0, ""love"": 0, ""nervousness"": 0, ""optimism"": 0, ""pride"": 0, ""realization"": 0, ""relief"": 0, ""remorse"": 0, ""sadness"": 0, ""surprise"": 0, ""neutral"": 2}",neutral,neutral,0,0,0,2,3,0.6667,0.6667
92,"I mean, it certainly is weird but don't kinkshame",embarrassment,embarrassment,"{""admiration"": 0, ""amusement"": 0, ""anger"": 0, ""annoyance"": 0, ""approval"": 0, ""caring"": 0, ""confusion"": 1, ""curiosity"": 0, ""desire"": 0, ""disappointment"": 0, ""disapproval"": 1, ""disgust"": 0, ""embarrassment"": 0, ""excitement"": 0, ""fear"": 0, ""gratitude"": 0, ""grief"": 0, ""joy"": 0, ""love"": 0, ""nervousness"": 0, ""optimism"": 0, ""pride"": 0, ""realization"": 0, ""relief"": 0, ""remorse"": 0, ""sadness"": 0, ""surprise"": 0, ""neutral"": 1}",ABSTAIN,confusion,0,0,0,1,3,0.0,0.3333
93,Call your attorney general. 615-741-3491,neutral,neutral,"{""admiration"": 0, ""amusement"": 0, ""anger"": 0, ""annoyance"": 0, ""approval"": 0, ""caring"": 0, ""confusion"": 0, ""curiosity"": 0, ""desire"": 0, ""disappointment"": 0, ""disapproval"": 0, ""disgust"": 0, ""embarrassment"": 0, ""excitement"": 0, ""fear"": 0, ""gratitude"": 0, ""grief"": 0, ""joy"": 0, ""love"": 0, ""nervousness"": 0, ""optimism"": 0, ""pride"": 0, ""realization"": 0, ""relief"": 0, ""remorse"": 0, ""sadness"": 0, ""surprise"": 0, ""neutral"": 2}",neutral,neutral,1,1,0,2,3,0.6667,0.6667
94,So he is half decent. Glad to see your finally making some sense.,gratitude,gratitude,"{""admiration"": 0, ""amusement"": 0, ""anger"": 0, ""annoyance"": 0, ""approval"": 0, ""caring"": 0, ""confusion"": 0, ""curiosity"": 0, ""desire"": 0, ""disappointment"": 0, ""disapproval"": 0, ""disgust"": 0, ""embarrassment"": 0, ""excitement"": 0, ""fear"": 0, ""gratitude"": 0, ""grief"": 0, ""joy"": 0, ""love"": 0, ""nervousness"": 0, ""optimism"": 0, ""pride"": 0, ""realization"": 0, ""relief"": 1, ""remorse"": 0, ""sadness"": 0, ""surprise"": 0, ""neutral"": 0}",ABSTAIN,relief,0,0,0,1,3,0.0,0.3333
95,I think most people have listened to bohemian rhapsody at some point thank you very much,gratitude,gratitude,"{""admiration"": 0, ""amusement"": 0, ""anger"": 0, ""annoyance"": 0, ""approval"": 0, ""caring"": 0, ""confusion"": 0, ""curiosity"": 0, ""desire"": 0, ""disappointment"": 0, ""disapproval"": 0, ""disgust"": 0, ""embarrassment"": 0, ""excitement"": 0, ""fear"": 0, ""gratitude"": 2, ""grief"": 0, ""joy"": 0, ""love"": 0, ""nervousness"": 0, ""optimism"": 0, ""pride"": 0, ""realization"": 0, ""relief"": 0, ""remorse"": 0, ""sadness"": 0, ""surprise"": 0, ""neutral"": 1}",gratitude,gratitude,1,1,0,2,3,0.6667,0.6667
96,"I swear to [NAME], I'm going to approach you. Instead of running away, I'll come right to you.",neutral,neutral,"{""admiration"": 0, ""amusement"": 0, ""anger"": 0, ""annoyance"": 1, ""approval"": 0, ""caring"": 0, ""confusion"": 0, ""curiosity"": 0, ""desire"": 0, ""disappointment"": 0, ""disapproval"": 0, ""disgust"": 0, ""embarrassment"": 0, ""excitement"": 0, ""fear"": 0, ""gratitude"": 0, ""grief"": 0, ""joy"": 0, ""love"": 0, ""nervousness"": 1, ""optimism"": 1, ""pride"": 0, ""realization"": 0, ""relief"": 0, ""remorse"": 0, ""sadness"": 0, ""surprise"": 0, ""neutral"": 0}",ABSTAIN,annoyance,0,0,0,1,3,0.0,0.3333
97,You’re a liar. 😂,annoyance,annoyance,"{""admiration"": 0, ""amusement"": 0, ""anger"": 1, ""annoyance"": 0, ""approval"": 0, ""caring"": 0, ""confusion"": 0, ""curiosity"": 0, ""desire"": 0, ""disappointment"": 2, ""disapproval"": 0, ""disgust"": 0, ""embarrassment"": 0, ""excitement"": 0, ""fear"": 0, ""gratitude"": 0, ""grief"": 0, ""joy"": 0, ""love"": 0, ""nervousness"": 0, ""optimism"": 0, ""pride"": 0, ""realization"": 0, ""relief"": 0, ""remorse"": 0, ""sadness"": 0, ""surprise"": 0, ""neutral"": 0}",disappointment,disappointment,0,0,0,2,3,0.6667,0.6667
98,And look like big tracts of land.,neutral,neutral,"{""admiration"": 0, ""amusement"": 0, ""anger"": 0, ""annoyance"": 0, ""approval"": 0, ""caring"": 0, ""confusion"": 0, ""curiosity"": 0, ""desire"": 0, ""disappointment"": 0, ""disapproval"": 0, ""disgust"": 0, ""embarrassment"": 0, ""excitement"": 0, ""fear"": 0, ""gratitude"": 0, ""grief"": 0, ""joy"": 0, ""love"": 0, ""nervousness"": 0, ""optimism"": 0, ""pride"": 0, ""realization"": 0, ""relief"": 0, ""remorse"": 0, ""sadness"": 0, ""surprise"": 0, ""neutral"": 2}",neutral,neutral,1,1,0,2,3,0.6667,0.6667
99,One does not simply Steal kidneys on my watch,neutral,neutral,"{""admiration"": 0, ""amusement"": 0, ""anger"": 2, ""annoyance"": 0, ""approval"": 0, ""caring"": 0, ""confusion"": 0, ""curiosity"": 0, ""desire"": 0, ""disappointment"": 0, ""disapproval"": 1, ""disgust"": 0, ""embarrassment"": 0, ""excitement"": 0, ""fear"": 0, ""gratitude"": 0, ""grief"": 0, ""joy"": 0, ""love"": 0, ""nervousness"": 0, ""optimism"": 0, ""pride"": 0, ""realization"": 0, ""relief"": 0, ""remorse"": 0, ""sadness"": 0, ""surprise"": 0, ""neutral"": 0}",anger,anger,0,0,0,2,3,0.6667,0.6667
100,They had a similar panel last year. It's definitely worth a watch.,neutral,neutral,"{""admiration"": 0, ""amusement"": 0, ""anger"": 0, ""annoyance"": 0, ""approval"": 2, ""caring"": 0, ""confusion"": 0, ""curiosity"": 0, ""desire"": 0, ""disappointment"": 0, ""disapproval"": 0, ""disgust"": 0, ""embarrassment"": 0, ""excitement"": 0, ""fear"": 0, ""gratitude"": 0, ""grief"": 0, ""joy"": 0, ""love"": 0, ""nervousness"": 0, ""optimism"": 0, ""pride"": 0, ""realization"": 0, ""relief"": 0, ""remorse"": 0, ""sadness"": 0, ""surprise"": 0, ""neutral"": 0}",approval,approval,0,0,0,2,3,0.6667,0.6667
101,Nobody likes you nonhuman mimics and everyone knows what you are.,annoyance,annoyance,"{""admiration"": 0, ""amusement"": 0, ""anger"": 0, ""annoyance"": 2, ""approval"": 0, ""caring"": 0, ""confusion"": 0, ""curiosity"": 0, ""desire"": 0, ""disappointment"": 0, ""disapproval"": 1, ""disgust"": 0, ""embarrassment"": 0, ""excitement"": 0, ""fear"": 0, ""gratitude"": 0, ""grief"": 0, ""joy"": 0, ""love"": 0, ""nervousness"": 0, ""optimism"": 0, ""pride"": 0, ""realization"": 0, ""relief"": 0, ""remorse"": 0, ""sadness"": 0, ""surprise"": 0, ""neutral"": 0}",annoyance,annoyance,1,1,0,2,3,0.6667,0.6667
102,"Its an mlm in disguise, branded to appeal to the college demographic. I got the fuck out ",anger,anger|annoyance,"{""admiration"": 0, ""amusement"": 0, ""anger"": 0, ""annoyance"": 0, ""approval"": 0, ""caring"": 0, ""confusion"": 0, ""curiosity"": 0, ""desire"": 0, ""disappointment"": 3, ""disapproval"": 0, ""disgust"": 0, ""embarrassment"": 0, ""excitement"": 0, ""fear"": 0, ""gratitude"": 0, ""grief"": 0, ""joy"": 0, ""love"": 0, ""nervousness"": 0, ""optimism"": 0, ""pride"": 0, ""realization"": 0, ""relief"": 0, ""remorse"": 0, ""sadness"": 0, ""surprise"": 0, ""neutral"": 0}",disappointment,disappointment,0,0,0,3,3,1.0,1.0
103,He is but he's a normie. A 2/10 would be treated like a pariah at a dance class.,neutral,neutral,"{""admiration"": 0, ""amusement"": 0, ""anger"": 1, ""annoyance"": 0, ""approval"": 0, ""caring"": 0, ""confusion"": 0, ""curiosity"": 0, ""desire"": 0, ""disappointment"": 1, ""disapproval"": 1, ""disgust"": 0, ""embarrassment"": 0, ""excitement"": 0, ""fear"": 0, ""gratitude"": 0, ""grief"": 0, ""joy"": 0, ""love"": 0, ""nervousness"": 0, ""optimism"": 0, ""pride"": 0, ""realization"": 0, ""relief"": 0, ""remorse"": 0, ""sadness"": 0, ""surprise"": 0, ""neutral"": 0}",ABSTAIN,anger,0,0,0,1,3,0.0,0.3333
104,It kinda makes sense. What’s the debate here?,curiosity,curiosity|neutral,"{""admiration"": 0, ""amusement"": 0, ""anger"": 0, ""annoyance"": 0, ""approval"": 0, ""caring"": 0, ""confusion"": 0, ""curiosity"": 0, ""desire"": 0, ""disappointment"": 0, ""disapproval"": 0, ""disgust"": 0, ""embarrassment"": 0, ""excitement"": 0, ""fear"": 0, ""gratitude"": 0, ""grief"": 0, ""joy"": 0, ""love"": 0, ""nervousness"": 0, ""optimism"": 0, ""pride"": 0, ""realization"": 0, ""relief"": 0, ""remorse"": 0, ""sadness"": 0, ""surprise"": 0, ""neutral"": 2}",neutral,neutral,1,1,0,2,3,0.6667,0.6667
105,YOU LIKE TURTLES? Gimme a second.,anger,anger|curiosity,"{""admiration"": 0, ""amusement"": 0, ""anger"": 0, ""annoyance"": 0, ""approval"": 0, ""caring"": 0, ""confusion"": 0, ""curiosity"": 0, ""desire"": 0, ""disappointment"": 0, ""disapproval"": 0, ""disgust"": 0, ""embarrassment"": 0, ""excitement"": 0, ""fear"": 0, ""gratitude"": 0, ""grief"": 0, ""joy"": 0, ""love"": 0, ""nervousness"": 0, ""optimism"": 0, ""pride"": 0, ""realization"": 0, ""relief"": 0, ""remorse"": 0, ""sadness"": 0, ""surprise"": 0, ""neutral"": 3}",neutral,neutral,0,0,0,3,3,1.0,1.0
106,It inhales you ignorant octorok,annoyance,annoyance,"{""admiration"": 0, ""amusement"": 0, ""anger"": 0, ""annoyance"": 0, ""approval"": 0, ""caring"": 0, ""confusion"": 0, ""curiosity"": 0, ""desire"": 0, ""disappointment"": 0, ""disapproval"": 1, ""disgust"": 0, ""embarrassment"": 0, ""excitement"": 0, ""fear"": 0, ""gratitude"": 0, ""grief"": 0, ""joy"": 0, ""love"": 0, ""nervousness"": 0, ""optimism"": 0, ""pride"": 0, ""realization"": 0, ""relief"": 0, ""remorse"": 0, ""sadness"": 0, ""surprise"": 0, ""neutral"": 0}",ABSTAIN,disapproval,0,0,0,1,3,0.0,0.3333
107,"I would hope the guy is genuine and honest, but in my circumstances, there's not much closure. ",optimism,optimism,"{""admiration"": 0, ""amusement"": 0, ""anger"": 0, ""annoyance"": 0, ""approval"": 0, ""caring"": 0, ""confusion"": 0, ""curiosity"": 0, ""desire"": 0, ""disappointment"": 2, ""disapproval"": 0, ""disgust"": 0, ""embarrassment"": 0, ""excitement"": 0, ""fear"": 0, ""gratitude"": 0, ""grief"": 0, ""joy"": 0, ""love"": 0, ""nervousness"": 0, ""optimism"": 0, ""pride"": 0, ""realization"": 0, ""relief"": 0, ""remorse"": 0, ""sadness"": 0, ""surprise"": 0, ""neutral"": 0}",disappointment,disappointment,0,0,0,2,3,0.6667,0.6667
108,"I doubt people are *happy*, but they probably aren’t sad about someone who was potentially endangering others through their anti-science views.",sadness,sadness,"{""admiration"": 0, ""amusement"": 0, ""anger"": 0, ""annoyance"": 0, ""approval"": 0, ""caring"": 0, ""confusion"": 0, ""curiosity"": 0, ""desire"": 0, ""disappointment"": 0, ""disapproval"": 0, ""disgust"": 0, ""embarrassment"": 0, ""excitement"": 0, ""fear"": 0, ""gratitude"": 0, ""grief"": 0, ""joy"": 0, ""love"": 0, ""nervousness"": 0, ""optimism"": 0, ""pride"": 0, ""realization"": 0, ""relief"": 0, ""remorse"": 0, ""sadness"": 0, ""surprise"": 1, ""neutral"": 1}",ABSTAIN,surprise,0,0,0,1,3,0.0,0.3333
109,"That's that frequency dying in your ears. Enjoy it, because you will never hear that exact frequency again",joy,joy,"{""admiration"": 0, ""amusement"": 1, ""anger"": 0, ""annoyance"": 0, ""approval"": 0, ""caring"": 0, ""confusion"": 0, ""curiosity"": 0, ""desire"": 0, ""disappointment"": 1, ""disapproval"": 0, ""disgust"": 0, ""embarrassment"": 0, ""excitement"": 0, ""fear"": 0, ""gratitude"": 0, ""grief"": 0, ""joy"": 0, ""love"": 0, ""nervousness"": 0, ""optimism"": 0, ""pride"": 0, ""realization"": 0, ""relief"": 0, ""remorse"": 0, ""sadness"": 0, ""surprise"": 0, ""neutral"": 0}",ABSTAIN,amusement,0,0,0,1,3,0.0,0.3333
110,The comments on this thread are what I expected and that makes me sad.,sadness,sadness,"{""admiration"": 0, ""amusement"": 0, ""anger"": 0, ""annoyance"": 0, ""approval"": 0, ""caring"": 0, ""confusion"": 0, ""curiosity"": 0, ""desire"": 0, ""disappointment"": 0, ""disapproval"": 0, ""disgust"": 0, ""embarrassment"": 0, ""excitement"": 0, ""fear"": 0, ""gratitude"": 0, ""grief"": 0, ""joy"": 0, ""love"": 0, ""nervousness"": 0, ""optimism"": 0, ""pride"": 0, ""realization"": 0, ""relief"": 0, ""remorse"": 0, ""sadness"": 3, ""surprise"": 0, ""neutral"": 0}",sadness,sadness,1,1,0,3,3,1.0,1.0
111,Make sure he gets some glucosamine(!),neutral,neutral,"{""admiration"": 0, ""amusement"": 0, ""anger"": 0, ""annoyance"": 0, ""approval"": 0, ""caring"": 0, ""confusion"": 0, ""curiosity"": 0, ""desire"": 0, ""disappointment"": 0, ""disapproval"": 0, ""disgust"": 0, ""embarrassment"": 0, ""excitement"": 0, ""fear"": 0, ""gratitude"": 0, ""grief"": 0, ""joy"": 0, ""love"": 0, ""nervousness"": 0, ""optimism"": 0, ""pride"": 0, ""realization"": 0, ""relief"": 0, ""remorse"": 0, ""sadness"": 0, ""surprise"": 0, ""neutral"": 3}",neutral,neutral,1,1,0,3,3,1.0,1.0
112,"I didn't say it was proof that anything was a scam with no future, perhaps you're projecting.",annoyance,annoyance,"{""admiration"": 0, ""amusement"": 0, ""anger"": 0, ""annoyance"": 0, ""approval"": 0, ""caring"": 0, ""confusion"": 0, ""curiosity"": 0, ""desire"": 0, ""disappointment"": 0, ""disapproval"": 0, ""disgust"": 0, ""embarrassment"": 0, ""excitement"": 0, ""fear"": 0, ""gratitude"": 0, ""grief"": 0, ""joy"": 0, ""love"": 0, ""nervousness"": 0, ""optimism"": 0, ""pride"": 0, ""realization"": 0, ""relief"": 0, ""remorse"": 0, ""sadness"": 0, ""surprise"": 0, ""neutral"": 3}",neutral,neutral,0,0,0,3,3,1.0,1.0
113,Unexpected Hail corporate.,surprise,surprise,"{""admiration"": 0, ""amusement"": 0, ""anger"": 0, ""annoyance"": 0, ""approval"": 0, ""caring"": 0, ""confusion"": 0, ""curiosity"": 0, ""desire"": 0, ""disappointment"": 0, ""disapproval"": 0, ""disgust"": 0, ""embarrassment"": 0, ""excitement"": 0, ""fear"": 1, ""gratitude"": 0, ""grief"": 0, ""joy"": 0, ""love"": 0, ""nervousness"": 0, ""optimism"": 0, ""pride"": 0, ""realization"": 0, ""relief"": 0, ""remorse"": 0, ""sadness"": 0, ""surprise"": 1, ""neutral"": 0}",ABSTAIN,fear,0,0,0,1,3,0.0,0.3333
114,Download it again.,annoyance,annoyance,"{""admiration"": 0, ""amusement"": 0, ""anger"": 0, ""annoyance"": 0, ""approval"": 0, ""caring"": 0, ""confusion"": 0, ""curiosity"": 0, ""desire"": 0, ""disappointment"": 0, ""disapproval"": 0, ""disgust"": 0, ""embarrassment"": 0, ""excitement"": 0, ""fear"": 0, ""gratitude"": 0, ""grief"": 0, ""joy"": 0, ""love"": 0, ""nervousness"": 0, ""optimism"": 0, ""pride"": 0, ""realization"": 0, ""relief"": 0, ""remorse"": 0, ""sadness"": 0, ""surprise"": 0, ""neutral"": 3}",neutral,neutral,0,0,0,3,3,1.0,1.0
115,"Wow that's amazing, I hope my situation is as good next year. ",admiration,admiration|optimism,"{""admiration"": 0, ""amusement"": 0, ""anger"": 0, ""annoyance"": 0, ""approval"": 0, ""caring"": 0, ""confusion"": 0, ""curiosity"": 0, ""desire"": 0, ""disappointment"": 0, ""disapproval"": 0, ""disgust"": 0, ""embarrassment"": 0, ""excitement"": 0, ""fear"": 0, ""gratitude"": 0, ""grief"": 0, ""joy"": 1, ""love"": 0, ""nervousness"": 0, ""optimism"": 2, ""pride"": 0, ""realization"": 0, ""relief"": 0, ""remorse"": 0, ""sadness"": 0, ""surprise"": 0, ""neutral"": 0}",optimism,optimism,1,1,0,2,3,0.6667,0.6667
116,Wow... I’m so glad that my dog is lazy like me.,joy,joy,"{""admiration"": 0, ""amusement"": 0, ""anger"": 0, ""annoyance"": 0, ""approval"": 0, ""caring"": 0, ""confusion"": 0, ""curiosity"": 0, ""desire"": 0, ""disappointment"": 0, ""disapproval"": 0, ""disgust"": 0, ""embarrassment"": 0, ""excitement"": 0, ""fear"": 0, ""gratitude"": 2, ""grief"": 0, ""joy"": 1, ""love"": 0, ""nervousness"": 0, ""optimism"": 0, ""pride"": 0, ""realization"": 0, ""relief"": 0, ""remorse"": 0, ""sadness"": 0, ""surprise"": 0, ""neutral"": 0}",gratitude,gratitude,0,0,0,2,3,0.6667,0.6667
117,Man I hate double standards. I love the show but change the word ‘white’ to ‘black’ and it’s suddenly not funny anymore,disapproval,disapproval|love,"{""admiration"": 0, ""amusement"": 0, ""anger"": 1, ""annoyance"": 0, ""approval"": 0, ""caring"": 0, ""confusion"": 0, ""curiosity"": 0, ""desire"": 0, ""disappointment"": 2, ""disapproval"": 0, ""disgust"": 0, ""embarrassment"": 0, ""excitement"": 0, ""fear"": 0, ""gratitude"": 0, ""grief"": 0, ""joy"": 0, ""love"": 0, ""nervousness"": 0, ""optimism"": 0, ""pride"": 0, ""realization"": 0, ""relief"": 0, ""remorse"": 0, ""sadness"": 0, ""surprise"": 0, ""neutral"": 0}",disappointment,disappointment,0,0,0,2,3,0.6667,0.6667
118,"She also takes it off to shower, work out, wash dishes, etc. ",neutral,neutral,"{""admiration"": 0, ""amusement"": 0, ""anger"": 0, ""annoyance"": 0, ""approval"": 0, ""caring"": 0, ""confusion"": 0, ""curiosity"": 0, ""desire"": 0, ""disappointment"": 0, ""disapproval"": 0, ""disgust"": 0, ""embarrassment"": 0, ""excitement"": 0, ""fear"": 0, ""gratitude"": 0, ""grief"": 0, ""joy"": 0, ""love"": 0, ""nervousness"": 0, ""optimism"": 0, ""pride"": 0, ""realization"": 0, ""relief"": 0, ""remorse"": 0, ""sadness"": 0, ""surprise"": 0, ""neutral"": 1}",ABSTAIN,neutral,0,1,0,1,3,0.0,0.3333
119,A girl came into him recently and he pre maturely ejaculated. He had to type this.,neutral,neutral,"{""admiration"": 0, ""amusement"": 0, ""anger"": 0, ""annoyance"": 0, ""approval"": 0, ""caring"": 0, ""confusion"": 0, ""curiosity"": 1, ""desire"": 0, ""disappointment"": 0, ""disapproval"": 0, ""disgust"": 0, ""embarrassment"": 1, ""excitement"": 0, ""fear"": 0, ""gratitude"": 0, ""grief"": 0, ""joy"": 0, ""love"": 0, ""nervousness"": 1, ""optimism"": 0, ""pride"": 0, ""realization"": 0, ""relief"": 0, ""remorse"": 0, ""sadness"": 0, ""surprise"": 0, ""neutral"": 0}",ABSTAIN,curiosity,0,0,0,1,3,0.0,0.3333
120,Your username makes me think you would appreciate this joke of mine.,amusement,amusement,"{""admiration"": 0, ""amusement"": 0, ""anger"": 0, ""annoyance"": 0, ""approval"": 0, ""caring"": 0, ""confusion"": 0, ""curiosity"": 0, ""desire"": 0, ""disappointment"": 0, ""disapproval"": 0, ""disgust"": 0, ""embarrassment"": 0, ""excitement"": 0, ""fear"": 0, ""gratitude"": 0, ""grief"": 0, ""joy"": 0, ""love"": 0, ""nervousness"": 0, ""optimism"": 0, ""pride"": 0, ""realization"": 0, ""relief"": 0, ""remorse"": 0, ""sadness"": 0, ""surprise"": 0, ""neutral"": 0}",ABSTAIN,ABSTAIN,0,0,1,0,3,0.0,0.0
121,It is certainly interesting.....but is it anything?.....,curiosity,curiosity,"{""admiration"": 0, ""amusement"": 0, ""anger"": 0, ""annoyance"": 0, ""approval"": 0, ""caring"": 0, ""confusion"": 0, ""curiosity"": 3, ""desire"": 0, ""disappointment"": 0, ""disapproval"": 0, ""disgust"": 0, ""embarrassment"": 0, ""excitement"": 0, ""fear"": 0, ""gratitude"": 0, ""grief"": 0, ""joy"": 0, ""love"": 0, ""nervousness"": 0, ""optimism"": 0, ""pride"": 0, ""realization"": 0, ""relief"": 0, ""remorse"": 0, ""sadness"": 0, ""surprise"": 0, ""neutral"": 0}",curiosity,curiosity,1,1,0,3,3,1.0,1.0
122,Yaaaaaas! I need your curly hair routine!,excitement,excitement,"{""admiration"": 0, ""amusement"": 0, ""anger"": 0, ""annoyance"": 0, ""approval"": 0, ""caring"": 0, ""confusion"": 0, ""curiosity"": 2, ""desire"": 0, ""disappointment"": 0, ""disapproval"": 0, ""disgust"": 0, ""embarrassment"": 0, ""excitement"": 0, ""fear"": 0, ""gratitude"": 0, ""grief"": 0, ""joy"": 0, ""love"": 0, ""nervousness"": 0, ""optimism"": 0, ""pride"": 0, ""realization"": 0, ""relief"": 0, ""remorse"": 0, ""sadness"": 0, ""surprise"": 0, ""neutral"": 0}",curiosity,curiosity,0,0,0,2,3,0.6667,0.6667
123,59 days until opening day!!!!!,neutral,neutral,"{""admiration"": 0, ""amusement"": 1, ""anger"": 0, ""annoyance"": 0, ""approval"": 0, ""caring"": 0, ""confusion"": 0, ""curiosity"": 0, ""desire"": 0, ""disappointment"": 0, ""disapproval"": 0, ""disgust"": 0, ""embarrassment"": 0, ""excitement"": 2, ""fear"": 0, ""gratitude"": 0, ""grief"": 0, ""joy"": 0, ""love"": 0, ""nervousness"": 0, ""optimism"": 0, ""pride"": 0, ""realization"": 0, ""relief"": 0, ""remorse"": 0, ""sadness"": 0, ""surprise"": 0, ""neutral"": 0}",excitement,excitement,0,0,0,2,3,0.6667,0.6667
124,Trusting readers is something we cannot afford in this day and age.,disapproval,disapproval,"{""admiration"": 0, ""amusement"": 0, ""anger"": 0, ""annoyance"": 0, ""approval"": 0, ""caring"": 0, ""confusion"": 0, ""curiosity"": 0, ""desire"": 0, ""disappointment"": 2, ""disapproval"": 0, ""disgust"": 0, ""embarrassment"": 0, ""excitement"": 0, ""fear"": 0, ""gratitude"": 0, ""grief"": 0, ""joy"": 0, ""love"": 0, ""nervousness"": 0, ""optimism"": 0, ""pride"": 0, ""realization"": 0, ""relief"": 0, ""remorse"": 0, ""sadness"": 0, ""surprise"": 0, ""neutral"": 0}",disappointment,disappointment,0,0,0,2,3,0.6667,0.6667
125,Dilly dilly!,neutral,neutral,"{""admiration"": 0, ""amusement"": 0, ""anger"": 0, ""annoyance"": 0, ""approval"": 0, ""caring"": 0, ""confusion"": 0, ""curiosity"": 1, ""desire"": 0, ""disappointment"": 0, ""disapproval"": 0, ""disgust"": 0, ""embarrassment"": 0, ""excitement"": 0, ""fear"": 0, ""gratitude"": 0, ""grief"": 0, ""joy"": 1, ""love"": 0, ""nervousness"": 0, ""optimism"": 0, ""pride"": 0, ""realization"": 0, ""relief"": 0, ""remorse"": 0, ""sadness"": 0, ""surprise"": 1, ""neutral"": 0}",ABSTAIN,curiosity,0,0,0,1,3,0.0,0.3333
126,ASK AND YOU SHALL RECEIVE,neutral,neutral,"{""admiration"": 0, ""amusement"": 0, ""anger"": 0, ""annoyance"": 0, ""approval"": 0, ""caring"": 0, ""confusion"": 0, ""curiosity"": 0, ""desire"": 0, ""disappointment"": 0, ""disapproval"": 0, ""disgust"": 0, ""embarrassment"": 0, ""excitement"": 0, ""fear"": 0, ""gratitude"": 0, ""grief"": 0, ""joy"": 0, ""love"": 0, ""nervousness"": 0, ""optimism"": 0, ""pride"": 0, ""realization"": 1, ""relief"": 0, ""remorse"": 0, ""sadness"": 0, ""surprise"": 0, ""neutral"": 1}",ABSTAIN,realization,0,0,0,1,3,0.0,0.3333
127,Am i missing something or is this an antijoke that doesn't belong here?,curiosity,curiosity,"{""admiration"": 0, ""amusement"": 0, ""anger"": 0, ""annoyance"": 0, ""approval"": 0, ""caring"": 0, ""confusion"": 0, ""curiosity"": 1, ""desire"": 0, ""disappointment"": 0, ""disapproval"": 0, ""disgust"": 0, ""embarrassment"": 0, ""excitement"": 0, ""fear"": 0, ""gratitude"": 0, ""grief"": 0, ""joy"": 0, ""love"": 0, ""nervousness"": 0, ""optimism"": 0, ""pride"": 0, ""realization"": 0, ""relief"": 0, ""remorse"": 0, ""sadness"": 0, ""surprise"": 2, ""neutral"": 0}",surprise,surprise,0,0,0,2,3,0.6667,0.6667
128,Haha I was thinking Utah but... Florida makes sense too. There’s a few crazy states 🤷🏼‍♀️,amusement,amusement,"{""admiration"": 0, ""amusement"": 1, ""anger"": 0, ""annoyance"": 0, ""approval"": 0, ""caring"": 0, ""confusion"": 0, ""curiosity"": 0, ""desire"": 0, ""disappointment"": 0, ""disapproval"": 0, ""disgust"": 0, ""embarrassment"": 0, ""excitement"": 0, ""fear"": 0, ""gratitude"": 0, ""grief"": 0, ""joy"": 0, ""love"": 0, ""nervousness"": 0, ""optimism"": 0, ""pride"": 0, ""realization"": 0, ""relief"": 0, ""remorse"": 0, ""sadness"": 0, ""surprise"": 0, ""neutral"": 0}",ABSTAIN,amusement,0,1,0,1,3,0.0,0.3333
129,NJ has zero of their own picks from the 2010 draft still in the org,neutral,neutral,"{""admiration"": 0, ""amusement"": 0, ""anger"": 0, ""annoyance"": 0, ""approval"": 0, ""caring"": 0, ""confusion"": 0, ""curiosity"": 0, ""desire"": 0, ""disappointment"": 2, ""disapproval"": 0, ""disgust"": 0, ""embarrassment"": 0, ""excitement"": 0, ""fear"": 0, ""gratitude"": 0, ""grief"": 0, ""joy"": 0, ""love"": 0, ""nervousness"": 0, ""optimism"": 0, ""pride"": 0, ""realization"": 0, ""relief"": 0, ""remorse"": 0, ""sadness"": 0, ""surprise"": 0, ""neutral"": 1}",disappointment,disappointment,0,0,0,2,3,0.6667,0.6667
130,My dumb ass thought it was meant to be a magic wand and he was reversing time and I was really confused.,confusion,confusion,"{""admiration"": 0, ""amusement"": 0, ""anger"": 0, ""annoyance"": 0, ""approval"": 0, ""caring"": 0, ""confusion"": 3, ""curiosity"": 0, ""desire"": 0, ""disappointment"": 0, ""disapproval"": 0, ""disgust"": 0, ""embarrassment"": 0, ""excitement"": 0, ""fear"": 0, ""gratitude"": 0, ""grief"": 0, ""joy"": 0, ""love"": 0, ""nervousness"": 0, ""optimism"": 0, ""pride"": 0, ""realization"": 0, ""relief"": 0, ""remorse"": 0, ""sadness"": 0, ""surprise"": 0, ""neutral"": 0}",confusion,confusion,1,1,0,3,3,1.0,1.0
131,"Yep, just back to how it was before, but this time with little public support as we are all pissed of with it all",neutral,neutral,"{""admiration"": 0, ""amusement"": 0, ""anger"": 2, ""annoyance"": 1, ""approval"": 0, ""caring"": 0, ""confusion"": 0, ""curiosity"": 0, ""desire"": 0, ""disappointment"": 0, ""disapproval"": 0, ""disgust"": 0, ""embarrassment"": 0, ""excitement"": 0, ""fear"": 0, ""gratitude"": 0, ""grief"": 0, ""joy"": 0, ""love"": 0, ""nervousness"": 0, ""optimism"": 0, ""pride"": 0, ""realization"": 0, ""relief"": 0, ""remorse"": 0, ""sadness"": 0, ""surprise"": 0, ""neutral"": 0}",anger,anger,0,0,0,2,3,0.6667,0.6667
132,"Change your mindset to not expect anything in return, if they do great if not...their loss",desire,desire,"{""admiration"": 0, ""amusement"": 0, ""anger"": 0, ""annoyance"": 0, ""approval"": 0, ""caring"": 0, ""confusion"": 0, ""curiosity"": 0, ""desire"": 0, ""disappointment"": 0, ""disapproval"": 0, ""disgust"": 0, ""embarrassment"": 0, ""excitement"": 0, ""fear"": 0, ""gratitude"": 0, ""grief"": 0, ""joy"": 0, ""love"": 0, ""nervousness"": 0, ""optimism"": 1, ""pride"": 0, ""realization"": 0, ""relief"": 0, ""remorse"": 0, ""sadness"": 1, ""surprise"": 0, ""neutral"": 1}",ABSTAIN,optimism,0,0,0,1,3,0.0,0.3333
133,Resetting a dislocated knee hurts like hell but it feels a lot better immediately after.,relief,relief,"{""admiration"": 0, ""amusement"": 0, ""anger"": 0, ""annoyance"": 0, ""approval"": 0, ""caring"": 0, ""confusion"": 0, ""curiosity"": 0, ""desire"": 0, ""disappointment"": 0, ""disapproval"": 0, ""disgust"": 0, ""embarrassment"": 0, ""excitement"": 0, ""fear"": 0, ""gratitude"": 0, ""grief"": 0, ""joy"": 0, ""love"": 0, ""nervousness"": 0, ""optimism"": 0, ""pride"": 0, ""realization"": 0, ""relief"": 3, ""remorse"": 0, ""sadness"": 0, ""surprise"": 0, ""neutral"": 0}",relief,relief,1,1,0,3,3,1.0,1.0
134,I dunno. Backhanded compliments in girl world are like professional sports.,neutral,neutral,"{""admiration"": 0, ""amusement"": 0, ""anger"": 0, ""annoyance"": 1, ""approval"": 0, ""caring"": 0, ""confusion"": 0, ""curiosity"": 0, ""desire"": 0, ""disappointment"": 0, ""disapproval"": 2, ""disgust"": 0, ""embarrassment"": 0, ""excitement"": 0, ""fear"": 0, ""gratitude"": 0, ""grief"": 0, ""joy"": 0, ""love"": 0, ""nervousness"": 0, ""optimism"": 0, ""pride"": 0, ""realization"": 0, ""relief"": 0, ""remorse"": 0, ""sadness"": 0, ""surprise"": 0, ""neutral"": 0}",disapproval,disapproval,0,0,0,2,3,0.6667,0.6667
135,"Right, but we want to shit talk them directly. Not agree with other people shit talking them.",annoyance,annoyance|disapproval,"{""admiration"": 0, ""amusement"": 0, ""anger"": 0, ""annoyance"": 2, ""approval"": 0, ""caring"": 0, ""confusion"": 0, ""curiosity"": 0, ""desire"": 0, ""disappointment"": 0, ""disapproval"": 1, ""disgust"": 0, ""embarrassment"": 0, ""excitement"": 0, ""fear"": 0, ""gratitude"": 0, ""grief"": 0, ""joy"": 0, ""love"": 0, ""nervousness"": 0, ""optimism"": 0, ""pride"": 0, ""realization"": 0, ""relief"": 0, ""remorse"": 0, ""sadness"": 0, ""surprise"": 0, ""neutral"": 0}",annoyance,annoyance,1,1,0,2,3,0.6667,0.6667
136,She does NOT love you. Try to ask yourself why you are accepting this treatment.,caring,caring|disapproval,"{""admiration"": 0, ""amusement"": 0, ""anger"": 0, ""annoyance"": 0, ""approval"": 0, ""caring"": 0, ""confusion"": 0, ""curiosity"": 0, ""desire"": 0, ""disappointment"": 2, ""disapproval"": 1, ""disgust"": 0, ""embarrassment"": 0, ""excitement"": 0, ""fear"": 0, ""gratitude"": 0, ""grief"": 0, ""joy"": 0, ""love"": 0, ""nervousness"": 0, ""optimism"": 0, ""pride"": 0, ""realization"": 0, ""relief"": 0, ""remorse"": 0, ""sadness"": 0, ""surprise"": 0, ""neutral"": 0}",disappointment,disappointment,0,0,0,2,3,0.6667,0.6667
137,Man you take your sims really seriously.,annoyance,annoyance,"{""admiration"": 0, ""amusement"": 0, ""anger"": 0, ""annoyance"": 1, ""approval"": 1, ""caring"": 0, ""confusion"": 0, ""curiosity"": 0, ""desire"": 0, ""disappointment"": 0, ""disapproval"": 0, ""disgust"": 0, ""embarrassment"": 0, ""excitement"": 0, ""fear"": 0, ""gratitude"": 0, ""grief"": 0, ""joy"": 0, ""love"": 0, ""nervousness"": 0, ""optimism"": 0, ""pride"": 0, ""realization"": 0, ""relief"": 0, ""remorse"": 0, ""sadness"": 0, ""surprise"": 0, ""neutral"": 1}",ABSTAIN,annoyance,0,1,0,1,3,0.0,0.3333
138,In collage. Now tell me that ain't insecurrr...,neutral,neutral,"{""admiration"": 0, ""amusement"": 0, ""anger"": 0, ""annoyance"": 0, ""approval"": 0, ""caring"": 0, ""confusion"": 0, ""curiosity"": 0, ""desire"": 0, ""disappointment"": 1, ""disapproval"": 0, ""disgust"": 0, ""embarrassment"": 0, ""excitement"": 0, ""fear"": 0, ""gratitude"": 0, ""grief"": 0, ""joy"": 0, ""love"": 0, ""nervousness"": 2, ""optimism"": 0, ""pride"": 0, ""realization"": 0, ""relief"": 0, ""remorse"": 0, ""sadness"": 0, ""surprise"": 0, ""neutral"": 0}",nervousness,nervousness,0,0,0,2,3,0.6667,0.6667
139,Wait that... that doesn’t happen,disapproval,disapproval,"{""admiration"": 0, ""amusement"": 0, ""anger"": 0, ""annoyance"": 0, ""approval"": 0, ""caring"": 0, ""confusion"": 0, ""curiosity"": 0, ""desire"": 0, ""disappointment"": 2, ""disapproval"": 0, ""disgust"": 0, ""embarrassment"": 0, ""excitement"": 0, ""fear"": 0, ""gratitude"": 0, ""grief"": 0, ""joy"": 0, ""love"": 0, ""nervousness"": 0, ""optimism"": 0, ""pride"": 0, ""realization"": 0, ""relief"": 0, ""remorse"": 0, ""sadness"": 0, ""surprise"": 0, ""neutral"": 0}",disappointment,disappointment,0,0,0,2,3,0.6667,0.6667
140,"Ah yes, the poison. The worst part of any poisoning. ",neutral,neutral,"{""admiration"": 0, ""amusement"": 0, ""anger"": 0, ""annoyance"": 0, ""approval"": 0, ""caring"": 0, ""confusion"": 0, ""curiosity"": 0, ""desire"": 0, ""disappointment"": 0, ""disapproval"": 0, ""disgust"": 1, ""embarrassment"": 0, ""excitement"": 0, ""fear"": 1, ""gratitude"": 0, ""grief"": 0, ""joy"": 0, ""love"": 0, ""nervousness"": 0, ""optimism"": 0, ""pride"": 0, ""realization"": 0, ""relief"": 0, ""remorse"": 0, ""sadness"": 1, ""surprise"": 0, ""neutral"": 0}",ABSTAIN,disgust,0,0,0,1,3,0.0,0.3333
141,that offense averaged 20 points a game. the same as this year and look where we are.,neutral,neutral,"{""admiration"": 0, ""amusement"": 0, ""anger"": 0, ""annoyance"": 0, ""approval"": 0, ""caring"": 0, ""confusion"": 0, ""curiosity"": 0, ""desire"": 0, ""disappointment"": 2, ""disapproval"": 0, ""disgust"": 0, ""embarrassment"": 0, ""excitement"": 0, ""fear"": 0, ""gratitude"": 0, ""grief"": 0, ""joy"": 0, ""love"": 0, ""nervousness"": 0, ""optimism"": 0, ""pride"": 0, ""realization"": 0, ""relief"": 0, ""remorse"": 0, ""sadness"": 0, ""surprise"": 0, ""neutral"": 0}",disappointment,disappointment,0,0,0,2,3,0.6667,0.6667
142,"Also, allow athletes to come and train during the year, but grant a blackout period before the Olympics or something,",neutral,neutral,"{""admiration"": 0, ""amusement"": 0, ""anger"": 0, ""annoyance"": 0, ""approval"": 0, ""caring"": 0, ""confusion"": 0, ""curiosity"": 0, ""desire"": 0, ""disappointment"": 0, ""disapproval"": 0, ""disgust"": 0, ""embarrassment"": 0, ""excitement"": 1, ""fear"": 0, ""gratitude"": 0, ""grief"": 0, ""joy"": 0, ""love"": 0, ""nervousness"": 0, ""optimism"": 0, ""pride"": 0, ""realization"": 0, ""relief"": 0, ""remorse"": 0, ""sadness"": 0, ""surprise"": 0, ""neutral"": 1}",ABSTAIN,excitement,0,0,0,1,3,0.0,0.3333
143,You’re wrong. Source: I looked before I commented the first time.,disapproval,disapproval,"{""admiration"": 0, ""amusement"": 0, ""anger"": 0, ""annoyance"": 0, ""approval"": 0, ""caring"": 0, ""confusion"": 0, ""curiosity"": 0, ""desire"": 0, ""disappointment"": 1, ""disapproval"": 0, ""disgust"": 0, ""embarrassment"": 0, ""excitement"": 0, ""fear"": 0, ""gratitude"": 0, ""grief"": 0, ""joy"": 0, ""love"": 0, ""nervousness"": 0, ""optimism"": 0, ""pride"": 0, ""realization"": 1, ""relief"": 0, ""remorse"": 0, ""sadness"": 0, ""surprise"": 1, ""neutral"": 0}",ABSTAIN,disappointment,0,0,0,1,3,0.0,0.3333
144,Hey! Your mom sucks.,annoyance,annoyance,"{""admiration"": 0, ""amusement"": 0, ""anger"": 1, ""annoyance"": 0, ""approval"": 0, ""caring"": 0, ""confusion"": 0, ""curiosity"": 0, ""desire"": 0, ""disappointment"": 2, ""disapproval"": 0, ""disgust"": 0, ""embarrassment"": 0, ""excitement"": 0, ""fear"": 0, ""gratitude"": 0, ""grief"": 0, ""joy"": 0, ""love"": 0, ""nervousness"": 0, ""optimism"": 0, ""pride"": 0, ""realization"": 0, ""relief"": 0, ""remorse"": 0, ""sadness"": 0, ""surprise"": 0, ""neutral"": 0}",disappointment,disappointment,0,0,0,2,3,0.6667,0.6667
145,The more unattractive the leader looks now the more attractive the new one will look come 2020,neutral,neutral,"{""admiration"": 0, ""amusement"": 0, ""anger"": 0, ""annoyance"": 0, ""approval"": 0, ""caring"": 0, ""confusion"": 0, ""curiosity"": 0, ""desire"": 0, ""disappointment"": 0, ""disapproval"": 0, ""disgust"": 0, ""embarrassment"": 0, ""excitement"": 0, ""fear"": 0, ""gratitude"": 0, ""grief"": 0, ""joy"": 0, ""love"": 0, ""nervousness"": 0, ""optimism"": 0, ""pride"": 0, ""realization"": 0, ""relief"": 0, ""remorse"": 0, ""sadness"": 0, ""surprise"": 0, ""neutral"": 1}",ABSTAIN,neutral,0,1,0,1,3,0.0,0.3333
146,Fucking love [NAME]. [NAME] best couple don't @ me,admiration,admiration,"{""admiration"": 0, ""amusement"": 0, ""anger"": 1, ""annoyance"": 0, ""approval"": 0, ""caring"": 0, ""confusion"": 0, ""curiosity"": 0, ""desire"": 0, ""disappointment"": 0, ""disapproval"": 0, ""disgust"": 0, ""embarrassment"": 0, ""excitement"": 0, ""fear"": 0, ""gratitude"": 0, ""grief"": 0, ""joy"": 1, ""love"": 1, ""nervousness"": 0, ""optimism"": 0, ""pride"": 0, ""realization"": 0, ""relief"": 0, ""remorse"": 0, ""sadness"": 0, ""surprise"": 0, ""neutral"": 0}",ABSTAIN,anger,0,0,0,1,3,0.0,0.3333
147,Also one of my favorite parts of this story.,neutral,neutral,"{""admiration"": 0, ""amusement"": 0, ""anger"": 0, ""annoyance"": 0, ""approval"": 0, ""caring"": 0, ""confusion"": 0, ""curiosity"": 0, ""desire"": 0, ""disappointment"": 0, ""disapproval"": 0, ""disgust"": 0, ""embarrassment"": 0, ""excitement"": 0, ""fear"": 0, ""gratitude"": 0, ""grief"": 0, ""joy"": 2, ""love"": 0, ""nervousness"": 0, ""optimism"": 0, ""pride"": 0, ""realization"": 0, ""relief"": 0, ""remorse"": 0, ""sadness"": 0, ""surprise"": 0, ""neutral"": 0}",joy,joy,0,0,0,2,3,0.6667,0.6667
148,There are plans to widen Parmer during the next few years.,neutral,neutral,"{""admiration"": 0, ""amusement"": 0, ""anger"": 0, ""annoyance"": 0, ""approval"": 0, ""caring"": 0, ""confusion"": 0, ""curiosity"": 0, ""desire"": 0, ""disappointment"": 0, ""disapproval"": 0, ""disgust"": 0, ""embarrassment"": 0, ""excitement"": 0, ""fear"": 0, ""gratitude"": 0, ""grief"": 0, ""joy"": 0, ""love"": 0, ""nervousness"": 0, ""optimism"": 0, ""pride"": 0, ""realization"": 0, ""relief"": 0, ""remorse"": 0, ""sadness"": 0, ""surprise"": 0, ""neutral"": 3}",neutral,neutral,1,1,0,3,3,1.0,1.0
149,Imagine what he thinks of TLJ...,curiosity,curiosity|neutral,"{""admiration"": 0, ""amusement"": 0, ""anger"": 0, ""annoyance"": 0, ""approval"": 0, ""caring"": 0, ""confusion"": 0, ""curiosity"": 1, ""desire"": 0, ""disappointment"": 0, ""disapproval"": 0, ""disgust"": 0, ""embarrassment"": 0, ""excitement"": 0, ""fear"": 0, ""gratitude"": 0, ""grief"": 0, ""joy"": 0, ""love"": 0, ""nervousness"": 1, ""optimism"": 0, ""pride"": 0, ""realization"": 0, ""relief"": 0, ""remorse"": 0, ""sadness"": 0, ""surprise"": 0, ""neutral"": 1}",ABSTAIN,curiosity,0,1,0,1,3,0.0,0.3333
150,Hands to the back,neutral,neutral,"{""admiration"": 0, ""amusement"": 0, ""anger"": 0, ""annoyance"": 0, ""approval"": 0, ""caring"": 0, ""confusion"": 0, ""curiosity"": 0, ""desire"": 0, ""disappointment"": 0, ""disapproval"": 1, ""disgust"": 0, ""embarrassment"": 0, ""excitement"": 0, ""fear"": 0, ""gratitude"": 0, ""grief"": 0, ""joy"": 0, ""love"": 0, ""nervousness"": 0, ""optimism"": 0, ""pride"": 0, ""realization"": 0, ""relief"": 0, ""remorse"": 0, ""sadness"": 0, ""surprise"": 0, ""neutral"": 1}",ABSTAIN,disapproval,0,0,0,1,3,0.0,0.3333
151,That’s always my worst fear when the idea of leaving during January comes up. I wish you the best of luck in unthawing them!,disgust,disgust|fear,"{""admiration"": 0, ""amusement"": 0, ""anger"": 0, ""annoyance"": 0, ""approval"": 0, ""caring"": 0, ""confusion"": 0, ""curiosity"": 0, ""desire"": 0, ""disappointment"": 0, ""disapproval"": 0, ""disgust"": 0, ""embarrassment"": 0, ""excitement"": 0, ""fear"": 3, ""gratitude"": 0, ""grief"": 0, ""joy"": 0, ""love"": 0, ""nervousness"": 0, ""optimism"": 0, ""pride"": 0, ""realization"": 0, ""relief"": 0, ""remorse"": 0, ""sadness"": 0, ""surprise"": 0, ""neutral"": 0}",fear,fear,1,1,0,3,3,1.0,1.0
152,I find that relatable: I too am terrified of myself.,fear,fear,"{""admiration"": 0, ""amusement"": 0, ""anger"": 0, ""annoyance"": 0, ""approval"": 0, ""caring"": 0, ""confusion"": 0, ""curiosity"": 0, ""desire"": 0, ""disappointment"": 0, ""disapproval"": 0, ""disgust"": 0, ""embarrassment"": 0, ""excitement"": 0, ""fear"": 3, ""gratitude"": 0, ""grief"": 0, ""joy"": 0, ""love"": 0, ""nervousness"": 0, ""optimism"": 0, ""pride"": 0, ""realization"": 0, ""relief"": 0, ""remorse"": 0, ""sadness"": 0, ""surprise"": 0, ""neutral"": 0}",fear,fear,1,1,0,3,3,1.0,1.0
153,"I wish this was real but for girls, so I don't have to taste the bitter of being rejected because ""You are not my kind"".",desire,desire,"{""admiration"": 0, ""amusement"": 0, ""anger"": 0, ""annoyance"": 0, ""approval"": 0, ""caring"": 0, ""confusion"": 0, ""curiosity"": 0, ""desire"": 0, ""disappointment"": 1, ""disapproval"": 0, ""disgust"": 0, ""embarrassment"": 0, ""excitement"": 0, ""fear"": 0, ""gratitude"": 0, ""grief"": 0, ""joy"": 0, ""love"": 0, ""nervousness"": 0, ""optimism"": 0, ""pride"": 0, ""realization"": 0, ""relief"": 0, ""remorse"": 0, ""sadness"": 2, ""surprise"": 0, ""neutral"": 0}",sadness,sadness,0,0,0,2,3,0.6667,0.6667
154,Some guy that I went to hs with 7 yrs ago but haven't seen him since.,neutral,neutral,"{""admiration"": 0, ""amusement"": 0, ""anger"": 0, ""annoyance"": 0, ""approval"": 0, ""caring"": 0, ""confusion"": 0, ""curiosity"": 0, ""desire"": 0, ""disappointment"": 0, ""disapproval"": 0, ""disgust"": 0, ""embarrassment"": 0, ""excitement"": 0, ""fear"": 0, ""gratitude"": 0, ""grief"": 0, ""joy"": 0, ""love"": 0, ""nervousness"": 0, ""optimism"": 0, ""pride"": 0, ""realization"": 0, ""relief"": 0, ""remorse"": 0, ""sadness"": 3, ""surprise"": 0, ""neutral"": 0}",sadness,sadness,0,0,0,3,3,1.0,1.0
155,"Since you called me out for saying that I am defending the attacker, then just point out which sentence I wrote led you to that conclusion. ",neutral,neutral,"{""admiration"": 0, ""amusement"": 0, ""anger"": 0, ""annoyance"": 0, ""approval"": 0, ""caring"": 0, ""confusion"": 0, ""curiosity"": 0, ""desire"": 0, ""disappointment"": 1, ""disapproval"": 0, ""disgust"": 0, ""embarrassment"": 0, ""excitement"": 0, ""fear"": 0, ""gratitude"": 0, ""grief"": 0, ""joy"": 0, ""love"": 0, ""nervousness"": 0, ""optimism"": 0, ""pride"": 0, ""realization"": 0, ""relief"": 0, ""remorse"": 0, ""sadness"": 0, ""surprise"": 0, ""neutral"": 1}",ABSTAIN,disappointment,0,0,0,1,3,0.0,0.3333
156,He already has a baby with his girlfriend who’s gorgeous,approval,approval,"{""admiration"": 0, ""amusement"": 0, ""anger"": 0, ""annoyance"": 0, ""approval"": 0, ""caring"": 0, ""confusion"": 0, ""curiosity"": 0, ""desire"": 0, ""disappointment"": 0, ""disapproval"": 0, ""disgust"": 0, ""embarrassment"": 0, ""excitement"": 0, ""fear"": 0, ""gratitude"": 0, ""grief"": 0, ""joy"": 1, ""love"": 0, ""nervousness"": 0, ""optimism"": 0, ""pride"": 1, ""realization"": 0, ""relief"": 0, ""remorse"": 0, ""sadness"": 0, ""surprise"": 0, ""neutral"": 0}",ABSTAIN,joy,0,0,0,1,3,0.0,0.3333
157,I wanna know about the sky being LCD! You ever hear the one about the [NAME] faking the return of [NAME]?,neutral,neutral,"{""admiration"": 0, ""amusement"": 1, ""anger"": 0, ""annoyance"": 0, ""approval"": 0, ""caring"": 0, ""confusion"": 0, ""curiosity"": 1, ""desire"": 0, ""disappointment"": 0, ""disapproval"": 0, ""disgust"": 0, ""embarrassment"": 0, ""excitement"": 0, ""fear"": 0, ""gratitude"": 0, ""grief"": 0, ""joy"": 0, ""love"": 0, ""nervousness"": 0, ""optimism"": 0, ""pride"": 0, ""realization"": 0, ""relief"": 0, ""remorse"": 0, ""sadness"": 0, ""surprise"": 0, ""neutral"": 0}",ABSTAIN,amusement,0,0,0,1,3,0.0,0.3333
158,Because of this bad situation some people are afraid of becoming youtubers because of this,fear,fear,"{""admiration"": 0, ""amusement"": 0, ""anger"": 0, ""annoyance"": 0, ""approval"": 0, ""caring"": 0, ""confusion"": 0, ""curiosity"": 0, ""desire"": 0, ""disappointment"": 0, ""disapproval"": 0, ""disgust"": 0, ""embarrassment"": 0, ""excitement"": 0, ""fear"": 3, ""gratitude"": 0, ""grief"": 0, ""joy"": 0, ""love"": 0, ""nervousness"": 0, ""optimism"": 0, ""pride"": 0, ""realization"": 0, ""relief"": 0, ""remorse"": 0, ""sadness"": 0, ""surprise"": 0, ""neutral"": 0}",fear,fear,1,1,0,3,3,1.0,1.0
159,That doesn’t seem like very responsible presentation of findings.,disapproval,disapproval|neutral,"{""admiration"": 0, ""amusement"": 0, ""anger"": 0, ""annoyance"": 0, ""approval"": 0, ""caring"": 0, ""confusion"": 0, ""curiosity"": 0, ""desire"": 0, ""disappointment"": 1, ""disapproval"": 2, ""disgust"": 0, ""embarrassment"": 0, ""excitement"": 0, ""fear"": 0, ""gratitude"": 0, ""grief"": 0, ""joy"": 0, ""love"": 0, ""nervousness"": 0, ""optimism"": 0, ""pride"": 0, ""realization"": 0, ""relief"": 0, ""remorse"": 0, ""sadness"": 0, ""surprise"": 0, ""neutral"": 0}",disapproval,disapproval,1,1,0,2,3,0.6667,0.6667
160,"Aaaand I'm still here. I don't have a alt account but whoever you reported I""m sure is alive and well. You're terrible.",fear,fear,"{""admiration"": 0, ""amusement"": 0, ""anger"": 2, ""annoyance"": 0, ""approval"": 0, ""caring"": 0, ""confusion"": 0, ""curiosity"": 0, ""desire"": 0, ""disappointment"": 0, ""disapproval"": 0, ""disgust"": 0, ""embarrassment"": 0, ""excitement"": 0, ""fear"": 0, ""gratitude"": 0, ""grief"": 0, ""joy"": 0, ""love"": 0, ""nervousness"": 0, ""optimism"": 0, ""pride"": 0, ""realization"": 0, ""relief"": 0, ""remorse"": 0, ""sadness"": 0, ""surprise"": 0, ""neutral"": 0}",anger,anger,0,0,0,2,3,0.6667,0.6667
161,That doesn't sound right but I don't know enough about stars to dispute it,annoyance,annoyance,"{""admiration"": 0, ""amusement"": 0, ""anger"": 0, ""annoyance"": 0, ""approval"": 0, ""caring"": 0, ""confusion"": 1, ""curiosity"": 0, ""desire"": 0, ""disappointment"": 1, ""disapproval"": 0, ""disgust"": 0, ""embarrassment"": 0, ""excitement"": 0, ""fear"": 0, ""gratitude"": 0, ""grief"": 0, ""joy"": 0, ""love"": 0, ""nervousness"": 0, ""optimism"": 0, ""pride"": 0, ""realization"": 0, ""relief"": 0, ""remorse"": 0, ""sadness"": 0, ""surprise"": 0, ""neutral"": 0}",ABSTAIN,confusion,0,0,0,1,3,0.0,0.3333
162,I'm loving the possibility of fighting a Chimera in the DLC.,love,love,"{""admiration"": 0, ""amusement"": 0, ""anger"": 0, ""annoyance"": 0, ""approval"": 0, ""caring"": 0, ""confusion"": 0, ""curiosity"": 0, ""desire"": 0, ""disappointment"": 0, ""disapproval"": 0, ""disgust"": 0, ""embarrassment"": 0, ""excitement"": 1, ""fear"": 0, ""gratitude"": 0, ""grief"": 0, ""joy"": 1, ""love"": 1, ""nervousness"": 0, ""optimism"": 0, ""pride"": 0, ""realization"": 0, ""relief"": 0, ""remorse"": 0, ""sadness"": 0, ""surprise"": 0, ""neutral"": 0}",ABSTAIN,excitement,0,0,0,1,3,0.0,0.3333
163,[NAME]? Y’all [NAME] are weird AF (and I love it).,neutral,neutral,"{""admiration"": 0, ""amusement"": 2, ""anger"": 0, ""annoyance"": 0, ""approval"": 0, ""caring"": 0, ""confusion"": 0, ""curiosity"": 0, ""desire"": 0, ""disappointment"": 0, ""disapproval"": 0, ""disgust"": 0, ""embarrassment"": 0, ""excitement"": 0, ""fear"": 0, ""gratitude"": 0, ""grief"": 0, ""joy"": 0, ""love"": 0, ""nervousness"": 0, ""optimism"": 0, ""pride"": 0, ""realization"": 0, ""relief"": 0, ""remorse"": 0, ""sadness"": 0, ""surprise"": 0, ""neutral"": 0}",amusement,amusement,0,0,0,2,3,0.6667,0.6667
164,Please enlighten us,neutral,neutral,"{""admiration"": 0, ""amusement"": 0, ""anger"": 0, ""annoyance"": 0, ""approval"": 0, ""caring"": 0, ""confusion"": 0, ""curiosity"": 2, ""desire"": 0, ""disappointment"": 0, ""disapproval"": 0, ""disgust"": 0, ""embarrassment"": 0, ""excitement"": 0, ""fear"": 0, ""gratitude"": 0, ""grief"": 0, ""joy"": 0, ""love"": 0, ""nervousness"": 0, ""optimism"": 0, ""pride"": 0, ""realization"": 0, ""relief"": 0, ""remorse"": 0, ""sadness"": 0, ""surprise"": 0, ""neutral"": 0}",curiosity,curiosity,0,0,0,2,3,0.6667,0.6667
165,"[NAME] shot has been quite frankly terrible tonight, wayy too strong on most of his looks",fear,fear,"{""admiration"": 0, ""amusement"": 0, ""anger"": 0, ""annoyance"": 0, ""approval"": 0, ""caring"": 0, ""confusion"": 0, ""curiosity"": 0, ""desire"": 0, ""disappointment"": 3, ""disapproval"": 0, ""disgust"": 0, ""embarrassment"": 0, ""excitement"": 0, ""fear"": 0, ""gratitude"": 0, ""grief"": 0, ""joy"": 0, ""love"": 0, ""nervousness"": 0, ""optimism"": 0, ""pride"": 0, ""realization"": 0, ""relief"": 0, ""remorse"": 0, ""sadness"": 0, ""surprise"": 0, ""neutral"": 0}",disappointment,disappointment,0,0,0,3,3,1.0,1.0
166,Of course I remember a time when I didn't know what calories were. I was a child.,neutral,neutral,"{""admiration"": 0, ""amusement"": 0, ""anger"": 0, ""annoyance"": 0, ""approval"": 0, ""caring"": 0, ""confusion"": 0, ""curiosity"": 2, ""desire"": 0, ""disappointment"": 0, ""disapproval"": 0, ""disgust"": 0, ""embarrassment"": 0, ""excitement"": 0, ""fear"": 0, ""gratitude"": 0, ""grief"": 0, ""joy"": 0, ""love"": 0, ""nervousness"": 0, ""optimism"": 0, ""pride"": 0, ""realization"": 1, ""relief"": 0, ""remorse"": 0, ""sadness"": 0, ""surprise"": 0, ""neutral"": 0}",curiosity,curiosity,0,0,0,2,3,0.6667,0.6667
167,>I mean look at socialist Germany. Look at Night of the Long Knives.,neutral,neutral,"{""admiration"": 0, ""amusement"": 0, ""anger"": 0, ""annoyance"": 0, ""approval"": 0, ""caring"": 0, ""confusion"": 0, ""curiosity"": 0, ""desire"": 0, ""disappointment"": 0, ""disapproval"": 1, ""disgust"": 0, ""embarrassment"": 0, ""excitement"": 0, ""fear"": 0, ""gratitude"": 0, ""grief"": 0, ""joy"": 0, ""love"": 0, ""nervousness"": 0, ""optimism"": 0, ""pride"": 0, ""realization"": 0, ""relief"": 0, ""remorse"": 0, ""sadness"": 1, ""surprise"": 0, ""neutral"": 0}",ABSTAIN,disapproval,0,0,0,1,3,0.0,0.3333
168,that's really good,admiration,admiration,"{""admiration"": 0, ""amusement"": 0, ""anger"": 0, ""annoyance"": 0, ""approval"": 1, ""caring"": 0, ""confusion"": 0, ""curiosity"": 0, ""desire"": 0, ""disappointment"": 0, ""disapproval"": 0, ""disgust"": 0, ""embarrassment"": 0, ""excitement"": 0, ""fear"": 0, ""gratitude"": 0, ""grief"": 0, ""joy"": 2, ""love"": 0, ""nervousness"": 0, ""optimism"": 0, ""pride"": 0, ""realization"": 0, ""relief"": 0, ""remorse"": 0, ""sadness"": 0, ""surprise"": 0, ""neutral"": 0}",joy,joy,0,0,0,2,3,0.6667,0.6667
169,why is this hard to believe it’s totally believable,confusion,confusion,"{""admiration"": 0, ""amusement"": 0, ""anger"": 0, ""annoyance"": 0, ""approval"": 0, ""caring"": 0, ""confusion"": 1, ""curiosity"": 0, ""desire"": 0, ""disappointment"": 0, ""disapproval"": 0, ""disgust"": 0, ""embarrassment"": 0, ""excitement"": 0, ""fear"": 0, ""gratitude"": 0, ""grief"": 0, ""joy"": 0, ""love"": 0, ""nervousness"": 0, ""optimism"": 0, ""pride"": 0, ""realization"": 0, ""relief"": 1, ""remorse"": 0, ""sadness"": 0, ""surprise"": 1, ""neutral"": 0}",ABSTAIN,confusion,0,1,0,1,3,0.0,0.3333
170,People say 'confidence is attractive' which is definitely true. That doesn't mean that being arrogant or pretending to be confident is attractive.,approval,approval,"{""admiration"": 0, ""amusement"": 0, ""anger"": 0, ""annoyance"": 0, ""approval"": 0, ""caring"": 0, ""confusion"": 0, ""curiosity"": 0, ""desire"": 0, ""disappointment"": 0, ""disapproval"": 0, ""disgust"": 0, ""embarrassment"": 0, ""excitement"": 0, ""fear"": 0, ""gratitude"": 0, ""grief"": 0, ""joy"": 1, ""love"": 0, ""nervousness"": 0, ""optimism"": 0, ""pride"": 0, ""realization"": 0, ""relief"": 0, ""remorse"": 0, ""sadness"": 0, ""surprise"": 0, ""neutral"": 2}",neutral,neutral,0,0,0,2,3,0.6667,0.6667
171,"That would be okay, I guess.",approval,approval,"{""admiration"": 0, ""amusement"": 0, ""anger"": 0, ""annoyance"": 0, ""approval"": 0, ""caring"": 0, ""confusion"": 0, ""curiosity"": 0, ""desire"": 0, ""disappointment"": 0, ""disapproval"": 0, ""disgust"": 0, ""embarrassment"": 0, ""excitement"": 0, ""fear"": 0, ""gratitude"": 0, ""grief"": 0, ""joy"": 0, ""love"": 0, ""nervousness"": 0, ""optimism"": 0, ""pride"": 0, ""realization"": 0, ""relief"": 0, ""remorse"": 0, ""sadness"": 0, ""surprise"": 0, ""neutral"": 3}",neutral,neutral,0,0,0,3,3,1.0,1.0
172,Thank you for sharing this. I found my house in 1938. Very fascinating stuff :),gratitude,gratitude,"{""admiration"": 0, ""amusement"": 0, ""anger"": 0, ""annoyance"": 0, ""approval"": 0, ""caring"": 0, ""confusion"": 0, ""curiosity"": 1, ""desire"": 0, ""disappointment"": 0, ""disapproval"": 0, ""disgust"": 0, ""embarrassment"": 0, ""excitement"": 1, ""fear"": 0, ""gratitude"": 1, ""grief"": 0, ""joy"": 0, ""love"": 0, ""nervousness"": 0, ""optimism"": 0, ""pride"": 0, ""realization"": 0, ""relief"": 0, ""remorse"": 0, ""sadness"": 0, ""surprise"": 0, ""neutral"": 0}",ABSTAIN,curiosity,0,0,0,1,3,0.0,0.3333
173,Is that her phone in her back pocket?,curiosity,curiosity,"{""admiration"": 0, ""amusement"": 0, ""anger"": 0, ""annoyance"": 0, ""approval"": 0, ""caring"": 0, ""confusion"": 0, ""curiosity"": 0, ""desire"": 0, ""disappointment"": 0, ""disapproval"": 0, ""disgust"": 0, ""embarrassment"": 0, ""excitement"": 0, ""fear"": 0, ""gratitude"": 0, ""grief"": 0, ""joy"": 0, ""love"": 0, ""nervousness"": 0, ""optimism"": 0, ""pride"": 0, ""realization"": 0, ""relief"": 0, ""remorse"": 0, ""sadness"": 0, ""surprise"": 0, ""neutral"": 3}",neutral,neutral,0,0,0,3,3,1.0,1.0
174,That and he’s sneaky dirty,disgust,disgust,"{""admiration"": 0, ""amusement"": 0, ""anger"": 0, ""annoyance"": 0, ""approval"": 0, ""caring"": 0, ""confusion"": 0, ""curiosity"": 0, ""desire"": 0, ""disappointment"": 0, ""disapproval"": 0, ""disgust"": 2, ""embarrassment"": 0, ""excitement"": 0, ""fear"": 0, ""gratitude"": 0, ""grief"": 0, ""joy"": 0, ""love"": 0, ""nervousness"": 0, ""optimism"": 0, ""pride"": 0, ""realization"": 0, ""relief"": 0, ""remorse"": 0, ""sadness"": 0, ""surprise"": 1, ""neutral"": 0}",disgust,disgust,1,1,0,2,3,0.6667,0.6667
175,Mirror,neutral,neutral,"{""admiration"": 0, ""amusement"": 0, ""anger"": 0, ""annoyance"": 0, ""approval"": 0, ""caring"": 0, ""confusion"": 0, ""curiosity"": 0, ""desire"": 0, ""disappointment"": 0, ""disapproval"": 0, ""disgust"": 0, ""embarrassment"": 0, ""excitement"": 0, ""fear"": 0, ""gratitude"": 0, ""grief"": 0, ""joy"": 0, ""love"": 0, ""nervousness"": 0, ""optimism"": 0, ""pride"": 0, ""realization"": 0, ""relief"": 0, ""remorse"": 0, ""sadness"": 0, ""surprise"": 0, ""neutral"": 1}",ABSTAIN,neutral,0,1,0,1,3,0.0,0.3333
176,Funny how we get more anxious about our heroes than their victims,amusement,amusement,"{""admiration"": 0, ""amusement"": 0, ""anger"": 0, ""annoyance"": 0, ""approval"": 0, ""caring"": 0, ""confusion"": 0, ""curiosity"": 0, ""desire"": 0, ""disappointment"": 0, ""disapproval"": 0, ""disgust"": 0, ""embarrassment"": 0, ""excitement"": 0, ""fear"": 1, ""gratitude"": 0, ""grief"": 0, ""joy"": 0, ""love"": 0, ""nervousness"": 0, ""optimism"": 0, ""pride"": 0, ""realization"": 0, ""relief"": 0, ""remorse"": 0, ""sadness"": 0, ""surprise"": 0, ""neutral"": 0}",ABSTAIN,fear,0,0,0,1,3,0.0,0.3333
177,You are goddam funny sir,amusement,amusement,"{""admiration"": 0, ""amusement"": 1, ""anger"": 0, ""annoyance"": 0, ""approval"": 0, ""caring"": 0, ""confusion"": 0, ""curiosity"": 0, ""desire"": 0, ""disappointment"": 0, ""disapproval"": 0, ""disgust"": 0, ""embarrassment"": 0, ""excitement"": 0, ""fear"": 0, ""gratitude"": 0, ""grief"": 0, ""joy"": 0, ""love"": 0, ""nervousness"": 0, ""optimism"": 0, ""pride"": 0, ""realization"": 0, ""relief"": 0, ""remorse"": 0, ""sadness"": 0, ""surprise"": 0, ""neutral"": 0}",ABSTAIN,amusement,0,1,0,1,3,0.0,0.3333
178,Haha Orange man bad,amusement,amusement,"{""admiration"": 0, ""amusement"": 0, ""anger"": 0, ""annoyance"": 0, ""approval"": 0, ""caring"": 0, ""confusion"": 0, ""curiosity"": 0, ""desire"": 0, ""disappointment"": 1, ""disapproval"": 0, ""disgust"": 0, ""embarrassment"": 0, ""excitement"": 0, ""fear"": 0, ""gratitude"": 0, ""grief"": 0, ""joy"": 0, ""love"": 0, ""nervousness"": 0, ""optimism"": 0, ""pride"": 0, ""realization"": 0, ""relief"": 0, ""remorse"": 0, ""sadness"": 0, ""surprise"": 0, ""neutral"": 0}",ABSTAIN,disappointment,0,0,0,1,3,0.0,0.3333
179,> Humans are empathetic and do this daily. I have to remind myself of this sometimes.,annoyance,annoyance|neutral,"{""admiration"": 0, ""amusement"": 0, ""anger"": 0, ""annoyance"": 0, ""approval"": 0, ""caring"": 1, ""confusion"": 0, ""curiosity"": 0, ""desire"": 0, ""disappointment"": 0, ""disapproval"": 0, ""disgust"": 0, ""embarrassment"": 0, ""excitement"": 0, ""fear"": 0, ""gratitude"": 0, ""grief"": 0, ""joy"": 0, ""love"": 0, ""nervousness"": 0, ""optimism"": 0, ""pride"": 0, ""realization"": 2, ""relief"": 0, ""remorse"": 0, ""sadness"": 0, ""surprise"": 0, ""neutral"": 0}",realization,realization,0,0,0,2,3,0.6667,0.6667
180,It’s beautiful. I think I need to move. 😊,admiration,admiration|optimism,"{""admiration"": 0, ""amusement"": 0, ""anger"": 0, ""annoyance"": 0, ""approval"": 0, ""caring"": 0, ""confusion"": 0, ""curiosity"": 0, ""desire"": 0, ""disappointment"": 0, ""disapproval"": 0, ""disgust"": 0, ""embarrassment"": 0, ""excitement"": 0, ""fear"": 0, ""gratitude"": 0, ""grief"": 0, ""joy"": 2, ""love"": 0, ""nervousness"": 0, ""optimism"": 0, ""pride"": 0, ""realization"": 0, ""relief"": 0, ""remorse"": 0, ""sadness"": 0, ""surprise"": 0, ""neutral"": 0}",joy,joy,0,0,0,2,3,0.6667,0.6667
181,Oh oh oh,neutral,neutral,"{""admiration"": 0, ""amusement"": 0, ""anger"": 0, ""annoyance"": 0, ""approval"": 0, ""caring"": 0, ""confusion"": 0, ""curiosity"": 0, ""desire"": 0, ""disappointment"": 0, ""disapproval"": 0, ""disgust"": 0, ""embarrassment"": 0, ""excitement"": 1, ""fear"": 0, ""gratitude"": 0, ""grief"": 0, ""joy"": 0, ""love"": 0, ""nervousness"": 0, ""optimism"": 0, ""pride"": 0, ""realization"": 0, ""relief"": 0, ""remorse"": 0, ""sadness"": 0, ""surprise"": 1, ""neutral"": 0}",ABSTAIN,excitement,0,0,0,1,3,0.0,0.3333
182,Am I the only INTP here who cared about deadlines. It's how I got so good at crunch time and working last minute.,neutral,neutral,"{""admiration"": 0, ""amusement"": 0, ""anger"": 0, ""annoyance"": 0, ""approval"": 0, ""caring"": 1, ""confusion"": 0, ""curiosity"": 0, ""desire"": 0, ""disappointment"": 0, ""disapproval"": 0, ""disgust"": 0, ""embarrassment"": 0, ""excitement"": 0, ""fear"": 0, ""gratitude"": 0, ""grief"": 0, ""joy"": 0, ""love"": 0, ""nervousness"": 1, ""optimism"": 0, ""pride"": 0, ""realization"": 0, ""relief"": 0, ""remorse"": 0, ""sadness"": 0, ""surprise"": 0, ""neutral"": 0}",ABSTAIN,caring,0,0,0,1,3,0.0,0.3333
183,"Lindt is premium brand, im not surprised by this.",neutral,neutral,"{""admiration"": 0, ""amusement"": 0, ""anger"": 0, ""annoyance"": 0, ""approval"": 0, ""caring"": 0, ""confusion"": 0, ""curiosity"": 0, ""desire"": 0, ""disappointment"": 0, ""disapproval"": 0, ""disgust"": 0, ""embarrassment"": 0, ""excitement"": 0, ""fear"": 0, ""gratitude"": 0, ""grief"": 0, ""joy"": 0, ""love"": 0, ""nervousness"": 0, ""optimism"": 0, ""pride"": 0, ""realization"": 0, ""relief"": 0, ""remorse"": 0, ""sadness"": 0, ""surprise"": 1, ""neutral"": 1}",ABSTAIN,surprise,0,0,0,1,3,0.0,0.3333
184,"Dude, its **life** it's not **trauma**. Grow up ",anger,anger|neutral,"{""admiration"": 0, ""amusement"": 0, ""anger"": 0, ""annoyance"": 0, ""approval"": 0, ""caring"": 0, ""confusion"": 0, ""curiosity"": 0, ""desire"": 0, ""disappointment"": 1, ""disapproval"": 1, ""disgust"": 0, ""embarrassment"": 0, ""excitement"": 0, ""fear"": 0, ""gratitude"": 0, ""grief"": 0, ""joy"": 0, ""love"": 0, ""nervousness"": 0, ""optimism"": 0, ""pride"": 0, ""realization"": 0, ""relief"": 0, ""remorse"": 0, ""sadness"": 0, ""surprise"": 0, ""neutral"": 0}",ABSTAIN,disappointment,0,0,0,1,3,0.0,0.3333
185,"Oooo I see, I was hoping it wasn't a troll thing, it seemed really tasteless.",disapproval,disapproval,"{""admiration"": 0, ""amusement"": 0, ""anger"": 0, ""annoyance"": 0, ""approval"": 0, ""caring"": 0, ""confusion"": 0, ""curiosity"": 0, ""desire"": 0, ""disappointment"": 2, ""disapproval"": 0, ""disgust"": 0, ""embarrassment"": 0, ""excitement"": 0, ""fear"": 0, ""gratitude"": 0, ""grief"": 0, ""joy"": 0, ""love"": 0, ""nervousness"": 0, ""optimism"": 0, ""pride"": 0, ""realization"": 0, ""relief"": 0, ""remorse"": 0, ""sadness"": 0, ""surprise"": 0, ""neutral"": 0}",disappointment,disappointment,0,0,0,2,3,0.6667,0.6667
186,Couldn’t agree more,disapproval,disapproval,"{""admiration"": 0, ""amusement"": 0, ""anger"": 0, ""annoyance"": 0, ""approval"": 1, ""caring"": 0, ""confusion"": 0, ""curiosity"": 0, ""desire"": 0, ""disappointment"": 0, ""disapproval"": 0, ""disgust"": 0, ""embarrassment"": 0, ""excitement"": 0, ""fear"": 0, ""gratitude"": 0, ""grief"": 0, ""joy"": 0, ""love"": 0, ""nervousness"": 0, ""optimism"": 0, ""pride"": 0, ""realization"": 0, ""relief"": 0, ""remorse"": 0, ""sadness"": 0, ""surprise"": 0, ""neutral"": 2}",neutral,neutral,0,0,0,2,3,0.6667,0.6667
187,WHO WON THIS FIGHT My thoughts: neither side did a good job at explaining their positions and this entire interview was mostly useless,disappointment,disappointment,"{""admiration"": 0, ""amusement"": 0, ""anger"": 0, ""annoyance"": 0, ""approval"": 0, ""caring"": 0, ""confusion"": 0, ""curiosity"": 0, ""desire"": 0, ""disappointment"": 3, ""disapproval"": 0, ""disgust"": 0, ""embarrassment"": 0, ""excitement"": 0, ""fear"": 0, ""gratitude"": 0, ""grief"": 0, ""joy"": 0, ""love"": 0, ""nervousness"": 0, ""optimism"": 0, ""pride"": 0, ""realization"": 0, ""relief"": 0, ""remorse"": 0, ""sadness"": 0, ""surprise"": 0, ""neutral"": 0}",disappointment,disappointment,1,1,0,3,3,1.0,1.0
188,How do you know this?,neutral,neutral,"{""admiration"": 0, ""amusement"": 0, ""anger"": 0, ""annoyance"": 0, ""approval"": 0, ""caring"": 0, ""confusion"": 1, ""curiosity"": 0, ""desire"": 0, ""disappointment"": 0, ""disapproval"": 0, ""disgust"": 0, ""embarrassment"": 0, ""excitement"": 0, ""fear"": 0, ""gratitude"": 0, ""grief"": 0, ""joy"": 0, ""love"": 0, ""nervousness"": 0, ""optimism"": 0, ""pride"": 0, ""realization"": 0, ""relief"": 0, ""remorse"": 0, ""sadness"": 0, ""surprise"": 0, ""neutral"": 1}",ABSTAIN,confusion,0,0,0,1,3,0.0,0.3333
189,I'm more interested in why there are goldfish in the picture...,excitement,excitement,"{""admiration"": 0, ""amusement"": 0, ""anger"": 0, ""annoyance"": 0, ""approval"": 0, ""caring"": 0, ""confusion"": 0, ""curiosity"": 1, ""desire"": 0, ""disappointment"": 0, ""disapproval"": 0, ""disgust"": 0, ""embarrassment"": 0, ""excitement"": 0, ""fear"": 0, ""gratitude"": 0, ""grief"": 0, ""joy"": 0, ""love"": 0, ""nervousness"": 0, ""optimism"": 0, ""pride"": 0, ""realization"": 0, ""relief"": 0, ""remorse"": 0, ""sadness"": 0, ""surprise"": 0, ""neutral"": 2}",neutral,neutral,0,0,0,2,3,0.6667,0.6667
190,oh pls no,disapproval,disapproval,"{""admiration"": 0, ""amusement"": 0, ""anger"": 1, ""annoyance"": 0, ""approval"": 0, ""caring"": 0, ""confusion"": 0, ""curiosity"": 0, ""desire"": 0, ""disappointment"": 1, ""disapproval"": 1, ""disgust"": 0, ""embarrassment"": 0, ""excitement"": 0, ""fear"": 0, ""gratitude"": 0, ""grief"": 0, ""joy"": 0, ""love"": 0, ""nervousness"": 0, ""optimism"": 0, ""pride"": 0, ""realization"": 0, ""relief"": 0, ""remorse"": 0, ""sadness"": 0, ""surprise"": 0, ""neutral"": 0}",ABSTAIN,anger,0,0,0,1,3,0.0,0.3333
191,"Yes, thank [NAME] the wisest of [NAME] live outside your country",gratitude,gratitude,"{""admiration"": 0, ""amusement"": 0, ""anger"": 0, ""annoyance"": 0, ""approval"": 0, ""caring"": 0, ""confusion"": 0, ""curiosity"": 0, ""desire"": 0, ""disappointment"": 0, ""disapproval"": 0, ""disgust"": 0, ""embarrassment"": 0, ""excitement"": 0, ""fear"": 0, ""gratitude"": 1, ""grief"": 0, ""joy"": 0, ""love"": 0, ""nervousness"": 0, ""optimism"": 0, ""pride"": 0, ""realization"": 0, ""relief"": 0, ""remorse"": 0, ""sadness"": 0, ""surprise"": 0, ""neutral"": 0}",ABSTAIN,gratitude,0,1,0,1,3,0.0,0.3333
192,"Me too, [NAME]. Me too... ",approval,approval,"{""admiration"": 0, ""amusement"": 0, ""anger"": 0, ""annoyance"": 0, ""approval"": 0, ""caring"": 0, ""confusion"": 0, ""curiosity"": 0, ""desire"": 0, ""disappointment"": 0, ""disapproval"": 0, ""disgust"": 0, ""embarrassment"": 0, ""excitement"": 0, ""fear"": 0, ""gratitude"": 0, ""grief"": 0, ""joy"": 0, ""love"": 0, ""nervousness"": 0, ""optimism"": 0, ""pride"": 0, ""realization"": 0, ""relief"": 0, ""remorse"": 0, ""sadness"": 0, ""surprise"": 0, ""neutral"": 2}",neutral,neutral,0,0,0,2,3,0.6667,0.6667
193,Wait a second what? The asshat found the story? Can someone teach me how to use the way back machine so i can read this?,confusion,confusion,"{""admiration"": 0, ""amusement"": 0, ""anger"": 1, ""annoyance"": 0, ""approval"": 0, ""caring"": 0, ""confusion"": 0, ""curiosity"": 0, ""desire"": 0, ""disappointment"": 0, ""disapproval"": 0, ""disgust"": 0, ""embarrassment"": 0, ""excitement"": 0, ""fear"": 0, ""gratitude"": 0, ""grief"": 0, ""joy"": 0, ""love"": 0, ""nervousness"": 0, ""optimism"": 0, ""pride"": 0, ""realization"": 0, ""relief"": 0, ""remorse"": 0, ""sadness"": 0, ""surprise"": 1, ""neutral"": 0}",ABSTAIN,anger,0,0,0,1,3,0.0,0.3333
194,Thank fucking [NAME].,gratitude,gratitude,"{""admiration"": 0, ""amusement"": 0, ""anger"": 3, ""annoyance"": 0, ""approval"": 0, ""caring"": 0, ""confusion"": 0, ""curiosity"": 0, ""desire"": 0, ""disappointment"": 0, ""disapproval"": 0, ""disgust"": 0, ""embarrassment"": 0, ""excitement"": 0, ""fear"": 0, ""gratitude"": 0, ""grief"": 0, ""joy"": 0, ""love"": 0, ""nervousness"": 0, ""optimism"": 0, ""pride"": 0, ""realization"": 0, ""relief"": 0, ""remorse"": 0, ""sadness"": 0, ""surprise"": 0, ""neutral"": 0}",anger,anger,0,0,0,3,3,1.0,1.0
195,The Future is BIG!,neutral,neutral,"{""admiration"": 0, ""amusement"": 0, ""anger"": 0, ""annoyance"": 0, ""approval"": 0, ""caring"": 0, ""confusion"": 0, ""curiosity"": 0, ""desire"": 0, ""disappointment"": 0, ""disapproval"": 0, ""disgust"": 0, ""embarrassment"": 0, ""excitement"": 2, ""fear"": 0, ""gratitude"": 0, ""grief"": 0, ""joy"": 0, ""love"": 0, ""nervousness"": 0, ""optimism"": 1, ""pride"": 0, ""realization"": 0, ""relief"": 0, ""remorse"": 0, ""sadness"": 0, ""surprise"": 0, ""neutral"": 0}",excitement,excitement,0,0,0,2,3,0.6667,0.6667
196,Less to keep track of,neutral,neutral,"{""admiration"": 0, ""amusement"": 0, ""anger"": 0, ""annoyance"": 0, ""approval"": 0, ""caring"": 0, ""confusion"": 0, ""curiosity"": 0, ""desire"": 0, ""disappointment"": 0, ""disapproval"": 0, ""disgust"": 0, ""embarrassment"": 0, ""excitement"": 0, ""fear"": 0, ""gratitude"": 0, ""grief"": 0, ""joy"": 0, ""love"": 0, ""nervousness"": 0, ""optimism"": 0, ""pride"": 0, ""realization"": 0, ""relief"": 1, ""remorse"": 0, ""sadness"": 0, ""surprise"": 0, ""neutral"": 1}",ABSTAIN,relief,0,0,0,1,3,0.0,0.3333
197,"I saw in another thread that the kid had previously pranked the barber, and this was his way of getting back at him. ",neutral,neutral,"{""admiration"": 0, ""amusement"": 0, ""anger"": 2, ""annoyance"": 0, ""approval"": 0, ""caring"": 0, ""confusion"": 0, ""curiosity"": 0, ""desire"": 0, ""disappointment"": 0, ""disapproval"": 0, ""disgust"": 0, ""embarrassment"": 0, ""excitement"": 0, ""fear"": 0, ""gratitude"": 0, ""grief"": 0, ""joy"": 0, ""love"": 0, ""nervousness"": 0, ""optimism"": 0, ""pride"": 0, ""realization"": 0, ""relief"": 0, ""remorse"": 0, ""sadness"": 0, ""surprise"": 0, ""neutral"": 0}",anger,anger,0,0,0,2,3,0.6667,0.6667
198,[NAME] a pro,neutral,neutral,"{""admiration"": 1, ""amusement"": 0, ""anger"": 0, ""annoyance"": 0, ""approval"": 0, ""caring"": 0, ""confusion"": 0, ""curiosity"": 0, ""desire"": 0, ""disappointment"": 0, ""disapproval"": 0, ""disgust"": 0, ""embarrassment"": 0, ""excitement"": 0, ""fear"": 0, ""gratitude"": 0, ""grief"": 0, ""joy"": 0, ""love"": 0, ""nervousness"": 0, ""optimism"": 0, ""pride"": 0, ""realization"": 0, ""relief"": 0, ""remorse"": 0, ""sadness"": 0, ""surprise"": 0, ""neutral"": 1}",ABSTAIN,admiration,0,0,0,1,3,0.0,0.3333
199,Yea no problem just be aware that when you are trying to aim at someone it can lock onto the wrong target because of the bigger lock on area,caring,caring,"{""admiration"": 0, ""amusement"": 0, ""anger"": 0, ""annoyance"": 0, ""approval"": 0, ""caring"": 0, ""confusion"": 0, ""curiosity"": 0, ""desire"": 0, ""disappointment"": 2, ""disapproval"": 0, ""disgust"": 0, ""embarrassment"": 0, ""excitement"": 0, ""fear"": 0, ""gratitude"": 0, ""grief"": 0, ""joy"": 0, ""love"": 0, ""nervousness"": 1, ""optimism"": 0, ""pride"": 0, ""realization"": 0, ""relief"": 0, ""remorse"": 0, ""sadness"": 0, ""surprise"": 0, ""neutral"": 0}",disappointment,disappointment,0,0,0,2,3,0.6667,0.6667
200,Yeah that's not nearly as dramatic and aggressive as the ball in the above video.,disapproval,disapproval,"{""admiration"": 0, ""amusement"": 0, ""anger"": 0, ""annoyance"": 0, ""approval"": 0, ""caring"": 0, ""confusion"": 0, ""curiosity"": 0, ""desire"": 0, ""disappointment"": 2, ""disapproval"": 0, ""disgust"": 0, ""embarrassment"": 0, ""excitement"": 0, ""fear"": 0, ""gratitude"": 0, ""grief"": 0, ""joy"": 0, ""love"": 0, ""nervousness"": 0, ""optimism"": 0, ""pride"": 0, ""realization"": 0, ""relief"": 0, ""remorse"": 0, ""sadness"": 0, ""surprise"": 0, ""neutral"": 0}",disappointment,disappointment,0,0,0,2,3,0.6667,0.6667
201,Thanks. I'll be phoning the psych tomorrow (maybe) about med increase since I'm on the lowest anyways.,gratitude,gratitude,"{""admiration"": 0, ""amusement"": 0, ""anger"": 0, ""annoyance"": 0, ""approval"": 0, ""caring"": 0, ""confusion"": 0, ""curiosity"": 0, ""desire"": 0, ""disappointment"": 0, ""disapproval"": 0, ""disgust"": 0, ""embarrassment"": 0, ""excitement"": 0, ""fear"": 1, ""gratitude"": 0, ""grief"": 0, ""joy"": 0, ""love"": 0, ""nervousness"": 1, ""optimism"": 0, ""pride"": 0, ""realization"": 0, ""relief"": 0, ""remorse"": 0, ""sadness"": 0, ""surprise"": 0, ""neutral"": 0}",ABSTAIN,fear,0,0,0,1,3,0.0,0.3333
202,Or you end up getting innocent Chinese civillians who were just browsing reddit arrested and have their organs contributed to the system.,neutral,neutral,"{""admiration"": 0, ""amusement"": 0, ""anger"": 1, ""annoyance"": 0, ""approval"": 0, ""caring"": 0, ""confusion"": 0, ""curiosity"": 0, ""desire"": 0, ""disappointment"": 0, ""disapproval"": 0, ""disgust"": 0, ""embarrassment"": 0, ""excitement"": 0, ""fear"": 1, ""gratitude"": 0, ""grief"": 0, ""joy"": 0, ""love"": 0, ""nervousness"": 0, ""optimism"": 0, ""pride"": 0, ""realization"": 0, ""relief"": 0, ""remorse"": 0, ""sadness"": 0, ""surprise"": 1, ""neutral"": 0}",ABSTAIN,anger,0,0,0,1,3,0.0,0.3333
203,"It's a good thing that liopleurodon was actually only about six meters long and went extinct 155,000,000 years ago...",approval,approval,"{""admiration"": 0, ""amusement"": 0, ""anger"": 0, ""annoyance"": 0, ""approval"": 2, ""caring"": 0, ""confusion"": 0, ""curiosity"": 0, ""desire"": 0, ""disappointment"": 0, ""disapproval"": 0, ""disgust"": 0, ""embarrassment"": 0, ""excitement"": 0, ""fear"": 0, ""gratitude"": 0, ""grief"": 0, ""joy"": 0, ""love"": 0, ""nervousness"": 0, ""optimism"": 0, ""pride"": 0, ""realization"": 0, ""relief"": 0, ""remorse"": 0, ""sadness"": 0, ""surprise"": 0, ""neutral"": 1}",approval,approval,1,1,0,2,3,0.6667,0.6667
204,I’m kind of scared to talk to my manager about it,fear,fear,"{""admiration"": 0, ""amusement"": 0, ""anger"": 0, ""annoyance"": 0, ""approval"": 0, ""caring"": 0, ""confusion"": 0, ""curiosity"": 0, ""desire"": 0, ""disappointment"": 0, ""disapproval"": 0, ""disgust"": 0, ""embarrassment"": 0, ""excitement"": 0, ""fear"": 3, ""gratitude"": 0, ""grief"": 0, ""joy"": 0, ""love"": 0, ""nervousness"": 0, ""optimism"": 0, ""pride"": 0, ""realization"": 0, ""relief"": 0, ""remorse"": 0, ""sadness"": 0, ""surprise"": 0, ""neutral"": 0}",fear,fear,1,1,0,3,3,1.0,1.0
205,Loving everyone so far. This is going to be a great season.,love,love,"{""admiration"": 0, ""amusement"": 0, ""anger"": 0, ""annoyance"": 0, ""approval"": 0, ""caring"": 0, ""confusion"": 0, ""curiosity"": 0, ""desire"": 0, ""disappointment"": 0, ""disapproval"": 0, ""disgust"": 0, ""embarrassment"": 0, ""excitement"": 0, ""fear"": 0, ""gratitude"": 0, ""grief"": 0, ""joy"": 3, ""love"": 0, ""nervousness"": 0, ""optimism"": 0, ""pride"": 0, ""realization"": 0, ""relief"": 0, ""remorse"": 0, ""sadness"": 0, ""surprise"": 0, ""neutral"": 0}",joy,joy,0,0,0,3,3,1.0,1.0
206,What a quote. Very perceptive.,admiration,admiration,"{""admiration"": 1, ""amusement"": 0, ""anger"": 0, ""annoyance"": 0, ""approval"": 0, ""caring"": 0, ""confusion"": 0, ""curiosity"": 0, ""desire"": 0, ""disappointment"": 0, ""disapproval"": 0, ""disgust"": 0, ""embarrassment"": 0, ""excitement"": 0, ""fear"": 0, ""gratitude"": 0, ""grief"": 0, ""joy"": 0, ""love"": 0, ""nervousness"": 0, ""optimism"": 0, ""pride"": 0, ""realization"": 0, ""relief"": 0, ""remorse"": 0, ""sadness"": 0, ""surprise"": 0, ""neutral"": 1}",ABSTAIN,admiration,0,1,0,1,3,0.0,0.3333
207,"Damn, [NAME] us just 2 steps behind all the time. It's just a matter of time before he gets some great shots in.",approval,approval,"{""admiration"": 0, ""amusement"": 0, ""anger"": 0, ""annoyance"": 0, ""approval"": 0, ""caring"": 0, ""confusion"": 0, ""curiosity"": 0, ""desire"": 0, ""disappointment"": 3, ""disapproval"": 0, ""disgust"": 0, ""embarrassment"": 0, ""excitement"": 0, ""fear"": 0, ""gratitude"": 0, ""grief"": 0, ""joy"": 0, ""love"": 0, ""nervousness"": 0, ""optimism"": 0, ""pride"": 0, ""realization"": 0, ""relief"": 0, ""remorse"": 0, ""sadness"": 0, ""surprise"": 0, ""neutral"": 0}",disappointment,disappointment,0,0,0,3,3,1.0,1.0
208,"Asides from the max number of choices each share, probably being shamed on the internet",neutral,neutral,"{""admiration"": 0, ""amusement"": 0, ""anger"": 0, ""annoyance"": 0, ""approval"": 0, ""caring"": 0, ""confusion"": 0, ""curiosity"": 0, ""desire"": 0, ""disappointment"": 0, ""disapproval"": 0, ""disgust"": 0, ""embarrassment"": 2, ""excitement"": 0, ""fear"": 0, ""gratitude"": 0, ""grief"": 0, ""joy"": 0, ""love"": 0, ""nervousness"": 0, ""optimism"": 0, ""pride"": 0, ""realization"": 0, ""relief"": 0, ""remorse"": 0, ""sadness"": 0, ""surprise"": 0, ""neutral"": 0}",embarrassment,embarrassment,0,0,0,2,3,0.6667,0.6667
209,I live in Canterbury haha,joy,joy,"{""admiration"": 0, ""amusement"": 2, ""anger"": 0, ""annoyance"": 0, ""approval"": 0, ""caring"": 0, ""confusion"": 0, ""curiosity"": 0, ""desire"": 0, ""disappointment"": 0, ""disapproval"": 0, ""disgust"": 0, ""embarrassment"": 0, ""excitement"": 0, ""fear"": 0, ""gratitude"": 0, ""grief"": 0, ""joy"": 0, ""love"": 0, ""nervousness"": 0, ""optimism"": 0, ""pride"": 0, ""realization"": 0, ""relief"": 0, ""remorse"": 0, ""sadness"": 0, ""surprise"": 0, ""neutral"": 0}",amusement,amusement,0,0,0,2,3,0.6667,0.6667
210,Happy birthday!,gratitude,gratitude,"{""admiration"": 0, ""amusement"": 0, ""anger"": 0, ""annoyance"": 0, ""approval"": 0, ""caring"": 0, ""confusion"": 0, ""curiosity"": 0, ""desire"": 0, ""disappointment"": 0, ""disapproval"": 0, ""disgust"": 0, ""embarrassment"": 0, ""excitement"": 0, ""fear"": 0, ""gratitude"": 0, ""grief"": 0, ""joy"": 3, ""love"": 0, ""nervousness"": 0, ""optimism"": 0, ""pride"": 0, ""realization"": 0, ""relief"": 0, ""remorse"": 0, ""sadness"": 0, ""surprise"": 0, ""neutral"": 0}",joy,joy,0,0,0,3,3,1.0,1.0
211,SKAM was great. I literally binged all of S3 as soon as I got home last night.,admiration,admiration,"{""admiration"": 0, ""amusement"": 0, ""anger"": 0, ""annoyance"": 0, ""approval"": 0, ""caring"": 0, ""confusion"": 0, ""curiosity"": 0, ""desire"": 0, ""disappointment"": 0, ""disapproval"": 0, ""disgust"": 0, ""embarrassment"": 0, ""excitement"": 1, ""fear"": 0, ""gratitude"": 0, ""grief"": 0, ""joy"": 1, ""love"": 0, ""nervousness"": 0, ""optimism"": 0, ""pride"": 0, ""realization"": 0, ""relief"": 0, ""remorse"": 0, ""sadness"": 0, ""surprise"": 0, ""neutral"": 0}",ABSTAIN,excitement,0,0,0,1,3,0.0,0.3333
212,Thank you for the support!,gratitude,gratitude,"{""admiration"": 0, ""amusement"": 0, ""anger"": 0, ""annoyance"": 0, ""approval"": 0, ""caring"": 0, ""confusion"": 0, ""curiosity"": 0, ""desire"": 0, ""disappointment"": 0, ""disapproval"": 0, ""disgust"": 0, ""embarrassment"": 0, ""excitement"": 0, ""fear"": 0, ""gratitude"": 2, ""grief"": 0, ""joy"": 0, ""love"": 0, ""nervousness"": 0, ""optimism"": 0, ""pride"": 0, ""realization"": 0, ""relief"": 0, ""remorse"": 0, ""sadness"": 0, ""surprise"": 0, ""neutral"": 1}",gratitude,gratitude,1,1,0,2,3,0.6667,0.6667
213,They NEVER guard against that!,neutral,neutral,"{""admiration"": 0, ""amusement"": 0, ""anger"": 1, ""annoyance"": 0, ""approval"": 0, ""caring"": 0, ""confusion"": 0, ""curiosity"": 0, ""desire"": 0, ""disappointment"": 0, ""disapproval"": 0, ""disgust"": 0, ""embarrassment"": 0, ""excitement"": 0, ""fear"": 1, ""gratitude"": 0, ""grief"": 0, ""joy"": 0, ""love"": 0, ""nervousness"": 1, ""optimism"": 0, ""pride"": 0, ""realization"": 0, ""relief"": 0, ""remorse"": 0, ""sadness"": 0, ""surprise"": 0, ""neutral"": 0}",ABSTAIN,anger,0,0,0,1,3,0.0,0.3333
214,One of my favorite moments,admiration,admiration,"{""admiration"": 0, ""amusement"": 0, ""anger"": 0, ""annoyance"": 0, ""approval"": 0, ""caring"": 0, ""confusion"": 0, ""curiosity"": 0, ""desire"": 0, ""disappointment"": 0, ""disapproval"": 0, ""disgust"": 0, ""embarrassment"": 0, ""excitement"": 0, ""fear"": 0, ""gratitude"": 0, ""grief"": 0, ""joy"": 2, ""love"": 0, ""nervousness"": 0, ""optimism"": 0, ""pride"": 0, ""realization"": 0, ""relief"": 0, ""remorse"": 0, ""sadness"": 0, ""surprise"": 0, ""neutral"": 0}",joy,joy,0,0,0,2,3,0.6667,0.6667
215,Waiting to see angry “pedos” or whatever they call themselves thinking this is fact and melting down over at t_d,neutral,neutral,"{""admiration"": 0, ""amusement"": 0, ""anger"": 1, ""annoyance"": 0, ""approval"": 0, ""caring"": 0, ""confusion"": 0, ""curiosity"": 0, ""desire"": 0, ""disappointment"": 0, ""disapproval"": 1, ""disgust"": 0, ""embarrassment"": 0, ""excitement"": 0, ""fear"": 0, ""gratitude"": 0, ""grief"": 0, ""joy"": 0, ""love"": 0, ""nervousness"": 0, ""optimism"": 0, ""pride"": 0, ""realization"": 0, ""relief"": 0, ""remorse"": 0, ""sadness"": 1, ""surprise"": 0, ""neutral"": 0}",ABSTAIN,anger,0,0,0,1,3,0.0,0.3333
216,"It's finally official, we got [NAME] ",approval,approval,"{""admiration"": 0, ""amusement"": 0, ""anger"": 0, ""annoyance"": 0, ""approval"": 0, ""caring"": 0, ""confusion"": 0, ""curiosity"": 0, ""desire"": 0, ""disappointment"": 0, ""disapproval"": 0, ""disgust"": 0, ""embarrassment"": 0, ""excitement"": 0, ""fear"": 0, ""gratitude"": 0, ""grief"": 0, ""joy"": 1, ""love"": 0, ""nervousness"": 0, ""optimism"": 0, ""pride"": 0, ""realization"": 0, ""relief"": 0, ""remorse"": 0, ""sadness"": 0, ""surprise"": 0, ""neutral"": 1}",ABSTAIN,joy,0,0,0,1,3,0.0,0.3333
217,What a beautiful memory for you to have found. So sorry for your loss ❤️,sadness,sadness,"{""admiration"": 0, ""amusement"": 0, ""anger"": 0, ""annoyance"": 0, ""approval"": 0, ""caring"": 0, ""confusion"": 0, ""curiosity"": 0, ""desire"": 0, ""disappointment"": 0, ""disapproval"": 0, ""disgust"": 0, ""embarrassment"": 0, ""excitement"": 0, ""fear"": 0, ""gratitude"": 0, ""grief"": 0, ""joy"": 0, ""love"": 0, ""nervousness"": 0, ""optimism"": 0, ""pride"": 0, ""realization"": 0, ""relief"": 0, ""remorse"": 0, ""sadness"": 3, ""surprise"": 0, ""neutral"": 0}",sadness,sadness,1,1,0,3,3,1.0,1.0
218,I believe that you can search for providers here. Good luck and good on ya.,gratitude,gratitude,"{""admiration"": 0, ""amusement"": 0, ""anger"": 0, ""annoyance"": 0, ""approval"": 0, ""caring"": 0, ""confusion"": 0, ""curiosity"": 0, ""desire"": 0, ""disappointment"": 0, ""disapproval"": 0, ""disgust"": 0, ""embarrassment"": 0, ""excitement"": 0, ""fear"": 0, ""gratitude"": 0, ""grief"": 0, ""joy"": 0, ""love"": 0, ""nervousness"": 0, ""optimism"": 1, ""pride"": 0, ""realization"": 0, ""relief"": 0, ""remorse"": 0, ""sadness"": 0, ""surprise"": 0, ""neutral"": 2}",neutral,neutral,0,0,0,2,3,0.6667,0.6667
219,">overt racism of that level would not be tolerated in America My thoughts also. That's why i needed context, its very VERY odd.",desire,desire|neutral,"{""admiration"": 0, ""amusement"": 0, ""anger"": 2, ""annoyance"": 0, ""approval"": 0, ""caring"": 0, ""confusion"": 1, ""curiosity"": 0, ""desire"": 0, ""disappointment"": 0, ""disapproval"": 0, ""disgust"": 0, ""embarrassment"": 0, ""excitement"": 0, ""fear"": 0, ""gratitude"": 0, ""grief"": 0, ""joy"": 0, ""love"": 0, ""nervousness"": 0, ""optimism"": 0, ""pride"": 0, ""realization"": 0, ""relief"": 0, ""remorse"": 0, ""sadness"": 0, ""surprise"": 0, ""neutral"": 0}",anger,anger,0,0,0,2,3,0.6667,0.6667
220,"I mean, they did just that in Djibouti I believe, and Sri Lanka before. Hopefully Kenya can avoid the debt trap",optimism,optimism,"{""admiration"": 0, ""amusement"": 0, ""anger"": 0, ""annoyance"": 0, ""approval"": 0, ""caring"": 0, ""confusion"": 0, ""curiosity"": 0, ""desire"": 0, ""disappointment"": 0, ""disapproval"": 0, ""disgust"": 0, ""embarrassment"": 0, ""excitement"": 0, ""fear"": 0, ""gratitude"": 0, ""grief"": 0, ""joy"": 0, ""love"": 0, ""nervousness"": 0, ""optimism"": 1, ""pride"": 0, ""realization"": 0, ""relief"": 0, ""remorse"": 0, ""sadness"": 0, ""surprise"": 0, ""neutral"": 2}",neutral,neutral,0,0,0,2,3,0.6667,0.6667
221,Pretty nice to see CONCACAF signing for the CPL.,admiration,admiration,"{""admiration"": 0, ""amusement"": 0, ""anger"": 0, ""annoyance"": 0, ""approval"": 1, ""caring"": 0, ""confusion"": 0, ""curiosity"": 0, ""desire"": 0, ""disappointment"": 0, ""disapproval"": 0, ""disgust"": 0, ""embarrassment"": 0, ""excitement"": 0, ""fear"": 0, ""gratitude"": 0, ""grief"": 0, ""joy"": 0, ""love"": 0, ""nervousness"": 0, ""optimism"": 0, ""pride"": 0, ""realization"": 0, ""relief"": 0, ""remorse"": 0, ""sadness"": 0, ""surprise"": 0, ""neutral"": 0}",ABSTAIN,approval,0,0,0,1,3,0.0,0.3333
222,[NAME] is always the dirtiest psychopath,disgust,disgust,"{""admiration"": 0, ""amusement"": 0, ""anger"": 2, ""annoyance"": 0, ""approval"": 0, ""caring"": 0, ""confusion"": 0, ""curiosity"": 0, ""desire"": 0, ""disappointment"": 0, ""disapproval"": 0, ""disgust"": 0, ""embarrassment"": 0, ""excitement"": 0, ""fear"": 0, ""gratitude"": 0, ""grief"": 0, ""joy"": 0, ""love"": 0, ""nervousness"": 0, ""optimism"": 0, ""pride"": 0, ""realization"": 0, ""relief"": 0, ""remorse"": 0, ""sadness"": 0, ""surprise"": 0, ""neutral"": 0}",anger,anger,0,0,0,2,3,0.6667,0.6667
223,We mess up on a draft so we just nvr draft anymore?,neutral,neutral,"{""admiration"": 0, ""amusement"": 0, ""anger"": 0, ""annoyance"": 0, ""approval"": 0, ""caring"": 0, ""confusion"": 0, ""curiosity"": 0, ""desire"": 0, ""disappointment"": 2, ""disapproval"": 0, ""disgust"": 0, ""embarrassment"": 0, ""excitement"": 0, ""fear"": 0, ""gratitude"": 0, ""grief"": 0, ""joy"": 0, ""love"": 0, ""nervousness"": 0, ""optimism"": 0, ""pride"": 0, ""realization"": 0, ""relief"": 0, ""remorse"": 0, ""sadness"": 1, ""surprise"": 0, ""neutral"": 0}",disappointment,disappointment,0,0,0,2,3,0.6667,0.6667
224,Kind of strange when one country was nuked and the other wasn't.,neutral,neutral,"{""admiration"": 0, ""amusement"": 0, ""anger"": 0, ""annoyance"": 0, ""approval"": 0, ""caring"": 0, ""confusion"": 0, ""curiosity"": 0, ""desire"": 0, ""disappointment"": 0, ""disapproval"": 0, ""disgust"": 0, ""embarrassment"": 0, ""excitement"": 0, ""fear"": 1, ""gratitude"": 0, ""grief"": 0, ""joy"": 0, ""love"": 0, ""nervousness"": 0, ""optimism"": 0, ""pride"": 0, ""realization"": 0, ""relief"": 0, ""remorse"": 0, ""sadness"": 0, ""surprise"": 2, ""neutral"": 0}",surprise,surprise,0,0,0,2,3,0.6667,0.6667
225,I was there on the opposite side of the field. I did not believe he made that catch until we saw it later on tv. Unreal.,surprise,surprise,"{""admiration"": 0, ""amusement"": 0, ""anger"": 0, ""annoyance"": 0, ""approval"": 0, ""caring"": 0, ""confusion"": 0, ""curiosity"": 0, ""desire"": 0, ""disappointment"": 0, ""disapproval"": 0, ""disgust"": 0, ""embarrassment"": 0, ""excitement"": 0, ""fear"": 0, ""gratitude"": 0, ""grief"": 0, ""joy"": 0, ""love"": 0, ""nervousness"": 0, ""optimism"": 0, ""pride"": 0, ""realization"": 0, ""relief"": 0, ""remorse"": 0, ""sadness"": 0, ""surprise"": 2, ""neutral"": 0}",surprise,surprise,1,1,0,2,3,0.6667,0.6667
226,">Pay workers more and charge customers less. I mean, they're a publicly traded company",neutral,neutral,"{""admiration"": 0, ""amusement"": 0, ""anger"": 0, ""annoyance"": 0, ""approval"": 0, ""caring"": 0, ""confusion"": 0, ""curiosity"": 0, ""desire"": 0, ""disappointment"": 0, ""disapproval"": 0, ""disgust"": 0, ""embarrassment"": 0, ""excitement"": 0, ""fear"": 0, ""gratitude"": 0, ""grief"": 0, ""joy"": 0, ""love"": 0, ""nervousness"": 0, ""optimism"": 0, ""pride"": 0, ""realization"": 1, ""relief"": 0, ""remorse"": 0, ""sadness"": 0, ""surprise"": 0, ""neutral"": 2}",neutral,neutral,1,1,0,2,3,0.6667,0.6667
227,On days like this you can get an extra scoop. Just to make sure you have the finnnnnessst meals ;),caring,caring,"{""admiration"": 0, ""amusement"": 1, ""anger"": 0, ""annoyance"": 0, ""approval"": 0, ""caring"": 1, ""confusion"": 0, ""curiosity"": 0, ""desire"": 0, ""disappointment"": 0, ""disapproval"": 0, ""disgust"": 0, ""embarrassment"": 0, ""excitement"": 0, ""fear"": 0, ""gratitude"": 0, ""grief"": 0, ""joy"": 0, ""love"": 0, ""nervousness"": 0, ""optimism"": 0, ""pride"": 0, ""realization"": 0, ""relief"": 0, ""remorse"": 0, ""sadness"": 0, ""surprise"": 0, ""neutral"": 0}",ABSTAIN,amusement,0,0,0,1,3,0.0,0.3333
228,I just need a quiet place to hide.,neutral,neutral,"{""admiration"": 0, ""amusement"": 0, ""anger"": 0, ""annoyance"": 0, ""approval"": 0, ""caring"": 0, ""confusion"": 0, ""curiosity"": 0, ""desire"": 0, ""disappointment"": 0, ""disapproval"": 0, ""disgust"": 0, ""embarrassment"": 0, ""excitement"": 0, ""fear"": 1, ""gratitude"": 0, ""grief"": 0, ""joy"": 0, ""love"": 0, ""nervousness"": 2, ""optimism"": 0, ""pride"": 0, ""realization"": 0, ""relief"": 0, ""remorse"": 0, ""sadness"": 0, ""surprise"": 0, ""neutral"": 0}",nervousness,nervousness,0,0,0,2,3,0.6667,0.6667
229,Gah sad high five. I tried once for a few weeks and will never try again. I need that support in my life.,desire,desire,"{""admiration"": 0, ""amusement"": 0, ""anger"": 0, ""annoyance"": 0, ""approval"": 0, ""caring"": 0, ""confusion"": 0, ""curiosity"": 0, ""desire"": 0, ""disappointment"": 1, ""disapproval"": 0, ""disgust"": 0, ""embarrassment"": 0, ""excitement"": 0, ""fear"": 0, ""gratitude"": 0, ""grief"": 0, ""joy"": 0, ""love"": 0, ""nervousness"": 0, ""optimism"": 0, ""pride"": 0, ""realization"": 0, ""relief"": 0, ""remorse"": 0, ""sadness"": 2, ""surprise"": 0, ""neutral"": 0}",sadness,sadness,0,0,0,2,3,0.6667,0.6667
230,Like you said your tired probably mentally and physically. You need a dam break is what it sounds like my friend.,caring,caring,"{""admiration"": 0, ""amusement"": 0, ""anger"": 0, ""annoyance"": 0, ""approval"": 0, ""caring"": 0, ""confusion"": 0, ""curiosity"": 0, ""desire"": 0, ""disappointment"": 1, ""disapproval"": 0, ""disgust"": 0, ""embarrassment"": 0, ""excitement"": 0, ""fear"": 1, ""gratitude"": 0, ""grief"": 0, ""joy"": 0, ""love"": 0, ""nervousness"": 0, ""optimism"": 0, ""pride"": 0, ""realization"": 0, ""relief"": 0, ""remorse"": 0, ""sadness"": 0, ""surprise"": 0, ""neutral"": 0}",ABSTAIN,disappointment,0,0,0,1,3,0.0,0.3333
231,Thanks man 🙏🏽,gratitude,gratitude,"{""admiration"": 0, ""amusement"": 0, ""anger"": 0, ""annoyance"": 0, ""approval"": 0, ""caring"": 0, ""confusion"": 0, ""curiosity"": 0, ""desire"": 0, ""disappointment"": 0, ""disapproval"": 0, ""disgust"": 0, ""embarrassment"": 0, ""excitement"": 0, ""fear"": 0, ""gratitude"": 2, ""grief"": 0, ""joy"": 0, ""love"": 0, ""nervousness"": 0, ""optimism"": 0, ""pride"": 0, ""realization"": 0, ""relief"": 0, ""remorse"": 0, ""sadness"": 0, ""surprise"": 0, ""neutral"": 0}",gratitude,gratitude,1,1,0,2,3,0.6667,0.6667
232,You don’t know how many screens it’s playing on in his room,neutral,neutral,"{""admiration"": 0, ""amusement"": 0, ""anger"": 0, ""annoyance"": 0, ""approval"": 0, ""caring"": 0, ""confusion"": 1, ""curiosity"": 0, ""desire"": 0, ""disappointment"": 0, ""disapproval"": 0, ""disgust"": 0, ""embarrassment"": 0, ""excitement"": 0, ""fear"": 0, ""gratitude"": 0, ""grief"": 0, ""joy"": 0, ""love"": 0, ""nervousness"": 0, ""optimism"": 0, ""pride"": 0, ""realization"": 0, ""relief"": 0, ""remorse"": 0, ""sadness"": 0, ""surprise"": 1, ""neutral"": 1}",ABSTAIN,confusion,0,0,0,1,3,0.0,0.3333
233,“An eye for an eye” Proceeds to take 2 things away from killers,neutral,neutral,"{""admiration"": 0, ""amusement"": 0, ""anger"": 3, ""annoyance"": 0, ""approval"": 0, ""caring"": 0, ""confusion"": 0, ""curiosity"": 0, ""desire"": 0, ""disappointment"": 0, ""disapproval"": 0, ""disgust"": 0, ""embarrassment"": 0, ""excitement"": 0, ""fear"": 0, ""gratitude"": 0, ""grief"": 0, ""joy"": 0, ""love"": 0, ""nervousness"": 0, ""optimism"": 0, ""pride"": 0, ""realization"": 0, ""relief"": 0, ""remorse"": 0, ""sadness"": 0, ""surprise"": 0, ""neutral"": 0}",anger,anger,0,0,0,3,3,1.0,1.0
234,Didn't realize I'm so famous!,realization,realization,"{""admiration"": 0, ""amusement"": 0, ""anger"": 0, ""annoyance"": 0, ""approval"": 0, ""caring"": 0, ""confusion"": 0, ""curiosity"": 0, ""desire"": 0, ""disappointment"": 0, ""disapproval"": 0, ""disgust"": 0, ""embarrassment"": 0, ""excitement"": 0, ""fear"": 0, ""gratitude"": 0, ""grief"": 0, ""joy"": 0, ""love"": 0, ""nervousness"": 0, ""optimism"": 0, ""pride"": 1, ""realization"": 1, ""relief"": 0, ""remorse"": 0, ""sadness"": 0, ""surprise"": 1, ""neutral"": 0}",ABSTAIN,pride,0,0,0,1,3,0.0,0.3333
235,There are far more bad ones than good ones. Stepparents that treat their stepchildren as their own are noteworthy for a reason.,neutral,neutral,"{""admiration"": 0, ""amusement"": 0, ""anger"": 0, ""annoyance"": 0, ""approval"": 0, ""caring"": 0, ""confusion"": 0, ""curiosity"": 0, ""desire"": 0, ""disappointment"": 0, ""disapproval"": 1, ""disgust"": 0, ""embarrassment"": 0, ""excitement"": 0, ""fear"": 0, ""gratitude"": 0, ""grief"": 0, ""joy"": 0, ""love"": 0, ""nervousness"": 0, ""optimism"": 0, ""pride"": 0, ""realization"": 0, ""relief"": 0, ""remorse"": 0, ""sadness"": 0, ""surprise"": 0, ""neutral"": 0}",ABSTAIN,disapproval,0,0,0,1,3,0.0,0.3333
236,Read his post again. 'It's more fact based than Fox.' I'm sorry but you might have some extra chromosomes.,remorse,remorse,"{""admiration"": 0, ""amusement"": 0, ""anger"": 0, ""annoyance"": 0, ""approval"": 0, ""caring"": 0, ""confusion"": 0, ""curiosity"": 0, ""desire"": 0, ""disappointment"": 0, ""disapproval"": 0, ""disgust"": 0, ""embarrassment"": 1, ""excitement"": 0, ""fear"": 0, ""gratitude"": 0, ""grief"": 0, ""joy"": 0, ""love"": 0, ""nervousness"": 0, ""optimism"": 0, ""pride"": 0, ""realization"": 0, ""relief"": 0, ""remorse"": 0, ""sadness"": 0, ""surprise"": 0, ""neutral"": 1}",ABSTAIN,embarrassment,0,0,0,1,3,0.0,0.3333
237,"Sorry, new at ",remorse,remorse,"{""admiration"": 0, ""amusement"": 0, ""anger"": 0, ""annoyance"": 0, ""approval"": 0, ""caring"": 0, ""confusion"": 0, ""curiosity"": 2, ""desire"": 0, ""disappointment"": 0, ""disapproval"": 0, ""disgust"": 0, ""embarrassment"": 0, ""excitement"": 0, ""fear"": 0, ""gratitude"": 0, ""grief"": 0, ""joy"": 0, ""love"": 0, ""nervousness"": 0, ""optimism"": 0, ""pride"": 0, ""realization"": 0, ""relief"": 0, ""remorse"": 0, ""sadness"": 0, ""surprise"": 0, ""neutral"": 1}",curiosity,curiosity,0,0,0,2,3,0.6667,0.6667
238,Yeah that was inexcusable,anger,anger,"{""admiration"": 0, ""amusement"": 0, ""anger"": 0, ""annoyance"": 0, ""approval"": 0, ""caring"": 0, ""confusion"": 0, ""curiosity"": 0, ""desire"": 0, ""disappointment"": 1, ""disapproval"": 0, ""disgust"": 0, ""embarrassment"": 0, ""excitement"": 0, ""fear"": 0, ""gratitude"": 0, ""grief"": 0, ""joy"": 0, ""love"": 0, ""nervousness"": 0, ""optimism"": 0, ""pride"": 0, ""realization"": 1, ""relief"": 0, ""remorse"": 0, ""sadness"": 0, ""surprise"": 0, ""neutral"": 1}",ABSTAIN,disappointment,0,0,0,1,3,0.0,0.3333
239,"It's my dream to one day have a completely black wardrobe. For now, I'm stuck with the clothes my mom picks out for me.",desire,desire,"{""admiration"": 0, ""amusement"": 0, ""anger"": 0, ""annoyance"": 0, ""approval"": 0, ""caring"": 0, ""confusion"": 0, ""curiosity"": 0, ""desire"": 1, ""disappointment"": 2, ""disapproval"": 0, ""disgust"": 0, ""embarrassment"": 0, ""excitement"": 0, ""fear"": 0, ""gratitude"": 0, ""grief"": 0, ""joy"": 0, ""love"": 0, ""nervousness"": 0, ""optimism"": 0, ""pride"": 0, ""realization"": 0, ""relief"": 0, ""remorse"": 0, ""sadness"": 0, ""surprise"": 0, ""neutral"": 0}",disappointment,disappointment,0,0,0,2,3,0.6667,0.6667
240,Would any gathering of the Knights of Ren count? Or would they have to officially organize a thing.,confusion,confusion|curiosity|neutral,"{""admiration"": 0, ""amusement"": 0, ""anger"": 0, ""annoyance"": 0, ""approval"": 0, ""caring"": 0, ""confusion"": 0, ""curiosity"": 0, ""desire"": 0, ""disappointment"": 0, ""disapproval"": 0, ""disgust"": 0, ""embarrassment"": 0, ""excitement"": 0, ""fear"": 0, ""gratitude"": 0, ""grief"": 0, ""joy"": 0, ""love"": 0, ""nervousness"": 1, ""optimism"": 0, ""pride"": 0, ""realization"": 0, ""relief"": 0, ""remorse"": 0, ""sadness"": 0, ""surprise"": 0, ""neutral"": 1}",ABSTAIN,nervousness,0,0,0,1,3,0.0,0.3333
241,*Hey just noticed..* it's your **1st Cakeday** Spottedgriffin! ^(hug),realization,realization,"{""admiration"": 0, ""amusement"": 0, ""anger"": 0, ""annoyance"": 0, ""approval"": 0, ""caring"": 0, ""confusion"": 0, ""curiosity"": 0, ""desire"": 0, ""disappointment"": 0, ""disapproval"": 0, ""disgust"": 0, ""embarrassment"": 0, ""excitement"": 0, ""fear"": 0, ""gratitude"": 0, ""grief"": 0, ""joy"": 1, ""love"": 2, ""nervousness"": 0, ""optimism"": 0, ""pride"": 0, ""realization"": 0, ""relief"": 0, ""remorse"": 0, ""sadness"": 0, ""surprise"": 0, ""neutral"": 0}",love,love,0,0,0,2,3,0.6667,0.6667
242,This sub doesn’t like the pro sports teams until they win a championship. Then everyone becomes a die hard fan.,admiration,admiration,"{""admiration"": 0, ""amusement"": 0, ""anger"": 0, ""annoyance"": 0, ""approval"": 0, ""caring"": 0, ""confusion"": 0, ""curiosity"": 0, ""desire"": 0, ""disappointment"": 0, ""disapproval"": 0, ""disgust"": 0, ""embarrassment"": 0, ""excitement"": 0, ""fear"": 0, ""gratitude"": 0, ""grief"": 0, ""joy"": 0, ""love"": 1, ""nervousness"": 0, ""optimism"": 0, ""pride"": 0, ""realization"": 0, ""relief"": 0, ""remorse"": 0, ""sadness"": 0, ""surprise"": 0, ""neutral"": 0}",ABSTAIN,love,0,0,0,1,3,0.0,0.3333
243,Folks are complaining about the new buses.,neutral,neutral,"{""admiration"": 0, ""amusement"": 0, ""anger"": 0, ""annoyance"": 0, ""approval"": 0, ""caring"": 0, ""confusion"": 0, ""curiosity"": 0, ""desire"": 0, ""disappointment"": 3, ""disapproval"": 0, ""disgust"": 0, ""embarrassment"": 0, ""excitement"": 0, ""fear"": 0, ""gratitude"": 0, ""grief"": 0, ""joy"": 0, ""love"": 0, ""nervousness"": 0, ""optimism"": 0, ""pride"": 0, ""realization"": 0, ""relief"": 0, ""remorse"": 0, ""sadness"": 0, ""surprise"": 0, ""neutral"": 0}",disappointment,disappointment,0,0,0,3,3,1.0,1.0
244,"I got sucked right back into the vicious cycle of love-bombing, gas-lighting and degradation.",annoyance,annoyance,"{""admiration"": 0, ""amusement"": 0, ""anger"": 0, ""annoyance"": 0, ""approval"": 0, ""caring"": 0, ""confusion"": 0, ""curiosity"": 0, ""desire"": 0, ""disappointment"": 1, ""disapproval"": 0, ""disgust"": 0, ""embarrassment"": 0, ""excitement"": 0, ""fear"": 0, ""gratitude"": 0, ""grief"": 0, ""joy"": 0, ""love"": 0, ""nervousness"": 0, ""optimism"": 0, ""pride"": 0, ""realization"": 0, ""relief"": 0, ""remorse"": 0, ""sadness"": 1, ""surprise"": 0, ""neutral"": 0}",ABSTAIN,disappointment,0,0,0,1,3,0.0,0.3333
245,"Dive into that sweet sweet goodness, buddy. View the meetup the woman being lucky to be around you, and it gets much easier.",caring,caring|love,"{""admiration"": 0, ""amusement"": 1, ""anger"": 0, ""annoyance"": 0, ""approval"": 0, ""caring"": 0, ""confusion"": 0, ""curiosity"": 0, ""desire"": 0, ""disappointment"": 0, ""disapproval"": 0, ""disgust"": 0, ""embarrassment"": 0, ""excitement"": 0, ""fear"": 0, ""gratitude"": 0, ""grief"": 0, ""joy"": 2, ""love"": 0, ""nervousness"": 0, ""optimism"": 0, ""pride"": 0, ""realization"": 0, ""relief"": 0, ""remorse"": 0, ""sadness"": 0, ""surprise"": 0, ""neutral"": 0}",joy,joy,0,0,0,2,3,0.6667,0.6667
246,"Oh, I realized that moments after rolling down my window, when his hand came through the space. ",realization,realization,"{""admiration"": 0, ""amusement"": 0, ""anger"": 0, ""annoyance"": 0, ""approval"": 0, ""caring"": 0, ""confusion"": 0, ""curiosity"": 0, ""desire"": 0, ""disappointment"": 0, ""disapproval"": 0, ""disgust"": 0, ""embarrassment"": 0, ""excitement"": 0, ""fear"": 1, ""gratitude"": 1, ""grief"": 0, ""joy"": 0, ""love"": 0, ""nervousness"": 0, ""optimism"": 0, ""pride"": 0, ""realization"": 0, ""relief"": 0, ""remorse"": 0, ""sadness"": 0, ""surprise"": 0, ""neutral"": 0}",ABSTAIN,fear,0,0,0,1,3,0.0,0.3333
247,It’s a nice basket.,admiration,admiration,"{""admiration"": 0, ""amusement"": 0, ""anger"": 0, ""annoyance"": 0, ""approval"": 1, ""caring"": 0, ""confusion"": 0, ""curiosity"": 0, ""desire"": 0, ""disappointment"": 0, ""disapproval"": 0, ""disgust"": 0, ""embarrassment"": 0, ""excitement"": 0, ""fear"": 0, ""gratitude"": 0, ""grief"": 0, ""joy"": 0, ""love"": 0, ""nervousness"": 0, ""optimism"": 0, ""pride"": 0, ""realization"": 0, ""relief"": 0, ""remorse"": 0, ""sadness"": 0, ""surprise"": 0, ""neutral"": 2}",neutral,neutral,0,0,0,2,3,0.6667,0.6667
248,I agree that you need more time in the later turns. But most games it feels like people wait until it is their turn to start thinking.,approval,approval,"{""admiration"": 0, ""amusement"": 0, ""anger"": 0, ""annoyance"": 0, ""approval"": 0, ""caring"": 0, ""confusion"": 0, ""curiosity"": 0, ""desire"": 0, ""disappointment"": 0, ""disapproval"": 0, ""disgust"": 0, ""embarrassment"": 0, ""excitement"": 0, ""fear"": 0, ""gratitude"": 0, ""grief"": 0, ""joy"": 0, ""love"": 0, ""nervousness"": 0, ""optimism"": 0, ""pride"": 0, ""realization"": 0, ""relief"": 0, ""remorse"": 0, ""sadness"": 0, ""surprise"": 0, ""neutral"": 3}",neutral,neutral,0,0,0,3,3,1.0,1.0
249,Rule 2 of firearms: Never point the muzzle at something unless you’re ready to poke tiny holes in it.,caring,caring|optimism,"{""admiration"": 0, ""amusement"": 0, ""anger"": 0, ""annoyance"": 0, ""approval"": 0, ""caring"": 0, ""confusion"": 0, ""curiosity"": 0, ""desire"": 0, ""disappointment"": 0, ""disapproval"": 0, ""disgust"": 0, ""embarrassment"": 0, ""excitement"": 0, ""fear"": 0, ""gratitude"": 0, ""grief"": 0, ""joy"": 0, ""love"": 0, ""nervousness"": 0, ""optimism"": 0, ""pride"": 0, ""realization"": 0, ""relief"": 0, ""remorse"": 0, ""sadness"": 0, ""surprise"": 0, ""neutral"": 3}",neutral,neutral,0,0,0,3,3,1.0,1.0
250,TIL I learned there are no drugs or violent incidents in prisons.,neutral,neutral,"{""admiration"": 0, ""amusement"": 0, ""anger"": 0, ""annoyance"": 0, ""approval"": 0, ""caring"": 0, ""confusion"": 0, ""curiosity"": 1, ""desire"": 0, ""disappointment"": 0, ""disapproval"": 0, ""disgust"": 0, ""embarrassment"": 0, ""excitement"": 0, ""fear"": 0, ""gratitude"": 0, ""grief"": 0, ""joy"": 0, ""love"": 0, ""nervousness"": 0, ""optimism"": 0, ""pride"": 0, ""realization"": 0, ""relief"": 0, ""remorse"": 0, ""sadness"": 0, ""surprise"": 0, ""neutral"": 2}",neutral,neutral,1,1,0,2,3,0.6667,0.6667
251,"Personally, I prefer my seafood not tainted by oil spills. But you do you!",approval,approval,"{""admiration"": 0, ""amusement"": 0, ""anger"": 0, ""annoyance"": 0, ""approval"": 1, ""caring"": 0, ""confusion"": 0, ""curiosity"": 0, ""desire"": 0, ""disappointment"": 0, ""disapproval"": 0, ""disgust"": 0, ""embarrassment"": 0, ""excitement"": 0, ""fear"": 0, ""gratitude"": 0, ""grief"": 0, ""joy"": 0, ""love"": 0, ""nervousness"": 0, ""optimism"": 0, ""pride"": 0, ""realization"": 0, ""relief"": 0, ""remorse"": 0, ""sadness"": 0, ""surprise"": 0, ""neutral"": 2}",neutral,neutral,0,0,0,2,3,0.6667,0.6667
252,"Ahh well too bad, thanks for sharing. ",disappointment,disappointment|gratitude,"{""admiration"": 0, ""amusement"": 0, ""anger"": 0, ""annoyance"": 0, ""approval"": 0, ""caring"": 0, ""confusion"": 0, ""curiosity"": 0, ""desire"": 0, ""disappointment"": 1, ""disapproval"": 0, ""disgust"": 0, ""embarrassment"": 0, ""excitement"": 0, ""fear"": 0, ""gratitude"": 0, ""grief"": 0, ""joy"": 0, ""love"": 0, ""nervousness"": 0, ""optimism"": 0, ""pride"": 0, ""realization"": 0, ""relief"": 0, ""remorse"": 0, ""sadness"": 0, ""surprise"": 0, ""neutral"": 0}",ABSTAIN,disappointment,0,1,0,1,3,0.0,0.3333
253,I do this but but feel better in the end because I use it for procrastination. It's a weird combinational to feel better and worse while cleaning.,anger,anger,"{""admiration"": 0, ""amusement"": 0, ""anger"": 0, ""annoyance"": 0, ""approval"": 0, ""caring"": 0, ""confusion"": 0, ""curiosity"": 0, ""desire"": 0, ""disappointment"": 0, ""disapproval"": 0, ""disgust"": 0, ""embarrassment"": 0, ""excitement"": 0, ""fear"": 0, ""gratitude"": 0, ""grief"": 0, ""joy"": 0, ""love"": 0, ""nervousness"": 0, ""optimism"": 0, ""pride"": 0, ""realization"": 0, ""relief"": 0, ""remorse"": 0, ""sadness"": 0, ""surprise"": 0, ""neutral"": 0}",ABSTAIN,ABSTAIN,0,0,1,0,3,0.0,0.0
254,Stay strong friend.,caring,caring,"{""admiration"": 0, ""amusement"": 0, ""anger"": 0, ""annoyance"": 0, ""approval"": 0, ""caring"": 2, ""confusion"": 0, ""curiosity"": 0, ""desire"": 0, ""disappointment"": 0, ""disapproval"": 0, ""disgust"": 0, ""embarrassment"": 0, ""excitement"": 0, ""fear"": 0, ""gratitude"": 0, ""grief"": 0, ""joy"": 0, ""love"": 0, ""nervousness"": 0, ""optimism"": 0, ""pride"": 0, ""realization"": 0, ""relief"": 0, ""remorse"": 0, ""sadness"": 0, ""surprise"": 0, ""neutral"": 1}",caring,caring,1,1,0,2,3,0.6667,0.6667
255,I’d love an ג׳‬וליאן if you have time! Good job keep up the hard work,admiration,admiration,"{""admiration"": 0, ""amusement"": 0, ""anger"": 0, ""annoyance"": 0, ""approval"": 1, ""caring"": 1, ""confusion"": 0, ""curiosity"": 0, ""desire"": 0, ""disappointment"": 0, ""disapproval"": 0, ""disgust"": 0, ""embarrassment"": 0, ""excitement"": 0, ""fear"": 0, ""gratitude"": 0, ""grief"": 0, ""joy"": 0, ""love"": 0, ""nervousness"": 0, ""optimism"": 0, ""pride"": 0, ""realization"": 0, ""relief"": 0, ""remorse"": 0, ""sadness"": 0, ""surprise"": 0, ""neutral"": 0}",ABSTAIN,approval,0,0,0,1,3,0.0,0.3333
256,lol classic [NAME],amusement,amusement,"{""admiration"": 0, ""amusement"": 3, ""anger"": 0, ""annoyance"": 0, ""approval"": 0, ""caring"": 0, ""confusion"": 0, ""curiosity"": 0, ""desire"": 0, ""disappointment"": 0, ""disapproval"": 0, ""disgust"": 0, ""embarrassment"": 0, ""excitement"": 0, ""fear"": 0, ""gratitude"": 0, ""grief"": 0, ""joy"": 0, ""love"": 0, ""nervousness"": 0, ""optimism"": 0, ""pride"": 0, ""realization"": 0, ""relief"": 0, ""remorse"": 0, ""sadness"": 0, ""surprise"": 0, ""neutral"": 0}",amusement,amusement,1,1,0,3,3,1.0,1.0
257,"I never disappoint, just ask your mother. ;)",neutral,neutral,"{""admiration"": 0, ""amusement"": 0, ""anger"": 0, ""annoyance"": 0, ""approval"": 0, ""caring"": 1, ""confusion"": 0, ""curiosity"": 0, ""desire"": 0, ""disappointment"": 0, ""disapproval"": 0, ""disgust"": 0, ""embarrassment"": 0, ""excitement"": 0, ""fear"": 0, ""gratitude"": 0, ""grief"": 0, ""joy"": 2, ""love"": 0, ""nervousness"": 0, ""optimism"": 0, ""pride"": 0, ""realization"": 0, ""relief"": 0, ""remorse"": 0, ""sadness"": 0, ""surprise"": 0, ""neutral"": 0}",joy,joy,0,0,0,2,3,0.6667,0.6667
258,"She likes sending nudes? I mean, just go with the flow and see what happens. ",curiosity,curiosity|neutral,"{""admiration"": 0, ""amusement"": 0, ""anger"": 0, ""annoyance"": 0, ""approval"": 0, ""caring"": 0, ""confusion"": 0, ""curiosity"": 1, ""desire"": 0, ""disappointment"": 0, ""disapproval"": 0, ""disgust"": 0, ""embarrassment"": 0, ""excitement"": 0, ""fear"": 0, ""gratitude"": 0, ""grief"": 0, ""joy"": 0, ""love"": 0, ""nervousness"": 0, ""optimism"": 0, ""pride"": 0, ""realization"": 0, ""relief"": 0, ""remorse"": 0, ""sadness"": 0, ""surprise"": 0, ""neutral"": 2}",neutral,neutral,1,1,0,2,3,0.6667,0.6667
259,LOL how he not amused?! They dont like the truth haha,amusement,amusement,"{""admiration"": 0, ""amusement"": 1, ""anger"": 0, ""annoyance"": 0, ""approval"": 0, ""caring"": 0, ""confusion"": 0, ""curiosity"": 0, ""desire"": 0, ""disappointment"": 0, ""disapproval"": 0, ""disgust"": 0, ""embarrassment"": 0, ""excitement"": 0, ""fear"": 0, ""gratitude"": 0, ""grief"": 0, ""joy"": 0, ""love"": 0, ""nervousness"": 0, ""optimism"": 0, ""pride"": 0, ""realization"": 0, ""relief"": 0, ""remorse"": 0, ""sadness"": 0, ""surprise"": 0, ""neutral"": 0}",ABSTAIN,amusement,0,1,0,1,3,0.0,0.3333
260,"Was she? Oh, never been good at picking up on stuff like that. Thanks for letting me know!",gratitude,gratitude,"{""admiration"": 0, ""amusement"": 0, ""anger"": 0, ""annoyance"": 0, ""approval"": 0, ""caring"": 0, ""confusion"": 0, ""curiosity"": 0, ""desire"": 0, ""disappointment"": 3, ""disapproval"": 0, ""disgust"": 0, ""embarrassment"": 0, ""excitement"": 0, ""fear"": 0, ""gratitude"": 0, ""grief"": 0, ""joy"": 0, ""love"": 0, ""nervousness"": 0, ""optimism"": 0, ""pride"": 0, ""realization"": 0, ""relief"": 0, ""remorse"": 0, ""sadness"": 0, ""surprise"": 0, ""neutral"": 0}",disappointment,disappointment,0,0,0,3,3,1.0,1.0
261,Haha i have 2 chinchillas from a manic episode about 8 years ago. They're sweet little things.,amusement,amusement,"{""admiration"": 0, ""amusement"": 0, ""anger"": 0, ""annoyance"": 0, ""approval"": 0, ""caring"": 0, ""confusion"": 0, ""curiosity"": 0, ""desire"": 0, ""disappointment"": 0, ""disapproval"": 0, ""disgust"": 0, ""embarrassment"": 0, ""excitement"": 0, ""fear"": 0, ""gratitude"": 0, ""grief"": 0, ""joy"": 2, ""love"": 0, ""nervousness"": 0, ""optimism"": 0, ""pride"": 0, ""realization"": 0, ""relief"": 0, ""remorse"": 0, ""sadness"": 0, ""surprise"": 0, ""neutral"": 0}",joy,joy,0,0,0,2,3,0.6667,0.6667
262,Thank you. ❤️ I really appreciate your comment,gratitude,gratitude,"{""admiration"": 0, ""amusement"": 0, ""anger"": 0, ""annoyance"": 0, ""approval"": 0, ""caring"": 1, ""confusion"": 0, ""curiosity"": 0, ""desire"": 0, ""disappointment"": 0, ""disapproval"": 0, ""disgust"": 0, ""embarrassment"": 0, ""excitement"": 0, ""fear"": 0, ""gratitude"": 1, ""grief"": 0, ""joy"": 0, ""love"": 1, ""nervousness"": 0, ""optimism"": 0, ""pride"": 0, ""realization"": 0, ""relief"": 0, ""remorse"": 0, ""sadness"": 0, ""surprise"": 0, ""neutral"": 0}",ABSTAIN,caring,0,0,0,1,3,0.0,0.3333
263,Are you an [NAME] or [NAME]?,neutral,neutral,"{""admiration"": 1, ""amusement"": 0, ""anger"": 0, ""annoyance"": 0, ""approval"": 0, ""caring"": 0, ""confusion"": 0, ""curiosity"": 0, ""desire"": 0, ""disappointment"": 0, ""disapproval"": 0, ""disgust"": 0, ""embarrassment"": 0, ""excitement"": 0, ""fear"": 0, ""gratitude"": 0, ""grief"": 0, ""joy"": 0, ""love"": 0, ""nervousness"": 0, ""optimism"": 0, ""pride"": 0, ""realization"": 0, ""relief"": 0, ""remorse"": 0, ""sadness"": 0, ""surprise"": 0, ""neutral"": 2}",neutral,neutral,1,1,0,2,3,0.6667,0.6667
264,Actually the Bills’ current uniforms make them look like the 1980-1999 Giants,neutral,neutral,"{""admiration"": 0, ""amusement"": 1, ""anger"": 0, ""annoyance"": 0, ""approval"": 0, ""caring"": 0, ""confusion"": 1, ""curiosity"": 0, ""desire"": 0, ""disappointment"": 1, ""disapproval"": 0, ""disgust"": 0, ""embarrassment"": 0, ""excitement"": 0, ""fear"": 0, ""gratitude"": 0, ""grief"": 0, ""joy"": 0, ""love"": 0, ""nervousness"": 0, ""optimism"": 0, ""pride"": 0, ""realization"": 0, ""relief"": 0, ""remorse"": 0, ""sadness"": 0, ""surprise"": 0, ""neutral"": 0}",ABSTAIN,amusement,0,0,0,1,3,0.0,0.3333
265,"😂 i need one too i’m on break and honestly my life revolves around reddit at this point, cake day is special enjoy it! ",joy,joy,"{""admiration"": 0, ""amusement"": 2, ""anger"": 0, ""annoyance"": 0, ""approval"": 0, ""caring"": 0, ""confusion"": 0, ""curiosity"": 0, ""desire"": 0, ""disappointment"": 0, ""disapproval"": 0, ""disgust"": 0, ""embarrassment"": 0, ""excitement"": 0, ""fear"": 0, ""gratitude"": 0, ""grief"": 0, ""joy"": 1, ""love"": 0, ""nervousness"": 0, ""optimism"": 0, ""pride"": 0, ""realization"": 0, ""relief"": 0, ""remorse"": 0, ""sadness"": 0, ""surprise"": 0, ""neutral"": 0}",amusement,amusement,0,0,0,2,3,0.6667,0.6667
266,"There’s no evidence that 12-step programs work any better than no program, so you’re not missing anything if you quit. Good luck.",optimism,optimism,"{""admiration"": 0, ""amusement"": 0, ""anger"": 0, ""annoyance"": 0, ""approval"": 0, ""caring"": 0, ""confusion"": 0, ""curiosity"": 0, ""desire"": 0, ""disappointment"": 0, ""disapproval"": 0, ""disgust"": 0, ""embarrassment"": 0, ""excitement"": 0, ""fear"": 0, ""gratitude"": 0, ""grief"": 0, ""joy"": 0, ""love"": 0, ""nervousness"": 0, ""optimism"": 0, ""pride"": 0, ""realization"": 0, ""relief"": 0, ""remorse"": 0, ""sadness"": 0, ""surprise"": 0, ""neutral"": 3}",neutral,neutral,0,0,0,3,3,1.0,1.0
267,We tell our girl friends too when we get asked out :),neutral,neutral,"{""admiration"": 0, ""amusement"": 0, ""anger"": 0, ""annoyance"": 0, ""approval"": 0, ""caring"": 0, ""confusion"": 0, ""curiosity"": 0, ""desire"": 0, ""disappointment"": 0, ""disapproval"": 0, ""disgust"": 0, ""embarrassment"": 0, ""excitement"": 0, ""fear"": 0, ""gratitude"": 0, ""grief"": 0, ""joy"": 1, ""love"": 0, ""nervousness"": 0, ""optimism"": 0, ""pride"": 0, ""realization"": 0, ""relief"": 0, ""remorse"": 0, ""sadness"": 0, ""surprise"": 0, ""neutral"": 1}",ABSTAIN,joy,0,0,0,1,3,0.0,0.3333
268,What the fuck is this about?,anger,anger,"{""admiration"": 0, ""amusement"": 0, ""anger"": 1, ""annoyance"": 0, ""approval"": 0, ""caring"": 0, ""confusion"": 1, ""curiosity"": 0, ""desire"": 0, ""disappointment"": 0, ""disapproval"": 0, ""disgust"": 0, ""embarrassment"": 0, ""excitement"": 0, ""fear"": 0, ""gratitude"": 0, ""grief"": 0, ""joy"": 0, ""love"": 0, ""nervousness"": 0, ""optimism"": 0, ""pride"": 0, ""realization"": 0, ""relief"": 0, ""remorse"": 0, ""sadness"": 0, ""surprise"": 0, ""neutral"": 0}",ABSTAIN,anger,0,1,0,1,3,0.0,0.3333
269,"Apparently, you'd want an Alberta with a censor on what we read. Bully for you.",annoyance,annoyance,"{""admiration"": 0, ""amusement"": 0, ""anger"": 2, ""annoyance"": 0, ""approval"": 0, ""caring"": 0, ""confusion"": 0, ""curiosity"": 0, ""desire"": 0, ""disappointment"": 0, ""disapproval"": 1, ""disgust"": 0, ""embarrassment"": 0, ""excitement"": 0, ""fear"": 0, ""gratitude"": 0, ""grief"": 0, ""joy"": 0, ""love"": 0, ""nervousness"": 0, ""optimism"": 0, ""pride"": 0, ""realization"": 0, ""relief"": 0, ""remorse"": 0, ""sadness"": 0, ""surprise"": 0, ""neutral"": 0}",anger,anger,0,0,0,2,3,0.6667,0.6667
270,Doesn't mean we can't improve on what we have,disapproval,disapproval,"{""admiration"": 0, ""amusement"": 0, ""anger"": 0, ""annoyance"": 0, ""approval"": 0, ""caring"": 0, ""confusion"": 0, ""curiosity"": 0, ""desire"": 0, ""disappointment"": 1, ""disapproval"": 0, ""disgust"": 0, ""embarrassment"": 0, ""excitement"": 0, ""fear"": 0, ""gratitude"": 0, ""grief"": 0, ""joy"": 0, ""love"": 0, ""nervousness"": 0, ""optimism"": 1, ""pride"": 0, ""realization"": 1, ""relief"": 0, ""remorse"": 0, ""sadness"": 0, ""surprise"": 0, ""neutral"": 0}",ABSTAIN,disappointment,0,0,0,1,3,0.0,0.3333
271,Yeah that does not mean anything It’s a wallet that they have been using with another exchange and they use it to send money to you.,neutral,neutral,"{""admiration"": 0, ""amusement"": 0, ""anger"": 0, ""annoyance"": 0, ""approval"": 0, ""caring"": 0, ""confusion"": 0, ""curiosity"": 0, ""desire"": 0, ""disappointment"": 1, ""disapproval"": 1, ""disgust"": 0, ""embarrassment"": 0, ""excitement"": 0, ""fear"": 0, ""gratitude"": 0, ""grief"": 0, ""joy"": 0, ""love"": 0, ""nervousness"": 0, ""optimism"": 0, ""pride"": 0, ""realization"": 0, ""relief"": 0, ""remorse"": 0, ""sadness"": 0, ""surprise"": 0, ""neutral"": 0}",ABSTAIN,disappointment,0,0,0,1,3,0.0,0.3333
272,That looks like food for a 12 year old.,neutral,neutral,"{""admiration"": 0, ""amusement"": 0, ""anger"": 0, ""annoyance"": 0, ""approval"": 0, ""caring"": 0, ""confusion"": 0, ""curiosity"": 0, ""desire"": 0, ""disappointment"": 0, ""disapproval"": 0, ""disgust"": 0, ""embarrassment"": 0, ""excitement"": 0, ""fear"": 0, ""gratitude"": 0, ""grief"": 0, ""joy"": 0, ""love"": 0, ""nervousness"": 0, ""optimism"": 0, ""pride"": 0, ""realization"": 0, ""relief"": 0, ""remorse"": 0, ""sadness"": 0, ""surprise"": 0, ""neutral"": 2}",neutral,neutral,1,1,0,2,3,0.6667,0.6667
273,Does windows xp count as odd or even?,confusion,confusion,"{""admiration"": 0, ""amusement"": 0, ""anger"": 0, ""annoyance"": 0, ""approval"": 0, ""caring"": 0, ""confusion"": 0, ""curiosity"": 1, ""desire"": 0, ""disappointment"": 0, ""disapproval"": 0, ""disgust"": 0, ""embarrassment"": 0, ""excitement"": 0, ""fear"": 0, ""gratitude"": 0, ""grief"": 0, ""joy"": 0, ""love"": 0, ""nervousness"": 0, ""optimism"": 0, ""pride"": 0, ""realization"": 0, ""relief"": 0, ""remorse"": 0, ""sadness"": 0, ""surprise"": 0, ""neutral"": 2}",neutral,neutral,0,0,0,2,3,0.6667,0.6667
274,"You probably just have a fashion preference, if you arn't dysphoric about it then you don't have another gender really. ",realization,realization|neutral,"{""admiration"": 0, ""amusement"": 0, ""anger"": 0, ""annoyance"": 0, ""approval"": 0, ""caring"": 0, ""confusion"": 0, ""curiosity"": 0, ""desire"": 0, ""disappointment"": 0, ""disapproval"": 0, ""disgust"": 0, ""embarrassment"": 0, ""excitement"": 0, ""fear"": 0, ""gratitude"": 0, ""grief"": 0, ""joy"": 0, ""love"": 0, ""nervousness"": 0, ""optimism"": 0, ""pride"": 0, ""realization"": 0, ""relief"": 0, ""remorse"": 0, ""sadness"": 1, ""surprise"": 0, ""neutral"": 2}",neutral,neutral,1,1,0,2,3,0.6667,0.6667
275,Not at all. I'm not going to argue with someone who doesn't understand what a strawman is.,disapproval,disapproval,"{""admiration"": 0, ""amusement"": 0, ""anger"": 0, ""annoyance"": 0, ""approval"": 0, ""caring"": 0, ""confusion"": 0, ""curiosity"": 0, ""desire"": 0, ""disappointment"": 0, ""disapproval"": 0, ""disgust"": 0, ""embarrassment"": 0, ""excitement"": 0, ""fear"": 0, ""gratitude"": 0, ""grief"": 0, ""joy"": 0, ""love"": 0, ""nervousness"": 0, ""optimism"": 0, ""pride"": 0, ""realization"": 0, ""relief"": 0, ""remorse"": 0, ""sadness"": 0, ""surprise"": 0, ""neutral"": 3}",neutral,neutral,0,0,0,3,3,1.0,1.0
276,I can't stand having my motives questioned.,neutral,neutral,"{""admiration"": 0, ""amusement"": 0, ""anger"": 0, ""annoyance"": 0, ""approval"": 0, ""caring"": 0, ""confusion"": 0, ""curiosity"": 0, ""desire"": 0, ""disappointment"": 0, ""disapproval"": 1, ""disgust"": 0, ""embarrassment"": 0, ""excitement"": 0, ""fear"": 0, ""gratitude"": 0, ""grief"": 0, ""joy"": 0, ""love"": 0, ""nervousness"": 1, ""optimism"": 0, ""pride"": 0, ""realization"": 0, ""relief"": 0, ""remorse"": 0, ""sadness"": 0, ""surprise"": 0, ""neutral"": 0}",ABSTAIN,disapproval,0,0,0,1,3,0.0,0.3333
277,I have no shame in saying I still have my blanket from when I was a child. And a favorite [NAME] plushie.,pride,pride,"{""admiration"": 0, ""amusement"": 0, ""anger"": 0, ""annoyance"": 0, ""approval"": 0, ""caring"": 0, ""confusion"": 0, ""curiosity"": 0, ""desire"": 0, ""disappointment"": 0, ""disapproval"": 0, ""disgust"": 0, ""embarrassment"": 0, ""excitement"": 0, ""fear"": 0, ""gratitude"": 0, ""grief"": 0, ""joy"": 1, ""love"": 0, ""nervousness"": 0, ""optimism"": 0, ""pride"": 0, ""realization"": 0, ""relief"": 0, ""remorse"": 0, ""sadness"": 0, ""surprise"": 0, ""neutral"": 1}",ABSTAIN,joy,0,0,0,1,3,0.0,0.3333
278,It would be a little less irritating if the 10 cents you pay if you want some paper bags didn't go to the government as a tax.,annoyance,annoyance|neutral,"{""admiration"": 0, ""amusement"": 0, ""anger"": 0, ""annoyance"": 1, ""approval"": 0, ""caring"": 0, ""confusion"": 0, ""curiosity"": 0, ""desire"": 0, ""disappointment"": 0, ""disapproval"": 0, ""disgust"": 0, ""embarrassment"": 0, ""excitement"": 0, ""fear"": 0, ""gratitude"": 0, ""grief"": 0, ""joy"": 0, ""love"": 0, ""nervousness"": 0, ""optimism"": 0, ""pride"": 0, ""realization"": 0, ""relief"": 0, ""remorse"": 0, ""sadness"": 0, ""surprise"": 0, ""neutral"": 0}",ABSTAIN,annoyance,0,1,0,1,3,0.0,0.3333
279,"""You're my best friend in the whole world Mister [NAME]."" *meows for food*",love,love,"{""admiration"": 1, ""amusement"": 0, ""anger"": 0, ""annoyance"": 0, ""approval"": 0, ""caring"": 0, ""confusion"": 0, ""curiosity"": 0, ""desire"": 0, ""disappointment"": 0, ""disapproval"": 0, ""disgust"": 0, ""embarrassment"": 0, ""excitement"": 0, ""fear"": 0, ""gratitude"": 0, ""grief"": 0, ""joy"": 1, ""love"": 1, ""nervousness"": 0, ""optimism"": 0, ""pride"": 0, ""realization"": 0, ""relief"": 0, ""remorse"": 0, ""sadness"": 0, ""surprise"": 0, ""neutral"": 0}",ABSTAIN,admiration,0,0,0,1,3,0.0,0.3333
280,If you bought it from Levi’s I think they do it for free at their flagship store,neutral,neutral,"{""admiration"": 0, ""amusement"": 0, ""anger"": 0, ""annoyance"": 0, ""approval"": 0, ""caring"": 0, ""confusion"": 0, ""curiosity"": 0, ""desire"": 0, ""disappointment"": 0, ""disapproval"": 0, ""disgust"": 0, ""embarrassment"": 0, ""excitement"": 0, ""fear"": 0, ""gratitude"": 0, ""grief"": 0, ""joy"": 0, ""love"": 0, ""nervousness"": 0, ""optimism"": 0, ""pride"": 0, ""realization"": 0, ""relief"": 0, ""remorse"": 0, ""sadness"": 0, ""surprise"": 0, ""neutral"": 2}",neutral,neutral,1,1,0,2,3,0.6667,0.6667
281,"My point is that IQ basically works. As with literally everything, there are flaws, but it's not junk science. ",approval,approval,"{""admiration"": 0, ""amusement"": 0, ""anger"": 0, ""annoyance"": 0, ""approval"": 0, ""caring"": 0, ""confusion"": 0, ""curiosity"": 0, ""desire"": 0, ""disappointment"": 0, ""disapproval"": 0, ""disgust"": 0, ""embarrassment"": 0, ""excitement"": 0, ""fear"": 0, ""gratitude"": 0, ""grief"": 0, ""joy"": 0, ""love"": 0, ""nervousness"": 0, ""optimism"": 0, ""pride"": 0, ""realization"": 1, ""relief"": 0, ""remorse"": 0, ""sadness"": 0, ""surprise"": 0, ""neutral"": 2}",neutral,neutral,0,0,0,2,3,0.6667,0.6667
282,"Eh, I think that i'd rather jerk off tbh..",annoyance,annoyance|optimism,"{""admiration"": 0, ""amusement"": 0, ""anger"": 0, ""annoyance"": 0, ""approval"": 0, ""caring"": 0, ""confusion"": 0, ""curiosity"": 1, ""desire"": 0, ""disappointment"": 0, ""disapproval"": 0, ""disgust"": 0, ""embarrassment"": 2, ""excitement"": 0, ""fear"": 0, ""gratitude"": 0, ""grief"": 0, ""joy"": 0, ""love"": 0, ""nervousness"": 0, ""optimism"": 0, ""pride"": 0, ""realization"": 0, ""relief"": 0, ""remorse"": 0, ""sadness"": 0, ""surprise"": 0, ""neutral"": 0}",embarrassment,embarrassment,0,0,0,2,3,0.6667,0.6667
283,"If you can't see how the mass killing of Landlords is related to Communist ideology, there is really no point discussing further.",annoyance,annoyance,"{""admiration"": 0, ""amusement"": 0, ""anger"": 0, ""annoyance"": 0, ""approval"": 0, ""caring"": 0, ""confusion"": 0, ""curiosity"": 0, ""desire"": 0, ""disappointment"": 2, ""disapproval"": 1, ""disgust"": 0, ""embarrassment"": 0, ""excitement"": 0, ""fear"": 0, ""gratitude"": 0, ""grief"": 0, ""joy"": 0, ""love"": 0, ""nervousness"": 0, ""optimism"": 0, ""pride"": 0, ""realization"": 0, ""relief"": 0, ""remorse"": 0, ""sadness"": 0, ""surprise"": 0, ""neutral"": 0}",disappointment,disappointment,0,0,0,2,3,0.6667,0.6667
284,[NAME]. Think there’s some controversy over how common that was though,neutral,neutral,"{""admiration"": 0, ""amusement"": 0, ""anger"": 0, ""annoyance"": 0, ""approval"": 0, ""caring"": 0, ""confusion"": 1, ""curiosity"": 0, ""desire"": 0, ""disappointment"": 0, ""disapproval"": 0, ""disgust"": 0, ""embarrassment"": 0, ""excitement"": 0, ""fear"": 0, ""gratitude"": 0, ""grief"": 0, ""joy"": 0, ""love"": 0, ""nervousness"": 0, ""optimism"": 0, ""pride"": 0, ""realization"": 2, ""relief"": 0, ""remorse"": 0, ""sadness"": 0, ""surprise"": 0, ""neutral"": 0}",realization,realization,0,0,0,2,3,0.6667,0.6667
285,Myers Briggs test is like the star sign for a different kind of nerd,neutral,neutral,"{""admiration"": 0, ""amusement"": 2, ""anger"": 0, ""annoyance"": 0, ""approval"": 0, ""caring"": 0, ""confusion"": 0, ""curiosity"": 0, ""desire"": 0, ""disappointment"": 0, ""disapproval"": 0, ""disgust"": 0, ""embarrassment"": 0, ""excitement"": 0, ""fear"": 0, ""gratitude"": 0, ""grief"": 0, ""joy"": 0, ""love"": 0, ""nervousness"": 0, ""optimism"": 0, ""pride"": 0, ""realization"": 0, ""relief"": 0, ""remorse"": 0, ""sadness"": 0, ""surprise"": 0, ""neutral"": 1}",amusement,amusement,0,0,0,2,3,0.6667,0.6667
286,"""We need more content."" ""OK. here's some ballerina shoes.""",neutral,neutral,"{""admiration"": 0, ""amusement"": 0, ""anger"": 0, ""annoyance"": 0, ""approval"": 0, ""caring"": 0, ""confusion"": 0, ""curiosity"": 1, ""desire"": 0, ""disappointment"": 0, ""disapproval"": 0, ""disgust"": 0, ""embarrassment"": 0, ""excitement"": 0, ""fear"": 0, ""gratitude"": 0, ""grief"": 0, ""joy"": 0, ""love"": 0, ""nervousness"": 0, ""optimism"": 0, ""pride"": 0, ""realization"": 0, ""relief"": 0, ""remorse"": 0, ""sadness"": 0, ""surprise"": 0, ""neutral"": 1}",ABSTAIN,curiosity,0,0,0,1,3,0.0,0.3333
287,"We are by far the greatest team the world has ever seen, we are just having a rough patch.",admiration,admiration,"{""admiration"": 0, ""amusement"": 0, ""anger"": 0, ""annoyance"": 0, ""approval"": 1, ""caring"": 0, ""confusion"": 0, ""curiosity"": 0, ""desire"": 0, ""disappointment"": 0, ""disapproval"": 0, ""disgust"": 0, ""embarrassment"": 0, ""excitement"": 0, ""fear"": 0, ""gratitude"": 0, ""grief"": 0, ""joy"": 1, ""love"": 0, ""nervousness"": 0, ""optimism"": 0, ""pride"": 0, ""realization"": 0, ""relief"": 0, ""remorse"": 0, ""sadness"": 0, ""surprise"": 0, ""neutral"": 1}",ABSTAIN,approval,0,0,0,1,3,0.0,0.3333
288,"Yeah, I'll admit I like Kuzma. [NAME] does kind of remind me of a less talented [NAME].",admiration,admiration,"{""admiration"": 0, ""amusement"": 0, ""anger"": 0, ""annoyance"": 0, ""approval"": 0, ""caring"": 0, ""confusion"": 0, ""curiosity"": 0, ""desire"": 0, ""disappointment"": 3, ""disapproval"": 0, ""disgust"": 0, ""embarrassment"": 0, ""excitement"": 0, ""fear"": 0, ""gratitude"": 0, ""grief"": 0, ""joy"": 0, ""love"": 0, ""nervousness"": 0, ""optimism"": 0, ""pride"": 0, ""realization"": 0, ""relief"": 0, ""remorse"": 0, ""sadness"": 0, ""surprise"": 0, ""neutral"": 0}",disappointment,disappointment,0,0,0,3,3,1.0,1.0
289,I'm literally screaming.,sadness,sadness,"{""admiration"": 0, ""amusement"": 0, ""anger"": 1, ""annoyance"": 0, ""approval"": 0, ""caring"": 0, ""confusion"": 0, ""curiosity"": 0, ""desire"": 0, ""disappointment"": 0, ""disapproval"": 0, ""disgust"": 0, ""embarrassment"": 0, ""excitement"": 1, ""fear"": 0, ""gratitude"": 0, ""grief"": 0, ""joy"": 0, ""love"": 0, ""nervousness"": 0, ""optimism"": 0, ""pride"": 0, ""realization"": 0, ""relief"": 0, ""remorse"": 0, ""sadness"": 1, ""surprise"": 0, ""neutral"": 0}",ABSTAIN,anger,0,0,0,1,3,0.0,0.3333
290,I’m so sorry 🤪,sadness,sadness,"{""admiration"": 0, ""amusement"": 0, ""anger"": 0, ""annoyance"": 0, ""approval"": 0, ""caring"": 0, ""confusion"": 0, ""curiosity"": 0, ""desire"": 0, ""disappointment"": 0, ""disapproval"": 0, ""disgust"": 0, ""embarrassment"": 0, ""excitement"": 0, ""fear"": 0, ""gratitude"": 0, ""grief"": 0, ""joy"": 0, ""love"": 0, ""nervousness"": 0, ""optimism"": 0, ""pride"": 0, ""realization"": 0, ""relief"": 0, ""remorse"": 0, ""sadness"": 3, ""surprise"": 0, ""neutral"": 0}",sadness,sadness,1,1,0,3,3,1.0,1.0
291,You're not really pissing anyone off. Mostly we just pity you.,neutral,neutral,"{""admiration"": 0, ""amusement"": 0, ""anger"": 0, ""annoyance"": 0, ""approval"": 0, ""caring"": 0, ""confusion"": 0, ""curiosity"": 0, ""desire"": 0, ""disappointment"": 1, ""disapproval"": 0, ""disgust"": 0, ""embarrassment"": 0, ""excitement"": 0, ""fear"": 0, ""gratitude"": 0, ""grief"": 0, ""joy"": 0, ""love"": 0, ""nervousness"": 0, ""optimism"": 0, ""pride"": 0, ""realization"": 0, ""relief"": 0, ""remorse"": 0, ""sadness"": 1, ""surprise"": 0, ""neutral"": 0}",ABSTAIN,disappointment,0,0,0,1,3,0.0,0.3333
292,I get wound up over completely imagined conversations too 😅 I'm trying to meditate and learn to stop myself from going down the rabbit hole.,optimism,optimism,"{""admiration"": 0, ""amusement"": 0, ""anger"": 0, ""annoyance"": 0, ""approval"": 0, ""caring"": 0, ""confusion"": 0, ""curiosity"": 0, ""desire"": 0, ""disappointment"": 0, ""disapproval"": 0, ""disgust"": 0, ""embarrassment"": 0, ""excitement"": 0, ""fear"": 0, ""gratitude"": 0, ""grief"": 0, ""joy"": 0, ""love"": 0, ""nervousness"": 1, ""optimism"": 0, ""pride"": 0, ""realization"": 0, ""relief"": 0, ""remorse"": 0, ""sadness"": 0, ""surprise"": 0, ""neutral"": 0}",ABSTAIN,nervousness,0,0,0,1,3,0.0,0.3333
293,"Was going to say, that’s common practice for most women’s health appointments to help deal with relationship abuse.",neutral,neutral,"{""admiration"": 0, ""amusement"": 0, ""anger"": 0, ""annoyance"": 0, ""approval"": 0, ""caring"": 0, ""confusion"": 0, ""curiosity"": 0, ""desire"": 0, ""disappointment"": 0, ""disapproval"": 0, ""disgust"": 0, ""embarrassment"": 0, ""excitement"": 0, ""fear"": 0, ""gratitude"": 0, ""grief"": 0, ""joy"": 0, ""love"": 0, ""nervousness"": 0, ""optimism"": 0, ""pride"": 0, ""realization"": 0, ""relief"": 0, ""remorse"": 0, ""sadness"": 0, ""surprise"": 0, ""neutral"": 3}",neutral,neutral,1,1,0,3,3,1.0,1.0
294,"Lmao. Fuck, you got me good.",amusement,amusement,"{""admiration"": 0, ""amusement"": 0, ""anger"": 2, ""annoyance"": 0, ""approval"": 0, ""caring"": 0, ""confusion"": 0, ""curiosity"": 0, ""desire"": 0, ""disappointment"": 0, ""disapproval"": 0, ""disgust"": 0, ""embarrassment"": 0, ""excitement"": 0, ""fear"": 0, ""gratitude"": 0, ""grief"": 0, ""joy"": 1, ""love"": 0, ""nervousness"": 0, ""optimism"": 0, ""pride"": 0, ""realization"": 0, ""relief"": 0, ""remorse"": 0, ""sadness"": 0, ""surprise"": 0, ""neutral"": 0}",anger,anger,0,0,0,2,3,0.6667,0.6667
295,"Seriously, it really made me happy! I hope when OP scrolled through she felt a little tingle of happiness too.",joy,joy,"{""admiration"": 0, ""amusement"": 0, ""anger"": 0, ""annoyance"": 0, ""approval"": 0, ""caring"": 0, ""confusion"": 0, ""curiosity"": 0, ""desire"": 0, ""disappointment"": 0, ""disapproval"": 0, ""disgust"": 0, ""embarrassment"": 0, ""excitement"": 0, ""fear"": 0, ""gratitude"": 0, ""grief"": 0, ""joy"": 3, ""love"": 0, ""nervousness"": 0, ""optimism"": 0, ""pride"": 0, ""realization"": 0, ""relief"": 0, ""remorse"": 0, ""sadness"": 0, ""surprise"": 0, ""neutral"": 0}",joy,joy,1,1,0,3,3,1.0,1.0
296,This made me snort while laughing. Well done!,amusement,amusement,"{""admiration"": 0, ""amusement"": 0, ""anger"": 0, ""annoyance"": 0, ""approval"": 0, ""caring"": 0, ""confusion"": 0, ""curiosity"": 0, ""desire"": 0, ""disappointment"": 0, ""disapproval"": 0, ""disgust"": 0, ""embarrassment"": 0, ""excitement"": 0, ""fear"": 0, ""gratitude"": 0, ""grief"": 0, ""joy"": 2, ""love"": 0, ""nervousness"": 0, ""optimism"": 0, ""pride"": 0, ""realization"": 0, ""relief"": 0, ""remorse"": 0, ""sadness"": 0, ""surprise"": 0, ""neutral"": 0}",joy,joy,0,0,0,2,3,0.6667,0.6667
297,Usually they dont even show up when you call them and they are a rare sight in the city. Good luck finding one.,optimism,optimism,"{""admiration"": 0, ""amusement"": 0, ""anger"": 0, ""annoyance"": 0, ""approval"": 0, ""caring"": 0, ""confusion"": 0, ""curiosity"": 0, ""desire"": 0, ""disappointment"": 1, ""disapproval"": 0, ""disgust"": 0, ""embarrassment"": 0, ""excitement"": 0, ""fear"": 0, ""gratitude"": 0, ""grief"": 0, ""joy"": 0, ""love"": 0, ""nervousness"": 0, ""optimism"": 0, ""pride"": 0, ""realization"": 0, ""relief"": 0, ""remorse"": 0, ""sadness"": 0, ""surprise"": 1, ""neutral"": 0}",ABSTAIN,disappointment,0,0,0,1,3,0.0,0.3333
298,Hunting would at least be more rewarding and fun. Every time I wanna meal prep in RDO I just horseback ride and lock-on to deer.,amusement,amusement,"{""admiration"": 0, ""amusement"": 0, ""anger"": 0, ""annoyance"": 0, ""approval"": 1, ""caring"": 0, ""confusion"": 0, ""curiosity"": 0, ""desire"": 0, ""disappointment"": 0, ""disapproval"": 0, ""disgust"": 0, ""embarrassment"": 0, ""excitement"": 1, ""fear"": 0, ""gratitude"": 0, ""grief"": 0, ""joy"": 0, ""love"": 0, ""nervousness"": 0, ""optimism"": 0, ""pride"": 0, ""realization"": 0, ""relief"": 0, ""remorse"": 0, ""sadness"": 0, ""surprise"": 0, ""neutral"": 0}",ABSTAIN,approval,0,0,0,1,3,0.0,0.3333
299,"You are correct, this happens everytime to me",approval,approval,"{""admiration"": 0, ""amusement"": 0, ""anger"": 0, ""annoyance"": 0, ""approval"": 1, ""caring"": 0, ""confusion"": 0, ""curiosity"": 0, ""desire"": 0, ""disappointment"": 0, ""disapproval"": 0, ""disgust"": 0, ""embarrassment"": 0, ""excitement"": 0, ""fear"": 0, ""gratitude"": 0, ""grief"": 0, ""joy"": 0, ""love"": 0, ""nervousness"": 0, ""optimism"": 0, ""pride"": 0, ""realization"": 0, ""relief"": 0, ""remorse"": 0, ""sadness"": 0, ""surprise"": 0, ""neutral"": 2}",neutral,neutral,0,0,0,2,3,0.6667,0.6667
