id,gold,gold_multi,pred,text,votes,top_votes,K,confidence,correct
0,Company,,Company,Monmouth Ocean Hospital Service Corporation.  The Monmouth Ocean Hospital Service Corporation (commonly referred to as MONOC) is a non-profit hospital services company which provides emergency and non-emergency medical transport services in New Jersey. In addition to EMS services MONOC also operates a state-of-the-art 9-1-1 Communications Center which services numerous jurisdictions within New Jersey.,"{""Company"": 3, ""EducationalInstitution"": 0, ""Artist"": 0, ""Athlete"": 0, ""OfficeHolder"": 0, ""MeanOfTransportation"": 0, ""Building"": 0, ""NaturalPlace"": 0, ""Village"": 0, ""Animal"": 0, ""Plant"": 0, ""Album"": 0, ""Film"": 0, ""WrittenWork"": 0}",3,3,1.0,1
1,WrittenWork,,Company,Syria Times.  Syria Times (Arabic: سيريا تايمز ) is an English-language Syrian daily newspaper.Syria Times is published by Tishreen Organization for Press and Publishing a government-owned company that publishes the leading Arabic daily Tishreen. As of 2000 these two newspapers had a circulation of 5000 and 60000 respectively.,"{""Company"": 3, ""EducationalInstitution"": 0, ""Artist"": 0, ""Athlete"": 0, ""OfficeHolder"": 0, ""MeanOfTransportation"": 0, ""Building"": 0, ""NaturalPlace"": 0, ""Village"": 0, ""Animal"": 0, ""Plant"": 0, ""Album"": 0, ""Film"": 0, ""WrittenWork"": 0}",3,3,1.0,0
2,OfficeHolder,,OfficeHolder,Shafiq Qaadri.  Shafiq Qaadri (born c. 1963) is a family doctor and politician in Ontario Canada. He is a member of the Legislative Assembly of Ontario representing the riding of Etobicoke North for the Liberal Party.,"{""Company"": 0, ""EducationalInstitution"": 0, ""Artist"": 0, ""Athlete"": 0, ""OfficeHolder"": 3, ""MeanOfTransportation"": 0, ""Building"": 0, ""NaturalPlace"": 0, ""Village"": 0, ""Animal"": 0, ""Plant"": 0, ""Album"": 0, ""Film"": 0, ""WrittenWork"": 0}",3,3,1.0,1
3,Artist,,Artist,Joseph Pace.  Joseph Pace (born 18 November 1959) is an Italian painter sculptor and philosopher.,"{""Company"": 0, ""EducationalInstitution"": 0, ""Artist"": 3, ""Athlete"": 0, ""OfficeHolder"": 0, ""MeanOfTransportation"": 0, ""Building"": 0, ""NaturalPlace"": 0, ""Village"": 0, ""Animal"": 0, ""Plant"": 0, ""Album"": 0, ""Film"": 0, ""WrittenWork"": 0}",3,3,1.0,1
4,OfficeHolder,,OfficeHolder,Andria Bennett.  Andria L. Bennett is an American politician and a Democratic member of the Delaware House of Representatives since January 8 2013 representing District 32.,"{""Company"": 0, ""EducationalInstitution"": 0, ""Artist"": 0, ""Athlete"": 0, ""OfficeHolder"": 3, ""MeanOfTransportation"": 0, ""Building"": 0, ""NaturalPlace"": 0, ""Village"": 0, ""Animal"": 0, ""Plant"": 0, ""Album"": 0, ""Film"": 0, ""WrittenWork"": 0}",3,3,1.0,1
5,Album,,Album,Gradius Arcade Soundtrack.  The Gradius Arcade Soundtrack is a 2-disc compilation of BGM and arrangements from Konami's Gradius video game series primarily composed by Konami Kukeiha Club with arrangements by prominent video game composers such as Sōta Fujimori and Miki Higashino. It was released exclusively in Japan on April 24 2002.,"{""Company"": 0, ""EducationalInstitution"": 0, ""Artist"": 0, ""Athlete"": 0, ""OfficeHolder"": 0, ""MeanOfTransportation"": 0, ""Building"": 0, ""NaturalPlace"": 0, ""Village"": 0, ""Animal"": 0, ""Plant"": 0, ""Album"": 2, ""Film"": 1, ""WrittenWork"": 0}",2,3,0.6667,1
6,Company,,Company,America Records (France).  America Records was a French jazz record label.,"{""Company"": 3, ""EducationalInstitution"": 0, ""Artist"": 0, ""Athlete"": 0, ""OfficeHolder"": 0, ""MeanOfTransportation"": 0, ""Building"": 0, ""NaturalPlace"": 0, ""Village"": 0, ""Animal"": 0, ""Plant"": 0, ""Album"": 0, ""Film"": 0, ""WrittenWork"": 0}",3,3,1.0,1
7,Animal,,Animal,Gymnopsyra.  Gymnopsyra is a genus of beetles in the family Cerambycidae containing the following species: Gymnopsyra aspera Knull 1962 Gymnopsyra bupalpa Chemsak 1991 Gymnopsyra chemsaki Linsley 1963 Gymnopsyra magnipunctata (Knull 1934)↑,"{""Company"": 0, ""EducationalInstitution"": 0, ""Artist"": 0, ""Athlete"": 0, ""OfficeHolder"": 0, ""MeanOfTransportation"": 0, ""Building"": 0, ""NaturalPlace"": 0, ""Village"": 0, ""Animal"": 3, ""Plant"": 0, ""Album"": 0, ""Film"": 0, ""WrittenWork"": 0}",3,3,1.0,1
8,MeanOfTransportation,,OfficeHolder,USRC Virginia (1797).  USRC Virginia was a schooner built in 1797 for the United States Revenue Cutter Service at Portsmouth Virginia. At the outset of the Quasi-War in 1798 the only ships available to the Navy were the 10 ships of the Revenue cutter service the largest of which was the Virginia. She was transferred to the Navy in 1798 and served in the Quasi War until 1800 when she was returned to the Revenue Cutter Service recommissioned in 1802 and sold in 1807.,"{""Company"": 0, ""EducationalInstitution"": 0, ""Artist"": 0, ""Athlete"": 0, ""OfficeHolder"": 3, ""MeanOfTransportation"": 0, ""Building"": 0, ""NaturalPlace"": 0, ""Village"": 0, ""Animal"": 0, ""Plant"": 0, ""Album"": 0, ""Film"": 0, ""WrittenWork"": 0}",3,3,1.0,0
9,Artist,,Artist,José Navas.  José Navas is a contemporary choreographer and dancer born in Venezuela in 1965 and based in Montreal Quebec.,"{""Company"": 0, ""EducationalInstitution"": 0, ""Artist"": 2, ""Athlete"": 1, ""OfficeHolder"": 0, ""MeanOfTransportation"": 0, ""Building"": 0, ""NaturalPlace"": 0, ""Village"": 0, ""Animal"": 0, ""Plant"": 0, ""Album"": 0, ""Film"": 0, ""WrittenWork"": 0}",2,3,0.6667,1
10,WrittenWork,,Company,Blog del Narco.  Blog del Narco is a blog that documents events and people of the Mexican Drug War. MSNBC described Blog del Narco as Mexico's go-to Web site on information on the country's drug war. Additionally The Houston Chronicle said that Blog del Narco is a gritty front-row seat to Mexico's drug war.The author spends four hours per day working on the website. To deal with the increased workload he asked a friend to help him.,"{""Company"": 3, ""EducationalInstitution"": 0, ""Artist"": 0, ""Athlete"": 0, ""OfficeHolder"": 0, ""MeanOfTransportation"": 0, ""Building"": 0, ""NaturalPlace"": 0, ""Village"": 0, ""Animal"": 0, ""Plant"": 0, ""Album"": 0, ""Film"": 0, ""WrittenWork"": 0}",3,3,1.0,0
11,NaturalPlace,,NaturalPlace,Sergeant's Crag.  Sergeant's Crag is a fell in the English Lake District. It is an intermediate height on the ridge between the Langstrath and Greenup valleys in the Central Fells.,"{""Company"": 0, ""EducationalInstitution"": 0, ""Artist"": 0, ""Athlete"": 0, ""OfficeHolder"": 0, ""MeanOfTransportation"": 0, ""Building"": 0, ""NaturalPlace"": 3, ""Village"": 0, ""Animal"": 0, ""Plant"": 0, ""Album"": 0, ""Film"": 0, ""WrittenWork"": 0}",3,3,1.0,1
12,Animal,,Animal,Short-tailed chinchilla.  The short-tailed chinchilla (Chinchilla chinchilla formerly known as Chinchilla brevicaudata) also called the Bolivian Peruvian or royal chinchilla is an endangered species of rodent. Their original range included the Andes Mountains of Argentina Chile Peru and Bolivia. The rodents were exploited for their luxurious fur causing their numbers to dwindle greatly.,"{""Company"": 0, ""EducationalInstitution"": 0, ""Artist"": 0, ""Athlete"": 0, ""OfficeHolder"": 0, ""MeanOfTransportation"": 0, ""Building"": 0, ""NaturalPlace"": 0, ""Village"": 0, ""Animal"": 3, ""Plant"": 0, ""Album"": 0, ""Film"": 0, ""WrittenWork"": 0}",3,3,1.0,1
13,Animal,,Animal,Sorolopha cyclotoma.  Sorolopha cyclotoma is a species of moth of the Tortricidae family. It is found in New Guinea and Australia (the Northern territory and Queensland).Adults have a bold pattern of shades of brown on the forewings including a prominent white-outlined dark brown circular spot near each apex. The hindwings are plain brown.,"{""Company"": 0, ""EducationalInstitution"": 0, ""Artist"": 0, ""Athlete"": 0, ""OfficeHolder"": 0, ""MeanOfTransportation"": 0, ""Building"": 0, ""NaturalPlace"": 0, ""Village"": 0, ""Animal"": 3, ""Plant"": 0, ""Album"": 0, ""Film"": 0, ""WrittenWork"": 0}",3,3,1.0,1
14,Building,,Building,Hillsboro Covered Bridge.  The Hillsboro Covered Bridge known locally as the Hillsboro-Grange City Covered Bridge spans Fox Creek in Fleming County adjacent to Kentucky Route 111 13.6 miles southeast of Flemingsburg Kentucky. Probably built in the late 1860s it was last used in 1968 when it was replaced fifty yards upstream by a concrete bridge.The bridge's timbers are of yellow pine with double shouldered braces.,"{""Company"": 0, ""EducationalInstitution"": 0, ""Artist"": 0, ""Athlete"": 0, ""OfficeHolder"": 0, ""MeanOfTransportation"": 0, ""Building"": 3, ""NaturalPlace"": 0, ""Village"": 0, ""Animal"": 0, ""Plant"": 0, ""Album"": 0, ""Film"": 0, ""WrittenWork"": 0}",3,3,1.0,1
15,EducationalInstitution,,EducationalInstitution,State Fair Community College.  State Fair Community College is a two-year institution of higher learning located in Sedalia Missouri adjacent to the Missouri State Fairgrounds. In addition to the Sedalia campus there are extended campus locations in Lake of the Ozarks Clinton Warsaw and Whiteman AFB. Dr. Joanna Anderson serves as the current president of SFCC.,"{""Company"": 0, ""EducationalInstitution"": 3, ""Artist"": 0, ""Athlete"": 0, ""OfficeHolder"": 0, ""MeanOfTransportation"": 0, ""Building"": 0, ""NaturalPlace"": 0, ""Village"": 0, ""Animal"": 0, ""Plant"": 0, ""Album"": 0, ""Film"": 0, ""WrittenWork"": 0}",3,3,1.0,1
16,Company,,Company,Pxmart.  Pxmart Co. Ltd. (T: 全聯實業股份有限公司 S: 全联实业股份有限公司 P: Quánlián Shíyè Gǔfènyǒuxiàngōngsī) operating as Pxmart (T:全聯社 S: 全聯社 P: Quánlián Shè) is a supermarket chain in Taiwan. It is often known as Chuan Lian center (T: 全聯福利中心 S: 全联福利中心 P: Quánlián Fúlì Zhōngxīn). The corporate headquarters is in Zhongzheng District Taipei. As of 2011 the chaiperson is Lin Ming-hsiung (林敏雄 Lín Mǐnxióng). As of 2008 Pxmart is Taiwan's largest hard discounter chain.,"{""Company"": 3, ""EducationalInstitution"": 0, ""Artist"": 0, ""Athlete"": 0, ""OfficeHolder"": 0, ""MeanOfTransportation"": 0, ""Building"": 0, ""NaturalPlace"": 0, ""Village"": 0, ""Animal"": 0, ""Plant"": 0, ""Album"": 0, ""Film"": 0, ""WrittenWork"": 0}",3,3,1.0,1
17,WrittenWork,,Company,The Time Wreccas.  The Time Wreccas is a fantasy fiction novel by Val Tyler published in 2005 and republished in 2006. It was shortlisted for the Waterstone's Children's Book Prize in 2005.,"{""Company"": 3, ""EducationalInstitution"": 0, ""Artist"": 0, ""Athlete"": 0, ""OfficeHolder"": 0, ""MeanOfTransportation"": 0, ""Building"": 0, ""NaturalPlace"": 0, ""Village"": 0, ""Animal"": 0, ""Plant"": 0, ""Album"": 0, ""Film"": 0, ""WrittenWork"": 0}",3,3,1.0,0
18,Building,,Village,St Paul's Church West Wycombe.  St. Paul's Church in High Street West Wycombe England is one of two Anglican churches in the village.St. Paul's was built by Lady Elizabeth Dashwood widow of Sir George Henry Dashwood to serve the village of West Wycombe.The architect was J. W.,"{""Company"": 0, ""EducationalInstitution"": 0, ""Artist"": 0, ""Athlete"": 0, ""OfficeHolder"": 0, ""MeanOfTransportation"": 0, ""Building"": 1, ""NaturalPlace"": 0, ""Village"": 2, ""Animal"": 0, ""Plant"": 0, ""Album"": 0, ""Film"": 0, ""WrittenWork"": 0}",2,3,0.6667,0
19,Building,,Building,Oratory of St Thomas Aquinas (Florence).  The Oratory of St. Thomas Aquinas is located in Via della Pergola in Florence.The simple facade stands across the street from the Hospital of Santa Maria Nuova; it was initially the site of the Congregation of the Noble Contemplatives (Congregazione dei Contemplanti dei Nobili) founded by a Dominican monk named fra Santi di Cini from the Convent of San Marco. In 1568 the painter Santi di Tito designed the chapel of the confraternity and it was dedicated it to St. Thomas Aquinas.,"{""Company"": 0, ""EducationalInstitution"": 0, ""Artist"": 0, ""Athlete"": 0, ""OfficeHolder"": 1, ""MeanOfTransportation"": 0, ""Building"": 2, ""NaturalPlace"": 0, ""Village"": 0, ""Animal"": 0, ""Plant"": 0, ""Album"": 0, ""Film"": 0, ""WrittenWork"": 0}",2,3,0.6667,1
20,Plant,,OfficeHolder,Luffa operculata.  Luffa operculata (common name Sponge Cucumber Wild Loofa or mướp xơ in Vietnamese) is a species of Luffa. It is cultivated for its fruit which when fully ripe is strongly fibrous and is used as a fibrous scrubbing sponge for household cleaning. The fruit is a capsule with spikes. The fruit is dark-brown when mature. It is also grown in gardens and yards as an ornamental plant.,"{""Company"": 0, ""EducationalInstitution"": 0, ""Artist"": 0, ""Athlete"": 0, ""OfficeHolder"": 2, ""MeanOfTransportation"": 0, ""Building"": 0, ""NaturalPlace"": 0, ""Village"": 0, ""Animal"": 0, ""Plant"": 1, ""Album"": 0, ""Film"": 0, ""WrittenWork"": 0}",2,3,0.6667,0
21,EducationalInstitution,,OfficeHolder,Aars Municipality.  Aars Municipality - before the Kommunalreformen (The Municipality Reform of 2007) it was a municipality (Danish kommune) in northern Denmark in the county of North Jutland on the peninsula of Jutland. The municipality covers an area of 223 km² and had a total population of 13284 (2005). Its latest mayor was Knud V. Christensen a member of the Conservative People's Party (Det Konservative Folkeparti) political party.,"{""Company"": 1, ""EducationalInstitution"": 0, ""Artist"": 0, ""Athlete"": 0, ""OfficeHolder"": 2, ""MeanOfTransportation"": 0, ""Building"": 0, ""NaturalPlace"": 0, ""Village"": 0, ""Animal"": 0, ""Plant"": 0, ""Album"": 0, ""Film"": 0, ""WrittenWork"": 0}",2,3,0.6667,0
22,Village,,Village,Ebrahimabad Zanjanrud.  Ebrahimabad (Persian: ابراهيم اباد‎ also Romanized as Ebrāhīmābād) is a village in Qanibeyglu Rural District Zanjanrud District Zanjan County Zanjan Province Iran. At the 2006 census its population was 138 in 30 families.,"{""Company"": 0, ""EducationalInstitution"": 0, ""Artist"": 0, ""Athlete"": 0, ""OfficeHolder"": 0, ""MeanOfTransportation"": 0, ""Building"": 0, ""NaturalPlace"": 0, ""Village"": 3, ""Animal"": 0, ""Plant"": 0, ""Album"": 0, ""Film"": 0, ""WrittenWork"": 0}",3,3,1.0,1
23,MeanOfTransportation,,Company,Arado V I.  The Arado V I was a prototype airliner built in Germany in 1927. It was a single-engine high-wing braced monoplane with tailwheel undercarriage. It made several long-distance flights including carrying mail to South America before being exhibited in Berlin in 1929 when it was bought by Deutsche Luft Hansa. Christened Tenerife it crashed outside Berlin on 12 December killing both pilots.,"{""Company"": 3, ""EducationalInstitution"": 0, ""Artist"": 0, ""Athlete"": 0, ""OfficeHolder"": 0, ""MeanOfTransportation"": 0, ""Building"": 0, ""NaturalPlace"": 0, ""Village"": 0, ""Animal"": 0, ""Plant"": 0, ""Album"": 0, ""Film"": 0, ""WrittenWork"": 0}",3,3,1.0,0
24,OfficeHolder,,OfficeHolder,W. Gamini Epa.  W. Gamini Epa was the 24th Auditor General of Sri Lanka. He was appointed on 2 May 1983 succeeding P. M. W. Wijayasuriya and held the office until 26 January 1993. He was succeeded by S. M. Sabry.,"{""Company"": 0, ""EducationalInstitution"": 0, ""Artist"": 0, ""Athlete"": 0, ""OfficeHolder"": 3, ""MeanOfTransportation"": 0, ""Building"": 0, ""NaturalPlace"": 0, ""Village"": 0, ""Animal"": 0, ""Plant"": 0, ""Album"": 0, ""Film"": 0, ""WrittenWork"": 0}",3,3,1.0,1
25,Animal,,Animal,Haliotis walallensis.  Haliotis walallensis common name the flat abalone is a species of sea snail a marine gastropod mollusk in the family Haliotidae the abalones.,"{""Company"": 0, ""EducationalInstitution"": 0, ""Artist"": 0, ""Athlete"": 0, ""OfficeHolder"": 0, ""MeanOfTransportation"": 0, ""Building"": 1, ""NaturalPlace"": 0, ""Village"": 0, ""Animal"": 2, ""Plant"": 0, ""Album"": 0, ""Film"": 0, ""WrittenWork"": 0}",2,3,0.6667,1
26,WrittenWork,,Company,Teen Titans Go!.  Teen Titans Go! is a comic book series that was published by DC Comics based on the 2003 animated TV series Teen Titans which is itself loosely based on the team that starred in the popular 1980s comic The New Teen Titans. The series was written by J. Torres with Todd Nauck and Larry Stucker as the regular illustrators.,"{""Company"": 2, ""EducationalInstitution"": 0, ""Artist"": 0, ""Athlete"": 0, ""OfficeHolder"": 0, ""MeanOfTransportation"": 0, ""Building"": 0, ""NaturalPlace"": 0, ""Village"": 0, ""Animal"": 0, ""Plant"": 0, ""Album"": 1, ""Film"": 0, ""WrittenWork"": 0}",2,3,0.6667,0
27,Film,,Film,Free Enterprise (film).  Free Enterprise is a 1999 romantic comedy film starring Eric McCormack and Rafer Weigel and featuring William Shatner directed by Robert Meyer Burnett and written by Mark A. Altman and Burnett.,"{""Company"": 0, ""EducationalInstitution"": 0, ""Artist"": 0, ""Athlete"": 0, ""OfficeHolder"": 0, ""MeanOfTransportation"": 0, ""Building"": 0, ""NaturalPlace"": 0, ""Village"": 0, ""Animal"": 0, ""Plant"": 0, ""Album"": 0, ""Film"": 3, ""WrittenWork"": 0}",3,3,1.0,1
28,MeanOfTransportation,,OfficeHolder,USS Macabi (SS-375).  USS Macabi (SS-375) was a Balao-class submarine of the United States Navy named for the macabi a bonefish (Albula vulpes) living in tropical seas and off the American coasts as far north as San Diego and Long Island and reaching a length of 3 feet (1 m).Macabi was laid down 1 May 1944 by Manitowoc Shipbuilding Co. Manitowoc Wisc.; launched 19 September 1944 sponsored by Mrs. Arthur S. Carpender wife of Rear Admiral Carpender; and commissioned 29 March 1945 Commander Anthony H.,"{""Company"": 0, ""EducationalInstitution"": 0, ""Artist"": 0, ""Athlete"": 0, ""OfficeHolder"": 3, ""MeanOfTransportation"": 0, ""Building"": 0, ""NaturalPlace"": 0, ""Village"": 0, ""Animal"": 0, ""Plant"": 0, ""Album"": 0, ""Film"": 0, ""WrittenWork"": 0}",3,3,1.0,0
29,WrittenWork,,WrittenWork,Zia (novel).  Zia is the sequel to the award-winning Island of the Blue Dolphins by Scott O'Dell. It was published in 1976 sixteen years after the publication of the first novel.,"{""Company"": 0, ""EducationalInstitution"": 0, ""Artist"": 0, ""Athlete"": 0, ""OfficeHolder"": 0, ""MeanOfTransportation"": 0, ""Building"": 0, ""NaturalPlace"": 0, ""Village"": 0, ""Animal"": 0, ""Plant"": 0, ""Album"": 0, ""Film"": 0, ""WrittenWork"": 2}",2,3,0.6667,1
30,Building,,Building,Westminster Synagogue.  The Westminster Synagogue is a non-affiliated Jewish Reform synagogue and congregation near Hyde Park London. It is located in Kent House a restored Victorian town house in Knightsbridge. The building which dates from the late 1800s also houses the Czech Memorial Scrolls Centre.,"{""Company"": 0, ""EducationalInstitution"": 0, ""Artist"": 0, ""Athlete"": 0, ""OfficeHolder"": 0, ""MeanOfTransportation"": 0, ""Building"": 3, ""NaturalPlace"": 0, ""Village"": 0, ""Animal"": 0, ""Plant"": 0, ""Album"": 0, ""Film"": 0, ""WrittenWork"": 0}",3,3,1.0,1
31,WrittenWork,,Company,Crown of Slaves.  Crown of Slaves is a 2003 novel by David Weber and Eric Flint set in the Honorverse; it has been billed as the first in the Wages of Sin series spun off from the main Honor Harrington series.It features Honor herself only in a cameo role: other characters from the novels and several short stories take centre stage. These include Captain Anton Zilwicki and his adopted daughter Berry introduced in From the Highlands and Ruth Winton introduced in Promised Land.,"{""Company"": 2, ""EducationalInstitution"": 0, ""Artist"": 0, ""Athlete"": 0, ""OfficeHolder"": 0, ""MeanOfTransportation"": 0, ""Building"": 0, ""NaturalPlace"": 0, ""Village"": 0, ""Animal"": 0, ""Plant"": 0, ""Album"": 1, ""Film"": 0, ""WrittenWork"": 0}",2,3,0.6667,0
32,Film,,Film,Offending Angels.  Offending Angels is a 2000 British romantic comedy film directed by Andrew Rajan.,"{""Company"": 0, ""EducationalInstitution"": 0, ""Artist"": 0, ""Athlete"": 0, ""OfficeHolder"": 0, ""MeanOfTransportation"": 0, ""Building"": 0, ""NaturalPlace"": 0, ""Village"": 0, ""Animal"": 0, ""Plant"": 0, ""Album"": 0, ""Film"": 3, ""WrittenWork"": 0}",3,3,1.0,1
33,Village,,Village,Ziemiełowice.  Ziemiełowice [ʑɛmjɛwɔˈvit͡sɛ] (German Simmelwitz) is a village in the administrative district of Gmina Namysłów within Namysłów County Opole Voivodeship in south-western Poland. It lies approximately 4 kilometres (2 mi) south-east of Namysłów and 45 km (28 mi) north of the regional capital Opole.Before 1945 the area was part of Germany (see Territorial changes of Poland after World War II).,"{""Company"": 0, ""EducationalInstitution"": 0, ""Artist"": 0, ""Athlete"": 0, ""OfficeHolder"": 0, ""MeanOfTransportation"": 0, ""Building"": 0, ""NaturalPlace"": 0, ""Village"": 3, ""Animal"": 0, ""Plant"": 0, ""Album"": 0, ""Film"": 0, ""WrittenWork"": 0}",3,3,1.0,1
34,Building,,Building,Tivoli Hotel (Biloxi Mississippi).  The Tivoli Hotel was built in 1926-27 as a 6-story T-shaped brick building in Second Renaissance Revival architectural style. The hotel was added to the National Register of Historic Places in 1984. In 2005 the structure was badly damaged during Hurricane Katrina and was subsequently demolished.,"{""Company"": 0, ""EducationalInstitution"": 0, ""Artist"": 0, ""Athlete"": 0, ""OfficeHolder"": 0, ""MeanOfTransportation"": 0, ""Building"": 3, ""NaturalPlace"": 0, ""Village"": 0, ""Animal"": 0, ""Plant"": 0, ""Album"": 0, ""Film"": 0, ""WrittenWork"": 0}",3,3,1.0,1
35,Plant,,Plant,Romeroa verticillata.  Romeroa verticillata is a species of plant in the Bignoniaceae family. It is endemic to Colombia.,"{""Company"": 0, ""EducationalInstitution"": 0, ""Artist"": 0, ""Athlete"": 0, ""OfficeHolder"": 0, ""MeanOfTransportation"": 0, ""Building"": 0, ""NaturalPlace"": 0, ""Village"": 0, ""Animal"": 0, ""Plant"": 3, ""Album"": 0, ""Film"": 0, ""WrittenWork"": 0}",3,3,1.0,1
36,EducationalInstitution,,EducationalInstitution,Broadmoor High School.  Broadmoor Senior High School is an accredited public high school in Baton Rouge Louisiana.,"{""Company"": 0, ""EducationalInstitution"": 3, ""Artist"": 0, ""Athlete"": 0, ""OfficeHolder"": 0, ""MeanOfTransportation"": 0, ""Building"": 0, ""NaturalPlace"": 0, ""Village"": 0, ""Animal"": 0, ""Plant"": 0, ""Album"": 0, ""Film"": 0, ""WrittenWork"": 0}",3,3,1.0,1
37,MeanOfTransportation,,OfficeHolder,SMS Königsberg (1915).  SMS Königsberg was the lead ship of the Königsberg class of light cruisers built for the German Imperial Navy during World War I. She took the name of the earlier Königsberg which had been destroyed during the Battle of Rufiji Delta in 1915. The new ship was laid down in 1914 at the AG Weser shipyard launched in December 1915 and commissioned into the High Seas Fleet in August 1916.,"{""Company"": 0, ""EducationalInstitution"": 0, ""Artist"": 0, ""Athlete"": 0, ""OfficeHolder"": 3, ""MeanOfTransportation"": 0, ""Building"": 0, ""NaturalPlace"": 0, ""Village"": 0, ""Animal"": 0, ""Plant"": 0, ""Album"": 0, ""Film"": 0, ""WrittenWork"": 0}",3,3,1.0,0
38,WrittenWork,,Company,Speed of Dark.  Speed of Dark (released in some markets as The Speed of Dark) is a near-future science fiction novel by American author Elizabeth Moon. The story is told from the first person viewpoint of an autistic process analyst. It won the Nebula Award for Best Novel in 2003 and was also an Arthur C. Clarke Award finalist.,"{""Company"": 2, ""EducationalInstitution"": 0, ""Artist"": 0, ""Athlete"": 0, ""OfficeHolder"": 0, ""MeanOfTransportation"": 0, ""Building"": 0, ""NaturalPlace"": 0, ""Village"": 0, ""Animal"": 0, ""Plant"": 0, ""Album"": 0, ""Film"": 0, ""WrittenWork"": 1}",2,3,0.6667,0
39,OfficeHolder,,OfficeHolder,William Russell (New Zealand politician).  Sir William Russell (12 November 1838 – 24 September 1913) was a New Zealand politician from 1870 to 1905. He was a cabinet minister and was recognised as Leader of the Opposition from 1894 to 1901.,"{""Company"": 0, ""EducationalInstitution"": 0, ""Artist"": 0, ""Athlete"": 0, ""OfficeHolder"": 3, ""MeanOfTransportation"": 0, ""Building"": 0, ""NaturalPlace"": 0, ""Village"": 0, ""Animal"": 0, ""Plant"": 0, ""Album"": 0, ""Film"": 0, ""WrittenWork"": 0}",3,3,1.0,1
40,Company,,NaturalPlace,Mangrove Care Forum Bali.  Mangrove Care Forum Bali (MCFB) also known as Forum Peduli Mangrove Bali (FPMB) is formed with the aim to protect preserve rehabilitate replant and educate as a concerted effort to save the mangroves.,"{""Company"": 0, ""EducationalInstitution"": 0, ""Artist"": 0, ""Athlete"": 0, ""OfficeHolder"": 0, ""MeanOfTransportation"": 0, ""Building"": 0, ""NaturalPlace"": 3, ""Village"": 0, ""Animal"": 0, ""Plant"": 0, ""Album"": 0, ""Film"": 0, ""WrittenWork"": 0}",3,3,1.0,0
41,Village,,Village,Ab Parkim.  Ab Parkim (Persian: اب پركريم‎ also Romanized as Āb Parkrīm) is a village in Nasrabad Rural District in the Central District of Taft County Yazd Province Iran. At the 2006 census its existence was noted but its population was not reported.,"{""Company"": 0, ""EducationalInstitution"": 0, ""Artist"": 0, ""Athlete"": 0, ""OfficeHolder"": 0, ""MeanOfTransportation"": 0, ""Building"": 0, ""NaturalPlace"": 0, ""Village"": 3, ""Animal"": 0, ""Plant"": 0, ""Album"": 0, ""Film"": 0, ""WrittenWork"": 0}",3,3,1.0,1
42,Athlete,,Athlete,William Challen.  William Challen (born 21 March 1786 in Pulborough Sussex; died ?) was an English first-class cricketer associated with Sussex who was active in the 1810s. He is recorded in one match in 1814 totalling 3 runs with a highest score of 2.,"{""Company"": 0, ""EducationalInstitution"": 0, ""Artist"": 0, ""Athlete"": 3, ""OfficeHolder"": 0, ""MeanOfTransportation"": 0, ""Building"": 0, ""NaturalPlace"": 0, ""Village"": 0, ""Animal"": 0, ""Plant"": 0, ""Album"": 0, ""Film"": 0, ""WrittenWork"": 0}",3,3,1.0,1
43,Village,,Village,Shali East Azerbaijan.  Shali (Persian: شالي‎ also Romanized as Shālī and Shāllī; also known as Chāli Chaly Salī and Sāllī) is a village in Mavazekhan-e Shomali Rural District Khvajeh District Heris County East Azerbaijan Province Iran. At the 2006 census its population was 49 in 14 families.,"{""Company"": 0, ""EducationalInstitution"": 0, ""Artist"": 0, ""Athlete"": 0, ""OfficeHolder"": 0, ""MeanOfTransportation"": 0, ""Building"": 0, ""NaturalPlace"": 0, ""Village"": 3, ""Animal"": 0, ""Plant"": 0, ""Album"": 0, ""Film"": 0, ""WrittenWork"": 0}",3,3,1.0,1
44,Company,,Company,A1 Telekom Austria.  A1 Telekom Austria is a major Austrian mobile network operator. It has been operating commercially since 1994 and in testing since 1992. It launched under the name Mobilkom Austria and merged with Telekom Austria in July 2010 under the new name of A1 Telekom Austria.A1 Telekom Austria is a 100% subsidiary of Telekom Austria,"{""Company"": 3, ""EducationalInstitution"": 0, ""Artist"": 0, ""Athlete"": 0, ""OfficeHolder"": 0, ""MeanOfTransportation"": 0, ""Building"": 0, ""NaturalPlace"": 0, ""Village"": 0, ""Animal"": 0, ""Plant"": 0, ""Album"": 0, ""Film"": 0, ""WrittenWork"": 0}",3,3,1.0,1
45,Animal,,Animal,Aracanidae.  The Aracanidae are a family of bony fishes related to the boxfishes. They are somewhat more primitive than the true boxfishes but have a similar protective covering of thickened scale plates. They are found in the Indian Ocean and the west Pacific. Unlike the true boxfishes they inhabit deep waters of over 200 metres (660 ft) in depth.,"{""Company"": 0, ""EducationalInstitution"": 0, ""Artist"": 0, ""Athlete"": 0, ""OfficeHolder"": 0, ""MeanOfTransportation"": 0, ""Building"": 0, ""NaturalPlace"": 0, ""Village"": 0, ""Animal"": 3, ""Plant"": 0, ""Album"": 0, ""Film"": 0, ""WrittenWork"": 0}",3,3,1.0,1
46,Company,,Company,Popmoney.  Popmoney is a person to person payments service (P2P) developed by CashEdge (now part of Fiserv) and launched in December 2010. The service enables individuals to send and receive payments electronically in a manner that is designed to displace traditional check payments.,"{""Company"": 3, ""EducationalInstitution"": 0, ""Artist"": 0, ""Athlete"": 0, ""OfficeHolder"": 0, ""MeanOfTransportation"": 0, ""Building"": 0, ""NaturalPlace"": 0, ""Village"": 0, ""Animal"": 0, ""Plant"": 0, ""Album"": 0, ""Film"": 0, ""WrittenWork"": 0}",3,3,1.0,1
47,WrittenWork,,Artist,Amal Aloy.  Amal Aloy is a daily political cartoon strip published in Sangbad Pratidin for over a decade. It is drawn by veteran Bengali cartoonist Amal Chakrabarti.,"{""Company"": 1, ""EducationalInstitution"": 0, ""Artist"": 2, ""Athlete"": 0, ""OfficeHolder"": 0, ""MeanOfTransportation"": 0, ""Building"": 0, ""NaturalPlace"": 0, ""Village"": 0, ""Animal"": 0, ""Plant"": 0, ""Album"": 0, ""Film"": 0, ""WrittenWork"": 0}",2,3,0.6667,0
48,NaturalPlace,,NaturalPlace,Little Huron River.  The Little Huron River is an 8.0-mile-long (12.9 km) stream that flows entirely within Powell Township in northwest Marquette County Michigan in the United States. It rises on the slopes of Mount Benison in the west end of the Huron Mountains. For almost half of its length it flows generally southwesterly then westerly as it is joined by creeks from other arms of its valley. It then turns north flowing through gentler terrain to its mouth on the south shore of Lake Superior.,"{""Company"": 0, ""EducationalInstitution"": 0, ""Artist"": 0, ""Athlete"": 0, ""OfficeHolder"": 0, ""MeanOfTransportation"": 0, ""Building"": 1, ""NaturalPlace"": 2, ""Village"": 0, ""Animal"": 0, ""Plant"": 0, ""Album"": 0, ""Film"": 0, ""WrittenWork"": 0}",2,3,0.6667,1
49,Athlete,,Athlete,Mehmet Nas.  Mehmet Nas (born 20 November 1979) is a Turkish professional footballer. He currently plays as a midfielder for Elazığspor in the Süper Lig.,"{""Company"": 0, ""EducationalInstitution"": 0, ""Artist"": 0, ""Athlete"": 3, ""OfficeHolder"": 0, ""MeanOfTransportation"": 0, ""Building"": 0, ""NaturalPlace"": 0, ""Village"": 0, ""Animal"": 0, ""Plant"": 0, ""Album"": 0, ""Film"": 0, ""WrittenWork"": 0}",3,3,1.0,1
50,MeanOfTransportation,,ABSTAIN,Ford Fairlane Crown Victoria Skyliner.  See also 1955 Ford Ford Crown VictoriaFord's 1954 Crestline Skyliner was replaced in 1955 by the Fairlane Crown Victoria Skyliner based on the new 1955 Ford design. It shared the flashy chrome basket handle which stretched the B-pillar across the roof of the 1955 Crown Victoria model but added a smoked acrylic glass window over the front seat area.,"{""Company"": 1, ""EducationalInstitution"": 0, ""Artist"": 0, ""Athlete"": 0, ""OfficeHolder"": 0, ""MeanOfTransportation"": 0, ""Building"": 0, ""NaturalPlace"": 0, ""Village"": 0, ""Animal"": 0, ""Plant"": 0, ""Album"": 0, ""Film"": 0, ""WrittenWork"": 0}",0,3,0.0,0
51,Animal,,Animal,Langfuhr (horse).  Langfuhr (foaled 1992 in Ontario) is a Canadian Hall of Fame Thoroughbred racehorse.,"{""Company"": 0, ""EducationalInstitution"": 0, ""Artist"": 0, ""Athlete"": 1, ""OfficeHolder"": 0, ""MeanOfTransportation"": 0, ""Building"": 0, ""NaturalPlace"": 0, ""Village"": 0, ""Animal"": 2, ""Plant"": 0, ""Album"": 0, ""Film"": 0, ""WrittenWork"": 0}",2,3,0.6667,1
52,MeanOfTransportation,,OfficeHolder,USS Mitscher (DL-2).  USS Mitscher (DL-2/DDG-35) named for Admiral Marc Pete Mitscher USN (1887–1947) was the lead ship of her class of destroyer of the United States Navy. Originally designated DD-927 she was laid down by the Bath Iron Works Corporation at Bath Maine on 3 October 1949 reclassified as a destroyer leader and designated DL-2 on 2 February 1951 launched on 26 January 1952 by Mrs. Marc A. Mitscher widow of Admiral Mitscher and commissioned on 15 May 1953 Commander Terrell H. W.,"{""Company"": 0, ""EducationalInstitution"": 0, ""Artist"": 0, ""Athlete"": 0, ""OfficeHolder"": 2, ""MeanOfTransportation"": 0, ""Building"": 1, ""NaturalPlace"": 0, ""Village"": 0, ""Animal"": 0, ""Plant"": 0, ""Album"": 0, ""Film"": 0, ""WrittenWork"": 0}",2,3,0.6667,0
53,Building,,Company,St. Mark's Episcopal Church (Jim Thorpe Pennsylvania).  St. Mark's Episcopal Church is a historic Episcopal church located at Jim Thorpe Carbon County Pennsylvania. It was designed by Richard Upjohn between 1865 and 1867 in the Gothic Revival style. Originally built in 1867 after the first church was demolished and the cornerstone for this new church was laid in September 21 1867. It was officially consecrated on September 21 1869. The church is constructed of regularly coursed dressed stone and is in the form of a Latin cross.,"{""Company"": 2, ""EducationalInstitution"": 0, ""Artist"": 0, ""Athlete"": 0, ""OfficeHolder"": 0, ""MeanOfTransportation"": 0, ""Building"": 1, ""NaturalPlace"": 0, ""Village"": 0, ""Animal"": 0, ""Plant"": 0, ""Album"": 0, ""Film"": 0, ""WrittenWork"": 0}",2,3,0.6667,0
54,Plant,,Plant,Saccolabiopsis.  Saccolabiopsis is a genus of flowering plants from the orchid family Orchidaceae.,"{""Company"": 1, ""EducationalInstitution"": 0, ""Artist"": 0, ""Athlete"": 0, ""OfficeHolder"": 0, ""MeanOfTransportation"": 0, ""Building"": 0, ""NaturalPlace"": 0, ""Village"": 0, ""Animal"": 0, ""Plant"": 2, ""Album"": 0, ""Film"": 0, ""WrittenWork"": 0}",2,3,0.6667,1
55,Animal,,NaturalPlace,Mantidactylus mocquardi.  Mantidactylus mocquardi is a species of frog in the Mantellidae family.It is endemic to Madagascar.Its natural habitats are subtropical or tropical moist lowland forests subtropical or tropical moist montane forests subtropical or tropical high-altitude shrubland intermittent rivers and heavily degraded former forest.It is threatened by habitat loss.,"{""Company"": 0, ""EducationalInstitution"": 0, ""Artist"": 0, ""Athlete"": 0, ""OfficeHolder"": 0, ""MeanOfTransportation"": 0, ""Building"": 0, ""NaturalPlace"": 2, ""Village"": 0, ""Animal"": 1, ""Plant"": 0, ""Album"": 0, ""Film"": 0, ""WrittenWork"": 0}",2,3,0.6667,0
56,Plant,,Plant,Rhus tomentosa.  Rhus tomentosa (syn. Searsia tometosa (L. f.)) Real Wild Currant(English) Umhlakoti(Zulu) or Korentebos(Afrikaans) is a small bushy evergreen tree that occurs in fynbos and coastal shrub in South Africa. It is naturally most common in forest margins.The sprays of small greenish flowers emit an unpleasant smell that attracts flies. However it is also an attractive shrub and is grown internationally in botanical gardens for its multi-coloured foliage.,"{""Company"": 0, ""EducationalInstitution"": 0, ""Artist"": 0, ""Athlete"": 0, ""OfficeHolder"": 0, ""MeanOfTransportation"": 0, ""Building"": 0, ""NaturalPlace"": 1, ""Village"": 0, ""Animal"": 0, ""Plant"": 2, ""Album"": 0, ""Film"": 0, ""WrittenWork"": 0}",2,3,0.6667,1
57,Album,,Album,The 5ifth Column.  The 5ifth Column is the fifth album by Acumen Nation. Margasuck and Tone Deaf are remixed tracks from Strike 4.,"{""Company"": 0, ""EducationalInstitution"": 0, ""Artist"": 0, ""Athlete"": 0, ""OfficeHolder"": 0, ""MeanOfTransportation"": 0, ""Building"": 0, ""NaturalPlace"": 0, ""Village"": 0, ""Animal"": 0, ""Plant"": 0, ""Album"": 3, ""Film"": 0, ""WrittenWork"": 0}",3,3,1.0,1
58,Building,,Building,Starhill Gallery.  Starhill Gallery is a luxury retail mall located in the Bukit Bintang shopping district of Kuala Lumpur. The mall opened in 1996 as Starhill Shopping Centre. In 1999 when business was in decline it was acquired by YTL Corporation. YTL decided to do away with the anchor tenant-based business model and transform Starhill into a luxury brand retail centre.,"{""Company"": 0, ""EducationalInstitution"": 0, ""Artist"": 0, ""Athlete"": 0, ""OfficeHolder"": 0, ""MeanOfTransportation"": 0, ""Building"": 3, ""NaturalPlace"": 0, ""Village"": 0, ""Animal"": 0, ""Plant"": 0, ""Album"": 0, ""Film"": 0, ""WrittenWork"": 0}",3,3,1.0,1
59,WrittenWork,,Company,La Verdad.  Diario La Verdad is a Venezuelan regional newspaper headquartered in Maracaibo in the western state of Zulia. Its slogan is Por la libertad intelectual del Zulia (for the intellectual freedom of Zulia).La Verdad was founded in 1998. It is owned by Sinergia Editorial C.A.,"{""Company"": 3, ""EducationalInstitution"": 0, ""Artist"": 0, ""Athlete"": 0, ""OfficeHolder"": 0, ""MeanOfTransportation"": 0, ""Building"": 0, ""NaturalPlace"": 0, ""Village"": 0, ""Animal"": 0, ""Plant"": 0, ""Album"": 0, ""Film"": 0, ""WrittenWork"": 0}",3,3,1.0,0
60,OfficeHolder,,OfficeHolder,Joseph Manbeck.  Joseph H. Manbeck (October 18 1906 – September 22 1996) was a Republican member of the Pennsylvania House of Representatives.,"{""Company"": 0, ""EducationalInstitution"": 0, ""Artist"": 0, ""Athlete"": 0, ""OfficeHolder"": 3, ""MeanOfTransportation"": 0, ""Building"": 0, ""NaturalPlace"": 0, ""Village"": 0, ""Animal"": 0, ""Plant"": 0, ""Album"": 0, ""Film"": 0, ""WrittenWork"": 0}",3,3,1.0,1
61,Album,,Album,Bossa Nova (Ramsey Lewis album).  Bossa Nova is an album of Bossa nova compositions by Ramsey Lewis' Trio featuring tracks recorded in 1962 and released on the Argo label.,"{""Company"": 0, ""EducationalInstitution"": 0, ""Artist"": 0, ""Athlete"": 0, ""OfficeHolder"": 0, ""MeanOfTransportation"": 0, ""Building"": 0, ""NaturalPlace"": 0, ""Village"": 0, ""Animal"": 0, ""Plant"": 0, ""Album"": 3, ""Film"": 0, ""WrittenWork"": 0}",3,3,1.0,1
62,Village,,NaturalPlace,Dharanikota.  Dharanikota is a town near Amaravati in the Guntur district of Andhra Pradesh in India which means a town of rice or paddy.,"{""Company"": 0, ""EducationalInstitution"": 0, ""Artist"": 0, ""Athlete"": 0, ""OfficeHolder"": 0, ""MeanOfTransportation"": 0, ""Building"": 0, ""NaturalPlace"": 3, ""Village"": 0, ""Animal"": 0, ""Plant"": 0, ""Album"": 0, ""Film"": 0, ""WrittenWork"": 0}",3,3,1.0,0
63,Artist,,Artist,Andy Granelli.  Andy Granelli (aka Andy Outbreak) is an American drummer. Initially drumming for a band known as Model American in 1997 on their self titled album. The same album later surfaced again in 2002 under the moniker MAPS which stood for Model American Playing Secretly having been forced to change the name by a court of law.,"{""Company"": 0, ""EducationalInstitution"": 0, ""Artist"": 3, ""Athlete"": 0, ""OfficeHolder"": 0, ""MeanOfTransportation"": 0, ""Building"": 0, ""NaturalPlace"": 0, ""Village"": 0, ""Animal"": 0, ""Plant"": 0, ""Album"": 0, ""Film"": 0, ""WrittenWork"": 0}",3,3,1.0,1
64,Film,,Film,Beach Spike.  Beach Spike (Yit long kau oi jin 熱浪球愛戰) is a 2011 Hong Kong film directed by Tony Tang. The film involves a female beach volleyball teams with martial arts skills. It has a proposed cast of veteran actors Bolo Yeung and Ronald Cheng along with the female leads of Theresa Fu Chrissie Chau Phoenix Chou and Ankie Beilke.,"{""Company"": 0, ""EducationalInstitution"": 0, ""Artist"": 0, ""Athlete"": 0, ""OfficeHolder"": 0, ""MeanOfTransportation"": 0, ""Building"": 0, ""NaturalPlace"": 0, ""Village"": 0, ""Animal"": 0, ""Plant"": 0, ""Album"": 0, ""Film"": 3, ""WrittenWork"": 0}",3,3,1.0,1
65,Plant,,Plant,Astrocaryum chambira.  Astrocaryum chambira (Chambira palm) is a palm native to Amazon Rainforest vegetation in Colombia Ecuador Peru and Venezuela. This plant which has edible endosperm and fruit. It has a commercial value because it has excellent fibers which may be used for bags hammocks ropes string instruments and many crafts. In addition it is also used as a medicinal plant.,"{""Company"": 0, ""EducationalInstitution"": 0, ""Artist"": 0, ""Athlete"": 0, ""OfficeHolder"": 0, ""MeanOfTransportation"": 0, ""Building"": 0, ""NaturalPlace"": 0, ""Village"": 0, ""Animal"": 0, ""Plant"": 3, ""Album"": 0, ""Film"": 0, ""WrittenWork"": 0}",3,3,1.0,1
66,Company,,Company,Pearson Education.  Pearson is an education publishing and assessment service to schools and corporations as well as directly to students. Pearson owns leading educational media brands including Addison–Wesley BBC Active Bug Club eCollege Fronter Longman MyEnglishLab Penguin Readers Prentice Hall Poptropica and Financial Times Press.Pearson is part of Pearson PLC which also owns Penguin Books and the Financial Times.,"{""Company"": 3, ""EducationalInstitution"": 0, ""Artist"": 0, ""Athlete"": 0, ""OfficeHolder"": 0, ""MeanOfTransportation"": 0, ""Building"": 0, ""NaturalPlace"": 0, ""Village"": 0, ""Animal"": 0, ""Plant"": 0, ""Album"": 0, ""Film"": 0, ""WrittenWork"": 0}",3,3,1.0,1
67,Village,,Village,Pepin Wisconsin.  Pepin is a village in Pepin County Wisconsin United States. The population was 837 at the 2010 census. The village is located within the Town of Pepin.,"{""Company"": 0, ""EducationalInstitution"": 0, ""Artist"": 0, ""Athlete"": 0, ""OfficeHolder"": 0, ""MeanOfTransportation"": 0, ""Building"": 0, ""NaturalPlace"": 0, ""Village"": 3, ""Animal"": 0, ""Plant"": 0, ""Album"": 0, ""Film"": 0, ""WrittenWork"": 0}",3,3,1.0,1
68,Animal,,Animal,Janthina umbilicata.  Janthina umbilicata also known as the elongate janthina is a species of holoplanktonic sea snail a marine gastropod mollusk in the family Janthinidae the violet snails or purple storm snails.,"{""Company"": 0, ""EducationalInstitution"": 0, ""Artist"": 0, ""Athlete"": 0, ""OfficeHolder"": 0, ""MeanOfTransportation"": 0, ""Building"": 0, ""NaturalPlace"": 0, ""Village"": 0, ""Animal"": 3, ""Plant"": 0, ""Album"": 0, ""Film"": 0, ""WrittenWork"": 0}",3,3,1.0,1
69,NaturalPlace,,ABSTAIN,Hoher Weißzint.  The Hoher Weißzint (Italian: Punta Bianca; German: Hoher Weißzint) is a mountain in the Zillertal Alps on the border between Tyrol Austria and South Tyrol Italy.,"{""Company"": 0, ""EducationalInstitution"": 0, ""Artist"": 0, ""Athlete"": 0, ""OfficeHolder"": 0, ""MeanOfTransportation"": 0, ""Building"": 1, ""NaturalPlace"": 0, ""Village"": 0, ""Animal"": 0, ""Plant"": 0, ""Album"": 0, ""Film"": 0, ""WrittenWork"": 0}",0,3,0.0,0
70,Album,,Company,Forward (Ayla Brown album).  Forward is the debut album of singer Ayla Brown which was released on October 17 2006.The album was recorded in New York City at Tonic Studios Raw Sugar Studios and Double Deal Studios and mixed at A-Pawling Studios by Peter Moshay of Hall & Oates and Mariah Carey fame. On August 25 as soon as Ayla was legally able she raced to New York to record the 11 tracks of her debut album with producer Jim McGregor of Double Deal Records (founded by Wayne Laakko).,"{""Company"": 2, ""EducationalInstitution"": 0, ""Artist"": 0, ""Athlete"": 0, ""OfficeHolder"": 0, ""MeanOfTransportation"": 0, ""Building"": 0, ""NaturalPlace"": 0, ""Village"": 0, ""Animal"": 0, ""Plant"": 0, ""Album"": 1, ""Film"": 0, ""WrittenWork"": 0}",2,3,0.6667,0
71,Company,,Company,Thomas Weisel Partners.  Thomas Weisel Partners Group Inc. also known as TWP or Weisel is a U.S. growth focused investment banking firm based in San Francisco California. The firm was launched in January 1999 by Thom Weisel and other personnel from the former Montgomery Securities. In 1997 Thom Weisel helped to orchestrate a $1.3 billion acquisition of Montgomery Securities by NationsBank.,"{""Company"": 3, ""EducationalInstitution"": 0, ""Artist"": 0, ""Athlete"": 0, ""OfficeHolder"": 0, ""MeanOfTransportation"": 0, ""Building"": 0, ""NaturalPlace"": 0, ""Village"": 0, ""Animal"": 0, ""Plant"": 0, ""Album"": 0, ""Film"": 0, ""WrittenWork"": 0}",3,3,1.0,1
72,NaturalPlace,,NaturalPlace,Deleni River (Urluia).  The Deleni River is a tributary of the Valea Baciului River in Romania.,"{""Company"": 0, ""EducationalInstitution"": 0, ""Artist"": 0, ""Athlete"": 0, ""OfficeHolder"": 0, ""MeanOfTransportation"": 0, ""Building"": 0, ""NaturalPlace"": 3, ""Village"": 0, ""Animal"": 0, ""Plant"": 0, ""Album"": 0, ""Film"": 0, ""WrittenWork"": 0}",3,3,1.0,1
73,Athlete,,Athlete,Bill Purves.  William Michael Purves (1870 – after 1900) was an Irish professional footballer who played as a right back. He made 41 appearances in the Football League playing for Small Heath in the 1890s. He played three times for the Irish Football League representative side.Purves was born in Belfast and played for Glentoran before coming to England to join Small Heath newly crowned champions of the inaugural season of the Football League Second Division.,"{""Company"": 0, ""EducationalInstitution"": 0, ""Artist"": 0, ""Athlete"": 3, ""OfficeHolder"": 0, ""MeanOfTransportation"": 0, ""Building"": 0, ""NaturalPlace"": 0, ""Village"": 0, ""Animal"": 0, ""Plant"": 0, ""Album"": 0, ""Film"": 0, ""WrittenWork"": 0}",3,3,1.0,1
74,Animal,,Animal,Polemicella aartseni.  Polemicella aartseni is a species of sea snail a marine gastropod mollusk in the family Pyramidellidae the pyrams and their allies.,"{""Company"": 0, ""EducationalInstitution"": 0, ""Artist"": 0, ""Athlete"": 0, ""OfficeHolder"": 0, ""MeanOfTransportation"": 0, ""Building"": 0, ""NaturalPlace"": 0, ""Village"": 0, ""Animal"": 3, ""Plant"": 0, ""Album"": 0, ""Film"": 0, ""WrittenWork"": 0}",3,3,1.0,1
75,EducationalInstitution,,EducationalInstitution,DePaul University.  DePaul University is a private university in Chicago Illinois. Founded by the Vincentians in 1898 the university takes its name from the 17th-century French priest Saint Vincent de Paul. In 1998 it became the largest Catholic university by enrollment in the United States.,"{""Company"": 1, ""EducationalInstitution"": 2, ""Artist"": 0, ""Athlete"": 0, ""OfficeHolder"": 0, ""MeanOfTransportation"": 0, ""Building"": 0, ""NaturalPlace"": 0, ""Village"": 0, ""Animal"": 0, ""Plant"": 0, ""Album"": 0, ""Film"": 0, ""WrittenWork"": 0}",2,3,0.6667,1
76,Village,,Village,Hali Koti Babol Kenar.  Hali Koti (Persian: هلي كتي‎ also Romanized as Halī Kotī) is a village in Deraz Kola Rural District Babol Kenar District Babol County Mazandaran Province Iran. At the 2006 census its population was 88 in 25 families.,"{""Company"": 0, ""EducationalInstitution"": 0, ""Artist"": 0, ""Athlete"": 0, ""OfficeHolder"": 0, ""MeanOfTransportation"": 0, ""Building"": 0, ""NaturalPlace"": 0, ""Village"": 3, ""Animal"": 0, ""Plant"": 0, ""Album"": 0, ""Film"": 0, ""WrittenWork"": 0}",3,3,1.0,1
77,Plant,,Plant,Neraudia melastomifolia.  Neraudia melastomifolia known as Maʻaloa in Hawaiian is a species of flowering plant in the nettle family Urticaceae that is endemic to Hawaii. It is a shrub or small tree reaching a height of up to 5 m (16 ft). N. melastomifolia inhabits coastal mesic mixed mesic and wet forests at elevations of 270–1160 m (890–3810 ft) on Kauaʻi Oʻahu Molokaʻi and Maui. It is threatened by habitat loss.,"{""Company"": 0, ""EducationalInstitution"": 0, ""Artist"": 0, ""Athlete"": 0, ""OfficeHolder"": 0, ""MeanOfTransportation"": 0, ""Building"": 0, ""NaturalPlace"": 0, ""Village"": 0, ""Animal"": 0, ""Plant"": 3, ""Album"": 0, ""Film"": 0, ""WrittenWork"": 0}",3,3,1.0,1
78,Building,,Building,Iglesia de San Román (Sariego).  Iglesia de San Román (Sariego) is a church in Asturias Spain.,"{""Company"": 0, ""EducationalInstitution"": 0, ""Artist"": 0, ""Athlete"": 0, ""OfficeHolder"": 0, ""MeanOfTransportation"": 0, ""Building"": 3, ""NaturalPlace"": 0, ""Village"": 0, ""Animal"": 0, ""Plant"": 0, ""Album"": 0, ""Film"": 0, ""WrittenWork"": 0}",3,3,1.0,1
79,Athlete,,Athlete,Vyacheslav Sakayev.  Vyacheslav Sakayev (Сакаев Вячеслав born 12 January 1988 in Novosibirsk Oblast) is a Russian athlete specialized in 400 m hurdles. His personal best is of 49.59s when he won the National Championships in Cheboksary on 4 July 2012 when he qualified for London Olympic Games.He won the Silver Medal at 2007 European Athletics Junior Championships.,"{""Company"": 0, ""EducationalInstitution"": 0, ""Artist"": 0, ""Athlete"": 3, ""OfficeHolder"": 0, ""MeanOfTransportation"": 0, ""Building"": 0, ""NaturalPlace"": 0, ""Village"": 0, ""Animal"": 0, ""Plant"": 0, ""Album"": 0, ""Film"": 0, ""WrittenWork"": 0}",3,3,1.0,1
80,Animal,,Animal,Leiolepis ngovantrii.  Leiolepis ngovantrii (Vietnamese: Nhông cát trinh sản meaning parthenogenic sand iguana) is a species of lizard that is all female reproducing clonally. The species is named after the herpetologist Ngo Van Tri of the Vietnam Academy of Science and Technology and is believed to be related to two other Vietnamese lizard species Leiolepis guttata and Leiolepis guentherpetersi.,"{""Company"": 0, ""EducationalInstitution"": 0, ""Artist"": 0, ""Athlete"": 0, ""OfficeHolder"": 0, ""MeanOfTransportation"": 0, ""Building"": 0, ""NaturalPlace"": 0, ""Village"": 0, ""Animal"": 3, ""Plant"": 0, ""Album"": 0, ""Film"": 0, ""WrittenWork"": 0}",3,3,1.0,1
81,Artist,,ABSTAIN,Frances Temple.  Frances Temple (August 15 1945 – July 5 1995) was a primary school teacher a writer of award-winning children's stories and young adult novels and an illustrator. She was born August 15 1945 in Washington District of Columbia. She grew up in Virginia France and Vietnam. She died July 5 1995 from a heart attack.,"{""Company"": 1, ""EducationalInstitution"": 0, ""Artist"": 0, ""Athlete"": 0, ""OfficeHolder"": 0, ""MeanOfTransportation"": 0, ""Building"": 0, ""NaturalPlace"": 0, ""Village"": 0, ""Animal"": 0, ""Plant"": 0, ""Album"": 0, ""Film"": 0, ""WrittenWork"": 0}",0,3,0.0,0
82,MeanOfTransportation,,Company,SS Dronning Maud (1925).  SS Dronning Maud was a 1489 ton steel-hulled steamship built in 1925 by the Norwegian shipyard Fredrikstad Mekaniske Verksted in Fredrikstad. Dronning Maud was ordered by the Trondheim-based company Det Nordenfjeldske Dampskipsselskap for the passenger and freight service Hurtigruten along the coast of Norway. She served this route as the company flagship until she was sunk under controversial circumstances during the 1940 Norwegian Campaign.,"{""Company"": 3, ""EducationalInstitution"": 0, ""Artist"": 0, ""Athlete"": 0, ""OfficeHolder"": 0, ""MeanOfTransportation"": 0, ""Building"": 0, ""NaturalPlace"": 0, ""Village"": 0, ""Animal"": 0, ""Plant"": 0, ""Album"": 0, ""Film"": 0, ""WrittenWork"": 0}",3,3,1.0,0
83,Artist,,Artist,John Ernest.  John Ernest (May 6 1922 – July 21 1994) was an American-born constructivist abstract artist. He was born in Philadelphia USA in 1922. After living and working in Sweden and Paris from 1946 to 1951 he moved to London England where he lived and worked from 1951. As a mature student at Saint Martin's School of Art he came under the influence of Victor Pasmore and other proponents of constructivism.,"{""Company"": 0, ""EducationalInstitution"": 0, ""Artist"": 3, ""Athlete"": 0, ""OfficeHolder"": 0, ""MeanOfTransportation"": 0, ""Building"": 0, ""NaturalPlace"": 0, ""Village"": 0, ""Animal"": 0, ""Plant"": 0, ""Album"": 0, ""Film"": 0, ""WrittenWork"": 0}",3,3,1.0,1
84,Film,,Film,Needle (2010 film).  Needle is a 2010 independent supernatural horror film starring Michael Dorman Jessica Marais Travis Fimmel Trilby Glover and Ben Mendelsohn and directed by John V. Soto. Needle is structured as a murder mystery with six distinct clues pointing to one of ten suspects; the trailer is intentionally misleading.,"{""Company"": 0, ""EducationalInstitution"": 0, ""Artist"": 0, ""Athlete"": 0, ""OfficeHolder"": 0, ""MeanOfTransportation"": 0, ""Building"": 0, ""NaturalPlace"": 0, ""Village"": 0, ""Animal"": 0, ""Plant"": 0, ""Album"": 0, ""Film"": 3, ""WrittenWork"": 0}",3,3,1.0,1
85,Plant,,Plant,Viola pubescens.  Viola pubescens often called Downy yellow violet is a plants species of the genus Viola. It is found in dry mixed and deciduous woodland areas of the United States and Canada; from Minnesota and Ontario to Nova Scotia South to Virginia. It grows 6 to 10 inches tall and is a stemmed viola with stems that have leaves it blooms from April through May.,"{""Company"": 0, ""EducationalInstitution"": 0, ""Artist"": 0, ""Athlete"": 0, ""OfficeHolder"": 0, ""MeanOfTransportation"": 0, ""Building"": 0, ""NaturalPlace"": 0, ""Village"": 0, ""Animal"": 0, ""Plant"": 3, ""Album"": 0, ""Film"": 0, ""WrittenWork"": 0}",3,3,1.0,1
86,NaturalPlace,,NaturalPlace,Ruginoasa River (Valea Neagră).  The Ruginoasa River is a tributary of the Valea Neagră River in Romania.,"{""Company"": 0, ""EducationalInstitution"": 0, ""Artist"": 0, ""Athlete"": 0, ""OfficeHolder"": 0, ""MeanOfTransportation"": 0, ""Building"": 0, ""NaturalPlace"": 3, ""Village"": 0, ""Animal"": 0, ""Plant"": 0, ""Album"": 0, ""Film"": 0, ""WrittenWork"": 0}",3,3,1.0,1
87,Album,,Album,Rap Essentials Volume One.  Rap Essentials Volume One is a Canadian hip hop compilation album released in 1996 on Beat Factory Music and distributed by EMI Music Canada. It is considered a landmark hip-hop album and it was very influential.Three songs from the album—Naughty Dread by Kardinal Offishall Fitnredi by Rascalz and Bright Lights Big City by Scales Empire—were nominated for Best Rap Recording at the 1997 Juno Awards.,"{""Company"": 1, ""EducationalInstitution"": 0, ""Artist"": 0, ""Athlete"": 0, ""OfficeHolder"": 0, ""MeanOfTransportation"": 0, ""Building"": 0, ""NaturalPlace"": 0, ""Village"": 0, ""Animal"": 0, ""Plant"": 0, ""Album"": 2, ""Film"": 0, ""WrittenWork"": 0}",2,3,0.6667,1
88,Album,,Album,African Cookbook.  African Cookbook is an album by Randy Weston's African Rhythms recorded in 1969 in Paris and originally released on the French Polydor label.,"{""Company"": 0, ""EducationalInstitution"": 0, ""Artist"": 0, ""Athlete"": 0, ""OfficeHolder"": 0, ""MeanOfTransportation"": 0, ""Building"": 0, ""NaturalPlace"": 0, ""Village"": 0, ""Animal"": 0, ""Plant"": 0, ""Album"": 3, ""Film"": 0, ""WrittenWork"": 0}",3,3,1.0,1
89,OfficeHolder,,OfficeHolder,James Aloysius O'Gorman.  James Aloysius O'Gorman Sr. (May 5 1860 – May 17 1943) was a one-term United States Senator from New York.,"{""Company"": 0, ""EducationalInstitution"": 0, ""Artist"": 0, ""Athlete"": 0, ""OfficeHolder"": 3, ""MeanOfTransportation"": 0, ""Building"": 0, ""NaturalPlace"": 0, ""Village"": 0, ""Animal"": 0, ""Plant"": 0, ""Album"": 0, ""Film"": 0, ""WrittenWork"": 0}",3,3,1.0,1
90,Artist,,EducationalInstitution,Elías López Sobá.  Elías López Sobá (born in 1927) is a Puerto Rican classical music pianist and educator.,"{""Company"": 0, ""EducationalInstitution"": 3, ""Artist"": 0, ""Athlete"": 0, ""OfficeHolder"": 0, ""MeanOfTransportation"": 0, ""Building"": 0, ""NaturalPlace"": 0, ""Village"": 0, ""Animal"": 0, ""Plant"": 0, ""Album"": 0, ""Film"": 0, ""WrittenWork"": 0}",3,3,1.0,0
91,EducationalInstitution,,Company,Kanagawa University.  Kanagawa University (神奈川大学 Kanagawa Daigaku) abbreviated to Jindai (神大) is a private university in Japan. The main campus is located in Rokkakubashi Kanagawa-ku Yokohama Kanagawa Prefecture.,"{""Company"": 3, ""EducationalInstitution"": 0, ""Artist"": 0, ""Athlete"": 0, ""OfficeHolder"": 0, ""MeanOfTransportation"": 0, ""Building"": 0, ""NaturalPlace"": 0, ""Village"": 0, ""Animal"": 0, ""Plant"": 0, ""Album"": 0, ""Film"": 0, ""WrittenWork"": 0}",3,3,1.0,0
92,Plant,,Plant,Begonia neoharlingii.  Begonia neoharlingii is a species of plant in the Begoniaceae family. It is endemic to Ecuador. Its natural habitat is subtropical or tropical moist montane forests. It is threatened by habitat loss.,"{""Company"": 0, ""EducationalInstitution"": 0, ""Artist"": 0, ""Athlete"": 0, ""OfficeHolder"": 0, ""MeanOfTransportation"": 0, ""Building"": 0, ""NaturalPlace"": 0, ""Village"": 0, ""Animal"": 0, ""Plant"": 3, ""Album"": 0, ""Film"": 0, ""WrittenWork"": 0}",3,3,1.0,1
93,Animal,,Animal,Tarachodes griseus.  Tarachodes griseus is a species of praying mantis in the genus Tarachodes.,"{""Company"": 0, ""EducationalInstitution"": 0, ""Artist"": 0, ""Athlete"": 0, ""OfficeHolder"": 0, ""MeanOfTransportation"": 0, ""Building"": 0, ""NaturalPlace"": 0, ""Village"": 0, ""Animal"": 3, ""Plant"": 0, ""Album"": 0, ""Film"": 0, ""WrittenWork"": 0}",3,3,1.0,1
94,Artist,,Artist,Distance (musician).  Distance (born Greg Sanders) is a British dubstep producer and DJ notable for being a major proponent of the genre especially since the release of his debut album My Demons in January 2007 released on Planet Mu records. He also founded the record label Chestplate in that year to promote himself and other dubstep artists.,"{""Company"": 0, ""EducationalInstitution"": 0, ""Artist"": 3, ""Athlete"": 0, ""OfficeHolder"": 0, ""MeanOfTransportation"": 0, ""Building"": 0, ""NaturalPlace"": 0, ""Village"": 0, ""Animal"": 0, ""Plant"": 0, ""Album"": 0, ""Film"": 0, ""WrittenWork"": 0}",3,3,1.0,1
95,Building,,Building,Newark Friary.  Newark Friary also known as Newark Greyfriars and Newark Observant Friary was a friary of the reformed Observant Friars of the Franciscan Order located in the town of Newark Nottinghamshire England. The friary as founded by Henry Tudor c. 1499 and dissolved by his son Henry VIII in 1539.,"{""Company"": 0, ""EducationalInstitution"": 0, ""Artist"": 0, ""Athlete"": 0, ""OfficeHolder"": 0, ""MeanOfTransportation"": 0, ""Building"": 3, ""NaturalPlace"": 0, ""Village"": 0, ""Animal"": 0, ""Plant"": 0, ""Album"": 0, ""Film"": 0, ""WrittenWork"": 0}",3,3,1.0,1
96,OfficeHolder,,OfficeHolder,Suzanne Beauchamp-Niquet.  Suzanne Beauchamp-Niquet (11 August 1932 – 22 February 2011) was a Liberal party member of the Canadian House of Commons. She was an administrator by career.Born in Russell Ontario she attended schools in Vanier Val d'Or and Abitibi-Jonquière. She also attended the Collège des Soeurs Grises de la Croix.she was elected at the Roberval electoral district in the 1980 federal election and served in the 32nd Canadian Parliament.,"{""Company"": 0, ""EducationalInstitution"": 0, ""Artist"": 0, ""Athlete"": 0, ""OfficeHolder"": 3, ""MeanOfTransportation"": 0, ""Building"": 0, ""NaturalPlace"": 0, ""Village"": 0, ""Animal"": 0, ""Plant"": 0, ""Album"": 0, ""Film"": 0, ""WrittenWork"": 0}",3,3,1.0,1
97,WrittenWork,,Company,Happyland (novel).  Happyland is satirical novel written by J. Robert Lennon about a town in upstate New York that is taken over by a doll maker. Some have interpreted the plot as an account of American Girl founder Pleasant Rowland's attempt to develop the village of Aurora Cayuga County New York into a quaint tourism destination.,"{""Company"": 2, ""EducationalInstitution"": 0, ""Artist"": 0, ""Athlete"": 0, ""OfficeHolder"": 0, ""MeanOfTransportation"": 0, ""Building"": 1, ""NaturalPlace"": 0, ""Village"": 0, ""Animal"": 0, ""Plant"": 0, ""Album"": 0, ""Film"": 0, ""WrittenWork"": 0}",2,3,0.6667,0
98,Plant,,NaturalPlace,Tillandsia rubella.  Tillandsia rubella is a species of the genus Tillandsia. This species is native to Bolivia and Ecuador.,"{""Company"": 0, ""EducationalInstitution"": 0, ""Artist"": 0, ""Athlete"": 0, ""OfficeHolder"": 0, ""MeanOfTransportation"": 0, ""Building"": 0, ""NaturalPlace"": 2, ""Village"": 0, ""Animal"": 0, ""Plant"": 1, ""Album"": 0, ""Film"": 0, ""WrittenWork"": 0}",2,3,0.6667,0
99,Album,,Album,Hotel California (Eagles album).  Hotel California is the fifth studio album by the American rock band the Eagles released on December 8 1976. It is the first Eagles album without the appearance of founding member Bernie Leadon and the first album with Joe Walsh. It is also the last album featuring original bass player and singer Randy Meisner. The album became the band's best-selling studio album with over 16 million copies sold in the U.S. alone and over 32 million copies worldwide.,"{""Company"": 0, ""EducationalInstitution"": 0, ""Artist"": 0, ""Athlete"": 0, ""OfficeHolder"": 0, ""MeanOfTransportation"": 0, ""Building"": 0, ""NaturalPlace"": 0, ""Village"": 0, ""Animal"": 0, ""Plant"": 0, ""Album"": 3, ""Film"": 0, ""WrittenWork"": 0}",3,3,1.0,1
100,MeanOfTransportation,,Building,Schorpioen-class monitor.  The Schorpioen-class monitors were a pair of ships built abroad for the Royal Netherlands Navy in the 1860s.,"{""Company"": 0, ""EducationalInstitution"": 0, ""Artist"": 0, ""Athlete"": 0, ""OfficeHolder"": 0, ""MeanOfTransportation"": 0, ""Building"": 3, ""NaturalPlace"": 0, ""Village"": 0, ""Animal"": 0, ""Plant"": 0, ""Album"": 0, ""Film"": 0, ""WrittenWork"": 0}",3,3,1.0,0
101,MeanOfTransportation,,Company,SS Persic.  SS Persic was a cargo vessel of the White Star Line built by Harland and Wolff in 1899. She was one of the five Jubilee Class ships (the others being the Afric Medic Suevic and Runic) built specifically to service the Liverpool–Cape Town–Sydney route.On October 26 1899 Persic assisted the crew of the schooner Maudra which had caught on fire. She was requisitioned as a troopship during World War I.,"{""Company"": 2, ""EducationalInstitution"": 0, ""Artist"": 0, ""Athlete"": 0, ""OfficeHolder"": 1, ""MeanOfTransportation"": 0, ""Building"": 0, ""NaturalPlace"": 0, ""Village"": 0, ""Animal"": 0, ""Plant"": 0, ""Album"": 0, ""Film"": 0, ""WrittenWork"": 0}",2,3,0.6667,0
102,Company,,Company,Arthas.com.  Arthas.com was a company based in the United States acquired by Yahoo! on March 23 2000. Before its acquisition it was a provider of online payment and commerce systems similar to PayPal.,"{""Company"": 3, ""EducationalInstitution"": 0, ""Artist"": 0, ""Athlete"": 0, ""OfficeHolder"": 0, ""MeanOfTransportation"": 0, ""Building"": 0, ""NaturalPlace"": 0, ""Village"": 0, ""Animal"": 0, ""Plant"": 0, ""Album"": 0, ""Film"": 0, ""WrittenWork"": 0}",3,3,1.0,1
103,WrittenWork,,Company,Medical Mycology.  Medical Mycology is a scientific journal published by the International Society of Human and Animal Mycology in eight issues per year. The journal was established in 1962 as Sabouraudia honoring the French dermatologist/medical mycologist Raimond Sabouraud and publishing 3 to 4 issues per year. In 1986 the name was changed to the Journal of Medical and Veterinary Mycology and the number of issues was increased to six per year.,"{""Company"": 2, ""EducationalInstitution"": 0, ""Artist"": 0, ""Athlete"": 0, ""OfficeHolder"": 1, ""MeanOfTransportation"": 0, ""Building"": 0, ""NaturalPlace"": 0, ""Village"": 0, ""Animal"": 0, ""Plant"": 0, ""Album"": 0, ""Film"": 0, ""WrittenWork"": 0}",2,3,0.6667,0
104,Film,,Film,Bleeke Bet (1934 film).  Bleeke Bet is a 1934 Dutch comedy film directed by Alex Benno and Richard Oswald.,"{""Company"": 0, ""EducationalInstitution"": 0, ""Artist"": 0, ""Athlete"": 0, ""OfficeHolder"": 0, ""MeanOfTransportation"": 0, ""Building"": 0, ""NaturalPlace"": 0, ""Village"": 0, ""Animal"": 0, ""Plant"": 0, ""Album"": 0, ""Film"": 3, ""WrittenWork"": 0}",3,3,1.0,1
105,WrittenWork,,Album,Diary of a Wimpy Kid.  Diary of a Wimpy Kid is a satirical realistic fiction novel by Jeff Kinney. It is the first book in the Diary of a Wimpy Kid series. The book is about a boy named Greg Heffley and his struggles in middle school.Diary of a Wimpy Kid first appeared on FunBrain.com in 2004 which was read 20 million times. The hardcover version was released on April 1 2007. Diary of a Wimpy Kid was named New York Times bestseller among awards and praise. A film of the same name was released on March 19 2010.,"{""Company"": 1, ""EducationalInstitution"": 0, ""Artist"": 0, ""Athlete"": 0, ""OfficeHolder"": 0, ""MeanOfTransportation"": 0, ""Building"": 0, ""NaturalPlace"": 0, ""Village"": 0, ""Animal"": 0, ""Plant"": 0, ""Album"": 2, ""Film"": 0, ""WrittenWork"": 0}",2,3,0.6667,0
106,Film,,Company,Chances: The Women of Magdalene.  Chances: The Women of Magdalene is a 2006 documentary film produced and directed by Tom Neff and written by Neff and Barry Rubinow. The documentary features the socially conscious organization known as Magdalene located in Nashville Tennessee. The system of recovery practiced at Magdalene is based on the twelve steps and twelve traditions of Narcotics Anonymous.,"{""Company"": 2, ""EducationalInstitution"": 0, ""Artist"": 0, ""Athlete"": 0, ""OfficeHolder"": 0, ""MeanOfTransportation"": 0, ""Building"": 0, ""NaturalPlace"": 0, ""Village"": 0, ""Animal"": 0, ""Plant"": 0, ""Album"": 0, ""Film"": 1, ""WrittenWork"": 0}",2,3,0.6667,0
107,Athlete,,Athlete,Philip Edeipo.  Philip Edeipo (born 11 April 1986) is a Nigerian footballer. He currently plays for FC Kaisar in Kazakhstan Premier League.,"{""Company"": 0, ""EducationalInstitution"": 0, ""Artist"": 0, ""Athlete"": 3, ""OfficeHolder"": 0, ""MeanOfTransportation"": 0, ""Building"": 0, ""NaturalPlace"": 0, ""Village"": 0, ""Animal"": 0, ""Plant"": 0, ""Album"": 0, ""Film"": 0, ""WrittenWork"": 0}",3,3,1.0,1
108,Artist,,ABSTAIN,Lorraine Bethel.  Lorraine Bethel is an African-American lesbian feminist poet and author. She is a graduate of Yale University.Bethel has taught and lectured on black women's literature and black female culture at various institutions. She currently works as a freelance journalist in New York City.,"{""Company"": 0, ""EducationalInstitution"": 0, ""Artist"": 1, ""Athlete"": 0, ""OfficeHolder"": 0, ""MeanOfTransportation"": 0, ""Building"": 0, ""NaturalPlace"": 0, ""Village"": 0, ""Animal"": 0, ""Plant"": 0, ""Album"": 0, ""Film"": 0, ""WrittenWork"": 0}",0,3,0.0,0
109,Village,,Village,Dizgah.  Dizgah (Persian: ديزگاه‎ also Romanized as Dīzgāh; also known as Deyrgāh) is a village in Kuhestani-ye Talesh Rural District in the Central District of Talesh County Gilan Province Iran. At the 2006 census its population was 173 in 49 families.,"{""Company"": 0, ""EducationalInstitution"": 0, ""Artist"": 0, ""Athlete"": 0, ""OfficeHolder"": 0, ""MeanOfTransportation"": 0, ""Building"": 0, ""NaturalPlace"": 0, ""Village"": 3, ""Animal"": 0, ""Plant"": 0, ""Album"": 0, ""Film"": 0, ""WrittenWork"": 0}",3,3,1.0,1
110,Company,,Company,5-7-9.  5.7.9 is a low to mid-end fashion retailer similar to Rue21 and Forever 21 commonly found in malls throughout the continental United States and Puerto Rico and formerly Hawaii. The chain offers mid to low-priced fashions for young teens and young women between 13 to 22 years of age.,"{""Company"": 3, ""EducationalInstitution"": 0, ""Artist"": 0, ""Athlete"": 0, ""OfficeHolder"": 0, ""MeanOfTransportation"": 0, ""Building"": 0, ""NaturalPlace"": 0, ""Village"": 0, ""Animal"": 0, ""Plant"": 0, ""Album"": 0, ""Film"": 0, ""WrittenWork"": 0}",3,3,1.0,1
111,Company,,Company,Safe Harbor Certified Seafood.  Safe Harbor Certified Seafood is the first brand developed under San Rafael California based Micro Analytical Systems Inc. (MASI). Seafood bearing the Safe Harbor seal is tested for overall mercury content to be under the FDA's action level of 1ppm histamine Escherichia coli O157:H7(E.coli O157:H7) and salmonella. Every large fin fish is individually tested by MASI personnel so the maximum mercury level in that fish does not exceed the limit set for that species.,"{""Company"": 3, ""EducationalInstitution"": 0, ""Artist"": 0, ""Athlete"": 0, ""OfficeHolder"": 0, ""MeanOfTransportation"": 0, ""Building"": 0, ""NaturalPlace"": 0, ""Village"": 0, ""Animal"": 0, ""Plant"": 0, ""Album"": 0, ""Film"": 0, ""WrittenWork"": 0}",3,3,1.0,1
112,MeanOfTransportation,,Company,Clown-class gunboat.  The Clown class gunboat was a class of twelve gunboats ordered by the Royal Navy in January 1856 for use in the Crimean War although by the time they were completed later that year the Crimean War was over and some of these gunboats were sent to the Far East and took part in the Second Opium War.,"{""Company"": 3, ""EducationalInstitution"": 0, ""Artist"": 0, ""Athlete"": 0, ""OfficeHolder"": 0, ""MeanOfTransportation"": 0, ""Building"": 0, ""NaturalPlace"": 0, ""Village"": 0, ""Animal"": 0, ""Plant"": 0, ""Album"": 0, ""Film"": 0, ""WrittenWork"": 0}",3,3,1.0,0
113,Plant,,Plant,Erysimum nervosum.  Erysimum nervosum (syn: Erysimum grandiflorum Desf. var. nervosum (Pomel) Batt.) is a short-lived polycarpic perennial herb. It is found in many montane regions of North Africa including the Rif Mountains and Atlas Mountains in Morocco the Tell Atlas in Algeria and the Ghar-Rouban mountains in Algeria and Tunisia. Erysimum nervosum is distributed between 1000 and 3000 meters above sea level and inhabits forests scrublands and shrublands.,"{""Company"": 0, ""EducationalInstitution"": 0, ""Artist"": 0, ""Athlete"": 0, ""OfficeHolder"": 0, ""MeanOfTransportation"": 0, ""Building"": 0, ""NaturalPlace"": 0, ""Village"": 0, ""Animal"": 0, ""Plant"": 3, ""Album"": 0, ""Film"": 0, ""WrittenWork"": 0}",3,3,1.0,1
114,Village,,Village,Seyyed Davud Khuzestan.  Seyyed Davud (Persian: سيدداود‎ also Romanized as Seyyed Dāvūd) is a village in Ahudasht Rural District Shavur District Shush County Khuzestan Province Iran. At the 2006 census its population was 166 in 28 families.,"{""Company"": 0, ""EducationalInstitution"": 0, ""Artist"": 0, ""Athlete"": 0, ""OfficeHolder"": 0, ""MeanOfTransportation"": 0, ""Building"": 0, ""NaturalPlace"": 0, ""Village"": 3, ""Animal"": 0, ""Plant"": 0, ""Album"": 0, ""Film"": 0, ""WrittenWork"": 0}",3,3,1.0,1
115,Company,,Company,SANAKO.  Sanako is a technology company developing language teaching solutions teaching and classroom management software virtual learning and professional development solutions.Sanako's multimedia learning solutions are used by universities schools educational institutions and corporations in more than 100 countries. Based in Finland the company has sales offices in China India UAE UK and US.,"{""Company"": 3, ""EducationalInstitution"": 0, ""Artist"": 0, ""Athlete"": 0, ""OfficeHolder"": 0, ""MeanOfTransportation"": 0, ""Building"": 0, ""NaturalPlace"": 0, ""Village"": 0, ""Animal"": 0, ""Plant"": 0, ""Album"": 0, ""Film"": 0, ""WrittenWork"": 0}",3,3,1.0,1
116,EducationalInstitution,,EducationalInstitution,Colonie Central High School.  Colonie Central High School is a public high school in the town of Colonie with the postal address of Albany New York. In 2005 it had 2225 students and 132 classroom teachers. It is part of the South Colonie Central School District. The building principal is David Wetzel.,"{""Company"": 0, ""EducationalInstitution"": 3, ""Artist"": 0, ""Athlete"": 0, ""OfficeHolder"": 0, ""MeanOfTransportation"": 0, ""Building"": 0, ""NaturalPlace"": 0, ""Village"": 0, ""Animal"": 0, ""Plant"": 0, ""Album"": 0, ""Film"": 0, ""WrittenWork"": 0}",3,3,1.0,1
117,Village,,Village,Gowdark.  Gowdark (Persian: گودرك‎; also known as Godark) is a village in Rud Ab-e Gharbi Rural District Rud Ab District Narmashir County Kerman Province Iran. At the 2006 census its population was 25 in 6 families.,"{""Company"": 0, ""EducationalInstitution"": 0, ""Artist"": 0, ""Athlete"": 0, ""OfficeHolder"": 0, ""MeanOfTransportation"": 0, ""Building"": 0, ""NaturalPlace"": 0, ""Village"": 3, ""Animal"": 0, ""Plant"": 0, ""Album"": 0, ""Film"": 0, ""WrittenWork"": 0}",3,3,1.0,1
118,EducationalInstitution,,Company,Hampden–Sydney College.  Hampden–Sydney College is a liberal arts college for men located in Hampden Sydney Virginia United States. Founded in 1775 Hampden–Sydney is the oldest private charter college in the Southern U.S. the last college founded before the American Revolution and one of only three four-year all-men's liberal arts colleges in the United States.,"{""Company"": 3, ""EducationalInstitution"": 0, ""Artist"": 0, ""Athlete"": 0, ""OfficeHolder"": 0, ""MeanOfTransportation"": 0, ""Building"": 0, ""NaturalPlace"": 0, ""Village"": 0, ""Animal"": 0, ""Plant"": 0, ""Album"": 0, ""Film"": 0, ""WrittenWork"": 0}",3,3,1.0,0
119,Company,,Company,TGS-NOPEC Geophysical Company.  TGS-NOPEC Geophysical Company referred to as TGS and listed on the Oslo Stock Exchange was founded by a 1998 merger of TGS (Tomlinson Geophysical Services Inc.) Calibre Geophysical Co. Inc (founded 1981) and NOPEC (NOrwegian Petroleum Exploration Consultants) International ASA founded in 1981.TGS provides multi-client geoscience data to oil and gas exploration and production companies worldwide.,"{""Company"": 3, ""EducationalInstitution"": 0, ""Artist"": 0, ""Athlete"": 0, ""OfficeHolder"": 0, ""MeanOfTransportation"": 0, ""Building"": 0, ""NaturalPlace"": 0, ""Village"": 0, ""Animal"": 0, ""Plant"": 0, ""Album"": 0, ""Film"": 0, ""WrittenWork"": 0}",3,3,1.0,1
120,Film,,Film,Wishman.  Wishman is a 1992 fantasy film written and directed by Mike Marvin and starring Paul Le Mat Geoffrey Lewis Brion James and Quin Kessler.,"{""Company"": 0, ""EducationalInstitution"": 0, ""Artist"": 0, ""Athlete"": 0, ""OfficeHolder"": 0, ""MeanOfTransportation"": 0, ""Building"": 0, ""NaturalPlace"": 0, ""Village"": 0, ""Animal"": 0, ""Plant"": 0, ""Album"": 0, ""Film"": 3, ""WrittenWork"": 0}",3,3,1.0,1
121,Athlete,,Company,Justin Stephens.  Justin Christopher John Stephens (born 12 August 1979) is an English cricketer. Stephens is a right-handed batsman who bowls right-arm medium pace. He was born at Penzance Cornwall.Stephens made his Minor Counties Championship debut for Cornwall in 1998 against Dorset. From 1998 to 2007 he represented the county in 36 Minor Counties Championship matches the last of which came against Berkshire. Stephens has also represented Cornwall in the MCCA Knockout Trophy.,"{""Company"": 2, ""EducationalInstitution"": 0, ""Artist"": 0, ""Athlete"": 1, ""OfficeHolder"": 0, ""MeanOfTransportation"": 0, ""Building"": 0, ""NaturalPlace"": 0, ""Village"": 0, ""Animal"": 0, ""Plant"": 0, ""Album"": 0, ""Film"": 0, ""WrittenWork"": 0}",2,3,0.6667,0
122,MeanOfTransportation,,ABSTAIN,USS George A. Johnson (DE-583).  USS George A. Johnson (DE-583) was a Rudderow-class destroyer escort in the United States Navy during World War II and later served as a Navy Reserve training ship.George A. Johnson was laid down by Bethlehem-Hingham Shipyard Hingham Massachusetts 24 November 1943; launched 12 January 1944; sponsored by Mrs. Alfred R. Johnson Private Johnson's mother; and commissioned 15 April 1944 Lieutenant Commander Alvin Robinson in command.After shakedown off Bermuda George A.,"{""Company"": 1, ""EducationalInstitution"": 0, ""Artist"": 0, ""Athlete"": 0, ""OfficeHolder"": 1, ""MeanOfTransportation"": 0, ""Building"": 1, ""NaturalPlace"": 0, ""Village"": 0, ""Animal"": 0, ""Plant"": 0, ""Album"": 0, ""Film"": 0, ""WrittenWork"": 0}",0,3,0.0,0
123,Album,,Album,Supernal Liberty.  Supernal Liberty is an album by Nana Mizuki. It was released on April 16 2014 in three editions: a CD only edition and two limited CD+BD/DVD editions. Two limited editions includes two videos: photo shooting of the album and a special edition of the documentary Natsu no Kakera~ Mizuki Nana 2013 Natsu no Dekigoto,"{""Company"": 0, ""EducationalInstitution"": 0, ""Artist"": 0, ""Athlete"": 0, ""OfficeHolder"": 0, ""MeanOfTransportation"": 0, ""Building"": 0, ""NaturalPlace"": 0, ""Village"": 0, ""Animal"": 0, ""Plant"": 0, ""Album"": 3, ""Film"": 0, ""WrittenWork"": 0}",3,3,1.0,1
124,EducationalInstitution,,EducationalInstitution,University of Caxias do Sul.  The University of Caxias do Sul (Universidade de Caxias do Sul in Portuguese UCS) is among the largest universities in the Brazilian state of Rio Grande do Sul by number of students (37021). It was founded in 1967. It is almost completely located in Caxias do Sul but there are also campi in Bento Gonçalves Vacaria Farroupilha Guaporé Nova Prata São Sebastião do Caí Canela and Veranópolis.,"{""Company"": 1, ""EducationalInstitution"": 2, ""Artist"": 0, ""Athlete"": 0, ""OfficeHolder"": 0, ""MeanOfTransportation"": 0, ""Building"": 0, ""NaturalPlace"": 0, ""Village"": 0, ""Animal"": 0, ""Plant"": 0, ""Album"": 0, ""Film"": 0, ""WrittenWork"": 0}",2,3,0.6667,1
125,OfficeHolder,,OfficeHolder,G. Kishan Reddy.  G. Kishan Reddy (born 15 May 1964) is the state president of Andhra Pradesh India. He is a member of the Bharatiya Janata Party (BJP). He is the Member of the Legislative Assembly representing Amberpet assembly segment and is the floor leader of the BJP in the State legislature.,"{""Company"": 0, ""EducationalInstitution"": 0, ""Artist"": 0, ""Athlete"": 0, ""OfficeHolder"": 3, ""MeanOfTransportation"": 0, ""Building"": 0, ""NaturalPlace"": 0, ""Village"": 0, ""Animal"": 0, ""Plant"": 0, ""Album"": 0, ""Film"": 0, ""WrittenWork"": 0}",3,3,1.0,1
126,Plant,,Plant,Vriesea arpocalyx.  Vriesea arpocalyx is a species of plant in the Bromeliaceae family. It is endemic to Ecuador. Its natural habitats are subtropical or tropical moist montane forests and subtropical or tropical dry shrubland. It is threatened by habitat loss.,"{""Company"": 0, ""EducationalInstitution"": 0, ""Artist"": 0, ""Athlete"": 0, ""OfficeHolder"": 0, ""MeanOfTransportation"": 0, ""Building"": 0, ""NaturalPlace"": 0, ""Village"": 0, ""Animal"": 0, ""Plant"": 3, ""Album"": 0, ""Film"": 0, ""WrittenWork"": 0}",3,3,1.0,1
127,Film,,Film,Seventeen Again.  Seventeen Again is a fantasy–comedy film. It first aired on Showtime on November 12 2000 and was released on DVD on April 9 2002. The films stars Sister Sister's Tia & Tamera and their brother Tahj Mowry from Smart Guy. The film was directed by Jeffrey W. Byrd.,"{""Company"": 0, ""EducationalInstitution"": 0, ""Artist"": 0, ""Athlete"": 0, ""OfficeHolder"": 0, ""MeanOfTransportation"": 0, ""Building"": 0, ""NaturalPlace"": 0, ""Village"": 0, ""Animal"": 0, ""Plant"": 0, ""Album"": 0, ""Film"": 3, ""WrittenWork"": 0}",3,3,1.0,1
128,NaturalPlace,,NaturalPlace,Youngs River.  The Youngs River is a tributary of the Columbia River approximately 20 miles (32 km) long in northwest Oregon in the United States. It drains part of the Northern Oregon Coast Range in the extreme northwest corner of state entering the Columbia just upstream from its mouth.It rises in a remote section of the mountains of central Clatsop County north of Saddle Mountain State Natural Area.,"{""Company"": 0, ""EducationalInstitution"": 0, ""Artist"": 0, ""Athlete"": 0, ""OfficeHolder"": 0, ""MeanOfTransportation"": 0, ""Building"": 0, ""NaturalPlace"": 3, ""Village"": 0, ""Animal"": 0, ""Plant"": 0, ""Album"": 0, ""Film"": 0, ""WrittenWork"": 0}",3,3,1.0,1
129,WrittenWork,,Company,Batman: Year 100.  Batman: Year 100 is a four-issue American comic book mini-series starring Batman published in 2006 by DC Comics. It was written and illustrated by Paul Pope and colored by José Villarrubia.,"{""Company"": 3, ""EducationalInstitution"": 0, ""Artist"": 0, ""Athlete"": 0, ""OfficeHolder"": 0, ""MeanOfTransportation"": 0, ""Building"": 0, ""NaturalPlace"": 0, ""Village"": 0, ""Animal"": 0, ""Plant"": 0, ""Album"": 0, ""Film"": 0, ""WrittenWork"": 0}",3,3,1.0,0
130,WrittenWork,,Company,Lo Stivale.  Lo Stivale: Periodico d’informazione Cultura e Sport per gli italiani dell’Alberta was the first Italian newspaper published in Alberta.,"{""Company"": 3, ""EducationalInstitution"": 0, ""Artist"": 0, ""Athlete"": 0, ""OfficeHolder"": 0, ""MeanOfTransportation"": 0, ""Building"": 0, ""NaturalPlace"": 0, ""Village"": 0, ""Animal"": 0, ""Plant"": 0, ""Album"": 0, ""Film"": 0, ""WrittenWork"": 0}",3,3,1.0,0
131,Film,,Film,Anbu (2003 film).  Anbu is a 2003 Indian Tamil drama film written and directed by Dalapathiraj. The film which starred Bala and Deepu in the leading roles released in February 2003.,"{""Company"": 0, ""EducationalInstitution"": 0, ""Artist"": 0, ""Athlete"": 0, ""OfficeHolder"": 0, ""MeanOfTransportation"": 0, ""Building"": 0, ""NaturalPlace"": 0, ""Village"": 0, ""Animal"": 0, ""Plant"": 0, ""Album"": 0, ""Film"": 3, ""WrittenWork"": 0}",3,3,1.0,1
132,Artist,,Athlete,Bounty Killer.  Bounty Killer (born Rodney Basil Price; 12 June 1972; Kingston Jamaica) is a Jamaican reggae and dancehall deejay. He is the founder of a dancehall collective known as The Alliance with deejay Mavado.,"{""Company"": 0, ""EducationalInstitution"": 0, ""Artist"": 1, ""Athlete"": 2, ""OfficeHolder"": 0, ""MeanOfTransportation"": 0, ""Building"": 0, ""NaturalPlace"": 0, ""Village"": 0, ""Animal"": 0, ""Plant"": 0, ""Album"": 0, ""Film"": 0, ""WrittenWork"": 0}",2,3,0.6667,0
133,Athlete,,Athlete,Lars-Göran Nilsson.  Birger Lars-Göran Nilsson (born March 9 1944 in Vuollerim Sweden) is a retired professional ice hockey player who played in the Elitserien. He played for Brynäs IF. He was a member of the Swedish 1976 Canada Cup team and 1968 Winter Olympics.,"{""Company"": 0, ""EducationalInstitution"": 0, ""Artist"": 0, ""Athlete"": 3, ""OfficeHolder"": 0, ""MeanOfTransportation"": 0, ""Building"": 0, ""NaturalPlace"": 0, ""Village"": 0, ""Animal"": 0, ""Plant"": 0, ""Album"": 0, ""Film"": 0, ""WrittenWork"": 0}",3,3,1.0,1
134,Building,,Building,Tootell House.  The Tootell House (also called King's Row or Hedgerow) is a house at 1747 Mooresfield Road in Kingston Rhode Island that is listed on the National Register of Historic Places.The two-story wood-shingled Colonial Revival house on a 3-acre (12000 m2) tract was designed by Gunther and Beamis Associates of Boston for Mr. & Mrs. F. Delmont Tootell and was built in 1932-1933. House design was by John J.G. Gunther and Elizabeth Clark Gunther was the landscape architect for the grounds.,"{""Company"": 0, ""EducationalInstitution"": 0, ""Artist"": 0, ""Athlete"": 0, ""OfficeHolder"": 0, ""MeanOfTransportation"": 0, ""Building"": 3, ""NaturalPlace"": 0, ""Village"": 0, ""Animal"": 0, ""Plant"": 0, ""Album"": 0, ""Film"": 0, ""WrittenWork"": 0}",3,3,1.0,1
135,Animal,,Animal,Aglae.  Aglae is a genus of euglossine bees with the only described species Aglae caerulea. Like all orchid bees it is restricted to the Neotropics.They are metallic blue.This species like the genus Exaerete is a nest parasite on free-living Euglossini. A. caerulea lays its eggs in the nests of Eulaema nigrita and possibly other Eulaema species.Among other substances males of this species are attracted by methyl cinnamate baits.,"{""Company"": 0, ""EducationalInstitution"": 0, ""Artist"": 0, ""Athlete"": 0, ""OfficeHolder"": 0, ""MeanOfTransportation"": 0, ""Building"": 0, ""NaturalPlace"": 0, ""Village"": 0, ""Animal"": 3, ""Plant"": 0, ""Album"": 0, ""Film"": 0, ""WrittenWork"": 0}",3,3,1.0,1
136,Film,,Film,Durval Discos.  Durval Discos is a 2002 Brazilian film by Anna Muylaert shot in Pinheiros a borough of São Paulo. The film is noticeable for its soundtrack made up of 1970s Brazilian music that reflects the protagonist's taste as he is himself a hippie as well as André Abujamra's original score more present in the film's second darker half. The shift of mood from the first part to the second was advertised as life's A and B side a reference to the film's homage to LPs.,"{""Company"": 0, ""EducationalInstitution"": 0, ""Artist"": 0, ""Athlete"": 0, ""OfficeHolder"": 0, ""MeanOfTransportation"": 0, ""Building"": 0, ""NaturalPlace"": 0, ""Village"": 0, ""Animal"": 0, ""Plant"": 0, ""Album"": 0, ""Film"": 3, ""WrittenWork"": 0}",3,3,1.0,1
137,Animal,,Animal,Cucumaria miniata.  Cucumaria miniata is commonly known as the orange sea cucumber or red sea cucumber due to its striking color. It its often found wedged in between rocks or crevices at the coast or on docks and can generally be identified by its orange bushy tentacles protruding above the substrate.,"{""Company"": 0, ""EducationalInstitution"": 0, ""Artist"": 0, ""Athlete"": 0, ""OfficeHolder"": 0, ""MeanOfTransportation"": 0, ""Building"": 0, ""NaturalPlace"": 0, ""Village"": 0, ""Animal"": 3, ""Plant"": 0, ""Album"": 0, ""Film"": 0, ""WrittenWork"": 0}",3,3,1.0,1
138,Village,,Village,Polesiny.  Polesiny [pɔlɛˈɕinɨ] (German: Jägersfelde) is a village in the administrative district of Gmina Widuchowa within Gryfino County West Pomeranian Voivodeship in north-western Poland close to the German border. It lies approximately 11 kilometres (7 mi) south-east of Widuchowa 23 km (14 mi) south of Gryfino and 42 km (26 mi) south of the regional capital Szczecin.Before 1945 the area was part of Germany. For the history of the region see History of Pomerania.,"{""Company"": 0, ""EducationalInstitution"": 0, ""Artist"": 0, ""Athlete"": 0, ""OfficeHolder"": 0, ""MeanOfTransportation"": 0, ""Building"": 0, ""NaturalPlace"": 0, ""Village"": 3, ""Animal"": 0, ""Plant"": 0, ""Album"": 0, ""Film"": 0, ""WrittenWork"": 0}",3,3,1.0,1
139,Athlete,,Athlete,Gerard Dewhurst.  Gerard Powys Dewhurst J.P. (14 February 1872 – 29 March 1956; sometimes referred to as Gerald Powys Dewhurst) was an English cotton merchant and banker. He was also an amateur footballer and earned one international cap for England in 1895 playing as an inside forward.,"{""Company"": 0, ""EducationalInstitution"": 0, ""Artist"": 0, ""Athlete"": 2, ""OfficeHolder"": 1, ""MeanOfTransportation"": 0, ""Building"": 0, ""NaturalPlace"": 0, ""Village"": 0, ""Animal"": 0, ""Plant"": 0, ""Album"": 0, ""Film"": 0, ""WrittenWork"": 0}",2,3,0.6667,1
140,Building,,Building,A. B. Hess Cigar Factory and Warehouses.  A. B. Hess Cigar Factory and Warehouses is a historic cigar factory and tobacco warehouse complex located at Lancaster Lancaster County Pennsylvania. The complex consist of four rectangular red brick buildings three to five stories tall. They are the R. H. Brubaker Tobacco Warehouse including the Koenig & Co. warehouse (c. 1880-1881) the Franklin H. Bare Tobacco Warehouse (c. 1880-1881) and the A. B. Hess Cigar Factory (c. 1905-1908).,"{""Company"": 0, ""EducationalInstitution"": 0, ""Artist"": 0, ""Athlete"": 0, ""OfficeHolder"": 0, ""MeanOfTransportation"": 0, ""Building"": 3, ""NaturalPlace"": 0, ""Village"": 0, ""Animal"": 0, ""Plant"": 0, ""Album"": 0, ""Film"": 0, ""WrittenWork"": 0}",3,3,1.0,1
141,MeanOfTransportation,,Company,Symphony SA-160.  The Symphony SA-160 is a CAR 523 certified two-seat single-engine high-wing airplane that was manufactured by Symphony Aircraft Industries in Trois-Rivières Quebec Canada in the mid-2000s.The SA-160 is a development of the Stoddard-Hamilton Glastar amateur-built kit aircraft and is externally similar to that design.,"{""Company"": 2, ""EducationalInstitution"": 0, ""Artist"": 0, ""Athlete"": 0, ""OfficeHolder"": 0, ""MeanOfTransportation"": 0, ""Building"": 1, ""NaturalPlace"": 0, ""Village"": 0, ""Animal"": 0, ""Plant"": 0, ""Album"": 0, ""Film"": 0, ""WrittenWork"": 0}",2,3,0.6667,0
142,Village,,Village,Ahmadiyeh Hamadan.  Ahmadiyeh (Persian: احمديه‎ also Romanized as Aḩmadīyeh; also known as Aḩmad Rowghanī) is a village in Kamazan-e Olya Rural District Zand District Malayer County Hamadan Province Iran. At the 2006 census its population was 330 in 80 families.,"{""Company"": 0, ""EducationalInstitution"": 0, ""Artist"": 0, ""Athlete"": 0, ""OfficeHolder"": 0, ""MeanOfTransportation"": 0, ""Building"": 0, ""NaturalPlace"": 0, ""Village"": 3, ""Animal"": 0, ""Plant"": 0, ""Album"": 0, ""Film"": 0, ""WrittenWork"": 0}",3,3,1.0,1
143,Animal,,Animal,Bothrops ammodytoides.  Common names: Patagonian lancehead yararanata Patagonian pit viper.Bothrops ammodytoides is a venomous pit viper species endemic to Argentina. No subspecies are currently recognized.,"{""Company"": 0, ""EducationalInstitution"": 0, ""Artist"": 0, ""Athlete"": 0, ""OfficeHolder"": 0, ""MeanOfTransportation"": 0, ""Building"": 0, ""NaturalPlace"": 0, ""Village"": 0, ""Animal"": 3, ""Plant"": 0, ""Album"": 0, ""Film"": 0, ""WrittenWork"": 0}",3,3,1.0,1
144,Building,,Building,Holy Trinity Church (Old Swedes).  Holy Trinity Church also known as Old Swedes is a church in Wilmington Delaware that is a National Historic Landmark. It was dedicated on July 4 1699.,"{""Company"": 0, ""EducationalInstitution"": 0, ""Artist"": 0, ""Athlete"": 0, ""OfficeHolder"": 0, ""MeanOfTransportation"": 0, ""Building"": 3, ""NaturalPlace"": 0, ""Village"": 0, ""Animal"": 0, ""Plant"": 0, ""Album"": 0, ""Film"": 0, ""WrittenWork"": 0}",3,3,1.0,1
145,Company,,Company,Umpqua Holdings Corporation.  Umpqua Holdings Corporation is a financial holding company based in downtown Portland Oregon United States. Headquarters are in the Umpqua Bank Plaza formerly the headquarters of the Benj. Franklin Savings and Loan. The firm has two principal operating subsidiaries Umpqua Bank (the Bank) and Umpqua Investments formerly Strand Atkinson Williams and York (Investments).The company's three main operating segments are community banking mortgage banking and retail brokerage.,"{""Company"": 3, ""EducationalInstitution"": 0, ""Artist"": 0, ""Athlete"": 0, ""OfficeHolder"": 0, ""MeanOfTransportation"": 0, ""Building"": 0, ""NaturalPlace"": 0, ""Village"": 0, ""Animal"": 0, ""Plant"": 0, ""Album"": 0, ""Film"": 0, ""WrittenWork"": 0}",3,3,1.0,1
146,Athlete,,Athlete,Jordi Pablo Ripollés.  Jordi Pablo Ripollés (born 1 January 1990 in Vinaròs Castellón) is a Spanish footballer who plays for La Roda CF as a right midfielder.,"{""Company"": 0, ""EducationalInstitution"": 0, ""Artist"": 0, ""Athlete"": 3, ""OfficeHolder"": 0, ""MeanOfTransportation"": 0, ""Building"": 0, ""NaturalPlace"": 0, ""Village"": 0, ""Animal"": 0, ""Plant"": 0, ""Album"": 0, ""Film"": 0, ""WrittenWork"": 0}",3,3,1.0,1
147,Plant,,Plant,Bulbophyllum dependens.  Bulbophyllum dependens is a species of orchid in the genus Bulbophyllum.,"{""Company"": 0, ""EducationalInstitution"": 0, ""Artist"": 0, ""Athlete"": 0, ""OfficeHolder"": 0, ""MeanOfTransportation"": 0, ""Building"": 0, ""NaturalPlace"": 0, ""Village"": 0, ""Animal"": 0, ""Plant"": 3, ""Album"": 0, ""Film"": 0, ""WrittenWork"": 0}",3,3,1.0,1
148,NaturalPlace,,NaturalPlace,Kolkonjärvi.  Kolkonjärvi is a medium-sized lake in the Vuoksi main catchment area. It is located in the region Southern Savonia of Finland.In Finland there are 8 lakes that are called Kolkonjärvi. This is the biggest of them.,"{""Company"": 0, ""EducationalInstitution"": 0, ""Artist"": 0, ""Athlete"": 0, ""OfficeHolder"": 0, ""MeanOfTransportation"": 0, ""Building"": 0, ""NaturalPlace"": 3, ""Village"": 0, ""Animal"": 0, ""Plant"": 0, ""Album"": 0, ""Film"": 0, ""WrittenWork"": 0}",3,3,1.0,1
149,OfficeHolder,,OfficeHolder,Wolfgang Thierse.  Wolfgang Thierse (born October 22 1943) is a German politician (SPD).,"{""Company"": 0, ""EducationalInstitution"": 0, ""Artist"": 0, ""Athlete"": 0, ""OfficeHolder"": 3, ""MeanOfTransportation"": 0, ""Building"": 0, ""NaturalPlace"": 0, ""Village"": 0, ""Animal"": 0, ""Plant"": 0, ""Album"": 0, ""Film"": 0, ""WrittenWork"": 0}",3,3,1.0,1
150,Village,,Village,Ambadeniya.  Ambadeniya is a village in Sri Lanka. It is located within Central Province.,"{""Company"": 0, ""EducationalInstitution"": 0, ""Artist"": 0, ""Athlete"": 0, ""OfficeHolder"": 0, ""MeanOfTransportation"": 0, ""Building"": 0, ""NaturalPlace"": 0, ""Village"": 3, ""Animal"": 0, ""Plant"": 0, ""Album"": 0, ""Film"": 0, ""WrittenWork"": 0}",3,3,1.0,1
151,EducationalInstitution,,EducationalInstitution,Herndon High School (Kansas).  Herndon High School is a former high school located in Herndon Kansas USA which served students in grades 9-12. Herndon High School was the only high school within the city limits of Herndon Kansas. The school colors were blue and yellow and the school mascot was a Beaver. The average annual enrollment was approximately 200 students from several communities. Herndon High School was established in either 1912 or 1915.,"{""Company"": 0, ""EducationalInstitution"": 3, ""Artist"": 0, ""Athlete"": 0, ""OfficeHolder"": 0, ""MeanOfTransportation"": 0, ""Building"": 0, ""NaturalPlace"": 0, ""Village"": 0, ""Animal"": 0, ""Plant"": 0, ""Album"": 0, ""Film"": 0, ""WrittenWork"": 0}",3,3,1.0,1
152,Artist,,Artist,Radney Foster.  Radney Foster (born July 20 1959 Del Rio Texas United States) is an American singer-songwriter and music producer. Initially a songwriter in Nashville Tennessee Foster made his recording debut as part of the Foster & Lloyd duo recording three studio albums and with nine singles on the country charts.Foster began his solo career in 1992 and his album Del Rio TX 1959 produced four consecutive Top 40 hits.,"{""Company"": 0, ""EducationalInstitution"": 0, ""Artist"": 3, ""Athlete"": 0, ""OfficeHolder"": 0, ""MeanOfTransportation"": 0, ""Building"": 0, ""NaturalPlace"": 0, ""Village"": 0, ""Animal"": 0, ""Plant"": 0, ""Album"": 0, ""Film"": 0, ""WrittenWork"": 0}",3,3,1.0,1
153,Plant,,NaturalPlace,Nototrichium humile.  Nototrichium humile is a rare species of flowering plant in the amaranth family known by the common names kaala rockwort and kulu'i. It is endemic to Hawaii where it is now limited to the island of Oahu having been extirpated from Maui. It is a federally listed endangered species of the United States.The main threat to the species is fire. Most populations occur on the Makua Military Reservation in the Waianae Range of Oahu in territory at high risk for fire.,"{""Company"": 0, ""EducationalInstitution"": 0, ""Artist"": 0, ""Athlete"": 0, ""OfficeHolder"": 0, ""MeanOfTransportation"": 0, ""Building"": 0, ""NaturalPlace"": 2, ""Village"": 0, ""Animal"": 0, ""Plant"": 1, ""Album"": 0, ""Film"": 0, ""WrittenWork"": 0}",2,3,0.6667,0
154,Athlete,,Athlete,Geoff Barnett (cricketer).  Geoffrey Edward Fulton Barnett (born 3 February 1984) is a Canadian and New Zealand cricket player who plays first-class cricket for the New Zealand Central Districts.Barnett is a left-handed opening batsman who scored his maiden first-class century in his twelfth match making 136 for Canada against Kenya in their Intercontinental Cup game in August which Canada won by 25 runs.,"{""Company"": 0, ""EducationalInstitution"": 0, ""Artist"": 0, ""Athlete"": 3, ""OfficeHolder"": 0, ""MeanOfTransportation"": 0, ""Building"": 0, ""NaturalPlace"": 0, ""Village"": 0, ""Animal"": 0, ""Plant"": 0, ""Album"": 0, ""Film"": 0, ""WrittenWork"": 0}",3,3,1.0,1
155,Artist,,Artist,Papa Wemba.  Papa Wemba was born Jules Shungu Wembadio Pene Kikumba in 1949 in Lubefu (Sankuru District Belgian Congo). He is a Congolese rumba (later known as soukous) musician one of Africa's most popular musicians and prominent in world music.,"{""Company"": 0, ""EducationalInstitution"": 0, ""Artist"": 3, ""Athlete"": 0, ""OfficeHolder"": 0, ""MeanOfTransportation"": 0, ""Building"": 0, ""NaturalPlace"": 0, ""Village"": 0, ""Animal"": 0, ""Plant"": 0, ""Album"": 0, ""Film"": 0, ""WrittenWork"": 0}",3,3,1.0,1
156,Film,,Film,A Day in the Death of Joe Egg (film).  A Day in the Death of Joe Egg is a 1972 film based on the play of the same name by Peter Nichols directed by Peter Medak. It stars Alan Bates and Janet Suzman. It was nominated for a BAFTA Award in 1973.,"{""Company"": 0, ""EducationalInstitution"": 0, ""Artist"": 0, ""Athlete"": 0, ""OfficeHolder"": 0, ""MeanOfTransportation"": 0, ""Building"": 0, ""NaturalPlace"": 0, ""Village"": 0, ""Animal"": 0, ""Plant"": 0, ""Album"": 0, ""Film"": 3, ""WrittenWork"": 0}",3,3,1.0,1
157,WrittenWork,,Company,Progress in Human Geography.  Progress in Human Geography is a bimonthly peer-reviewed academic journal that covers the field of human geography primarily publishing critical reviews of current research. The journal's editor-in-chief is Noel Castree. It was established in 1977 and is currently published by SAGE Publications.,"{""Company"": 2, ""EducationalInstitution"": 1, ""Artist"": 0, ""Athlete"": 0, ""OfficeHolder"": 0, ""MeanOfTransportation"": 0, ""Building"": 0, ""NaturalPlace"": 0, ""Village"": 0, ""Animal"": 0, ""Plant"": 0, ""Album"": 0, ""Film"": 0, ""WrittenWork"": 0}",2,3,0.6667,0
158,Film,,Film,The Uh-Oh! Show.  The Uh-Oh! Show is a 2009 splatter comedy film written and directed by Herschell Gordon Lewis. The film revolves around a game show The Uh-Oh! Show where contestants play to win lots of money by answering trivia questions but appear to be dismembered for every wrong answer. Jill Porter a reporter suspects the gruesome attacks might not be fake.The film won the Audience Choice Award at Texas Frightmare Weekend and Best Feature Horror Film at the Melbourne Independent Filmmakers Festival.,"{""Company"": 0, ""EducationalInstitution"": 0, ""Artist"": 0, ""Athlete"": 0, ""OfficeHolder"": 0, ""MeanOfTransportation"": 0, ""Building"": 0, ""NaturalPlace"": 0, ""Village"": 0, ""Animal"": 0, ""Plant"": 0, ""Album"": 0, ""Film"": 3, ""WrittenWork"": 0}",3,3,1.0,1
159,WrittenWork,,WrittenWork,The Horror at Red Hook.  The Horror at Red Hook is a short story written by H. P. Lovecraft. Written on August 1–2 1925 it was first published in the January 1927 issue of Weird Tales.,"{""Company"": 0, ""EducationalInstitution"": 0, ""Artist"": 0, ""Athlete"": 0, ""OfficeHolder"": 0, ""MeanOfTransportation"": 0, ""Building"": 0, ""NaturalPlace"": 0, ""Village"": 0, ""Animal"": 0, ""Plant"": 0, ""Album"": 0, ""Film"": 1, ""WrittenWork"": 2}",2,3,0.6667,1
160,Company,,Company,Polity (publisher).  Polity is an international publisher in the social sciences and humanities. It publishes around 100 books a year in sociology politics philosophy media and cultural studies health studies literary studies history anthropology and related subjects. Its books range from core textbooks to cutting-edge scholarly work. Polity publishes some of the world's leading thinkers in social and political theory and philosophy.,"{""Company"": 3, ""EducationalInstitution"": 0, ""Artist"": 0, ""Athlete"": 0, ""OfficeHolder"": 0, ""MeanOfTransportation"": 0, ""Building"": 0, ""NaturalPlace"": 0, ""Village"": 0, ""Animal"": 0, ""Plant"": 0, ""Album"": 0, ""Film"": 0, ""WrittenWork"": 0}",3,3,1.0,1
161,EducationalInstitution,,EducationalInstitution,Dilston College.  The Mencap National College Dilston is a college owned by MENCAP for those with special needs. It is situated in Northumberland approximately 20 miles west of Newcastle-upon-Tyne. The remains of Dilston Castle stand in its grounds.,"{""Company"": 0, ""EducationalInstitution"": 3, ""Artist"": 0, ""Athlete"": 0, ""OfficeHolder"": 0, ""MeanOfTransportation"": 0, ""Building"": 0, ""NaturalPlace"": 0, ""Village"": 0, ""Animal"": 0, ""Plant"": 0, ""Album"": 0, ""Film"": 0, ""WrittenWork"": 0}",3,3,1.0,1
162,Animal,,Animal,Ulotrichopus.  Ulotrichopus is a genus of moths of the Noctuidae family.,"{""Company"": 0, ""EducationalInstitution"": 0, ""Artist"": 0, ""Athlete"": 0, ""OfficeHolder"": 0, ""MeanOfTransportation"": 0, ""Building"": 0, ""NaturalPlace"": 0, ""Village"": 0, ""Animal"": 3, ""Plant"": 0, ""Album"": 0, ""Film"": 0, ""WrittenWork"": 0}",3,3,1.0,1
163,Plant,,Plant,Salvia aristata.  Salvia aristata is a perennial root stout woody plant found in Iran and Turkey.,"{""Company"": 0, ""EducationalInstitution"": 0, ""Artist"": 0, ""Athlete"": 0, ""OfficeHolder"": 0, ""MeanOfTransportation"": 0, ""Building"": 0, ""NaturalPlace"": 0, ""Village"": 0, ""Animal"": 0, ""Plant"": 3, ""Album"": 0, ""Film"": 0, ""WrittenWork"": 0}",3,3,1.0,1
164,Plant,,Plant,Bulbophyllum neopommeranicum.  Bulbophyllum neopommeranicum is a species of orchid in the genus Bulbophyllum.,"{""Company"": 0, ""EducationalInstitution"": 0, ""Artist"": 0, ""Athlete"": 0, ""OfficeHolder"": 0, ""MeanOfTransportation"": 0, ""Building"": 0, ""NaturalPlace"": 0, ""Village"": 0, ""Animal"": 0, ""Plant"": 3, ""Album"": 0, ""Film"": 0, ""WrittenWork"": 0}",3,3,1.0,1
165,Building,,Company,Stark Museum of Art.  The Stark Museum of Art in Orange Texas houses one of the nation’s most significant collections of American Western art. The Western Art collection conveys the artistic interpretation of the western region over two centuries. It spans the explorations of the nineteenth century to the artistic colonies of the twentieth century. Among the many artists represented are John James Audubon Albert Bierstadt Frederic Remington Charles Marion Russell and Georgia O'Keeffe.,"{""Company"": 2, ""EducationalInstitution"": 0, ""Artist"": 0, ""Athlete"": 0, ""OfficeHolder"": 1, ""MeanOfTransportation"": 0, ""Building"": 0, ""NaturalPlace"": 0, ""Village"": 0, ""Animal"": 0, ""Plant"": 0, ""Album"": 0, ""Film"": 0, ""WrittenWork"": 0}",2,3,0.6667,0
166,EducationalInstitution,,EducationalInstitution,St. John Vianney High School (Kirkwood Missouri).  St. John Vianney High School (a.k.a. Vianney High School or simply Vianney) is a private all male Catholic college preparatory high school located in Kirkwood Missouri. It is located in the Roman Catholic Archdiocese of Saint Louis. The school was founded by the Society of Mary (Marianists) a religious order of priests and brothers who continue to run the school. The Marianists also run a number of other St. Louis area high schools including Chaminade College Preparatory Schooland St.,"{""Company"": 0, ""EducationalInstitution"": 3, ""Artist"": 0, ""Athlete"": 0, ""OfficeHolder"": 0, ""MeanOfTransportation"": 0, ""Building"": 0, ""NaturalPlace"": 0, ""Village"": 0, ""Animal"": 0, ""Plant"": 0, ""Album"": 0, ""Film"": 0, ""WrittenWork"": 0}",3,3,1.0,1
167,Company,,Company,Valley Transit.  Valley Transit is a city bus and paratransit commission operated by the city government of Appleton Wisconsin.The system operates across the Fox Cities and serves the cities of Appleton Kaukauna Menasha and Neenah as well as the towns of Buchanan Grand Chute and Menasha; and the villages of Kimberly and Little Chute.Public transportation in the area originated with streetcar systems which operated from 1886 to 1930 when they were completely replaced by buses operated by a company called Fox River Bus Lines.,"{""Company"": 3, ""EducationalInstitution"": 0, ""Artist"": 0, ""Athlete"": 0, ""OfficeHolder"": 0, ""MeanOfTransportation"": 0, ""Building"": 0, ""NaturalPlace"": 0, ""Village"": 0, ""Animal"": 0, ""Plant"": 0, ""Album"": 0, ""Film"": 0, ""WrittenWork"": 0}",3,3,1.0,1
168,Company,,Company,Kilimanjaro Live.  Kilimanjaro Live is a live event promotions company specialising in music concerts based in the United Kingdom. They are one of the largest event promoters in the UK. They own or operate Sonisphere Festival Wakestock Festival and Warped Tour (Europe only). The company was founded by music promoter Stuart Galbraith in 2008 as a joint venture with AEG Live. In 2012 the organisation was restructured leaving Galbraith as sole owner of Kilimanjaro Live.,"{""Company"": 3, ""EducationalInstitution"": 0, ""Artist"": 0, ""Athlete"": 0, ""OfficeHolder"": 0, ""MeanOfTransportation"": 0, ""Building"": 0, ""NaturalPlace"": 0, ""Village"": 0, ""Animal"": 0, ""Plant"": 0, ""Album"": 0, ""Film"": 0, ""WrittenWork"": 0}",3,3,1.0,1
169,Athlete,,Athlete,Eugene O'Neill (hurler).  Eugene O'Neill (born 1978 in Cappawhite County Tipperary) is an Irish sportsperson. He plays hurling with his local club Cappawhite and played with the Tipperary senior inter-county team in the 1990s and 2000s.,"{""Company"": 0, ""EducationalInstitution"": 0, ""Artist"": 0, ""Athlete"": 3, ""OfficeHolder"": 0, ""MeanOfTransportation"": 0, ""Building"": 0, ""NaturalPlace"": 0, ""Village"": 0, ""Animal"": 0, ""Plant"": 0, ""Album"": 0, ""Film"": 0, ""WrittenWork"": 0}",3,3,1.0,1
170,MeanOfTransportation,,OfficeHolder,USS New Haven (1776).  The first USS New Haven was a gundalow built in 1776 on Lake Champlain Capt. Mansfield in command under General Benedict Arnold who was a native of the ship's namesake city. New Haven took part in the engagement with the British Squadron at the Battle of Valcour Island on 11 and 12 October 1776. The New Haven was among those vessels deliberately grounded and burned preceding the American retreat overland to Crown Point and Fort Ticonderoga.,"{""Company"": 0, ""EducationalInstitution"": 0, ""Artist"": 0, ""Athlete"": 0, ""OfficeHolder"": 2, ""MeanOfTransportation"": 0, ""Building"": 1, ""NaturalPlace"": 0, ""Village"": 0, ""Animal"": 0, ""Plant"": 0, ""Album"": 0, ""Film"": 0, ""WrittenWork"": 0}",2,3,0.6667,0
171,Artist,,Artist,Lizé Santana.  Lizette Santana (born September 20 1980) better known by her stage name Lizé is an American recording artist singer songwriter musician record producer and actress.,"{""Company"": 0, ""EducationalInstitution"": 0, ""Artist"": 3, ""Athlete"": 0, ""OfficeHolder"": 0, ""MeanOfTransportation"": 0, ""Building"": 0, ""NaturalPlace"": 0, ""Village"": 0, ""Animal"": 0, ""Plant"": 0, ""Album"": 0, ""Film"": 0, ""WrittenWork"": 0}",3,3,1.0,1
172,Plant,,Plant,Tecticornia halocnemoides.  Tecticornia halocnemoides commonly known as Shrubby Samphire or Grey Glasswort is a species of succulent salt tolerant plant endemic to Australia. It grows as a spreading or erect shrub up to fifty centimetres high. It was first published as Arthrocnemum halocnemoides in 1845 but transferred into Halosarcia in 1980 and into Tecticornia in 2007.It is a highly variable species with five published subspecies some of which are themselves highly variable. These are T. halocnemoides subsp.,"{""Company"": 0, ""EducationalInstitution"": 0, ""Artist"": 0, ""Athlete"": 0, ""OfficeHolder"": 0, ""MeanOfTransportation"": 0, ""Building"": 0, ""NaturalPlace"": 0, ""Village"": 0, ""Animal"": 0, ""Plant"": 3, ""Album"": 0, ""Film"": 0, ""WrittenWork"": 0}",3,3,1.0,1
173,Album,,Company,Images and Words: Live in Tokyo.  Images and Words: Live in Tokyo is the first home video release from American progressive metal band Dream Theater. It contains most of the band's performance from their August 26 1993 show at Nakano Sun Plaza in Tokyo Japan. Also included are the music videos for the songs Pull Me Under Take the Time and Another Day from their 1992 album Images and Words as well as interview footage and candid behind-the-scenes footage.,"{""Company"": 2, ""EducationalInstitution"": 0, ""Artist"": 1, ""Athlete"": 0, ""OfficeHolder"": 0, ""MeanOfTransportation"": 0, ""Building"": 0, ""NaturalPlace"": 0, ""Village"": 0, ""Animal"": 0, ""Plant"": 0, ""Album"": 0, ""Film"": 0, ""WrittenWork"": 0}",2,3,0.6667,0
174,Athlete,,Athlete,Héctor Freschi.  Héctor Luis Freschi (born May 22 1911 date of death unknown) was an Argentinian football goalkeeper who played for Argentina in the 1934 FIFA World Cup. He also played for Sarmiento de Resistencia.,"{""Company"": 0, ""EducationalInstitution"": 0, ""Artist"": 0, ""Athlete"": 3, ""OfficeHolder"": 0, ""MeanOfTransportation"": 0, ""Building"": 0, ""NaturalPlace"": 0, ""Village"": 0, ""Animal"": 0, ""Plant"": 0, ""Album"": 0, ""Film"": 0, ""WrittenWork"": 0}",3,3,1.0,1
175,Album,,Album,Overgrown.  Overgrown is the second studio album by English electronic musician James Blake. It was released on 5 April 2013 by Blake's ATLAS Records along with A&M Records and Polydor Records. It was supported by lead single Retrograde and a series of concert appearances including one at Coachella. It is being promoted as Blake's most expansive piece of work to date with guest features from electronic producer Brian Eno and Grammy Award-winning rapper and producer RZA.,"{""Company"": 0, ""EducationalInstitution"": 0, ""Artist"": 0, ""Athlete"": 0, ""OfficeHolder"": 0, ""MeanOfTransportation"": 0, ""Building"": 0, ""NaturalPlace"": 0, ""Village"": 0, ""Animal"": 0, ""Plant"": 0, ""Album"": 3, ""Film"": 0, ""WrittenWork"": 0}",3,3,1.0,1
176,Building,,OfficeHolder,Fountain Hill Opera House.  Fountain Hill Opera House also known as the Globe Theatre and Grand Opera House was a historic theater building located at Bethlehem Northampton County Pennsylvania. It was built in 1888 and has been demolished.It was added to the National Register of Historic Places in 1979. It was delisted in 1987 after it was demolished.,"{""Company"": 0, ""EducationalInstitution"": 0, ""Artist"": 0, ""Athlete"": 0, ""OfficeHolder"": 3, ""MeanOfTransportation"": 0, ""Building"": 0, ""NaturalPlace"": 0, ""Village"": 0, ""Animal"": 0, ""Plant"": 0, ""Album"": 0, ""Film"": 0, ""WrittenWork"": 0}",3,3,1.0,0
177,Athlete,,Athlete,Hakim Mouzaki.  Hakim Mouzaki (born 29 March 1983 in Casablanca) is a Moroccan footballer. He currently plays for Wydad Casablanca.,"{""Company"": 0, ""EducationalInstitution"": 0, ""Artist"": 0, ""Athlete"": 3, ""OfficeHolder"": 0, ""MeanOfTransportation"": 0, ""Building"": 0, ""NaturalPlace"": 0, ""Village"": 0, ""Animal"": 0, ""Plant"": 0, ""Album"": 0, ""Film"": 0, ""WrittenWork"": 0}",3,3,1.0,1
178,MeanOfTransportation,,OfficeHolder,SM U-75.  SM U-75 was one of the 329 submarines serving in the Imperial German Navy in World War I.U-75 was engaged in naval warfare and took part in the First Battle of the Atlantic.On her first mission U-75 laid the mine that sank the cruiser HMS Hampshire during her voyage to Russia carrying British Secretary of State for War Lord Kitchener. The cruiser sank at 59°07′N 03°24′W west of the Orkney Islands with heavy loss of life in a force 9 gale.,"{""Company"": 1, ""EducationalInstitution"": 0, ""Artist"": 0, ""Athlete"": 0, ""OfficeHolder"": 2, ""MeanOfTransportation"": 0, ""Building"": 0, ""NaturalPlace"": 0, ""Village"": 0, ""Animal"": 0, ""Plant"": 0, ""Album"": 0, ""Film"": 0, ""WrittenWork"": 0}",2,3,0.6667,0
179,OfficeHolder,,OfficeHolder,Alexandre-Ferdinand Nguendet.  Alexandre-Ferdinand Nguendet is a Central African politician who has served as President of the National Transitional Council of the Central African Republic since 2013. He briefly served as Acting President of the Central African Republic in January 2014.,"{""Company"": 0, ""EducationalInstitution"": 0, ""Artist"": 0, ""Athlete"": 0, ""OfficeHolder"": 3, ""MeanOfTransportation"": 0, ""Building"": 0, ""NaturalPlace"": 0, ""Village"": 0, ""Animal"": 0, ""Plant"": 0, ""Album"": 0, ""Film"": 0, ""WrittenWork"": 0}",3,3,1.0,1
180,NaturalPlace,,NaturalPlace,Izvoru Mare River (Murgușa).  The Izvoru Mare River is a tributary of the Murguşa River in Romania.,"{""Company"": 0, ""EducationalInstitution"": 0, ""Artist"": 0, ""Athlete"": 0, ""OfficeHolder"": 0, ""MeanOfTransportation"": 0, ""Building"": 0, ""NaturalPlace"": 3, ""Village"": 0, ""Animal"": 0, ""Plant"": 0, ""Album"": 0, ""Film"": 0, ""WrittenWork"": 0}",3,3,1.0,1
181,OfficeHolder,,OfficeHolder,Jean-Paul Proust.  Jean-Paul Proust (3 March 1940 – 7/8 April 2010) was the Minister of State of Monaco. He held that position from 1 June 2005 (assuming this role one month later than scheduled because of Prince Rainier III's death) until 29 March 2010 having been appointed three months earlier by the prince and the French government. Like all previous ministers of state in Monaco Proust did not grow up or live in Monaco.He has been a long-time member of the French civil service.,"{""Company"": 0, ""EducationalInstitution"": 0, ""Artist"": 0, ""Athlete"": 0, ""OfficeHolder"": 3, ""MeanOfTransportation"": 0, ""Building"": 0, ""NaturalPlace"": 0, ""Village"": 0, ""Animal"": 0, ""Plant"": 0, ""Album"": 0, ""Film"": 0, ""WrittenWork"": 0}",3,3,1.0,1
182,Artist,,Company,Niu Ben.  Zhang Xuejing (张学景 Tianjin 1935-) stagename Niu Ben (牛犇) is a Chinese film actor.,"{""Company"": 2, ""EducationalInstitution"": 0, ""Artist"": 0, ""Athlete"": 0, ""OfficeHolder"": 0, ""MeanOfTransportation"": 0, ""Building"": 0, ""NaturalPlace"": 0, ""Village"": 0, ""Animal"": 0, ""Plant"": 0, ""Album"": 0, ""Film"": 0, ""WrittenWork"": 0}",2,3,0.6667,0
183,Artist,,ABSTAIN,Mary Agria.  Mary A Agria (born 24 March 1941) is an American writer who spent her early career as a journalist and non-fiction writer then in 'retirement' began writing a series of novels that deal with the issues facing older Americans including finding meaning in one's senior years resolving parent-child relationships and facing the ultimate realities of change and loss that are part of the human experience.,"{""Company"": 1, ""EducationalInstitution"": 0, ""Artist"": 0, ""Athlete"": 0, ""OfficeHolder"": 0, ""MeanOfTransportation"": 0, ""Building"": 0, ""NaturalPlace"": 0, ""Village"": 0, ""Animal"": 0, ""Plant"": 0, ""Album"": 0, ""Film"": 0, ""WrittenWork"": 0}",0,3,0.0,0
184,MeanOfTransportation,,Company,MV Clio.  Clio was a 4558 GRT cargo ship that was built in 1939 as Bukarest by Deutsche Werft Hamburg Germany for Deutsche Levant Line. She was seized by Allied forces in 1945 passed to the Ministry of War Transport (MoWT) and renamed Empire Ettrick. She was passed to the Norwegian Government in 1940s and renamed Bremnes. In 1947 she was sold to a Norwegian company and renamed Clio. A sale to a Greek company in 1963 saw her renamed Panorea.,"{""Company"": 3, ""EducationalInstitution"": 0, ""Artist"": 0, ""Athlete"": 0, ""OfficeHolder"": 0, ""MeanOfTransportation"": 0, ""Building"": 0, ""NaturalPlace"": 0, ""Village"": 0, ""Animal"": 0, ""Plant"": 0, ""Album"": 0, ""Film"": 0, ""WrittenWork"": 0}",3,3,1.0,0
185,EducationalInstitution,,EducationalInstitution,Connecticut Friends School.  Connecticut Friends School is a K-8 elementary and middle school located in Wilton Connecticut run by the Religious Society of Friends. Founded in 1998 the school's enrollment consists of approximately 60 students.The school purchased the 18.4-acre (74000 m2) White Barn Theatre property on the border of Westport and Norwalk. The school plans to turn the theater into a school performance center and preserve much of the land as open space and to occupy the property by the fall of 2010.,"{""Company"": 1, ""EducationalInstitution"": 2, ""Artist"": 0, ""Athlete"": 0, ""OfficeHolder"": 0, ""MeanOfTransportation"": 0, ""Building"": 0, ""NaturalPlace"": 0, ""Village"": 0, ""Animal"": 0, ""Plant"": 0, ""Album"": 0, ""Film"": 0, ""WrittenWork"": 0}",2,3,0.6667,1
186,Athlete,,ABSTAIN,Evandro Teixeira Magalhães.  Evandro Teixeira Magalhães or simply Evandro (born December 1 1986 in Juiz de Fora) is a Brazilian defensive midfielder.,"{""Company"": 0, ""EducationalInstitution"": 0, ""Artist"": 0, ""Athlete"": 0, ""OfficeHolder"": 0, ""MeanOfTransportation"": 0, ""Building"": 0, ""NaturalPlace"": 0, ""Village"": 0, ""Animal"": 0, ""Plant"": 0, ""Album"": 0, ""Film"": 0, ""WrittenWork"": 0}",0,3,0.0,0
187,Building,,OfficeHolder,East Kent Hospitals University NHS Foundation Trust.  East Kent Hospitals University NHS Foundation Trust is a hospital trust with five hospitals - Kent and Canterbury Hospital William Harvey Hospital Queen Elizabeth The Queen Mother Hospital Buckland Hospital and Royal Victoria Hospital - and some outpatient facilities in the East Kent and Medway areas in England.In 2010 East Kent Hospitals were named Trust of the Year 2010 by the healthcare information organisation Dr Foster.In November 2013 the Trust and others in Kent was reported to have infestations of vermin.The Trust with Maidstone and Tunbridge Wells NHS Trust is jointly procuring an electronic patient record system in a contract worth £10m - £40m in December 2013.In April 2014 it was reported that the Trust was looking for a partner to develop a private hospital at the William Harvey Hospital site and enhance the returns from the Spencer private hospital on the Queen Elizabeth The Queen Mother Hospital site with a contract over the next 15 to 15 years.,"{""Company"": 1, ""EducationalInstitution"": 0, ""Artist"": 0, ""Athlete"": 0, ""OfficeHolder"": 2, ""MeanOfTransportation"": 0, ""Building"": 0, ""NaturalPlace"": 0, ""Village"": 0, ""Animal"": 0, ""Plant"": 0, ""Album"": 0, ""Film"": 0, ""WrittenWork"": 0}",2,3,0.6667,0
188,Film,,Film,Only the Brave (film).  Only the Brave is a 1994 Australian film.,"{""Company"": 0, ""EducationalInstitution"": 0, ""Artist"": 0, ""Athlete"": 0, ""OfficeHolder"": 0, ""MeanOfTransportation"": 0, ""Building"": 0, ""NaturalPlace"": 0, ""Village"": 0, ""Animal"": 0, ""Plant"": 0, ""Album"": 0, ""Film"": 3, ""WrittenWork"": 0}",3,3,1.0,1
189,Athlete,,Athlete,Rupert Anderson.  Rupert Darnley Anderson O.B.E. (29 April 1859 - 23 December 1944) was an English football player who played for Old Etonians as well as the English national side.Anderson was born in Liverpool the fifth of six children. He was educated at Eton and then went up to Cambridge. His club career began and ended with Old Etonians. Unfortunately he missed the team's 1879 F.A.,"{""Company"": 0, ""EducationalInstitution"": 0, ""Artist"": 0, ""Athlete"": 3, ""OfficeHolder"": 0, ""MeanOfTransportation"": 0, ""Building"": 0, ""NaturalPlace"": 0, ""Village"": 0, ""Animal"": 0, ""Plant"": 0, ""Album"": 0, ""Film"": 0, ""WrittenWork"": 0}",3,3,1.0,1
190,OfficeHolder,,OfficeHolder,Guillermo Lasso.  Guillermo Alberto Santiago Lasso Mendoza (born 16 November 1955) is an Ecuadorian businessman and politician presidential candidate for the Ecuadorian general election 2013 for the party Creating Opportunities. He arrived in second place with 22.68% of valid votes but as incumbent President Rafael Correa received 57.17% of votes a round-off didn't take place.,"{""Company"": 1, ""EducationalInstitution"": 0, ""Artist"": 0, ""Athlete"": 0, ""OfficeHolder"": 2, ""MeanOfTransportation"": 0, ""Building"": 0, ""NaturalPlace"": 0, ""Village"": 0, ""Animal"": 0, ""Plant"": 0, ""Album"": 0, ""Film"": 0, ""WrittenWork"": 0}",2,3,0.6667,1
191,Animal,,Animal,Callisto insperatella.  Callisto insperatella is a moth of the Gracillariidae family. It is found from Fennoscandia to Switzerland Austria and Ukraine.The larvae feed on Prunus cerasus and Prunus padus. They mine the leaves of their host plant. The mine starts as an epidermal gallery with a central frass line. The gallery widens into a blotch and the larva starts consuming the parenchyma. In the end the mine has the form of a lower-surface tentiform mine. It is strongly contracted but without folds.,"{""Company"": 0, ""EducationalInstitution"": 0, ""Artist"": 0, ""Athlete"": 0, ""OfficeHolder"": 0, ""MeanOfTransportation"": 0, ""Building"": 0, ""NaturalPlace"": 0, ""Village"": 0, ""Animal"": 3, ""Plant"": 0, ""Album"": 0, ""Film"": 0, ""WrittenWork"": 0}",3,3,1.0,1
192,Village,,Village,Pobołowice.  Pobołowice [pɔbɔwɔˈvit͡sɛ] is a village in the administrative district of Gmina Żmudź within Chełm County Lublin Voivodeship in eastern Poland. It lies approximately 3 kilometres (2 mi) north-west of Żmudź 17 km (11 mi) south-east of Chełm and 78 km (48 mi) east of the regional capital Lublin.,"{""Company"": 0, ""EducationalInstitution"": 0, ""Artist"": 0, ""Athlete"": 0, ""OfficeHolder"": 0, ""MeanOfTransportation"": 0, ""Building"": 0, ""NaturalPlace"": 0, ""Village"": 3, ""Animal"": 0, ""Plant"": 0, ""Album"": 0, ""Film"": 0, ""WrittenWork"": 0}",3,3,1.0,1
193,WrittenWork,,WrittenWork,Glas (book).  Glas is a 1974 book by Jacques Derrida. It combines a reading of Hegel's philosophical works and of Jean Genet's autobiographical writing. One of Derrida's more inscrutable books its form and content invite a reflection on the nature of literary genre and of writing.,"{""Company"": 0, ""EducationalInstitution"": 0, ""Artist"": 0, ""Athlete"": 0, ""OfficeHolder"": 0, ""MeanOfTransportation"": 0, ""Building"": 0, ""NaturalPlace"": 0, ""Village"": 0, ""Animal"": 0, ""Plant"": 0, ""Album"": 0, ""Film"": 0, ""WrittenWork"": 3}",3,3,1.0,1
194,Album,,Album,Victor Vito (album).  Victor Vito is the Two Tomatoes Records and Columbia Records album by children's musician Laurie Berkner. It was released in Canada on February 23 1999 and in the U.S. on January 1 2001.,"{""Company"": 0, ""EducationalInstitution"": 0, ""Artist"": 0, ""Athlete"": 0, ""OfficeHolder"": 0, ""MeanOfTransportation"": 0, ""Building"": 0, ""NaturalPlace"": 0, ""Village"": 0, ""Animal"": 0, ""Plant"": 0, ""Album"": 3, ""Film"": 0, ""WrittenWork"": 0}",3,3,1.0,1
195,WrittenWork,,Company,Journal of Fire Protection Engineering.  The Journal of Fire Protection Engineering is a peer-reviewed academic journal that publishes papers in the field(s) of engineering. The journal's editor is Ronald L. Albert (Alpert Fire Protection Science USA). It is published by SAGE Publications on behalf of the Society of Fire Protection Engineers.,"{""Company"": 2, ""EducationalInstitution"": 1, ""Artist"": 0, ""Athlete"": 0, ""OfficeHolder"": 0, ""MeanOfTransportation"": 0, ""Building"": 0, ""NaturalPlace"": 0, ""Village"": 0, ""Animal"": 0, ""Plant"": 0, ""Album"": 0, ""Film"": 0, ""WrittenWork"": 0}",2,3,0.6667,0
196,Village,,Village,Warmandi.  Warmandi is a village in West Papua Indonesia. The village is located on the northern coast of the Bird's Head Peninsula.,"{""Company"": 0, ""EducationalInstitution"": 0, ""Artist"": 0, ""Athlete"": 0, ""OfficeHolder"": 0, ""MeanOfTransportation"": 0, ""Building"": 0, ""NaturalPlace"": 0, ""Village"": 3, ""Animal"": 0, ""Plant"": 0, ""Album"": 0, ""Film"": 0, ""WrittenWork"": 0}",3,3,1.0,1
197,NaturalPlace,,NaturalPlace,Monteoru River (Sărățel).  The Monteoru River (or Muntioru River) is a headwater of the Sărăţel River in Romania.,"{""Company"": 0, ""EducationalInstitution"": 0, ""Artist"": 0, ""Athlete"": 0, ""OfficeHolder"": 0, ""MeanOfTransportation"": 0, ""Building"": 0, ""NaturalPlace"": 3, ""Village"": 0, ""Animal"": 0, ""Plant"": 0, ""Album"": 0, ""Film"": 0, ""WrittenWork"": 0}",3,3,1.0,1
198,Athlete,,Athlete,Jennifer Joines.  Jennifer Claire Joines-Tamas (born November 23 1982) is an American indoor volleyball player. Joines made her first Olympic appearance at the 2008 Beijing Olympics and helped Team USA to a silver medal.,"{""Company"": 0, ""EducationalInstitution"": 0, ""Artist"": 0, ""Athlete"": 3, ""OfficeHolder"": 0, ""MeanOfTransportation"": 0, ""Building"": 0, ""NaturalPlace"": 0, ""Village"": 0, ""Animal"": 0, ""Plant"": 0, ""Album"": 0, ""Film"": 0, ""WrittenWork"": 0}",3,3,1.0,1
199,NaturalPlace,,NaturalPlace,Parinaquta (Chucuito).  Parinaquta (Aymara parina flamingo quta lake flamingo lake hispanicized spelling Parinacota) is a lake in Peru located in the Puno Region Chucuito Province Kelluyo District. It is situated at a height of about 3772 metres (12375 ft). Parinaquta lies northeast of the lake Quraquta near the Bolivian border.,"{""Company"": 0, ""EducationalInstitution"": 0, ""Artist"": 0, ""Athlete"": 0, ""OfficeHolder"": 0, ""MeanOfTransportation"": 0, ""Building"": 0, ""NaturalPlace"": 3, ""Village"": 0, ""Animal"": 0, ""Plant"": 0, ""Album"": 0, ""Film"": 0, ""WrittenWork"": 0}",3,3,1.0,1
200,Album,,Album,That's Live.  That’s Live is a live album by Eric Burdon and his band recorded live in Karlsruhe Germany on 8 March 1985 during a European tour.,"{""Company"": 0, ""EducationalInstitution"": 0, ""Artist"": 0, ""Athlete"": 0, ""OfficeHolder"": 0, ""MeanOfTransportation"": 0, ""Building"": 0, ""NaturalPlace"": 0, ""Village"": 0, ""Animal"": 0, ""Plant"": 0, ""Album"": 3, ""Film"": 0, ""WrittenWork"": 0}",3,3,1.0,1
201,NaturalPlace,,NaturalPlace,Lac d'Isabe.  Lac d'Isabe is a lake in Pyrénées Pyrénées-Atlantiques France. At an elevation of 1925 m its surface area is 0.073 km².Lac d'Isabe is in the commune of Laruns in Ossau Valley.,"{""Company"": 0, ""EducationalInstitution"": 0, ""Artist"": 0, ""Athlete"": 0, ""OfficeHolder"": 0, ""MeanOfTransportation"": 0, ""Building"": 0, ""NaturalPlace"": 3, ""Village"": 0, ""Animal"": 0, ""Plant"": 0, ""Album"": 0, ""Film"": 0, ""WrittenWork"": 0}",3,3,1.0,1
202,MeanOfTransportation,,OfficeHolder,Chyeranovskii BICh-20.  The BICh-20 Pionyer was a tail-less research aircraft designed and built in the USSR from 1937.,"{""Company"": 0, ""EducationalInstitution"": 0, ""Artist"": 0, ""Athlete"": 0, ""OfficeHolder"": 3, ""MeanOfTransportation"": 0, ""Building"": 0, ""NaturalPlace"": 0, ""Village"": 0, ""Animal"": 0, ""Plant"": 0, ""Album"": 0, ""Film"": 0, ""WrittenWork"": 0}",3,3,1.0,0
203,Animal,,Plant,Cinchoneae.  The Cinchoneae are a tribe of flowering plants in the Rubiaceae family containing about 125 species in 9 genera. Representatives are found from Costa Rica to southern tropical America.,"{""Company"": 0, ""EducationalInstitution"": 0, ""Artist"": 0, ""Athlete"": 0, ""OfficeHolder"": 0, ""MeanOfTransportation"": 0, ""Building"": 0, ""NaturalPlace"": 0, ""Village"": 0, ""Animal"": 0, ""Plant"": 3, ""Album"": 0, ""Film"": 0, ""WrittenWork"": 0}",3,3,1.0,0
204,Building,,Company,The Commons Restaurant.  The Commons Restaurant is a former restaurant that was located in the historic Newman House on St. Stephen's Green in Dublin Ireland. It was owned by Michael Fitzgerald.It was a fine dining restaurant that was awarded one Michelin star in the period 1994-1997. The Michelin star was again awarded in 2002 but lost in 2003 due to the chef leaving. The restaurant later reopened on a more modest level.Head chef of The Commons Restaurant during the last Michelin period was Aiden Byrne.,"{""Company"": 3, ""EducationalInstitution"": 0, ""Artist"": 0, ""Athlete"": 0, ""OfficeHolder"": 0, ""MeanOfTransportation"": 0, ""Building"": 0, ""NaturalPlace"": 0, ""Village"": 0, ""Animal"": 0, ""Plant"": 0, ""Album"": 0, ""Film"": 0, ""WrittenWork"": 0}",3,3,1.0,0
205,Village,,Village,Seli Rapla County.  Seli is a village in Rapla Parish Rapla County in northwestern Estonia.,"{""Company"": 0, ""EducationalInstitution"": 0, ""Artist"": 0, ""Athlete"": 0, ""OfficeHolder"": 0, ""MeanOfTransportation"": 0, ""Building"": 0, ""NaturalPlace"": 0, ""Village"": 3, ""Animal"": 0, ""Plant"": 0, ""Album"": 0, ""Film"": 0, ""WrittenWork"": 0}",3,3,1.0,1
206,Animal,,ABSTAIN,Fusinus albinus.  Fusinus albinus is a species of sea snail a marine gastropod mollusk in the family Fasciolariidae the spindle snails the tulip snails and their allies.,"{""Company"": 1, ""EducationalInstitution"": 0, ""Artist"": 0, ""Athlete"": 0, ""OfficeHolder"": 0, ""MeanOfTransportation"": 0, ""Building"": 1, ""NaturalPlace"": 0, ""Village"": 0, ""Animal"": 1, ""Plant"": 0, ""Album"": 0, ""Film"": 0, ""WrittenWork"": 0}",0,3,0.0,0
207,Album,,Album,Please Don't Throw Me to the Christians.  Please Don't Throw Me To The Christians is an unfinished and unreleased album by English singer-songwriter Eddie Stanton. It was to be released on Wild Willy Barrett's record label Black Eye which had by the time the album had been full recorded folded. The fate of half of these songs rested in Wild Willy Barrett's album Organic Bondage which he arranged to fit his style.,"{""Company"": 0, ""EducationalInstitution"": 0, ""Artist"": 0, ""Athlete"": 0, ""OfficeHolder"": 0, ""MeanOfTransportation"": 0, ""Building"": 0, ""NaturalPlace"": 0, ""Village"": 0, ""Animal"": 0, ""Plant"": 0, ""Album"": 3, ""Film"": 0, ""WrittenWork"": 0}",3,3,1.0,1
208,EducationalInstitution,,EducationalInstitution,Beverley School Middlesbrough.  Beverley School is a community special school located in Middlesbrough supporting children with autism. Originally opened as a special school for hearing impaired children the school began to admit children with autism in the 1980s and is now a regional centre of excellence.Since Easter 2011 Beverley School has shared a campus with Prince Bishop School.,"{""Company"": 0, ""EducationalInstitution"": 3, ""Artist"": 0, ""Athlete"": 0, ""OfficeHolder"": 0, ""MeanOfTransportation"": 0, ""Building"": 0, ""NaturalPlace"": 0, ""Village"": 0, ""Animal"": 0, ""Plant"": 0, ""Album"": 0, ""Film"": 0, ""WrittenWork"": 0}",3,3,1.0,1
209,Athlete,,Athlete,Asen Chalakov.  Asen Dangov Chalakov (Bulgarian: Асен Чалъков; born 17 May 1983) is a Bulgarian football midfielder who currently plays for Botev Vratsa.,"{""Company"": 0, ""EducationalInstitution"": 0, ""Artist"": 0, ""Athlete"": 3, ""OfficeHolder"": 0, ""MeanOfTransportation"": 0, ""Building"": 0, ""NaturalPlace"": 0, ""Village"": 0, ""Animal"": 0, ""Plant"": 0, ""Album"": 0, ""Film"": 0, ""WrittenWork"": 0}",3,3,1.0,1
210,OfficeHolder,,OfficeHolder,William D. Robbins.  William Dullam Robbins (May 7 1874 – March 25 1952) was the 45th Mayor of Toronto from 1936 to 1937. He was appointed mayor after the death of incumbent Sam McBride and remained in office until defeated by Ralph Day in the 1937 elections. Robbins was considered a representative of labour in Toronto city politics but was also a member of the Conservative Party. He served 18 years on city council and the Board of Control before becoming mayor.,"{""Company"": 0, ""EducationalInstitution"": 0, ""Artist"": 0, ""Athlete"": 0, ""OfficeHolder"": 3, ""MeanOfTransportation"": 0, ""Building"": 0, ""NaturalPlace"": 0, ""Village"": 0, ""Animal"": 0, ""Plant"": 0, ""Album"": 0, ""Film"": 0, ""WrittenWork"": 0}",3,3,1.0,1
211,Company,,Company,GB Railfreight.  GB Railfreight is a freight train operating company in the United Kingdom. It is owned by Europorte a subsidiary of Eurotunnel.,"{""Company"": 3, ""EducationalInstitution"": 0, ""Artist"": 0, ""Athlete"": 0, ""OfficeHolder"": 0, ""MeanOfTransportation"": 0, ""Building"": 0, ""NaturalPlace"": 0, ""Village"": 0, ""Animal"": 0, ""Plant"": 0, ""Album"": 0, ""Film"": 0, ""WrittenWork"": 0}",3,3,1.0,1
212,Plant,,Plant,Grevillea aspera.  Grevillea aspera commonly known as the rough grevillea is a shrub native to central Australia.,"{""Company"": 0, ""EducationalInstitution"": 0, ""Artist"": 0, ""Athlete"": 0, ""OfficeHolder"": 0, ""MeanOfTransportation"": 0, ""Building"": 0, ""NaturalPlace"": 0, ""Village"": 0, ""Animal"": 0, ""Plant"": 3, ""Album"": 0, ""Film"": 0, ""WrittenWork"": 0}",3,3,1.0,1
213,OfficeHolder,,OfficeHolder,Rick Hill.  Richard Rick Hill (born December 30 1946) is a former Republican member of the United States House of Representatives from Montana. He was the Republican candidate for Governor of Montana in 2012.,"{""Company"": 0, ""EducationalInstitution"": 0, ""Artist"": 0, ""Athlete"": 0, ""OfficeHolder"": 3, ""MeanOfTransportation"": 0, ""Building"": 0, ""NaturalPlace"": 0, ""Village"": 0, ""Animal"": 0, ""Plant"": 0, ""Album"": 0, ""Film"": 0, ""WrittenWork"": 0}",3,3,1.0,1
214,Company,,Company,Ticker Tape.  Ticker Tape Ltd. is a record distribution vanity label set up in 2011 by the English alternative rock band Radiohead to distribute all of their releases from The King of Limbs onwards. Ticker Tape is a subsidiary of XL Recordings the label Radiohead are signed to.Radiohead are the only artists who will have music released on Ticker Tape.,"{""Company"": 3, ""EducationalInstitution"": 0, ""Artist"": 0, ""Athlete"": 0, ""OfficeHolder"": 0, ""MeanOfTransportation"": 0, ""Building"": 0, ""NaturalPlace"": 0, ""Village"": 0, ""Animal"": 0, ""Plant"": 0, ""Album"": 0, ""Film"": 0, ""WrittenWork"": 0}",3,3,1.0,1
215,MeanOfTransportation,,OfficeHolder,Japanese submarine I-29.  I-29 code-named Matsu (松 Japanese for pine tree) was a B1 type submarine of the Imperial Japanese Navy used during World War II on two secret missions with Germany. She was sunk while coming back from the second mission.,"{""Company"": 0, ""EducationalInstitution"": 0, ""Artist"": 0, ""Athlete"": 0, ""OfficeHolder"": 2, ""MeanOfTransportation"": 0, ""Building"": 1, ""NaturalPlace"": 0, ""Village"": 0, ""Animal"": 0, ""Plant"": 0, ""Album"": 0, ""Film"": 0, ""WrittenWork"": 0}",2,3,0.6667,0
216,Building,,Village,United States Post Office (Nyack New York).  The U.S. Post Office in Nyack New York is located on South Broadway in the center of the village. It serves the 10960 ZIP Code which covers South Nyack and Upper Nyack in addition to the village.It was built in 1932 in the Classical Revival architectural style a mode rarely used for American post offices between the wars. In the front lobby are several murals depicting scenes from local history.,"{""Company"": 0, ""EducationalInstitution"": 0, ""Artist"": 0, ""Athlete"": 0, ""OfficeHolder"": 0, ""MeanOfTransportation"": 0, ""Building"": 0, ""NaturalPlace"": 0, ""Village"": 3, ""Animal"": 0, ""Plant"": 0, ""Album"": 0, ""Film"": 0, ""WrittenWork"": 0}",3,3,1.0,0
217,Album,,Album,Intervensie.  Intervensie is the first studio album by indie rock band Foto na Dans. The album was nominated for a SAMA (South African Music Award),"{""Company"": 1, ""EducationalInstitution"": 0, ""Artist"": 0, ""Athlete"": 0, ""OfficeHolder"": 0, ""MeanOfTransportation"": 0, ""Building"": 0, ""NaturalPlace"": 0, ""Village"": 0, ""Animal"": 0, ""Plant"": 0, ""Album"": 2, ""Film"": 0, ""WrittenWork"": 0}",2,3,0.6667,1
218,NaturalPlace,,NaturalPlace,Rosse Bay.  Rosse Bay is an Arctic waterway in Qikiqtaaluk Region Nunavut Canada. It is located in Nares Strait between Pim Island and Ellesmere Island's Johan Peninsula. The bay is also connected to Rice Strait.,"{""Company"": 0, ""EducationalInstitution"": 0, ""Artist"": 0, ""Athlete"": 0, ""OfficeHolder"": 0, ""MeanOfTransportation"": 0, ""Building"": 0, ""NaturalPlace"": 3, ""Village"": 0, ""Animal"": 0, ""Plant"": 0, ""Album"": 0, ""Film"": 0, ""WrittenWork"": 0}",3,3,1.0,1
219,Film,,Film,Wild Fruit.  Wild Fruit (French: Les fruits sauvages) is a 1954 French film directed by Hervé Bromberger.,"{""Company"": 0, ""EducationalInstitution"": 0, ""Artist"": 0, ""Athlete"": 0, ""OfficeHolder"": 0, ""MeanOfTransportation"": 0, ""Building"": 0, ""NaturalPlace"": 0, ""Village"": 0, ""Animal"": 0, ""Plant"": 0, ""Album"": 0, ""Film"": 3, ""WrittenWork"": 0}",3,3,1.0,1
220,NaturalPlace,,Building,Ronco di Maglio.  Ronco di Maglio is a mountain in Liguria northern Italy part of the Ligurian Appennines.,"{""Company"": 0, ""EducationalInstitution"": 0, ""Artist"": 0, ""Athlete"": 0, ""OfficeHolder"": 0, ""MeanOfTransportation"": 0, ""Building"": 2, ""NaturalPlace"": 1, ""Village"": 0, ""Animal"": 0, ""Plant"": 0, ""Album"": 0, ""Film"": 0, ""WrittenWork"": 0}",2,3,0.6667,0
221,NaturalPlace,,NaturalPlace,Sinkrinaqucha.  Sinkrinaqucha (Quechua sinkriy to walk in a line / to string sikriy sinri to string beads -na a suffix qucha lake hispanicized spellings Singrenacocha Singrinacocha) orSikrinaqucha (hispanicized Sigrenacocha Sigrinacocha) is a lake in Peru located in the Cusco Region Quispicanchi Province Ocongate District. It is situated at a height of about 4377 metres (14360 ft) about 3.82 km long and 0.88 km at its widest point.,"{""Company"": 0, ""EducationalInstitution"": 0, ""Artist"": 0, ""Athlete"": 0, ""OfficeHolder"": 0, ""MeanOfTransportation"": 0, ""Building"": 0, ""NaturalPlace"": 3, ""Village"": 0, ""Animal"": 0, ""Plant"": 0, ""Album"": 0, ""Film"": 0, ""WrittenWork"": 0}",3,3,1.0,1
222,EducationalInstitution,,EducationalInstitution,Shekou International School.  Shekou International School (蛇口国际学校 Shékǒu guójì xuéxiào) is a private not-for-profit international school located in Shekou Shenzhen Guangdong China. It serves students in Nursery through to Grade 12 across three campuses. Shekou International School is fully accredited by the Western Association of Schools and Colleges (WASC) and offers the IB Diploma program in the High School.,"{""Company"": 0, ""EducationalInstitution"": 3, ""Artist"": 0, ""Athlete"": 0, ""OfficeHolder"": 0, ""MeanOfTransportation"": 0, ""Building"": 0, ""NaturalPlace"": 0, ""Village"": 0, ""Animal"": 0, ""Plant"": 0, ""Album"": 0, ""Film"": 0, ""WrittenWork"": 0}",3,3,1.0,1
223,Animal,,ABSTAIN,Peristernia fuscotincta.  Peristernia fuscotincta is a species of sea snail a marine gastropod mollusk in the family Fasciolariidae the spindle snails the tulip snails and their allies.,"{""Company"": 0, ""EducationalInstitution"": 0, ""Artist"": 0, ""Athlete"": 0, ""OfficeHolder"": 0, ""MeanOfTransportation"": 0, ""Building"": 1, ""NaturalPlace"": 1, ""Village"": 0, ""Animal"": 1, ""Plant"": 0, ""Album"": 0, ""Film"": 0, ""WrittenWork"": 0}",0,3,0.0,0
224,Artist,,Artist,John Kao.  John Kao (born 1950) is an author and strategic advisor based in San Francisco. His work concentrates on issues of innovation and organizational transformation. Kao was born in 1950 to Chinese immigrant parents. An accomplished jazz pianist he spent the summer of 1969 playing keyboards for Frank Zappa. Kao studied philosophy at Yale College received an MD from Yale Medical School and an MBA from Harvard Business School.,"{""Company"": 0, ""EducationalInstitution"": 0, ""Artist"": 3, ""Athlete"": 0, ""OfficeHolder"": 0, ""MeanOfTransportation"": 0, ""Building"": 0, ""NaturalPlace"": 0, ""Village"": 0, ""Animal"": 0, ""Plant"": 0, ""Album"": 0, ""Film"": 0, ""WrittenWork"": 0}",3,3,1.0,1
225,OfficeHolder,,OfficeHolder,90th Delaware General Assembly.  The 90th Delaware General Assembly was a meeting of the legislative branch of the state government consisting of the Delaware Senate and the Delaware House of Representatives. Elections were held the first Tuesday after November 1 and terms began in Dover on the first Tuesday in January. This date was January 3 1899 which was two weeks before the beginning of the third administrative year of Ebe W.,"{""Company"": 0, ""EducationalInstitution"": 0, ""Artist"": 0, ""Athlete"": 0, ""OfficeHolder"": 3, ""MeanOfTransportation"": 0, ""Building"": 0, ""NaturalPlace"": 0, ""Village"": 0, ""Animal"": 0, ""Plant"": 0, ""Album"": 0, ""Film"": 0, ""WrittenWork"": 0}",3,3,1.0,1
226,MeanOfTransportation,,ABSTAIN,Renault PR100.3.  The Renault PR100.3 was a city bus marketed in Australia based on the Renault R312. The bus like the PR100.2 was a package with a standard R 312 front chassis and dash (with steering column) and choices of bodywork.,"{""Company"": 1, ""EducationalInstitution"": 0, ""Artist"": 0, ""Athlete"": 0, ""OfficeHolder"": 1, ""MeanOfTransportation"": 0, ""Building"": 0, ""NaturalPlace"": 0, ""Village"": 0, ""Animal"": 0, ""Plant"": 0, ""Album"": 0, ""Film"": 0, ""WrittenWork"": 0}",0,3,0.0,0
227,Film,,Film,The Rift (1989 film).  The Rift (Endless Descent) is a 1990 film directed by Juan Piquer Simón and starring R. Lee Ermey involving a submarine rescue that goes awry. It is one of many underwater-themed movies released around 1990 including The Abyss Leviathan Deepstar Six The Evil Below and Lords of the Deep.,"{""Company"": 0, ""EducationalInstitution"": 0, ""Artist"": 0, ""Athlete"": 0, ""OfficeHolder"": 0, ""MeanOfTransportation"": 0, ""Building"": 0, ""NaturalPlace"": 0, ""Village"": 0, ""Animal"": 0, ""Plant"": 0, ""Album"": 0, ""Film"": 3, ""WrittenWork"": 0}",3,3,1.0,1
228,Building,,Building,David Gareja monastery complex.  David Gareja (Georgian: დავითგარეჯის სამონასტრო კომპლექსი Davit'garejis samonastro komplek'si) is a rock-hewn Georgian Orthodox monastery complex located in the Kakheti region of Eastern Georgia on the half-desert slopes of Mount Gareja some 60–70 km southeast of Georgia's capital Tbilisi.,"{""Company"": 0, ""EducationalInstitution"": 0, ""Artist"": 0, ""Athlete"": 0, ""OfficeHolder"": 0, ""MeanOfTransportation"": 0, ""Building"": 3, ""NaturalPlace"": 0, ""Village"": 0, ""Animal"": 0, ""Plant"": 0, ""Album"": 0, ""Film"": 0, ""WrittenWork"": 0}",3,3,1.0,1
229,Village,,Village,Räbi.  Räbi is a village in Palupera Parish Valga County in southeastern Estonia. It's located about 6.5 km (4 mi) north of the town of Otepää. Räbi has a population of 58 (as of 1 January 2011).Lake Räbi and Päidla Väikejärv are located in the village.,"{""Company"": 0, ""EducationalInstitution"": 0, ""Artist"": 0, ""Athlete"": 0, ""OfficeHolder"": 0, ""MeanOfTransportation"": 0, ""Building"": 0, ""NaturalPlace"": 0, ""Village"": 3, ""Animal"": 0, ""Plant"": 0, ""Album"": 0, ""Film"": 0, ""WrittenWork"": 0}",3,3,1.0,1
230,Building,,Building,Brandon Cemetery.  Brandon Cemetery (commonly referred to as Old Brandon Cemetery) is located in Brandon Mississippi northeast of the Downtown Brandon Historic District. It is an 8.8 acre cemetery originally platted in 1831. The cemetery contains over 1000 marked graves and was added to the National Register of Historic Places in 2010.,"{""Company"": 0, ""EducationalInstitution"": 0, ""Artist"": 0, ""Athlete"": 0, ""OfficeHolder"": 0, ""MeanOfTransportation"": 0, ""Building"": 3, ""NaturalPlace"": 0, ""Village"": 0, ""Animal"": 0, ""Plant"": 0, ""Album"": 0, ""Film"": 0, ""WrittenWork"": 0}",3,3,1.0,1
231,Athlete,,OfficeHolder,Chen Zhonghua.  Joseph Chen Zhonghua (陈中华) courteasy name Dongliang (栋梁) born in 1961 Shandong Province China is a Chinese martial arts practitioner teacher and author. Chen studied with two outstanding eighteenth generation Chen-style t'ai chi ch'uan (陳式太極拳) experts Hong Junsheng (洪均生; 1907 - 1996) and Feng Zhiqiang (冯志强 1928-2012). He and his family emigrated to Canada in 1985.,"{""Company"": 0, ""EducationalInstitution"": 0, ""Artist"": 1, ""Athlete"": 0, ""OfficeHolder"": 2, ""MeanOfTransportation"": 0, ""Building"": 0, ""NaturalPlace"": 0, ""Village"": 0, ""Animal"": 0, ""Plant"": 0, ""Album"": 0, ""Film"": 0, ""WrittenWork"": 0}",2,3,0.6667,0
232,OfficeHolder,,OfficeHolder,Christine St-Pierre.  Christine St-Pierre B.Sc.Soc. (born June 10 1953 in Saint-Roch des Aulnaies Quebec) is a journalist and a Quebec politician. She is the current MNA for the Montreal provincial riding of Acadie as a member of the Quebec Liberal Party.She holds a bachelor's degree in social sciences from the University of Moncton. Prior to her political career St-Pierre worked as a journalist for Radio-Canada from 1976 to 2007.,"{""Company"": 0, ""EducationalInstitution"": 0, ""Artist"": 0, ""Athlete"": 0, ""OfficeHolder"": 2, ""MeanOfTransportation"": 0, ""Building"": 0, ""NaturalPlace"": 0, ""Village"": 0, ""Animal"": 0, ""Plant"": 0, ""Album"": 0, ""Film"": 0, ""WrittenWork"": 0}",2,3,0.6667,1
233,Film,,Film,Sanmanassullavarkku Samadhanam.  Sanmanassullavarkku Samadhanam is a 1986 Malayalam-language Indian feature film directed by Sathyan Anthikkad starring Mohanlal Karthika Sreenivasan and M.G. Soman. The role of Sub Inspector Rajendran portrayed by Sreenivasan was one of the most humorous characters in Malayalam cinema.,"{""Company"": 0, ""EducationalInstitution"": 0, ""Artist"": 0, ""Athlete"": 0, ""OfficeHolder"": 0, ""MeanOfTransportation"": 0, ""Building"": 0, ""NaturalPlace"": 0, ""Village"": 0, ""Animal"": 0, ""Plant"": 0, ""Album"": 0, ""Film"": 3, ""WrittenWork"": 0}",3,3,1.0,1
234,WrittenWork,,Company,Bulls Bears and the Ballot Box.  Bulls Bears and the Ballot Box is a 2012 non-fiction book by American writers Bob Deitrick and Lew Goldfarb. The book was first released on July 1 2012 through Advantage Media Group and presents a study of the Presidents of the United States from the years 1929 to 2009.,"{""Company"": 2, ""EducationalInstitution"": 0, ""Artist"": 0, ""Athlete"": 0, ""OfficeHolder"": 1, ""MeanOfTransportation"": 0, ""Building"": 0, ""NaturalPlace"": 0, ""Village"": 0, ""Animal"": 0, ""Plant"": 0, ""Album"": 0, ""Film"": 0, ""WrittenWork"": 0}",2,3,0.6667,0
235,Village,,Village,Szewce Gmina Buk.  Szewce [ˈʂɛft͡sɛ] is a village in the administrative district of Gmina Buk within Poznań County Greater Poland Voivodeship in west-central Poland.,"{""Company"": 0, ""EducationalInstitution"": 0, ""Artist"": 0, ""Athlete"": 0, ""OfficeHolder"": 0, ""MeanOfTransportation"": 0, ""Building"": 0, ""NaturalPlace"": 0, ""Village"": 3, ""Animal"": 0, ""Plant"": 0, ""Album"": 0, ""Film"": 0, ""WrittenWork"": 0}",3,3,1.0,1
236,Athlete,,Athlete,Tommy McCue.  Tommy McCue (born 23 September 1913 in Widnes — death unknown) was an English professional rugby league footballer of the 1930s and '40s playing at representative level for Great Britain and England and at club level for Widnes as a Scrum-half/Halfback i.e. number 7.,"{""Company"": 0, ""EducationalInstitution"": 0, ""Artist"": 0, ""Athlete"": 3, ""OfficeHolder"": 0, ""MeanOfTransportation"": 0, ""Building"": 0, ""NaturalPlace"": 0, ""Village"": 0, ""Animal"": 0, ""Plant"": 0, ""Album"": 0, ""Film"": 0, ""WrittenWork"": 0}",3,3,1.0,1
237,Company,,Company,Happy Eater.  Happy Eater was a chain of family-orientated roadside restaurants that operated throughout England and Wales until 1997. The company was established in 1973 by Michael Pickard as a rival to Little Chef which was the only national chain of roadside restaurants at the time. The restaurants offered similar fare to Little Chef such as English breakfasts and fish and chips. The major differential between Happy Eater and Little Chef was that it provided outdoor playground equipment.,"{""Company"": 3, ""EducationalInstitution"": 0, ""Artist"": 0, ""Athlete"": 0, ""OfficeHolder"": 0, ""MeanOfTransportation"": 0, ""Building"": 0, ""NaturalPlace"": 0, ""Village"": 0, ""Animal"": 0, ""Plant"": 0, ""Album"": 0, ""Film"": 0, ""WrittenWork"": 0}",3,3,1.0,1
238,Athlete,,Athlete,Byron Tenorio.  Byron Zózimo Tenorio (born 14 June 1966) is a retired Ecuadorian football defender. Tenorio was a member of the Ecuador national football team for nine years and obtained a total number of 53 caps during his career scoring three goals. He made his debut on 7 June 1988 and played his last international match for Ecuador on 12 January 1997. He competed in three Copa Américas: 1989 1991 and 1993.Tenorio is currently a referee in the Ecuadorian Indoor Soccer Leagues in New York.,"{""Company"": 0, ""EducationalInstitution"": 0, ""Artist"": 0, ""Athlete"": 3, ""OfficeHolder"": 0, ""MeanOfTransportation"": 0, ""Building"": 0, ""NaturalPlace"": 0, ""Village"": 0, ""Animal"": 0, ""Plant"": 0, ""Album"": 0, ""Film"": 0, ""WrittenWork"": 0}",3,3,1.0,1
239,Artist,,Artist,Futuro Primitivo.  Futuro Primitivo is the electronic music stage name of Matyas Mon an Argentine musician from Buenos Aires.,"{""Company"": 0, ""EducationalInstitution"": 0, ""Artist"": 2, ""Athlete"": 0, ""OfficeHolder"": 0, ""MeanOfTransportation"": 0, ""Building"": 0, ""NaturalPlace"": 0, ""Village"": 0, ""Animal"": 0, ""Plant"": 0, ""Album"": 0, ""Film"": 0, ""WrittenWork"": 0}",2,3,0.6667,1
240,Film,,Film,Dams: The Lethal Water Bombs.  Dams: The Lethal Water Bombs is a short documentary film that gives a scientific explanation on the disastrous nature of the Mullaperiyar Dam thereby bringing out those who turn a blind eye towards the reality of a possible natural disaster and sustaining the need for a secured future of those people who render sleepless nights under the uncertain situation of the Mullaperiyar dam. This 21-minute documentary is produced by Aries Telecasting Private Ltd. and directed by Sohan Roy.,"{""Company"": 0, ""EducationalInstitution"": 0, ""Artist"": 0, ""Athlete"": 0, ""OfficeHolder"": 0, ""MeanOfTransportation"": 0, ""Building"": 0, ""NaturalPlace"": 0, ""Village"": 0, ""Animal"": 0, ""Plant"": 0, ""Album"": 0, ""Film"": 3, ""WrittenWork"": 0}",3,3,1.0,1
241,WrittenWork,,Company,11th Hour (novel).  11th Hour is the 11th novel of the Women’s Murder Club series by James Patterson. The main character of this series is Sgt. Lindsay Boxer. The series is a set in San Francisco and the Women's Murder Club is a small group of women who meet with Boxer to help solve sensational crimes in the city. Through the series the membership of the Women's Murder Club has had some changes.,"{""Company"": 2, ""EducationalInstitution"": 0, ""Artist"": 0, ""Athlete"": 0, ""OfficeHolder"": 0, ""MeanOfTransportation"": 0, ""Building"": 0, ""NaturalPlace"": 0, ""Village"": 0, ""Animal"": 0, ""Plant"": 0, ""Album"": 1, ""Film"": 0, ""WrittenWork"": 0}",2,3,0.6667,0
242,Album,,Album,Blakroc.  Blakroc is a rap rock collaboration album by Ohio-based blues rock band The Black Keys and several hip hop and R&B artists. The project has been overseen by Damon Dash co-founder and formerly owner of a share in Roc-A-Fella Records. The album was recorded at Studio G by co-producer Joel Hamilton.,"{""Company"": 0, ""EducationalInstitution"": 0, ""Artist"": 0, ""Athlete"": 0, ""OfficeHolder"": 0, ""MeanOfTransportation"": 0, ""Building"": 0, ""NaturalPlace"": 0, ""Village"": 0, ""Animal"": 0, ""Plant"": 0, ""Album"": 3, ""Film"": 0, ""WrittenWork"": 0}",3,3,1.0,1
243,NaturalPlace,,Building,Méouge.  The Méouge (La Méouge) is a 39 km river in the Rhône-Alpes region of the south of France. It rises in the Drôme near the town of Sederon and crosses into the Hautes-Alpes at Barret-sur-Méouge where it carves the spectacular tourist attraction the Gorges de la Méouge through the limestone platform. Near the communities of Chateauneuf-de-Chabre and Antonaves it joins the river Buëch which in turn flows into the Durance and the Rhone.,"{""Company"": 0, ""EducationalInstitution"": 0, ""Artist"": 0, ""Athlete"": 0, ""OfficeHolder"": 0, ""MeanOfTransportation"": 0, ""Building"": 2, ""NaturalPlace"": 1, ""Village"": 0, ""Animal"": 0, ""Plant"": 0, ""Album"": 0, ""Film"": 0, ""WrittenWork"": 0}",2,3,0.6667,0
244,EducationalInstitution,,EducationalInstitution,Faculty of Sport and Tourism.  The Faculty of Sport and Tourism (Serbian: Факултет за Спорт и Туризам Fakultet za sport i turizam TIMS) is a state-accredited private institution of high education located in Novi Sad Serbia. The Faculty was founded in 2004 and consists of two departments - Sport and Tourism.Since its founding the Faculty has educated 209 bachelors 36 magisters and masters as well as 10 doctors.,"{""Company"": 0, ""EducationalInstitution"": 3, ""Artist"": 0, ""Athlete"": 0, ""OfficeHolder"": 0, ""MeanOfTransportation"": 0, ""Building"": 0, ""NaturalPlace"": 0, ""Village"": 0, ""Animal"": 0, ""Plant"": 0, ""Album"": 0, ""Film"": 0, ""WrittenWork"": 0}",3,3,1.0,1
245,Film,,Film,Looking for an Echo.  Looking for an Echo is 2000 independent drama film.,"{""Company"": 1, ""EducationalInstitution"": 0, ""Artist"": 0, ""Athlete"": 0, ""OfficeHolder"": 0, ""MeanOfTransportation"": 0, ""Building"": 0, ""NaturalPlace"": 0, ""Village"": 0, ""Animal"": 0, ""Plant"": 0, ""Album"": 0, ""Film"": 2, ""WrittenWork"": 0}",2,3,0.6667,1
246,Film,,Film,Ponjola.  Ponjola is a 1923 American silent drama film based on the novel of the same name by Cynthia Stockley and directed by Donald Crisp. The film stars Anna Q. Nilsson in a role in which she masquerades as a man. A print of Ponjola still exists and is held by a private collector.,"{""Company"": 0, ""EducationalInstitution"": 0, ""Artist"": 0, ""Athlete"": 0, ""OfficeHolder"": 0, ""MeanOfTransportation"": 0, ""Building"": 0, ""NaturalPlace"": 0, ""Village"": 0, ""Animal"": 0, ""Plant"": 0, ""Album"": 0, ""Film"": 3, ""WrittenWork"": 0}",3,3,1.0,1
247,OfficeHolder,,OfficeHolder,Asif Ali Zardari.  Asif Ali Zardari (Urdu: آصف علی زرداری‎ Sindhi: آصف علي زرداري; born 26 July 1955) is a Pakistani politician and current co-chairman of Pakistan Peoples Party. He served as the 11th President of Pakistan from 2008 to 2013. He is the first ever democratically elected president of Pakistan to have successfully completed his five year tenure. A Sindhi from a landowning tribe of Baloch origin Zardari rose to prominence after his marriage to Benazir Bhutto in 1987 becoming the First Gentleman.,"{""Company"": 0, ""EducationalInstitution"": 0, ""Artist"": 0, ""Athlete"": 0, ""OfficeHolder"": 3, ""MeanOfTransportation"": 0, ""Building"": 0, ""NaturalPlace"": 0, ""Village"": 0, ""Animal"": 0, ""Plant"": 0, ""Album"": 0, ""Film"": 0, ""WrittenWork"": 0}",3,3,1.0,1
248,Plant,,Building,Buddleja davidii 'White Bouquet'.  Buddleja davidii 'White Bouquet' is one of the older white cultivars raised by Hungarian émigrée Sigmund Tarnok at his New Orleans nursery and patented in 1942 but still regarded as one of the best white-flowering varieties available.,"{""Company"": 0, ""EducationalInstitution"": 0, ""Artist"": 0, ""Athlete"": 0, ""OfficeHolder"": 0, ""MeanOfTransportation"": 0, ""Building"": 2, ""NaturalPlace"": 0, ""Village"": 0, ""Animal"": 0, ""Plant"": 1, ""Album"": 0, ""Film"": 0, ""WrittenWork"": 0}",2,3,0.6667,0
249,Artist,,Artist,Guy Adams.  Guy Adams (born 6 January 1976) is an English author comedian and actor possibly best known for the novel The World House. He has also written a BBC Books Torchwood novel The House That Jack Built.,"{""Company"": 0, ""EducationalInstitution"": 0, ""Artist"": 2, ""Athlete"": 0, ""OfficeHolder"": 0, ""MeanOfTransportation"": 0, ""Building"": 0, ""NaturalPlace"": 0, ""Village"": 0, ""Animal"": 0, ""Plant"": 0, ""Album"": 0, ""Film"": 0, ""WrittenWork"": 0}",2,3,0.6667,1
250,Animal,,Animal,Hildoceras.  Hildoceras is a genus of ammonite form the upper Lower Jurassic in the family Hildoceratidae. The shells are characterized by a narrow discoidal evolute shape keeled venter concave ribs along the outer flanks and a shallow spiral goove running along smooth inner flanks. Whorls slightly overlap cross sections are compressed.,"{""Company"": 0, ""EducationalInstitution"": 0, ""Artist"": 0, ""Athlete"": 0, ""OfficeHolder"": 0, ""MeanOfTransportation"": 0, ""Building"": 0, ""NaturalPlace"": 0, ""Village"": 0, ""Animal"": 3, ""Plant"": 0, ""Album"": 0, ""Film"": 0, ""WrittenWork"": 0}",3,3,1.0,1
251,OfficeHolder,,ABSTAIN,Henry Hague Davis.  Henry Hague Davis (September 10 1885 – June 30 1944) was a Canadian lawyer and Puisne Justice of the Supreme Court of Canada.Born in Brockville Ontario the son of William Henry Davis and Eliza Dowsley he received a Bachelor of Arts in 1907 a Master of Arts in 1909 and a Bachelor of Laws in 1911 all from the University of Toronto. He was called to the Ontario Bar in 1911 and then proceeded to practice law with the firm of Kilmer McAndrew & Irving in Toronto.,"{""Company"": 1, ""EducationalInstitution"": 1, ""Artist"": 0, ""Athlete"": 0, ""OfficeHolder"": 1, ""MeanOfTransportation"": 0, ""Building"": 0, ""NaturalPlace"": 0, ""Village"": 0, ""Animal"": 0, ""Plant"": 0, ""Album"": 0, ""Film"": 0, ""WrittenWork"": 0}",0,3,0.0,0
252,Artist,,Artist,Samanta Karavello.  Samanta Karavello (born 10 May 1990) is an Albanian singer.,"{""Company"": 0, ""EducationalInstitution"": 0, ""Artist"": 3, ""Athlete"": 0, ""OfficeHolder"": 0, ""MeanOfTransportation"": 0, ""Building"": 0, ""NaturalPlace"": 0, ""Village"": 0, ""Animal"": 0, ""Plant"": 0, ""Album"": 0, ""Film"": 0, ""WrittenWork"": 0}",3,3,1.0,1
253,Artist,,Artist,Ed Winiarski.  Ed Winiarski (living status unknown) who sometimes signed his work Win or Winny and sometimes used the pseudonym Fran Miller is an American comic book writer-artist known for both adventure stories and funny-animal cartooning in the late-1930s and 1940s Golden Age of comic books.A former animator Winiarski was one of the first generation of comic-book professionals contributing in the mid-1930s to National Allied Publications one of the companies that would evolve into DC Comics.,"{""Company"": 0, ""EducationalInstitution"": 0, ""Artist"": 3, ""Athlete"": 0, ""OfficeHolder"": 0, ""MeanOfTransportation"": 0, ""Building"": 0, ""NaturalPlace"": 0, ""Village"": 0, ""Animal"": 0, ""Plant"": 0, ""Album"": 0, ""Film"": 0, ""WrittenWork"": 0}",3,3,1.0,1
254,OfficeHolder,,OfficeHolder,Josiah Grout.  Josiah Grout Jr. (May 28 1841 – July 19 1925) was an American lawyer and politician in the US state of Vermont.Born in Quebec Canada to Vermonter parents he served in the American Civil War as a Union Army officer before entering the legal profession after the war. A Republican he entered politics and was elected to both houses of the Vermont General Assembly serving as Speaker of the Vermont House of Representatives.,"{""Company"": 0, ""EducationalInstitution"": 0, ""Artist"": 0, ""Athlete"": 0, ""OfficeHolder"": 3, ""MeanOfTransportation"": 0, ""Building"": 0, ""NaturalPlace"": 0, ""Village"": 0, ""Animal"": 0, ""Plant"": 0, ""Album"": 0, ""Film"": 0, ""WrittenWork"": 0}",3,3,1.0,1
255,MeanOfTransportation,,OfficeHolder,German submarine U-156 (1941).  The German submarine U-156 was a Type IXC U-boat of Nazi Germany's Kriegsmarine built for service during World War II. The keel for this boat was laid on 11 October 1940 at the AG Weser yard in Bremen Germany as 'werk' 998.,"{""Company"": 0, ""EducationalInstitution"": 0, ""Artist"": 0, ""Athlete"": 0, ""OfficeHolder"": 2, ""MeanOfTransportation"": 0, ""Building"": 1, ""NaturalPlace"": 0, ""Village"": 0, ""Animal"": 0, ""Plant"": 0, ""Album"": 0, ""Film"": 0, ""WrittenWork"": 0}",2,3,0.6667,0
256,EducationalInstitution,,EducationalInstitution,St. Xavier's School Godavari.  St Xavier's School located in Godavari Nepal about 15 k.m. outside Kathmandu is a school started by Marshall D. Moran and a group of American Jesuit Fathers in 1951. After a few years because of the increasing number of students the primary school was shifted to Jawalakhel (St. Xavier's School Jawalakhel) and the high school remained at Godavari.,"{""Company"": 0, ""EducationalInstitution"": 3, ""Artist"": 0, ""Athlete"": 0, ""OfficeHolder"": 0, ""MeanOfTransportation"": 0, ""Building"": 0, ""NaturalPlace"": 0, ""Village"": 0, ""Animal"": 0, ""Plant"": 0, ""Album"": 0, ""Film"": 0, ""WrittenWork"": 0}",3,3,1.0,1
257,EducationalInstitution,,EducationalInstitution,Middle Georgia State College.  Middle Georgia State College is an institution that was formed from the consolidation of Middle Georgia College which was established in 1884 and Macon State College which was established in 1965. The new college was created by action of the University System of Georgia Board of Regents on January 8 2013. The Southern Association of Colleges and Schools approved the consolidation in December 2012.,"{""Company"": 0, ""EducationalInstitution"": 3, ""Artist"": 0, ""Athlete"": 0, ""OfficeHolder"": 0, ""MeanOfTransportation"": 0, ""Building"": 0, ""NaturalPlace"": 0, ""Village"": 0, ""Animal"": 0, ""Plant"": 0, ""Album"": 0, ""Film"": 0, ""WrittenWork"": 0}",3,3,1.0,1
258,Artist,,Artist,Jeff Dawson.  Jeff Dawson is a Canadian record producer song writer engineer and mixer. Vancouver-based Jeff Dawson developed and produced the breakthrough self-titled second album for Daniel Powter. After working on Daniel's songs and helping develop the project's sound over 3 years Warner Bros. Chairman/CEO Tom Whalley took one listen and knew he had something extraordinary.,"{""Company"": 0, ""EducationalInstitution"": 0, ""Artist"": 3, ""Athlete"": 0, ""OfficeHolder"": 0, ""MeanOfTransportation"": 0, ""Building"": 0, ""NaturalPlace"": 0, ""Village"": 0, ""Animal"": 0, ""Plant"": 0, ""Album"": 0, ""Film"": 0, ""WrittenWork"": 0}",3,3,1.0,1
259,Album,,Film,Saw V Original Motion Picture Soundtrack.  Saw V Original Motion Picture Soundtrack is the soundtrack for the film Saw V.,"{""Company"": 0, ""EducationalInstitution"": 0, ""Artist"": 0, ""Athlete"": 0, ""OfficeHolder"": 0, ""MeanOfTransportation"": 0, ""Building"": 0, ""NaturalPlace"": 0, ""Village"": 0, ""Animal"": 0, ""Plant"": 0, ""Album"": 0, ""Film"": 3, ""WrittenWork"": 0}",3,3,1.0,0
260,EducationalInstitution,,EducationalInstitution,Carlisle College.  Carlisle College is a further education college based in Carlisle Cumbria. It takes on students in the September and also the February of each year.The OFSTED Report for the school was met with a review stating This is a really good college where learner achievement is high which is down to the hard work and dedication of both students and staff.,"{""Company"": 0, ""EducationalInstitution"": 3, ""Artist"": 0, ""Athlete"": 0, ""OfficeHolder"": 0, ""MeanOfTransportation"": 0, ""Building"": 0, ""NaturalPlace"": 0, ""Village"": 0, ""Animal"": 0, ""Plant"": 0, ""Album"": 0, ""Film"": 0, ""WrittenWork"": 0}",3,3,1.0,1
261,EducationalInstitution,,EducationalInstitution,Failsworth School.  Failsworth School is a mixed gender secondary school admitting children between 11–16-year of age. The school is located in Failsworth within the Metropolitan Borough of Oldham in Greater Manchester.,"{""Company"": 0, ""EducationalInstitution"": 2, ""Artist"": 0, ""Athlete"": 0, ""OfficeHolder"": 0, ""MeanOfTransportation"": 0, ""Building"": 1, ""NaturalPlace"": 0, ""Village"": 0, ""Animal"": 0, ""Plant"": 0, ""Album"": 0, ""Film"": 0, ""WrittenWork"": 0}",2,3,0.6667,1
262,Album,,Album,La Luna (album).  La Luna (Italian and Spanish for the moon) is the seventh album recorded by English soprano Sarah Brightman in 2000. It was released under license by Nemo Studios to Angel Records. The album combines pieces written by classical and modern composers.The classical pieces are How Fair This Place (Здесь хорошо) by Rachmaninov; Figlio Perduto which is based on Ludwig van Beethoven's Symphony No. 7 Op.,"{""Company"": 0, ""EducationalInstitution"": 0, ""Artist"": 0, ""Athlete"": 0, ""OfficeHolder"": 0, ""MeanOfTransportation"": 0, ""Building"": 0, ""NaturalPlace"": 0, ""Village"": 0, ""Animal"": 0, ""Plant"": 0, ""Album"": 3, ""Film"": 0, ""WrittenWork"": 0}",3,3,1.0,1
263,Plant,,Plant,Ophioglossales.  Ophioglossales (lit. 'snake-tongue-plant') are a small group of pteridophyte plants. Traditionally they are included in the division Pteridophyta the ferns originally as a family and later as the order Ophioglossales. In some classifications this group is placed in a separate division the Ophioglossophyta but recent molecular systematic studies have shown the Ophioglossales to be closely related to the Psilotales. The most recent classification by Smith et al.,"{""Company"": 0, ""EducationalInstitution"": 0, ""Artist"": 0, ""Athlete"": 0, ""OfficeHolder"": 0, ""MeanOfTransportation"": 0, ""Building"": 0, ""NaturalPlace"": 0, ""Village"": 0, ""Animal"": 0, ""Plant"": 3, ""Album"": 0, ""Film"": 0, ""WrittenWork"": 0}",3,3,1.0,1
264,NaturalPlace,,Building,Moldefjord.  The Moldefjorden is a fjord in Molde Municipality in Møre og Romsdal county Norway. It is a 20-kilometre (12 mi) long branch off of the main Romsdalsfjorden. The fjord begins at the Julsundet strait (in the west) and heads east past the city of Molde then it continues flowing east along the northern side of the Molde archipelago and the island of Bolsøya and ending at the entrance to the Fannefjorden.,"{""Company"": 0, ""EducationalInstitution"": 0, ""Artist"": 0, ""Athlete"": 0, ""OfficeHolder"": 0, ""MeanOfTransportation"": 0, ""Building"": 2, ""NaturalPlace"": 1, ""Village"": 0, ""Animal"": 0, ""Plant"": 0, ""Album"": 0, ""Film"": 0, ""WrittenWork"": 0}",2,3,0.6667,0
265,EducationalInstitution,,EducationalInstitution,Lynbrook High School.  There is also a Lynbrook High School in Lynbrook New York.Lynbrook High School (also referred to as Lynbrook or LHS) is a co-educational public four-year secondary school located in the West San Jose neighborhood of San Jose California USA. It was founded in 1965 and graduated its first class in 1968.Lynbrook belongs to the Fremont Union High School District along with Monta Vista High School Cupertino High School Fremont High School and Homestead High School.,"{""Company"": 1, ""EducationalInstitution"": 2, ""Artist"": 0, ""Athlete"": 0, ""OfficeHolder"": 0, ""MeanOfTransportation"": 0, ""Building"": 0, ""NaturalPlace"": 0, ""Village"": 0, ""Animal"": 0, ""Plant"": 0, ""Album"": 0, ""Film"": 0, ""WrittenWork"": 0}",2,3,0.6667,1
266,Album,,Album,Remixed and Reimagined (Nina Simone album).  Remixed and Reimagined is the first album in the Legacy Remixed series released by Sony BMG. This is a collection of songs by Nina Simone remixed by several club DJ's. All original songs come from her albums released by RCA records. It was released in 2006 on Legacy/RCA/SBMG Records.,"{""Company"": 0, ""EducationalInstitution"": 0, ""Artist"": 0, ""Athlete"": 0, ""OfficeHolder"": 0, ""MeanOfTransportation"": 0, ""Building"": 0, ""NaturalPlace"": 0, ""Village"": 0, ""Animal"": 0, ""Plant"": 0, ""Album"": 3, ""Film"": 0, ""WrittenWork"": 0}",3,3,1.0,1
267,NaturalPlace,,Building,Cambridge Hills.  The Cambridge Hills are a mountain range in Lyon County Nevada.,"{""Company"": 0, ""EducationalInstitution"": 0, ""Artist"": 0, ""Athlete"": 0, ""OfficeHolder"": 0, ""MeanOfTransportation"": 0, ""Building"": 3, ""NaturalPlace"": 0, ""Village"": 0, ""Animal"": 0, ""Plant"": 0, ""Album"": 0, ""Film"": 0, ""WrittenWork"": 0}",3,3,1.0,0
268,Village,,Village,Saadatabad Firuzabad.  Saadatabad (Persian: سعادت اباد‎ also Romanized as Sa‘ādatābād) is a village in Khvajehei Rural District Meymand District Firuzabad County Fars Province Iran. At the 2006 census its population was 102 in 21 families.,"{""Company"": 0, ""EducationalInstitution"": 0, ""Artist"": 0, ""Athlete"": 0, ""OfficeHolder"": 0, ""MeanOfTransportation"": 0, ""Building"": 0, ""NaturalPlace"": 0, ""Village"": 3, ""Animal"": 0, ""Plant"": 0, ""Album"": 0, ""Film"": 0, ""WrittenWork"": 0}",3,3,1.0,1
269,OfficeHolder,,OfficeHolder,Kenneth L. Wainstein.  Kenneth Leonard Wainstein (born 1962) is an American lawyer.He served as the first Assistant Attorney General for National Security and later as the Homeland Security Advisor to United States President George W. Bush.,"{""Company"": 0, ""EducationalInstitution"": 0, ""Artist"": 0, ""Athlete"": 0, ""OfficeHolder"": 3, ""MeanOfTransportation"": 0, ""Building"": 0, ""NaturalPlace"": 0, ""Village"": 0, ""Animal"": 0, ""Plant"": 0, ""Album"": 0, ""Film"": 0, ""WrittenWork"": 0}",3,3,1.0,1
270,NaturalPlace,,ABSTAIN,Fibbia.  The Fibbia is a mountain in the Swiss Lepontine Alps; the Fibbia overlooks the Gotthard Pass in the canton of Ticino.,"{""Company"": 0, ""EducationalInstitution"": 0, ""Artist"": 0, ""Athlete"": 0, ""OfficeHolder"": 0, ""MeanOfTransportation"": 0, ""Building"": 1, ""NaturalPlace"": 0, ""Village"": 0, ""Animal"": 0, ""Plant"": 0, ""Album"": 0, ""Film"": 0, ""WrittenWork"": 0}",0,3,0.0,0
271,NaturalPlace,,NaturalPlace,Bârlogel River.  The Bârlogel River is a tributary of the Moneasa River in Romania.,"{""Company"": 0, ""EducationalInstitution"": 0, ""Artist"": 0, ""Athlete"": 0, ""OfficeHolder"": 0, ""MeanOfTransportation"": 0, ""Building"": 1, ""NaturalPlace"": 2, ""Village"": 0, ""Animal"": 0, ""Plant"": 0, ""Album"": 0, ""Film"": 0, ""WrittenWork"": 0}",2,3,0.6667,1
272,EducationalInstitution,,EducationalInstitution,Ontario Institute for Studies in Education.  The Ontario Institute for Studies in Education of the University of Toronto (OISE/UT) is a teachers' college in Toronto Ontario.,"{""Company"": 0, ""EducationalInstitution"": 3, ""Artist"": 0, ""Athlete"": 0, ""OfficeHolder"": 0, ""MeanOfTransportation"": 0, ""Building"": 0, ""NaturalPlace"": 0, ""Village"": 0, ""Animal"": 0, ""Plant"": 0, ""Album"": 0, ""Film"": 0, ""WrittenWork"": 0}",3,3,1.0,1
273,Album,,Album,Limón y Sal.  Limón y Sal (Lemon and Salt) is the title of the fourth studio album released by Mexican singer-songwriter Julieta Venegas. It was recorded in Buenos Aires Argentina and first released in Mexico on May 30 2006 and in the United States on June 6 2006. To date the album has sold over 4 millon copies worldwide.The album's overall themes deal with the general ups and downs of life and relationships.,"{""Company"": 0, ""EducationalInstitution"": 0, ""Artist"": 0, ""Athlete"": 0, ""OfficeHolder"": 0, ""MeanOfTransportation"": 0, ""Building"": 0, ""NaturalPlace"": 0, ""Village"": 0, ""Animal"": 0, ""Plant"": 0, ""Album"": 3, ""Film"": 0, ""WrittenWork"": 0}",3,3,1.0,1
274,WrittenWork,,Company,Arevelk.  The Arevelk (Orient) was a widely circulated and read Armenian newspaper published and circulated throughout the Ottoman Empire.The newspaper was started by a collaboration of many Armenian writers including Arpiar Arpiarian. It was a literary and political newspaper with democratic tendencies. It subsequently attracted numerous writers who would eventually form the core of the Armenian realism movement.,"{""Company"": 3, ""EducationalInstitution"": 0, ""Artist"": 0, ""Athlete"": 0, ""OfficeHolder"": 0, ""MeanOfTransportation"": 0, ""Building"": 0, ""NaturalPlace"": 0, ""Village"": 0, ""Animal"": 0, ""Plant"": 0, ""Album"": 0, ""Film"": 0, ""WrittenWork"": 0}",3,3,1.0,0
275,Plant,,Plant,Rhus aucheri.  Rhus aucheri is a species of plant in the Anacardiaceae family. It is endemic to Oman.,"{""Company"": 0, ""EducationalInstitution"": 0, ""Artist"": 0, ""Athlete"": 0, ""OfficeHolder"": 0, ""MeanOfTransportation"": 0, ""Building"": 0, ""NaturalPlace"": 0, ""Village"": 0, ""Animal"": 0, ""Plant"": 3, ""Album"": 0, ""Film"": 0, ""WrittenWork"": 0}",3,3,1.0,1
276,Athlete,,Athlete,Denys Sokolovskyi.  Denys Sokolovskyi (born 26 March 1979 in Donetsk) is a retired Ukrainian professional football player who played for several clubs in Europe including FC Metalurh Donetsk and FC Vorskla Poltava in the Ukrainian Premier League Panionios FC in the Greek Superleague and Pogoń Szczecin the Polish Ekstraklasa.Sokolovskyi had brief stints with clubs in Greece and Poland before returning to Ukraine with FC Vorskla Poltava for the 2002 season.,"{""Company"": 0, ""EducationalInstitution"": 0, ""Artist"": 0, ""Athlete"": 3, ""OfficeHolder"": 0, ""MeanOfTransportation"": 0, ""Building"": 0, ""NaturalPlace"": 0, ""Village"": 0, ""Animal"": 0, ""Plant"": 0, ""Album"": 0, ""Film"": 0, ""WrittenWork"": 0}",3,3,1.0,1
277,MeanOfTransportation,,OfficeHolder,Enterprize Replica.  The Enterprize is a replica Topsail Schooner built in Melbourne Australia. It is currently operated by a not-for-profit group for the purpose of providing the people of Melbourne with a means of experiencing nineteenth century sailing and the city's history.,"{""Company"": 0, ""EducationalInstitution"": 0, ""Artist"": 0, ""Athlete"": 0, ""OfficeHolder"": 2, ""MeanOfTransportation"": 0, ""Building"": 1, ""NaturalPlace"": 0, ""Village"": 0, ""Animal"": 0, ""Plant"": 0, ""Album"": 0, ""Film"": 0, ""WrittenWork"": 0}",2,3,0.6667,0
278,Building,,NaturalPlace,Ulster American Folk Park.  The Ulster American Folk Park is an open-air museum in Castletown just outside Omagh in County Tyrone Northern Ireland. The Park explores the historical link between Ulster and America focusing particularly on the lifestyle and experiences of those immigrants who sailed from Ulster to America in the 18th and 19th centuries.,"{""Company"": 0, ""EducationalInstitution"": 0, ""Artist"": 0, ""Athlete"": 0, ""OfficeHolder"": 0, ""MeanOfTransportation"": 0, ""Building"": 1, ""NaturalPlace"": 2, ""Village"": 0, ""Animal"": 0, ""Plant"": 0, ""Album"": 0, ""Film"": 0, ""WrittenWork"": 0}",2,3,0.6667,0
279,OfficeHolder,,OfficeHolder,Fahd bin Mahmoud al Said.  Sayyid Fahd bin Mahmoud al Said Arabic سيد فهد بن محمود آل سعيد (born 1926) is the deputy prime minister of the Sultanate of Oman and has served in this post since 23 June 1970.,"{""Company"": 0, ""EducationalInstitution"": 0, ""Artist"": 0, ""Athlete"": 0, ""OfficeHolder"": 3, ""MeanOfTransportation"": 0, ""Building"": 0, ""NaturalPlace"": 0, ""Village"": 0, ""Animal"": 0, ""Plant"": 0, ""Album"": 0, ""Film"": 0, ""WrittenWork"": 0}",3,3,1.0,1
280,Film,,Film,Female Vampire.  Female Vampire is a 1975 French-Belgian film directed written and co-edited by Jesús Franco. The film is set in Europe and stars actress Lina Romay as Irina von Karlstein a vampire who has sex with both male and female victims. In an unusual variation of the vampire myth Karlstein performs oral sex on her victims until they die draining them of their sexual fluids.Three versions of the film were shot --- straight horror horror mixed with sex and the hardcore pornography version.,"{""Company"": 0, ""EducationalInstitution"": 0, ""Artist"": 0, ""Athlete"": 0, ""OfficeHolder"": 0, ""MeanOfTransportation"": 0, ""Building"": 0, ""NaturalPlace"": 0, ""Village"": 0, ""Animal"": 0, ""Plant"": 0, ""Album"": 0, ""Film"": 3, ""WrittenWork"": 0}",3,3,1.0,1
281,Building,,Building,Immaculate Heart of Mary Church (Danbury Connecticut).  Immaculate Heart of Mary Parish is a Roman Catholic parish in Danbury Connecticut part of the Diocese of Bridgeport.,"{""Company"": 0, ""EducationalInstitution"": 0, ""Artist"": 0, ""Athlete"": 0, ""OfficeHolder"": 1, ""MeanOfTransportation"": 0, ""Building"": 2, ""NaturalPlace"": 0, ""Village"": 0, ""Animal"": 0, ""Plant"": 0, ""Album"": 0, ""Film"": 0, ""WrittenWork"": 0}",2,3,0.6667,1
282,Film,,Film,The Goodbye Girl.  The Goodbye Girl is a 1977 American romantic comedy-drama film. Directed by Herbert Ross the film stars Richard Dreyfuss Marsha Mason Quinn Cummings and Paul Benedict. The original screenplay by Neil Simon centers on an odd trio—a struggling actor who has sublet a Manhattan apartment from a friend the current occupant (his friend's ex-girlfriend who has just been abandoned) and her precocious young daughter.Richard Dreyfuss won a Best Actor Oscar for his performance as Elliot Garfield.,"{""Company"": 0, ""EducationalInstitution"": 0, ""Artist"": 0, ""Athlete"": 0, ""OfficeHolder"": 0, ""MeanOfTransportation"": 0, ""Building"": 0, ""NaturalPlace"": 0, ""Village"": 0, ""Animal"": 0, ""Plant"": 0, ""Album"": 0, ""Film"": 3, ""WrittenWork"": 0}",3,3,1.0,1
283,Plant,,Plant,Begonia peltatifolia.  Begonia peltatifolia is a species of plant in the Begoniaceae family. It is endemic to China.,"{""Company"": 0, ""EducationalInstitution"": 0, ""Artist"": 0, ""Athlete"": 0, ""OfficeHolder"": 0, ""MeanOfTransportation"": 0, ""Building"": 0, ""NaturalPlace"": 0, ""Village"": 0, ""Animal"": 0, ""Plant"": 3, ""Album"": 0, ""Film"": 0, ""WrittenWork"": 0}",3,3,1.0,1
284,NaturalPlace,,NaturalPlace,Aston Bay (Arctic waterway).  Aston Bay is an Arctic waterway in the Qikiqtaaluk Region of Nunavut Canada. It is an arm of Peel Sound and is located on the western side of Somerset Island. It is located north of M'Clure Bay. The closest hamlet is Resolute located about 150 km (93 mi) to the north on Cornwallis Island.,"{""Company"": 0, ""EducationalInstitution"": 0, ""Artist"": 0, ""Athlete"": 0, ""OfficeHolder"": 0, ""MeanOfTransportation"": 0, ""Building"": 0, ""NaturalPlace"": 3, ""Village"": 0, ""Animal"": 0, ""Plant"": 0, ""Album"": 0, ""Film"": 0, ""WrittenWork"": 0}",3,3,1.0,1
285,Athlete,,Athlete,Natalie Ross.  Natalie Ross (born 14 September 1989) is a Scottish female midfielder who plays for the football club Rangers and has represented Scotland at youth and senior level.,"{""Company"": 0, ""EducationalInstitution"": 0, ""Artist"": 0, ""Athlete"": 3, ""OfficeHolder"": 0, ""MeanOfTransportation"": 0, ""Building"": 0, ""NaturalPlace"": 0, ""Village"": 0, ""Animal"": 0, ""Plant"": 0, ""Album"": 0, ""Film"": 0, ""WrittenWork"": 0}",3,3,1.0,1
286,Artist,,Artist,Vera Matović.  Vera Matović (Cyrillic: Вера Матовић) is a Serbian folk singer.,"{""Company"": 0, ""EducationalInstitution"": 0, ""Artist"": 3, ""Athlete"": 0, ""OfficeHolder"": 0, ""MeanOfTransportation"": 0, ""Building"": 0, ""NaturalPlace"": 0, ""Village"": 0, ""Animal"": 0, ""Plant"": 0, ""Album"": 0, ""Film"": 0, ""WrittenWork"": 0}",3,3,1.0,1
287,Company,,Company,MedCath Corp..  MedCath Corporation is an American public company which provides cardiac health care. The company was founded in 1988 as MedCath Partners a for-profit corporation which offered cath lab nuclear cardiology and sleep medicine services. In 1999 the company began opening and operating acute care cardiac hospitals.In the early months of 2005 MedCath significantly shifted its corporate strategy.,"{""Company"": 3, ""EducationalInstitution"": 0, ""Artist"": 0, ""Athlete"": 0, ""OfficeHolder"": 0, ""MeanOfTransportation"": 0, ""Building"": 0, ""NaturalPlace"": 0, ""Village"": 0, ""Animal"": 0, ""Plant"": 0, ""Album"": 0, ""Film"": 0, ""WrittenWork"": 0}",3,3,1.0,1
288,Village,,Village,Dobrocin Lower Silesian Voivodeship.  Dobrocin [dɔˈbrɔt͡ɕin] (German: Güttmannsdorf) is a village in the administrative district of Gmina Dzierżoniów within Dzierżoniów County Lower Silesian Voivodeship in south-western Poland. Prior to 1945 it was in Germany.It lies approximately 11 km (7 mi) east of Dzierżoniów and 50 km (31 mi) south-west of the regional capital Wrocław.The village has a population of 800.,"{""Company"": 0, ""EducationalInstitution"": 0, ""Artist"": 0, ""Athlete"": 0, ""OfficeHolder"": 0, ""MeanOfTransportation"": 0, ""Building"": 0, ""NaturalPlace"": 0, ""Village"": 3, ""Animal"": 0, ""Plant"": 0, ""Album"": 0, ""Film"": 0, ""WrittenWork"": 0}",3,3,1.0,1
289,Artist,,Artist,Stefan Skarbek.  Count Stefan Skarbek is a British-born songwriter producer multi-instrumentalist and singer.,"{""Company"": 0, ""EducationalInstitution"": 0, ""Artist"": 3, ""Athlete"": 0, ""OfficeHolder"": 0, ""MeanOfTransportation"": 0, ""Building"": 0, ""NaturalPlace"": 0, ""Village"": 0, ""Animal"": 0, ""Plant"": 0, ""Album"": 0, ""Film"": 0, ""WrittenWork"": 0}",3,3,1.0,1
290,Album,,Album,TKOL RMX 1234567.  TKOL RMX 1234567 is a 2011 remix album of songs from The King of Limbs by English rock band Radiohead. The album compiles a series of seven 12 vinyl singles/EPs mixed by various artists. Like the preluding singles it was released as a digital download from the band's website in both MP3 and WAV format. TKOL RMX 1234567 was released on 16 September 2011 in Japan and 10 October in other countries.,"{""Company"": 0, ""EducationalInstitution"": 0, ""Artist"": 0, ""Athlete"": 0, ""OfficeHolder"": 0, ""MeanOfTransportation"": 0, ""Building"": 0, ""NaturalPlace"": 0, ""Village"": 0, ""Animal"": 0, ""Plant"": 0, ""Album"": 3, ""Film"": 0, ""WrittenWork"": 0}",3,3,1.0,1
291,MeanOfTransportation,,Company,Fiat 527.  The Fiat 527 is a passenger car produced by Fiat between 1934 and 1936. The 527 was a six-cylinder version of 518 Ardita also known as Ardita 2500. This car was built only with a full-length sedan chassis having a wheelbase of 3170 mm (124.8 in).The 527 was not assembled outside Italy. Approximately 1000 were produced.,"{""Company"": 3, ""EducationalInstitution"": 0, ""Artist"": 0, ""Athlete"": 0, ""OfficeHolder"": 0, ""MeanOfTransportation"": 0, ""Building"": 0, ""NaturalPlace"": 0, ""Village"": 0, ""Animal"": 0, ""Plant"": 0, ""Album"": 0, ""Film"": 0, ""WrittenWork"": 0}",3,3,1.0,0
292,Album,,Album,Fuse (Fuse album).  Fuse is the debut rock album by Fuse recorded in 1969 (see 1969 in music) released in 1970. This is the only album the band released before they broke up with members going on to form Cheap Trick and Silver Fox.,"{""Company"": 0, ""EducationalInstitution"": 0, ""Artist"": 0, ""Athlete"": 0, ""OfficeHolder"": 0, ""MeanOfTransportation"": 0, ""Building"": 0, ""NaturalPlace"": 0, ""Village"": 0, ""Animal"": 0, ""Plant"": 0, ""Album"": 3, ""Film"": 0, ""WrittenWork"": 0}",3,3,1.0,1
293,Album,,Artist,Kurac Pička Govno Sisa.  Kurac Pička Govno Sisa (trans. Dick Pussy Shit Tit) is the first live album of Rambo Amadeus released in 1993. It was recorded on 29 September 1992 on the concert in Skoplje. Among well known Rambo Amadeus' songs the album contains a number of improvisations of the famous themes.,"{""Company"": 0, ""EducationalInstitution"": 0, ""Artist"": 2, ""Athlete"": 0, ""OfficeHolder"": 0, ""MeanOfTransportation"": 0, ""Building"": 0, ""NaturalPlace"": 0, ""Village"": 0, ""Animal"": 0, ""Plant"": 0, ""Album"": 0, ""Film"": 1, ""WrittenWork"": 0}",2,3,0.6667,0
294,NaturalPlace,,Building,Aa (Nethe).  Aa (Nethe) is a river of North Rhine-Westphalia Germany.,"{""Company"": 0, ""EducationalInstitution"": 0, ""Artist"": 0, ""Athlete"": 0, ""OfficeHolder"": 0, ""MeanOfTransportation"": 0, ""Building"": 3, ""NaturalPlace"": 0, ""Village"": 0, ""Animal"": 0, ""Plant"": 0, ""Album"": 0, ""Film"": 0, ""WrittenWork"": 0}",3,3,1.0,0
295,Animal,,Animal,Lampronia morosa.  Lampronia morosa is a moth of the Prodoxidae family. It is found in most of Europe except Ireland Latvia Lithuania Portugal and part of the Balkan Peninsula. It is also present in the Caucasus and Asia Minor.The wingspan is 12–15 mm. The groundcolor of the forewings is dark fuscous with whitish indistinct spots. The hindwings are medium gray. Adults are on wing in May and June.The larvae feed on Rosa species. After overwintering larvae feed inside young rose shoots.,"{""Company"": 0, ""EducationalInstitution"": 0, ""Artist"": 0, ""Athlete"": 0, ""OfficeHolder"": 0, ""MeanOfTransportation"": 0, ""Building"": 0, ""NaturalPlace"": 0, ""Village"": 0, ""Animal"": 2, ""Plant"": 1, ""Album"": 0, ""Film"": 0, ""WrittenWork"": 0}",2,3,0.6667,1
296,MeanOfTransportation,,Company,LSWR 273 class.  The LSWR 273 class was a class of 0-6-0 steam locomotives designed by William George Beattie for the London and South Western Railway (LSWR). Twelve locomotives were built between 1872 and 1873.,"{""Company"": 2, ""EducationalInstitution"": 0, ""Artist"": 0, ""Athlete"": 0, ""OfficeHolder"": 1, ""MeanOfTransportation"": 0, ""Building"": 0, ""NaturalPlace"": 0, ""Village"": 0, ""Animal"": 0, ""Plant"": 0, ""Album"": 0, ""Film"": 0, ""WrittenWork"": 0}",2,3,0.6667,0
297,EducationalInstitution,,Company,Berry College.  Berry College is a private four-year liberal arts college located in Mount Berry Floyd County Georgia just north of Rome. It is accredited by the Southern Association of Colleges and Schools (SACS).,"{""Company"": 3, ""EducationalInstitution"": 0, ""Artist"": 0, ""Athlete"": 0, ""OfficeHolder"": 0, ""MeanOfTransportation"": 0, ""Building"": 0, ""NaturalPlace"": 0, ""Village"": 0, ""Animal"": 0, ""Plant"": 0, ""Album"": 0, ""Film"": 0, ""WrittenWork"": 0}",3,3,1.0,0
298,WrittenWork,,EducationalInstitution,A Short History of Ethics.  A Short History of Ethics: A History of Moral Philosophy from the Homeric Age to the Twentieth Century is a 1966 book on the history of moral philosophy by the Scottish philosopher Alasdair MacIntyre.,"{""Company"": 0, ""EducationalInstitution"": 2, ""Artist"": 0, ""Athlete"": 0, ""OfficeHolder"": 0, ""MeanOfTransportation"": 0, ""Building"": 0, ""NaturalPlace"": 0, ""Village"": 0, ""Animal"": 0, ""Plant"": 0, ""Album"": 0, ""Film"": 0, ""WrittenWork"": 1}",2,3,0.6667,0
299,Village,,Village,Kahla Iran.  Kahla (Persian: كهلا‎ also Romanized as Kahlā; also known as Kāhīla) is a village in Bizineh Rud Rural District Bizineh Rud District Khodabandeh County Zanjan Province Iran. At the 2006 census its population was 1661 in 406 families.,"{""Company"": 0, ""EducationalInstitution"": 0, ""Artist"": 0, ""Athlete"": 0, ""OfficeHolder"": 0, ""MeanOfTransportation"": 0, ""Building"": 0, ""NaturalPlace"": 0, ""Village"": 3, ""Animal"": 0, ""Plant"": 0, ""Album"": 0, ""Film"": 0, ""WrittenWork"": 0}",3,3,1.0,1
