id,gold,gold_multi,pred,text,votes,top_votes,K,confidence,correct
0,admiration,admiration,admiration,That poster is amazing. He needs to sell these online!,"{""admiration"": 3, ""amusement"": 0, ""anger"": 0, ""annoyance"": 0, ""approval"": 0, ""caring"": 0, ""confusion"": 0, ""curiosity"": 0, ""desire"": 0, ""disappointment"": 0, ""disapproval"": 0, ""disgust"": 0, ""embarrassment"": 0, ""excitement"": 0, ""fear"": 0, ""gratitude"": 0, ""grief"": 0, ""joy"": 0, ""love"": 0, ""nervousness"": 0, ""optimism"": 0, ""pride"": 0, ""realization"": 0, ""relief"": 0, ""remorse"": 0, ""sadness"": 0, ""surprise"": 0, ""neutral"": 0}",3,3,1.0,1
1,caring,caring,ABSTAIN,Adapt and overcome,"{""admiration"": 0, ""amusement"": 0, ""anger"": 0, ""annoyance"": 0, ""approval"": 0, ""caring"": 0, ""confusion"": 0, ""curiosity"": 0, ""desire"": 0, ""disappointment"": 0, ""disapproval"": 0, ""disgust"": 1, ""embarrassment"": 0, ""excitement"": 0, ""fear"": 0, ""gratitude"": 0, ""grief"": 0, ""joy"": 0, ""love"": 0, ""nervousness"": 0, ""optimism"": 1, ""pride"": 0, ""realization"": 0, ""relief"": 0, ""remorse"": 1, ""sadness"": 0, ""surprise"": 0, ""neutral"": 0}",0,3,0.0,0
2,joy,joy|optimism,ABSTAIN,I’m glad you had a great time here! Wishing you safe travels!,"{""admiration"": 1, ""amusement"": 0, ""anger"": 0, ""annoyance"": 0, ""approval"": 0, ""caring"": 0, ""confusion"": 0, ""curiosity"": 0, ""desire"": 0, ""disappointment"": 0, ""disapproval"": 0, ""disgust"": 0, ""embarrassment"": 0, ""excitement"": 0, ""fear"": 0, ""gratitude"": 1, ""grief"": 0, ""joy"": 1, ""love"": 0, ""nervousness"": 0, ""optimism"": 0, ""pride"": 0, ""realization"": 0, ""relief"": 0, ""remorse"": 0, ""sadness"": 0, ""surprise"": 0, ""neutral"": 0}",0,3,0.0,0
3,annoyance,annoyance,anger,[NAME] would be really pissed off to lose c3po and r2 to the fucking destroy ending,"{""admiration"": 0, ""amusement"": 0, ""anger"": 3, ""annoyance"": 0, ""approval"": 0, ""caring"": 0, ""confusion"": 0, ""curiosity"": 0, ""desire"": 0, ""disappointment"": 0, ""disapproval"": 0, ""disgust"": 0, ""embarrassment"": 0, ""excitement"": 0, ""fear"": 0, ""gratitude"": 0, ""grief"": 0, ""joy"": 0, ""love"": 0, ""nervousness"": 0, ""optimism"": 0, ""pride"": 0, ""realization"": 0, ""relief"": 0, ""remorse"": 0, ""sadness"": 0, ""surprise"": 0, ""neutral"": 0}",3,3,1.0,0
4,neutral,neutral,admiration,And we'll be surrounded by friends,"{""admiration"": 3, ""amusement"": 0, ""anger"": 0, ""annoyance"": 0, ""approval"": 0, ""caring"": 0, ""confusion"": 0, ""curiosity"": 0, ""desire"": 0, ""disappointment"": 0, ""disapproval"": 0, ""disgust"": 0, ""embarrassment"": 0, ""excitement"": 0, ""fear"": 0, ""gratitude"": 0, ""grief"": 0, ""joy"": 0, ""love"": 0, ""nervousness"": 0, ""optimism"": 0, ""pride"": 0, ""realization"": 0, ""relief"": 0, ""remorse"": 0, ""sadness"": 0, ""surprise"": 0, ""neutral"": 0}",3,3,1.0,0
5,anger,anger|annoyance,disgust,Please stop talking [NAME].,"{""admiration"": 0, ""amusement"": 0, ""anger"": 0, ""annoyance"": 0, ""approval"": 0, ""caring"": 0, ""confusion"": 0, ""curiosity"": 0, ""desire"": 0, ""disappointment"": 0, ""disapproval"": 0, ""disgust"": 2, ""embarrassment"": 0, ""excitement"": 0, ""fear"": 0, ""gratitude"": 0, ""grief"": 0, ""joy"": 0, ""love"": 0, ""nervousness"": 0, ""optimism"": 0, ""pride"": 0, ""realization"": 0, ""relief"": 0, ""remorse"": 1, ""sadness"": 0, ""surprise"": 0, ""neutral"": 0}",2,3,0.6667,0
6,neutral,neutral,disapproval,"Also, [NAME] has reached the ""retweet fans pressuring him to run"" stage of unofficially running.","{""admiration"": 0, ""amusement"": 0, ""anger"": 0, ""annoyance"": 0, ""approval"": 0, ""caring"": 0, ""confusion"": 0, ""curiosity"": 0, ""desire"": 0, ""disappointment"": 0, ""disapproval"": 3, ""disgust"": 0, ""embarrassment"": 0, ""excitement"": 0, ""fear"": 0, ""gratitude"": 0, ""grief"": 0, ""joy"": 0, ""love"": 0, ""nervousness"": 0, ""optimism"": 0, ""pride"": 0, ""realization"": 0, ""relief"": 0, ""remorse"": 0, ""sadness"": 0, ""surprise"": 0, ""neutral"": 0}",3,3,1.0,0
7,admiration,admiration|surprise,disgust,"Wow. These people really deserve some *clove*, especially on subshops.","{""admiration"": 0, ""amusement"": 0, ""anger"": 0, ""annoyance"": 0, ""approval"": 0, ""caring"": 0, ""confusion"": 0, ""curiosity"": 0, ""desire"": 0, ""disappointment"": 0, ""disapproval"": 0, ""disgust"": 3, ""embarrassment"": 0, ""excitement"": 0, ""fear"": 0, ""gratitude"": 0, ""grief"": 0, ""joy"": 0, ""love"": 0, ""nervousness"": 0, ""optimism"": 0, ""pride"": 0, ""realization"": 0, ""relief"": 0, ""remorse"": 0, ""sadness"": 0, ""surprise"": 0, ""neutral"": 0}",3,3,1.0,0
8,disgust,disgust,disgust,Stop being disgusting. I dont know if you know this but all dogs are naked.,"{""admiration"": 0, ""amusement"": 0, ""anger"": 0, ""annoyance"": 0, ""approval"": 0, ""caring"": 0, ""confusion"": 0, ""curiosity"": 0, ""desire"": 0, ""disappointment"": 0, ""disapproval"": 0, ""disgust"": 3, ""embarrassment"": 0, ""excitement"": 0, ""fear"": 0, ""gratitude"": 0, ""grief"": 0, ""joy"": 0, ""love"": 0, ""nervousness"": 0, ""optimism"": 0, ""pride"": 0, ""realization"": 0, ""relief"": 0, ""remorse"": 0, ""sadness"": 0, ""surprise"": 0, ""neutral"": 0}",3,3,1.0,1
9,admiration,admiration,admiration,Dude the speed which the cop came running is amazing,"{""admiration"": 2, ""amusement"": 1, ""anger"": 0, ""annoyance"": 0, ""approval"": 0, ""caring"": 0, ""confusion"": 0, ""curiosity"": 0, ""desire"": 0, ""disappointment"": 0, ""disapproval"": 0, ""disgust"": 0, ""embarrassment"": 0, ""excitement"": 0, ""fear"": 0, ""gratitude"": 0, ""grief"": 0, ""joy"": 0, ""love"": 0, ""nervousness"": 0, ""optimism"": 0, ""pride"": 0, ""realization"": 0, ""relief"": 0, ""remorse"": 0, ""sadness"": 0, ""surprise"": 0, ""neutral"": 0}",2,3,0.6667,1
10,neutral,neutral,disgust,Triple single son,"{""admiration"": 0, ""amusement"": 0, ""anger"": 0, ""annoyance"": 0, ""approval"": 0, ""caring"": 0, ""confusion"": 1, ""curiosity"": 0, ""desire"": 0, ""disappointment"": 0, ""disapproval"": 0, ""disgust"": 2, ""embarrassment"": 0, ""excitement"": 0, ""fear"": 0, ""gratitude"": 0, ""grief"": 0, ""joy"": 0, ""love"": 0, ""nervousness"": 0, ""optimism"": 0, ""pride"": 0, ""realization"": 0, ""relief"": 0, ""remorse"": 0, ""sadness"": 0, ""surprise"": 0, ""neutral"": 0}",2,3,0.6667,0
11,annoyance,annoyance|disgust,anger,Goddamn. I'd tap the fuck out if I was that other guy.,"{""admiration"": 0, ""amusement"": 0, ""anger"": 3, ""annoyance"": 0, ""approval"": 0, ""caring"": 0, ""confusion"": 0, ""curiosity"": 0, ""desire"": 0, ""disappointment"": 0, ""disapproval"": 0, ""disgust"": 0, ""embarrassment"": 0, ""excitement"": 0, ""fear"": 0, ""gratitude"": 0, ""grief"": 0, ""joy"": 0, ""love"": 0, ""nervousness"": 0, ""optimism"": 0, ""pride"": 0, ""realization"": 0, ""relief"": 0, ""remorse"": 0, ""sadness"": 0, ""surprise"": 0, ""neutral"": 0}",3,3,1.0,0
12,gratitude,gratitude,neutral,Thank you.,"{""admiration"": 0, ""amusement"": 0, ""anger"": 0, ""annoyance"": 0, ""approval"": 0, ""caring"": 0, ""confusion"": 0, ""curiosity"": 0, ""desire"": 0, ""disappointment"": 0, ""disapproval"": 0, ""disgust"": 0, ""embarrassment"": 0, ""excitement"": 0, ""fear"": 0, ""gratitude"": 1, ""grief"": 0, ""joy"": 0, ""love"": 0, ""nervousness"": 0, ""optimism"": 0, ""pride"": 0, ""realization"": 0, ""relief"": 0, ""remorse"": 0, ""sadness"": 0, ""surprise"": 0, ""neutral"": 2}",2,3,0.6667,0
13,remorse,remorse,disappointment,Sadly enough I was thinking the same.,"{""admiration"": 0, ""amusement"": 0, ""anger"": 0, ""annoyance"": 0, ""approval"": 0, ""caring"": 0, ""confusion"": 0, ""curiosity"": 0, ""desire"": 0, ""disappointment"": 2, ""disapproval"": 0, ""disgust"": 0, ""embarrassment"": 0, ""excitement"": 0, ""fear"": 0, ""gratitude"": 0, ""grief"": 0, ""joy"": 0, ""love"": 0, ""nervousness"": 0, ""optimism"": 0, ""pride"": 0, ""realization"": 0, ""relief"": 0, ""remorse"": 1, ""sadness"": 0, ""surprise"": 0, ""neutral"": 0}",2,3,0.6667,0
14,anger,anger,anger,Fuuuuuck. That’s the worst I’ve seen.,"{""admiration"": 0, ""amusement"": 0, ""anger"": 2, ""annoyance"": 0, ""approval"": 0, ""caring"": 0, ""confusion"": 0, ""curiosity"": 0, ""desire"": 0, ""disappointment"": 0, ""disapproval"": 0, ""disgust"": 1, ""embarrassment"": 0, ""excitement"": 0, ""fear"": 0, ""gratitude"": 0, ""grief"": 0, ""joy"": 0, ""love"": 0, ""nervousness"": 0, ""optimism"": 0, ""pride"": 0, ""realization"": 0, ""relief"": 0, ""remorse"": 0, ""sadness"": 0, ""surprise"": 0, ""neutral"": 0}",2,3,0.6667,1
15,neutral,neutral,ABSTAIN,Ok but it’s easy to worry when the legal drinking age in your nation is one of the lowest among first-world countries.,"{""admiration"": 0, ""amusement"": 0, ""anger"": 0, ""annoyance"": 0, ""approval"": 0, ""caring"": 0, ""confusion"": 0, ""curiosity"": 0, ""desire"": 0, ""disappointment"": 1, ""disapproval"": 0, ""disgust"": 1, ""embarrassment"": 0, ""excitement"": 0, ""fear"": 0, ""gratitude"": 0, ""grief"": 0, ""joy"": 0, ""love"": 0, ""nervousness"": 0, ""optimism"": 0, ""pride"": 0, ""realization"": 0, ""relief"": 0, ""remorse"": 0, ""sadness"": 0, ""surprise"": 0, ""neutral"": 0}",0,3,0.0,0
16,neutral,neutral,disgust,I always keep my purse by my side. She is asking for trouble.,"{""admiration"": 0, ""amusement"": 0, ""anger"": 0, ""annoyance"": 0, ""approval"": 0, ""caring"": 0, ""confusion"": 0, ""curiosity"": 0, ""desire"": 0, ""disappointment"": 0, ""disapproval"": 1, ""disgust"": 2, ""embarrassment"": 0, ""excitement"": 0, ""fear"": 0, ""gratitude"": 0, ""grief"": 0, ""joy"": 0, ""love"": 0, ""nervousness"": 0, ""optimism"": 0, ""pride"": 0, ""realization"": 0, ""relief"": 0, ""remorse"": 0, ""sadness"": 0, ""surprise"": 0, ""neutral"": 0}",2,3,0.6667,0
17,joy,joy,disgust,Monero enthusiast here. Make me happy and call me a liar again.,"{""admiration"": 0, ""amusement"": 0, ""anger"": 0, ""annoyance"": 0, ""approval"": 0, ""caring"": 0, ""confusion"": 0, ""curiosity"": 0, ""desire"": 0, ""disappointment"": 0, ""disapproval"": 0, ""disgust"": 3, ""embarrassment"": 0, ""excitement"": 0, ""fear"": 0, ""gratitude"": 0, ""grief"": 0, ""joy"": 0, ""love"": 0, ""nervousness"": 0, ""optimism"": 0, ""pride"": 0, ""realization"": 0, ""relief"": 0, ""remorse"": 0, ""sadness"": 0, ""surprise"": 0, ""neutral"": 0}",3,3,1.0,0
18,joy,joy,joy,So happy for you :),"{""admiration"": 1, ""amusement"": 0, ""anger"": 0, ""annoyance"": 0, ""approval"": 0, ""caring"": 0, ""confusion"": 0, ""curiosity"": 0, ""desire"": 0, ""disappointment"": 0, ""disapproval"": 0, ""disgust"": 0, ""embarrassment"": 0, ""excitement"": 0, ""fear"": 0, ""gratitude"": 0, ""grief"": 0, ""joy"": 2, ""love"": 0, ""nervousness"": 0, ""optimism"": 0, ""pride"": 0, ""realization"": 0, ""relief"": 0, ""remorse"": 0, ""sadness"": 0, ""surprise"": 0, ""neutral"": 0}",2,3,0.6667,1
19,annoyance,annoyance,disgust,The thing to understand about [NAME] is that he's a complete moron.,"{""admiration"": 0, ""amusement"": 0, ""anger"": 0, ""annoyance"": 0, ""approval"": 0, ""caring"": 0, ""confusion"": 0, ""curiosity"": 0, ""desire"": 0, ""disappointment"": 0, ""disapproval"": 0, ""disgust"": 3, ""embarrassment"": 0, ""excitement"": 0, ""fear"": 0, ""gratitude"": 0, ""grief"": 0, ""joy"": 0, ""love"": 0, ""nervousness"": 0, ""optimism"": 0, ""pride"": 0, ""realization"": 0, ""relief"": 0, ""remorse"": 0, ""sadness"": 0, ""surprise"": 0, ""neutral"": 0}",3,3,1.0,0
20,gratitude,gratitude,ABSTAIN,"Thanks, saved. Will watch it tomorrow morning :) ","{""admiration"": 0, ""amusement"": 0, ""anger"": 0, ""annoyance"": 0, ""approval"": 0, ""caring"": 0, ""confusion"": 0, ""curiosity"": 0, ""desire"": 0, ""disappointment"": 0, ""disapproval"": 0, ""disgust"": 1, ""embarrassment"": 0, ""excitement"": 0, ""fear"": 0, ""gratitude"": 0, ""grief"": 0, ""joy"": 0, ""love"": 0, ""nervousness"": 0, ""optimism"": 0, ""pride"": 0, ""realization"": 0, ""relief"": 0, ""remorse"": 0, ""sadness"": 0, ""surprise"": 1, ""neutral"": 1}",0,3,0.0,0
21,joy,joy|relief,disapproval,I'm glad you have someone to help you out! Perhaps over time you'll find it easier.,"{""admiration"": 0, ""amusement"": 0, ""anger"": 0, ""annoyance"": 0, ""approval"": 0, ""caring"": 0, ""confusion"": 0, ""curiosity"": 0, ""desire"": 0, ""disappointment"": 0, ""disapproval"": 2, ""disgust"": 0, ""embarrassment"": 0, ""excitement"": 0, ""fear"": 0, ""gratitude"": 0, ""grief"": 0, ""joy"": 0, ""love"": 0, ""nervousness"": 0, ""optimism"": 0, ""pride"": 0, ""realization"": 0, ""relief"": 0, ""remorse"": 0, ""sadness"": 0, ""surprise"": 0, ""neutral"": 1}",2,3,0.6667,0
22,amusement,amusement|curiosity,amusement,Did anyone see [NAME] get pushed around by [NAME] and [NAME] in the post win lineup? I burst out laughing!,"{""admiration"": 0, ""amusement"": 3, ""anger"": 0, ""annoyance"": 0, ""approval"": 0, ""caring"": 0, ""confusion"": 0, ""curiosity"": 0, ""desire"": 0, ""disappointment"": 0, ""disapproval"": 0, ""disgust"": 0, ""embarrassment"": 0, ""excitement"": 0, ""fear"": 0, ""gratitude"": 0, ""grief"": 0, ""joy"": 0, ""love"": 0, ""nervousness"": 0, ""optimism"": 0, ""pride"": 0, ""realization"": 0, ""relief"": 0, ""remorse"": 0, ""sadness"": 0, ""surprise"": 0, ""neutral"": 0}",3,3,1.0,1
23,joy,joy|love,love,Don't include me in this us! Just kidding.. We need some love and fast.,"{""admiration"": 1, ""amusement"": 0, ""anger"": 0, ""annoyance"": 0, ""approval"": 0, ""caring"": 0, ""confusion"": 0, ""curiosity"": 0, ""desire"": 0, ""disappointment"": 0, ""disapproval"": 0, ""disgust"": 0, ""embarrassment"": 0, ""excitement"": 0, ""fear"": 0, ""gratitude"": 0, ""grief"": 0, ""joy"": 0, ""love"": 2, ""nervousness"": 0, ""optimism"": 0, ""pride"": 0, ""realization"": 0, ""relief"": 0, ""remorse"": 0, ""sadness"": 0, ""surprise"": 0, ""neutral"": 0}",2,3,0.6667,1
24,annoyance,annoyance|love,disgust,"I like all of them, depending on what I want to learn. I really like [NAME] and [NAME] style, because they are such trolls. ","{""admiration"": 0, ""amusement"": 0, ""anger"": 0, ""annoyance"": 0, ""approval"": 0, ""caring"": 0, ""confusion"": 0, ""curiosity"": 0, ""desire"": 0, ""disappointment"": 0, ""disapproval"": 0, ""disgust"": 3, ""embarrassment"": 0, ""excitement"": 0, ""fear"": 0, ""gratitude"": 0, ""grief"": 0, ""joy"": 0, ""love"": 0, ""nervousness"": 0, ""optimism"": 0, ""pride"": 0, ""realization"": 0, ""relief"": 0, ""remorse"": 0, ""sadness"": 0, ""surprise"": 0, ""neutral"": 0}",3,3,1.0,0
25,disgust,disgust,disgust,"A horrendous amount of Sesame oil, god, that would be awful.","{""admiration"": 0, ""amusement"": 0, ""anger"": 0, ""annoyance"": 0, ""approval"": 0, ""caring"": 0, ""confusion"": 0, ""curiosity"": 0, ""desire"": 0, ""disappointment"": 0, ""disapproval"": 0, ""disgust"": 3, ""embarrassment"": 0, ""excitement"": 0, ""fear"": 0, ""gratitude"": 0, ""grief"": 0, ""joy"": 0, ""love"": 0, ""nervousness"": 0, ""optimism"": 0, ""pride"": 0, ""realization"": 0, ""relief"": 0, ""remorse"": 0, ""sadness"": 0, ""surprise"": 0, ""neutral"": 0}",3,3,1.0,1
26,love,love,disgust,He loves buying people beer. He got into that industry to buy people beer.,"{""admiration"": 0, ""amusement"": 0, ""anger"": 0, ""annoyance"": 0, ""approval"": 0, ""caring"": 0, ""confusion"": 0, ""curiosity"": 0, ""desire"": 0, ""disappointment"": 0, ""disapproval"": 0, ""disgust"": 3, ""embarrassment"": 0, ""excitement"": 0, ""fear"": 0, ""gratitude"": 0, ""grief"": 0, ""joy"": 0, ""love"": 0, ""nervousness"": 0, ""optimism"": 0, ""pride"": 0, ""realization"": 0, ""relief"": 0, ""remorse"": 0, ""sadness"": 0, ""surprise"": 0, ""neutral"": 0}",3,3,1.0,0
27,neutral,neutral,amusement,I listened to this song the other day for the first time and... oh boy yeah,"{""admiration"": 0, ""amusement"": 3, ""anger"": 0, ""annoyance"": 0, ""approval"": 0, ""caring"": 0, ""confusion"": 0, ""curiosity"": 0, ""desire"": 0, ""disappointment"": 0, ""disapproval"": 0, ""disgust"": 0, ""embarrassment"": 0, ""excitement"": 0, ""fear"": 0, ""gratitude"": 0, ""grief"": 0, ""joy"": 0, ""love"": 0, ""nervousness"": 0, ""optimism"": 0, ""pride"": 0, ""realization"": 0, ""relief"": 0, ""remorse"": 0, ""sadness"": 0, ""surprise"": 0, ""neutral"": 0}",3,3,1.0,0
28,curiosity,curiosity,admiration,I've been really into reading nonfiction lately and ancient religious history sounds fascinating! Do you have any books you recommend?,"{""admiration"": 3, ""amusement"": 0, ""anger"": 0, ""annoyance"": 0, ""approval"": 0, ""caring"": 0, ""confusion"": 0, ""curiosity"": 0, ""desire"": 0, ""disappointment"": 0, ""disapproval"": 0, ""disgust"": 0, ""embarrassment"": 0, ""excitement"": 0, ""fear"": 0, ""gratitude"": 0, ""grief"": 0, ""joy"": 0, ""love"": 0, ""nervousness"": 0, ""optimism"": 0, ""pride"": 0, ""realization"": 0, ""relief"": 0, ""remorse"": 0, ""sadness"": 0, ""surprise"": 0, ""neutral"": 0}",3,3,1.0,0
29,admiration,admiration|love,love,[NAME] and [NAME] are my favorite gay couple,"{""admiration"": 0, ""amusement"": 0, ""anger"": 0, ""annoyance"": 0, ""approval"": 0, ""caring"": 0, ""confusion"": 0, ""curiosity"": 0, ""desire"": 0, ""disappointment"": 0, ""disapproval"": 0, ""disgust"": 0, ""embarrassment"": 0, ""excitement"": 0, ""fear"": 0, ""gratitude"": 0, ""grief"": 0, ""joy"": 0, ""love"": 3, ""nervousness"": 0, ""optimism"": 0, ""pride"": 0, ""realization"": 0, ""relief"": 0, ""remorse"": 0, ""sadness"": 0, ""surprise"": 0, ""neutral"": 0}",3,3,1.0,1
30,neutral,neutral,anger,Just get in front of him and stop,"{""admiration"": 0, ""amusement"": 0, ""anger"": 3, ""annoyance"": 0, ""approval"": 0, ""caring"": 0, ""confusion"": 0, ""curiosity"": 0, ""desire"": 0, ""disappointment"": 0, ""disapproval"": 0, ""disgust"": 0, ""embarrassment"": 0, ""excitement"": 0, ""fear"": 0, ""gratitude"": 0, ""grief"": 0, ""joy"": 0, ""love"": 0, ""nervousness"": 0, ""optimism"": 0, ""pride"": 0, ""realization"": 0, ""relief"": 0, ""remorse"": 0, ""sadness"": 0, ""surprise"": 0, ""neutral"": 0}",3,3,1.0,0
31,joy,joy,disgust,"My friend and I have been having good fun queuing Mei/Winston, trololo, and 2 bottles of whisky.","{""admiration"": 0, ""amusement"": 1, ""anger"": 0, ""annoyance"": 0, ""approval"": 0, ""caring"": 0, ""confusion"": 0, ""curiosity"": 0, ""desire"": 0, ""disappointment"": 0, ""disapproval"": 0, ""disgust"": 2, ""embarrassment"": 0, ""excitement"": 0, ""fear"": 0, ""gratitude"": 0, ""grief"": 0, ""joy"": 0, ""love"": 0, ""nervousness"": 0, ""optimism"": 0, ""pride"": 0, ""realization"": 0, ""relief"": 0, ""remorse"": 0, ""sadness"": 0, ""surprise"": 0, ""neutral"": 0}",2,3,0.6667,0
32,neutral,neutral,disgust,The entire culture of NE is win at all costs. Not sure where you live but if that kid shovels snow..tell mom to him bring home .,"{""admiration"": 0, ""amusement"": 0, ""anger"": 0, ""annoyance"": 0, ""approval"": 0, ""caring"": 0, ""confusion"": 0, ""curiosity"": 0, ""desire"": 0, ""disappointment"": 0, ""disapproval"": 0, ""disgust"": 3, ""embarrassment"": 0, ""excitement"": 0, ""fear"": 0, ""gratitude"": 0, ""grief"": 0, ""joy"": 0, ""love"": 0, ""nervousness"": 0, ""optimism"": 0, ""pride"": 0, ""realization"": 0, ""relief"": 0, ""remorse"": 0, ""sadness"": 0, ""surprise"": 0, ""neutral"": 0}",3,3,1.0,0
33,neutral,neutral,disgust,"Every time I see someone walking around with their toddler now all I can think is *poor basrard, he has no idea what's coming*. ","{""admiration"": 0, ""amusement"": 0, ""anger"": 0, ""annoyance"": 0, ""approval"": 0, ""caring"": 0, ""confusion"": 0, ""curiosity"": 0, ""desire"": 0, ""disappointment"": 0, ""disapproval"": 0, ""disgust"": 3, ""embarrassment"": 0, ""excitement"": 0, ""fear"": 0, ""gratitude"": 0, ""grief"": 0, ""joy"": 0, ""love"": 0, ""nervousness"": 0, ""optimism"": 0, ""pride"": 0, ""realization"": 0, ""relief"": 0, ""remorse"": 0, ""sadness"": 0, ""surprise"": 0, ""neutral"": 0}",3,3,1.0,0
34,amusement,amusement,disgust,"Well I am a lady, so that would probably just freak them out. Oh, Reddit. Everyone is a man haha. ","{""admiration"": 0, ""amusement"": 0, ""anger"": 0, ""annoyance"": 0, ""approval"": 0, ""caring"": 0, ""confusion"": 0, ""curiosity"": 0, ""desire"": 0, ""disappointment"": 0, ""disapproval"": 0, ""disgust"": 3, ""embarrassment"": 0, ""excitement"": 0, ""fear"": 0, ""gratitude"": 0, ""grief"": 0, ""joy"": 0, ""love"": 0, ""nervousness"": 0, ""optimism"": 0, ""pride"": 0, ""realization"": 0, ""relief"": 0, ""remorse"": 0, ""sadness"": 0, ""surprise"": 0, ""neutral"": 0}",3,3,1.0,0
35,disgust,disgust,disapproval,"If she deleted your Snapchat just because you showed up to a bingo, then it seems she's a bit of a bad person","{""admiration"": 0, ""amusement"": 0, ""anger"": 0, ""annoyance"": 0, ""approval"": 0, ""caring"": 0, ""confusion"": 0, ""curiosity"": 0, ""desire"": 0, ""disappointment"": 0, ""disapproval"": 2, ""disgust"": 1, ""embarrassment"": 0, ""excitement"": 0, ""fear"": 0, ""gratitude"": 0, ""grief"": 0, ""joy"": 0, ""love"": 0, ""nervousness"": 0, ""optimism"": 0, ""pride"": 0, ""realization"": 0, ""relief"": 0, ""remorse"": 0, ""sadness"": 0, ""surprise"": 0, ""neutral"": 0}",2,3,0.6667,0
36,neutral,neutral,amusement,[NAME] and [NAME] Funny thing is they both had a feud too and were in the ring at same time a lot,"{""admiration"": 0, ""amusement"": 3, ""anger"": 0, ""annoyance"": 0, ""approval"": 0, ""caring"": 0, ""confusion"": 0, ""curiosity"": 0, ""desire"": 0, ""disappointment"": 0, ""disapproval"": 0, ""disgust"": 0, ""embarrassment"": 0, ""excitement"": 0, ""fear"": 0, ""gratitude"": 0, ""grief"": 0, ""joy"": 0, ""love"": 0, ""nervousness"": 0, ""optimism"": 0, ""pride"": 0, ""realization"": 0, ""relief"": 0, ""remorse"": 0, ""sadness"": 0, ""surprise"": 0, ""neutral"": 0}",3,3,1.0,0
37,admiration,admiration,admiration,"Excellent collage, I learned so much from all these guys. The community is great, the unconfiscatable conference was awesome 🙏🏽🙏🏽","{""admiration"": 3, ""amusement"": 0, ""anger"": 0, ""annoyance"": 0, ""approval"": 0, ""caring"": 0, ""confusion"": 0, ""curiosity"": 0, ""desire"": 0, ""disappointment"": 0, ""disapproval"": 0, ""disgust"": 0, ""embarrassment"": 0, ""excitement"": 0, ""fear"": 0, ""gratitude"": 0, ""grief"": 0, ""joy"": 0, ""love"": 0, ""nervousness"": 0, ""optimism"": 0, ""pride"": 0, ""realization"": 0, ""relief"": 0, ""remorse"": 0, ""sadness"": 0, ""surprise"": 0, ""neutral"": 0}",3,3,1.0,1
38,optimism,optimism,disgust,"Hi, everyone! This is my 13 minute action/comedy short film, JUICY! I hope you all enjoy! Feedback is welcome. ","{""admiration"": 1, ""amusement"": 0, ""anger"": 0, ""annoyance"": 0, ""approval"": 0, ""caring"": 0, ""confusion"": 0, ""curiosity"": 0, ""desire"": 0, ""disappointment"": 0, ""disapproval"": 0, ""disgust"": 2, ""embarrassment"": 0, ""excitement"": 0, ""fear"": 0, ""gratitude"": 0, ""grief"": 0, ""joy"": 0, ""love"": 0, ""nervousness"": 0, ""optimism"": 0, ""pride"": 0, ""realization"": 0, ""relief"": 0, ""remorse"": 0, ""sadness"": 0, ""surprise"": 0, ""neutral"": 0}",2,3,0.6667,0
39,neutral,neutral,neutral,Not watched it yet pal. You?,"{""admiration"": 0, ""amusement"": 0, ""anger"": 0, ""annoyance"": 0, ""approval"": 0, ""caring"": 0, ""confusion"": 0, ""curiosity"": 0, ""desire"": 0, ""disappointment"": 0, ""disapproval"": 0, ""disgust"": 0, ""embarrassment"": 0, ""excitement"": 0, ""fear"": 0, ""gratitude"": 0, ""grief"": 0, ""joy"": 0, ""love"": 0, ""nervousness"": 0, ""optimism"": 0, ""pride"": 0, ""realization"": 0, ""relief"": 0, ""remorse"": 0, ""sadness"": 0, ""surprise"": 0, ""neutral"": 3}",3,3,1.0,1
40,love,love,love,I love [NAME]. He’s just going to keep getting better.,"{""admiration"": 0, ""amusement"": 0, ""anger"": 0, ""annoyance"": 0, ""approval"": 0, ""caring"": 0, ""confusion"": 0, ""curiosity"": 0, ""desire"": 0, ""disappointment"": 0, ""disapproval"": 0, ""disgust"": 0, ""embarrassment"": 0, ""excitement"": 0, ""fear"": 0, ""gratitude"": 0, ""grief"": 0, ""joy"": 0, ""love"": 3, ""nervousness"": 0, ""optimism"": 0, ""pride"": 0, ""realization"": 0, ""relief"": 0, ""remorse"": 0, ""sadness"": 0, ""surprise"": 0, ""neutral"": 0}",3,3,1.0,1
41,annoyance,annoyance,annoyance,Everyone in this video is annoying. This seems like a terrible place to go hang out.,"{""admiration"": 0, ""amusement"": 0, ""anger"": 0, ""annoyance"": 2, ""approval"": 0, ""caring"": 0, ""confusion"": 0, ""curiosity"": 0, ""desire"": 0, ""disappointment"": 0, ""disapproval"": 0, ""disgust"": 0, ""embarrassment"": 0, ""excitement"": 0, ""fear"": 0, ""gratitude"": 0, ""grief"": 0, ""joy"": 0, ""love"": 0, ""nervousness"": 0, ""optimism"": 0, ""pride"": 0, ""realization"": 0, ""relief"": 0, ""remorse"": 0, ""sadness"": 0, ""surprise"": 0, ""neutral"": 0}",2,3,0.6667,1
42,gratitude,gratitude,neutral,Thanks,"{""admiration"": 0, ""amusement"": 0, ""anger"": 0, ""annoyance"": 0, ""approval"": 0, ""caring"": 0, ""confusion"": 0, ""curiosity"": 0, ""desire"": 0, ""disappointment"": 0, ""disapproval"": 0, ""disgust"": 0, ""embarrassment"": 0, ""excitement"": 0, ""fear"": 0, ""gratitude"": 0, ""grief"": 0, ""joy"": 0, ""love"": 0, ""nervousness"": 0, ""optimism"": 0, ""pride"": 0, ""realization"": 0, ""relief"": 0, ""remorse"": 0, ""sadness"": 0, ""surprise"": 0, ""neutral"": 3}",3,3,1.0,0
43,anger,anger,amusement,Oh hell yeah,"{""admiration"": 0, ""amusement"": 2, ""anger"": 0, ""annoyance"": 0, ""approval"": 0, ""caring"": 0, ""confusion"": 0, ""curiosity"": 0, ""desire"": 0, ""disappointment"": 0, ""disapproval"": 0, ""disgust"": 1, ""embarrassment"": 0, ""excitement"": 0, ""fear"": 0, ""gratitude"": 0, ""grief"": 0, ""joy"": 0, ""love"": 0, ""nervousness"": 0, ""optimism"": 0, ""pride"": 0, ""realization"": 0, ""relief"": 0, ""remorse"": 0, ""sadness"": 0, ""surprise"": 0, ""neutral"": 0}",2,3,0.6667,0
44,neutral,neutral,disgust,And then they got shot down,"{""admiration"": 0, ""amusement"": 0, ""anger"": 0, ""annoyance"": 0, ""approval"": 0, ""caring"": 0, ""confusion"": 0, ""curiosity"": 0, ""desire"": 0, ""disappointment"": 0, ""disapproval"": 0, ""disgust"": 3, ""embarrassment"": 0, ""excitement"": 0, ""fear"": 0, ""gratitude"": 0, ""grief"": 0, ""joy"": 0, ""love"": 0, ""nervousness"": 0, ""optimism"": 0, ""pride"": 0, ""realization"": 0, ""relief"": 0, ""remorse"": 0, ""sadness"": 0, ""surprise"": 0, ""neutral"": 0}",3,3,1.0,0
45,sadness,sadness,disgust,"No, what’s sad is saying the same message like it’s news. He’s a copy paste machine. No original thought.","{""admiration"": 0, ""amusement"": 0, ""anger"": 0, ""annoyance"": 0, ""approval"": 0, ""caring"": 0, ""confusion"": 0, ""curiosity"": 0, ""desire"": 0, ""disappointment"": 0, ""disapproval"": 0, ""disgust"": 3, ""embarrassment"": 0, ""excitement"": 0, ""fear"": 0, ""gratitude"": 0, ""grief"": 0, ""joy"": 0, ""love"": 0, ""nervousness"": 0, ""optimism"": 0, ""pride"": 0, ""realization"": 0, ""relief"": 0, ""remorse"": 0, ""sadness"": 0, ""surprise"": 0, ""neutral"": 0}",3,3,1.0,0
46,anger,anger,disgust,they dont pay shit,"{""admiration"": 0, ""amusement"": 0, ""anger"": 1, ""annoyance"": 0, ""approval"": 0, ""caring"": 0, ""confusion"": 0, ""curiosity"": 0, ""desire"": 0, ""disappointment"": 0, ""disapproval"": 0, ""disgust"": 2, ""embarrassment"": 0, ""excitement"": 0, ""fear"": 0, ""gratitude"": 0, ""grief"": 0, ""joy"": 0, ""love"": 0, ""nervousness"": 0, ""optimism"": 0, ""pride"": 0, ""realization"": 0, ""relief"": 0, ""remorse"": 0, ""sadness"": 0, ""surprise"": 0, ""neutral"": 0}",2,3,0.6667,0
47,neutral,neutral,disgust,I'm in the UK dude. It's happening everywhere and most people are either busy hating or living in a bubble so are oblivious.,"{""admiration"": 0, ""amusement"": 0, ""anger"": 0, ""annoyance"": 0, ""approval"": 0, ""caring"": 0, ""confusion"": 0, ""curiosity"": 0, ""desire"": 0, ""disappointment"": 0, ""disapproval"": 0, ""disgust"": 3, ""embarrassment"": 0, ""excitement"": 0, ""fear"": 0, ""gratitude"": 0, ""grief"": 0, ""joy"": 0, ""love"": 0, ""nervousness"": 0, ""optimism"": 0, ""pride"": 0, ""realization"": 0, ""relief"": 0, ""remorse"": 0, ""sadness"": 0, ""surprise"": 0, ""neutral"": 0}",3,3,1.0,0
48,neutral,neutral,amusement,Lol they’re so caught. “It’s not what it looks like! We hate each other!”,"{""admiration"": 0, ""amusement"": 3, ""anger"": 0, ""annoyance"": 0, ""approval"": 0, ""caring"": 0, ""confusion"": 0, ""curiosity"": 0, ""desire"": 0, ""disappointment"": 0, ""disapproval"": 0, ""disgust"": 0, ""embarrassment"": 0, ""excitement"": 0, ""fear"": 0, ""gratitude"": 0, ""grief"": 0, ""joy"": 0, ""love"": 0, ""nervousness"": 0, ""optimism"": 0, ""pride"": 0, ""realization"": 0, ""relief"": 0, ""remorse"": 0, ""sadness"": 0, ""surprise"": 0, ""neutral"": 0}",3,3,1.0,0
49,realization,realization,admiration,"It’s not about the money, it’s all about the love of the game.","{""admiration"": 3, ""amusement"": 0, ""anger"": 0, ""annoyance"": 0, ""approval"": 0, ""caring"": 0, ""confusion"": 0, ""curiosity"": 0, ""desire"": 0, ""disappointment"": 0, ""disapproval"": 0, ""disgust"": 0, ""embarrassment"": 0, ""excitement"": 0, ""fear"": 0, ""gratitude"": 0, ""grief"": 0, ""joy"": 0, ""love"": 0, ""nervousness"": 0, ""optimism"": 0, ""pride"": 0, ""realization"": 0, ""relief"": 0, ""remorse"": 0, ""sadness"": 0, ""surprise"": 0, ""neutral"": 0}",3,3,1.0,0
50,admiration,admiration|joy,joy,I had the biggest smile!,"{""admiration"": 0, ""amusement"": 0, ""anger"": 0, ""annoyance"": 0, ""approval"": 0, ""caring"": 0, ""confusion"": 0, ""curiosity"": 0, ""desire"": 0, ""disappointment"": 0, ""disapproval"": 0, ""disgust"": 0, ""embarrassment"": 0, ""excitement"": 0, ""fear"": 0, ""gratitude"": 0, ""grief"": 0, ""joy"": 3, ""love"": 0, ""nervousness"": 0, ""optimism"": 0, ""pride"": 0, ""realization"": 0, ""relief"": 0, ""remorse"": 0, ""sadness"": 0, ""surprise"": 0, ""neutral"": 0}",3,3,1.0,1
51,disapproval,disapproval,amusement,It’s the format. It’s like one of those bad [NAME] memes,"{""admiration"": 0, ""amusement"": 2, ""anger"": 0, ""annoyance"": 0, ""approval"": 0, ""caring"": 0, ""confusion"": 0, ""curiosity"": 0, ""desire"": 0, ""disappointment"": 0, ""disapproval"": 0, ""disgust"": 1, ""embarrassment"": 0, ""excitement"": 0, ""fear"": 0, ""gratitude"": 0, ""grief"": 0, ""joy"": 0, ""love"": 0, ""nervousness"": 0, ""optimism"": 0, ""pride"": 0, ""realization"": 0, ""relief"": 0, ""remorse"": 0, ""sadness"": 0, ""surprise"": 0, ""neutral"": 0}",2,3,0.6667,0
52,surprise,surprise,surprise,I'm surprised that this is still happening despite the threats of an invasion of manbij.,"{""admiration"": 0, ""amusement"": 0, ""anger"": 0, ""annoyance"": 0, ""approval"": 0, ""caring"": 0, ""confusion"": 0, ""curiosity"": 0, ""desire"": 0, ""disappointment"": 0, ""disapproval"": 0, ""disgust"": 0, ""embarrassment"": 0, ""excitement"": 0, ""fear"": 0, ""gratitude"": 0, ""grief"": 0, ""joy"": 0, ""love"": 0, ""nervousness"": 0, ""optimism"": 0, ""pride"": 0, ""realization"": 0, ""relief"": 0, ""remorse"": 0, ""sadness"": 0, ""surprise"": 3, ""neutral"": 0}",3,3,1.0,1
53,neutral,neutral,admiration,ok now you are being adorable on purpose i see what youre doing,"{""admiration"": 2, ""amusement"": 1, ""anger"": 0, ""annoyance"": 0, ""approval"": 0, ""caring"": 0, ""confusion"": 0, ""curiosity"": 0, ""desire"": 0, ""disappointment"": 0, ""disapproval"": 0, ""disgust"": 0, ""embarrassment"": 0, ""excitement"": 0, ""fear"": 0, ""gratitude"": 0, ""grief"": 0, ""joy"": 0, ""love"": 0, ""nervousness"": 0, ""optimism"": 0, ""pride"": 0, ""realization"": 0, ""relief"": 0, ""remorse"": 0, ""sadness"": 0, ""surprise"": 0, ""neutral"": 0}",2,3,0.6667,0
54,surprise,surprise,disgust,This is amazing. WTF.,"{""admiration"": 0, ""amusement"": 0, ""anger"": 0, ""annoyance"": 0, ""approval"": 0, ""caring"": 0, ""confusion"": 0, ""curiosity"": 0, ""desire"": 0, ""disappointment"": 0, ""disapproval"": 0, ""disgust"": 3, ""embarrassment"": 0, ""excitement"": 0, ""fear"": 0, ""gratitude"": 0, ""grief"": 0, ""joy"": 0, ""love"": 0, ""nervousness"": 0, ""optimism"": 0, ""pride"": 0, ""realization"": 0, ""relief"": 0, ""remorse"": 0, ""sadness"": 0, ""surprise"": 0, ""neutral"": 0}",3,3,1.0,0
55,disappointment,disappointment,anger,"I could have gone to a party, but it's 10 outside. Sue me.","{""admiration"": 0, ""amusement"": 0, ""anger"": 2, ""annoyance"": 0, ""approval"": 0, ""caring"": 0, ""confusion"": 0, ""curiosity"": 0, ""desire"": 0, ""disappointment"": 0, ""disapproval"": 0, ""disgust"": 1, ""embarrassment"": 0, ""excitement"": 0, ""fear"": 0, ""gratitude"": 0, ""grief"": 0, ""joy"": 0, ""love"": 0, ""nervousness"": 0, ""optimism"": 0, ""pride"": 0, ""realization"": 0, ""relief"": 0, ""remorse"": 0, ""sadness"": 0, ""surprise"": 0, ""neutral"": 0}",2,3,0.6667,0
56,curiosity,curiosity,remorse,You have your opinion and I have mine why does that make only one of us a victim?,"{""admiration"": 0, ""amusement"": 0, ""anger"": 0, ""annoyance"": 0, ""approval"": 0, ""caring"": 0, ""confusion"": 0, ""curiosity"": 0, ""desire"": 0, ""disappointment"": 0, ""disapproval"": 0, ""disgust"": 1, ""embarrassment"": 0, ""excitement"": 0, ""fear"": 0, ""gratitude"": 0, ""grief"": 0, ""joy"": 0, ""love"": 0, ""nervousness"": 0, ""optimism"": 0, ""pride"": 0, ""realization"": 0, ""relief"": 0, ""remorse"": 2, ""sadness"": 0, ""surprise"": 0, ""neutral"": 0}",2,3,0.6667,0
57,admiration,admiration|love,admiration,"I like him 1.thats why I agree to go on a 2nd and 3rd date, 2. we text a lot. I just take things slow.","{""admiration"": 3, ""amusement"": 0, ""anger"": 0, ""annoyance"": 0, ""approval"": 0, ""caring"": 0, ""confusion"": 0, ""curiosity"": 0, ""desire"": 0, ""disappointment"": 0, ""disapproval"": 0, ""disgust"": 0, ""embarrassment"": 0, ""excitement"": 0, ""fear"": 0, ""gratitude"": 0, ""grief"": 0, ""joy"": 0, ""love"": 0, ""nervousness"": 0, ""optimism"": 0, ""pride"": 0, ""realization"": 0, ""relief"": 0, ""remorse"": 0, ""sadness"": 0, ""surprise"": 0, ""neutral"": 0}",3,3,1.0,1
58,neutral,neutral,disapproval,Knowing [NAME] he’d probably give [NAME] up for a 5th rounder smh,"{""admiration"": 0, ""amusement"": 0, ""anger"": 0, ""annoyance"": 0, ""approval"": 0, ""caring"": 0, ""confusion"": 0, ""curiosity"": 0, ""desire"": 0, ""disappointment"": 0, ""disapproval"": 2, ""disgust"": 1, ""embarrassment"": 0, ""excitement"": 0, ""fear"": 0, ""gratitude"": 0, ""grief"": 0, ""joy"": 0, ""love"": 0, ""nervousness"": 0, ""optimism"": 0, ""pride"": 0, ""realization"": 0, ""relief"": 0, ""remorse"": 0, ""sadness"": 0, ""surprise"": 0, ""neutral"": 0}",2,3,0.6667,0
59,amusement,amusement|surprise,amusement,This caught me off guard for real. I actually off my bed laughing. +1,"{""admiration"": 0, ""amusement"": 3, ""anger"": 0, ""annoyance"": 0, ""approval"": 0, ""caring"": 0, ""confusion"": 0, ""curiosity"": 0, ""desire"": 0, ""disappointment"": 0, ""disapproval"": 0, ""disgust"": 0, ""embarrassment"": 0, ""excitement"": 0, ""fear"": 0, ""gratitude"": 0, ""grief"": 0, ""joy"": 0, ""love"": 0, ""nervousness"": 0, ""optimism"": 0, ""pride"": 0, ""realization"": 0, ""relief"": 0, ""remorse"": 0, ""sadness"": 0, ""surprise"": 0, ""neutral"": 0}",3,3,1.0,1
60,neutral,neutral,ABSTAIN,Or the one scrolling channel? When you’d accidentally look away and miss what you were waiting for and have to sit thru the whole thing again,"{""admiration"": 0, ""amusement"": 0, ""anger"": 0, ""annoyance"": 0, ""approval"": 0, ""caring"": 0, ""confusion"": 0, ""curiosity"": 0, ""desire"": 0, ""disappointment"": 0, ""disapproval"": 0, ""disgust"": 0, ""embarrassment"": 0, ""excitement"": 0, ""fear"": 0, ""gratitude"": 0, ""grief"": 0, ""joy"": 0, ""love"": 0, ""nervousness"": 0, ""optimism"": 0, ""pride"": 0, ""realization"": 0, ""relief"": 0, ""remorse"": 0, ""sadness"": 0, ""surprise"": 0, ""neutral"": 0}",0,3,0.0,0
61,optimism,optimism,disapproval,"I don't mean at Blizzcon but shortly after, like a week, imo that would have been for the best for the players and everyone involved","{""admiration"": 0, ""amusement"": 0, ""anger"": 0, ""annoyance"": 0, ""approval"": 0, ""caring"": 0, ""confusion"": 0, ""curiosity"": 0, ""desire"": 0, ""disappointment"": 0, ""disapproval"": 3, ""disgust"": 0, ""embarrassment"": 0, ""excitement"": 0, ""fear"": 0, ""gratitude"": 0, ""grief"": 0, ""joy"": 0, ""love"": 0, ""nervousness"": 0, ""optimism"": 0, ""pride"": 0, ""realization"": 0, ""relief"": 0, ""remorse"": 0, ""sadness"": 0, ""surprise"": 0, ""neutral"": 0}",3,3,1.0,0
62,annoyance,annoyance,love,"It's so weird having HGs up this early, but I love having something to watch before my 8am lecture starts.","{""admiration"": 0, ""amusement"": 0, ""anger"": 0, ""annoyance"": 0, ""approval"": 0, ""caring"": 0, ""confusion"": 0, ""curiosity"": 0, ""desire"": 0, ""disappointment"": 0, ""disapproval"": 0, ""disgust"": 0, ""embarrassment"": 0, ""excitement"": 0, ""fear"": 0, ""gratitude"": 0, ""grief"": 0, ""joy"": 0, ""love"": 3, ""nervousness"": 0, ""optimism"": 0, ""pride"": 0, ""realization"": 0, ""relief"": 0, ""remorse"": 0, ""sadness"": 0, ""surprise"": 0, ""neutral"": 0}",3,3,1.0,0
63,neutral,neutral,disgust,"Did they really have overhead projectors in the late 00s/early 10s? If so, how underfunded was your school?","{""admiration"": 0, ""amusement"": 0, ""anger"": 0, ""annoyance"": 0, ""approval"": 0, ""caring"": 0, ""confusion"": 0, ""curiosity"": 0, ""desire"": 0, ""disappointment"": 1, ""disapproval"": 0, ""disgust"": 2, ""embarrassment"": 0, ""excitement"": 0, ""fear"": 0, ""gratitude"": 0, ""grief"": 0, ""joy"": 0, ""love"": 0, ""nervousness"": 0, ""optimism"": 0, ""pride"": 0, ""realization"": 0, ""relief"": 0, ""remorse"": 0, ""sadness"": 0, ""surprise"": 0, ""neutral"": 0}",2,3,0.6667,0
64,annoyance,annoyance,disgust,"Damn, we need healthy PGs.","{""admiration"": 0, ""amusement"": 0, ""anger"": 0, ""annoyance"": 0, ""approval"": 0, ""caring"": 0, ""confusion"": 0, ""curiosity"": 0, ""desire"": 0, ""disappointment"": 0, ""disapproval"": 0, ""disgust"": 3, ""embarrassment"": 0, ""excitement"": 0, ""fear"": 0, ""gratitude"": 0, ""grief"": 0, ""joy"": 0, ""love"": 0, ""nervousness"": 0, ""optimism"": 0, ""pride"": 0, ""realization"": 0, ""relief"": 0, ""remorse"": 0, ""sadness"": 0, ""surprise"": 0, ""neutral"": 0}",3,3,1.0,0
65,neutral,neutral,anger,What does it matter we're just going to take another bust in the middle of the first round like always,"{""admiration"": 0, ""amusement"": 0, ""anger"": 2, ""annoyance"": 0, ""approval"": 0, ""caring"": 0, ""confusion"": 0, ""curiosity"": 0, ""desire"": 0, ""disappointment"": 0, ""disapproval"": 0, ""disgust"": 1, ""embarrassment"": 0, ""excitement"": 0, ""fear"": 0, ""gratitude"": 0, ""grief"": 0, ""joy"": 0, ""love"": 0, ""nervousness"": 0, ""optimism"": 0, ""pride"": 0, ""realization"": 0, ""relief"": 0, ""remorse"": 0, ""sadness"": 0, ""surprise"": 0, ""neutral"": 0}",2,3,0.6667,0
66,disappointment,disappointment,disappointment,I missed that part unfortunately,"{""admiration"": 0, ""amusement"": 0, ""anger"": 0, ""annoyance"": 0, ""approval"": 0, ""caring"": 0, ""confusion"": 0, ""curiosity"": 0, ""desire"": 0, ""disappointment"": 3, ""disapproval"": 0, ""disgust"": 0, ""embarrassment"": 0, ""excitement"": 0, ""fear"": 0, ""gratitude"": 0, ""grief"": 0, ""joy"": 0, ""love"": 0, ""nervousness"": 0, ""optimism"": 0, ""pride"": 0, ""realization"": 0, ""relief"": 0, ""remorse"": 0, ""sadness"": 0, ""surprise"": 0, ""neutral"": 0}",3,3,1.0,1
67,confusion,confusion|realization,disappointment,"Dammit, you know I proof read this and I thought it changed correctly but I guess it didn't.","{""admiration"": 0, ""amusement"": 0, ""anger"": 0, ""annoyance"": 0, ""approval"": 0, ""caring"": 0, ""confusion"": 0, ""curiosity"": 0, ""desire"": 0, ""disappointment"": 2, ""disapproval"": 1, ""disgust"": 0, ""embarrassment"": 0, ""excitement"": 0, ""fear"": 0, ""gratitude"": 0, ""grief"": 0, ""joy"": 0, ""love"": 0, ""nervousness"": 0, ""optimism"": 0, ""pride"": 0, ""realization"": 0, ""relief"": 0, ""remorse"": 0, ""sadness"": 0, ""surprise"": 0, ""neutral"": 0}",2,3,0.6667,0
68,approval,approval|joy,disapproval,I admit I’ll be fairly happy if we continue to invest in young internationals and sign a $100+ mil free agent every offseason.,"{""admiration"": 0, ""amusement"": 0, ""anger"": 0, ""annoyance"": 0, ""approval"": 0, ""caring"": 0, ""confusion"": 0, ""curiosity"": 0, ""desire"": 0, ""disappointment"": 0, ""disapproval"": 3, ""disgust"": 0, ""embarrassment"": 0, ""excitement"": 0, ""fear"": 0, ""gratitude"": 0, ""grief"": 0, ""joy"": 0, ""love"": 0, ""nervousness"": 0, ""optimism"": 0, ""pride"": 0, ""realization"": 0, ""relief"": 0, ""remorse"": 0, ""sadness"": 0, ""surprise"": 0, ""neutral"": 0}",3,3,1.0,0
69,sadness,sadness,disappointment,My husband and I have been circling the drain for years. :(,"{""admiration"": 0, ""amusement"": 0, ""anger"": 0, ""annoyance"": 0, ""approval"": 0, ""caring"": 0, ""confusion"": 0, ""curiosity"": 0, ""desire"": 0, ""disappointment"": 2, ""disapproval"": 1, ""disgust"": 0, ""embarrassment"": 0, ""excitement"": 0, ""fear"": 0, ""gratitude"": 0, ""grief"": 0, ""joy"": 0, ""love"": 0, ""nervousness"": 0, ""optimism"": 0, ""pride"": 0, ""realization"": 0, ""relief"": 0, ""remorse"": 0, ""sadness"": 0, ""surprise"": 0, ""neutral"": 0}",2,3,0.6667,0
70,desire,desire|optimism,neutral,Hopefully we can get this solved soon.,"{""admiration"": 0, ""amusement"": 0, ""anger"": 0, ""annoyance"": 0, ""approval"": 0, ""caring"": 0, ""confusion"": 0, ""curiosity"": 0, ""desire"": 0, ""disappointment"": 1, ""disapproval"": 0, ""disgust"": 0, ""embarrassment"": 0, ""excitement"": 0, ""fear"": 0, ""gratitude"": 0, ""grief"": 0, ""joy"": 0, ""love"": 0, ""nervousness"": 0, ""optimism"": 0, ""pride"": 0, ""realization"": 0, ""relief"": 0, ""remorse"": 0, ""sadness"": 0, ""surprise"": 0, ""neutral"": 2}",2,3,0.6667,0
71,neutral,neutral,neutral,It is a kayak,"{""admiration"": 0, ""amusement"": 0, ""anger"": 0, ""annoyance"": 0, ""approval"": 0, ""caring"": 0, ""confusion"": 0, ""curiosity"": 0, ""desire"": 0, ""disappointment"": 0, ""disapproval"": 0, ""disgust"": 0, ""embarrassment"": 0, ""excitement"": 0, ""fear"": 0, ""gratitude"": 0, ""grief"": 0, ""joy"": 0, ""love"": 0, ""nervousness"": 0, ""optimism"": 0, ""pride"": 0, ""realization"": 0, ""relief"": 0, ""remorse"": 0, ""sadness"": 0, ""surprise"": 0, ""neutral"": 3}",3,3,1.0,1
72,fear,fear,disgust,"Anti-vaxers aren't funny anymore, now they're just scary...","{""admiration"": 0, ""amusement"": 0, ""anger"": 0, ""annoyance"": 0, ""approval"": 0, ""caring"": 0, ""confusion"": 0, ""curiosity"": 0, ""desire"": 0, ""disappointment"": 0, ""disapproval"": 0, ""disgust"": 3, ""embarrassment"": 0, ""excitement"": 0, ""fear"": 0, ""gratitude"": 0, ""grief"": 0, ""joy"": 0, ""love"": 0, ""nervousness"": 0, ""optimism"": 0, ""pride"": 0, ""realization"": 0, ""relief"": 0, ""remorse"": 0, ""sadness"": 0, ""surprise"": 0, ""neutral"": 0}",3,3,1.0,0
73,approval,approval,disapproval,You ain't wrong,"{""admiration"": 0, ""amusement"": 0, ""anger"": 0, ""annoyance"": 0, ""approval"": 0, ""caring"": 0, ""confusion"": 0, ""curiosity"": 0, ""desire"": 0, ""disappointment"": 0, ""disapproval"": 2, ""disgust"": 1, ""embarrassment"": 0, ""excitement"": 0, ""fear"": 0, ""gratitude"": 0, ""grief"": 0, ""joy"": 0, ""love"": 0, ""nervousness"": 0, ""optimism"": 0, ""pride"": 0, ""realization"": 0, ""relief"": 0, ""remorse"": 0, ""sadness"": 0, ""surprise"": 0, ""neutral"": 0}",2,3,0.6667,0
74,remorse,remorse,disapproval,"I'm sorry you fell for the carnie, bro.","{""admiration"": 0, ""amusement"": 0, ""anger"": 0, ""annoyance"": 0, ""approval"": 0, ""caring"": 0, ""confusion"": 0, ""curiosity"": 0, ""desire"": 0, ""disappointment"": 0, ""disapproval"": 2, ""disgust"": 1, ""embarrassment"": 0, ""excitement"": 0, ""fear"": 0, ""gratitude"": 0, ""grief"": 0, ""joy"": 0, ""love"": 0, ""nervousness"": 0, ""optimism"": 0, ""pride"": 0, ""realization"": 0, ""relief"": 0, ""remorse"": 0, ""sadness"": 0, ""surprise"": 0, ""neutral"": 0}",2,3,0.6667,0
75,approval,approval,disgust,Well since they hate cops and love criminals... this fits for them,"{""admiration"": 0, ""amusement"": 0, ""anger"": 0, ""annoyance"": 0, ""approval"": 0, ""caring"": 0, ""confusion"": 0, ""curiosity"": 0, ""desire"": 0, ""disappointment"": 0, ""disapproval"": 0, ""disgust"": 3, ""embarrassment"": 0, ""excitement"": 0, ""fear"": 0, ""gratitude"": 0, ""grief"": 0, ""joy"": 0, ""love"": 0, ""nervousness"": 0, ""optimism"": 0, ""pride"": 0, ""realization"": 0, ""relief"": 0, ""remorse"": 0, ""sadness"": 0, ""surprise"": 0, ""neutral"": 0}",3,3,1.0,0
76,anger,anger,anger,Somebody gettin fired,"{""admiration"": 0, ""amusement"": 0, ""anger"": 2, ""annoyance"": 0, ""approval"": 0, ""caring"": 0, ""confusion"": 0, ""curiosity"": 0, ""desire"": 0, ""disappointment"": 0, ""disapproval"": 0, ""disgust"": 1, ""embarrassment"": 0, ""excitement"": 0, ""fear"": 0, ""gratitude"": 0, ""grief"": 0, ""joy"": 0, ""love"": 0, ""nervousness"": 0, ""optimism"": 0, ""pride"": 0, ""realization"": 0, ""relief"": 0, ""remorse"": 0, ""sadness"": 0, ""surprise"": 0, ""neutral"": 0}",2,3,0.6667,1
77,neutral,neutral,disgust,NOT TODAY REINHARDT,"{""admiration"": 0, ""amusement"": 0, ""anger"": 0, ""annoyance"": 0, ""approval"": 0, ""caring"": 0, ""confusion"": 0, ""curiosity"": 0, ""desire"": 0, ""disappointment"": 0, ""disapproval"": 0, ""disgust"": 3, ""embarrassment"": 0, ""excitement"": 0, ""fear"": 0, ""gratitude"": 0, ""grief"": 0, ""joy"": 0, ""love"": 0, ""nervousness"": 0, ""optimism"": 0, ""pride"": 0, ""realization"": 0, ""relief"": 0, ""remorse"": 0, ""sadness"": 0, ""surprise"": 0, ""neutral"": 0}",3,3,1.0,0
78,neutral,neutral,disgust,Sounds like you are the one with salty tears mate,"{""admiration"": 0, ""amusement"": 0, ""anger"": 0, ""annoyance"": 0, ""approval"": 0, ""caring"": 0, ""confusion"": 0, ""curiosity"": 0, ""desire"": 0, ""disappointment"": 0, ""disapproval"": 0, ""disgust"": 2, ""embarrassment"": 0, ""excitement"": 0, ""fear"": 0, ""gratitude"": 0, ""grief"": 0, ""joy"": 0, ""love"": 0, ""nervousness"": 0, ""optimism"": 0, ""pride"": 0, ""realization"": 0, ""relief"": 0, ""remorse"": 1, ""sadness"": 0, ""surprise"": 0, ""neutral"": 0}",2,3,0.6667,0
79,desire,desire,disappointment,would love to see a win here,"{""admiration"": 1, ""amusement"": 0, ""anger"": 0, ""annoyance"": 0, ""approval"": 0, ""caring"": 0, ""confusion"": 0, ""curiosity"": 0, ""desire"": 0, ""disappointment"": 2, ""disapproval"": 0, ""disgust"": 0, ""embarrassment"": 0, ""excitement"": 0, ""fear"": 0, ""gratitude"": 0, ""grief"": 0, ""joy"": 0, ""love"": 0, ""nervousness"": 0, ""optimism"": 0, ""pride"": 0, ""realization"": 0, ""relief"": 0, ""remorse"": 0, ""sadness"": 0, ""surprise"": 0, ""neutral"": 0}",2,3,0.6667,0
80,admiration,admiration,admiration,Sounds like a great chap,"{""admiration"": 3, ""amusement"": 0, ""anger"": 0, ""annoyance"": 0, ""approval"": 0, ""caring"": 0, ""confusion"": 0, ""curiosity"": 0, ""desire"": 0, ""disappointment"": 0, ""disapproval"": 0, ""disgust"": 0, ""embarrassment"": 0, ""excitement"": 0, ""fear"": 0, ""gratitude"": 0, ""grief"": 0, ""joy"": 0, ""love"": 0, ""nervousness"": 0, ""optimism"": 0, ""pride"": 0, ""realization"": 0, ""relief"": 0, ""remorse"": 0, ""sadness"": 0, ""surprise"": 0, ""neutral"": 0}",3,3,1.0,1
81,optimism,optimism,disgust,"I would try rubbing alcohol, high percentage. Looks greasy to me.","{""admiration"": 0, ""amusement"": 0, ""anger"": 0, ""annoyance"": 0, ""approval"": 0, ""caring"": 0, ""confusion"": 0, ""curiosity"": 0, ""desire"": 0, ""disappointment"": 0, ""disapproval"": 0, ""disgust"": 3, ""embarrassment"": 0, ""excitement"": 0, ""fear"": 0, ""gratitude"": 0, ""grief"": 0, ""joy"": 0, ""love"": 0, ""nervousness"": 0, ""optimism"": 0, ""pride"": 0, ""realization"": 0, ""relief"": 0, ""remorse"": 0, ""sadness"": 0, ""surprise"": 0, ""neutral"": 0}",3,3,1.0,0
82,optimism,optimism,disgust,"Hope you're not [RELIGION], 'cause that ain't kosher... ","{""admiration"": 0, ""amusement"": 0, ""anger"": 0, ""annoyance"": 0, ""approval"": 0, ""caring"": 0, ""confusion"": 0, ""curiosity"": 0, ""desire"": 0, ""disappointment"": 0, ""disapproval"": 0, ""disgust"": 3, ""embarrassment"": 0, ""excitement"": 0, ""fear"": 0, ""gratitude"": 0, ""grief"": 0, ""joy"": 0, ""love"": 0, ""nervousness"": 0, ""optimism"": 0, ""pride"": 0, ""realization"": 0, ""relief"": 0, ""remorse"": 0, ""sadness"": 0, ""surprise"": 0, ""neutral"": 0}",3,3,1.0,0
83,approval,approval,amusement,That was my first thought too 😂,"{""admiration"": 0, ""amusement"": 3, ""anger"": 0, ""annoyance"": 0, ""approval"": 0, ""caring"": 0, ""confusion"": 0, ""curiosity"": 0, ""desire"": 0, ""disappointment"": 0, ""disapproval"": 0, ""disgust"": 0, ""embarrassment"": 0, ""excitement"": 0, ""fear"": 0, ""gratitude"": 0, ""grief"": 0, ""joy"": 0, ""love"": 0, ""nervousness"": 0, ""optimism"": 0, ""pride"": 0, ""realization"": 0, ""relief"": 0, ""remorse"": 0, ""sadness"": 0, ""surprise"": 0, ""neutral"": 0}",3,3,1.0,0
84,amusement,amusement|realization,disgust,Lol.... i guess your personal experience explains everything.... personally I've seen this play out numerous times in the work place..... so.....,"{""admiration"": 0, ""amusement"": 0, ""anger"": 0, ""annoyance"": 0, ""approval"": 0, ""caring"": 0, ""confusion"": 0, ""curiosity"": 0, ""desire"": 0, ""disappointment"": 1, ""disapproval"": 0, ""disgust"": 2, ""embarrassment"": 0, ""excitement"": 0, ""fear"": 0, ""gratitude"": 0, ""grief"": 0, ""joy"": 0, ""love"": 0, ""nervousness"": 0, ""optimism"": 0, ""pride"": 0, ""realization"": 0, ""relief"": 0, ""remorse"": 0, ""sadness"": 0, ""surprise"": 0, ""neutral"": 0}",2,3,0.6667,0
85,neutral,neutral,disgust,[NAME] $120 million grift allegations in bombshell Forbes report - Business Insider,"{""admiration"": 0, ""amusement"": 0, ""anger"": 0, ""annoyance"": 0, ""approval"": 0, ""caring"": 0, ""confusion"": 0, ""curiosity"": 0, ""desire"": 0, ""disappointment"": 0, ""disapproval"": 0, ""disgust"": 3, ""embarrassment"": 0, ""excitement"": 0, ""fear"": 0, ""gratitude"": 0, ""grief"": 0, ""joy"": 0, ""love"": 0, ""nervousness"": 0, ""optimism"": 0, ""pride"": 0, ""realization"": 0, ""relief"": 0, ""remorse"": 0, ""sadness"": 0, ""surprise"": 0, ""neutral"": 0}",3,3,1.0,0
86,remorse,remorse,disapproval,"I do feel sorry for the squirrel, but I wouldn't say the dog is a jerk for acting on natural instinct.","{""admiration"": 0, ""amusement"": 0, ""anger"": 0, ""annoyance"": 0, ""approval"": 0, ""caring"": 0, ""confusion"": 0, ""curiosity"": 0, ""desire"": 0, ""disappointment"": 0, ""disapproval"": 2, ""disgust"": 1, ""embarrassment"": 0, ""excitement"": 0, ""fear"": 0, ""gratitude"": 0, ""grief"": 0, ""joy"": 0, ""love"": 0, ""nervousness"": 0, ""optimism"": 0, ""pride"": 0, ""realization"": 0, ""relief"": 0, ""remorse"": 0, ""sadness"": 0, ""surprise"": 0, ""neutral"": 0}",2,3,0.6667,0
87,joy,joy,love,[NAME] is fucking destroying Bama and I LOVE IT,"{""admiration"": 0, ""amusement"": 0, ""anger"": 0, ""annoyance"": 0, ""approval"": 0, ""caring"": 0, ""confusion"": 0, ""curiosity"": 0, ""desire"": 0, ""disappointment"": 0, ""disapproval"": 0, ""disgust"": 1, ""embarrassment"": 0, ""excitement"": 0, ""fear"": 0, ""gratitude"": 0, ""grief"": 0, ""joy"": 0, ""love"": 2, ""nervousness"": 0, ""optimism"": 0, ""pride"": 0, ""realization"": 0, ""relief"": 0, ""remorse"": 0, ""sadness"": 0, ""surprise"": 0, ""neutral"": 0}",2,3,0.6667,0
88,amusement,amusement,amusement,Haha this is one of those moments that makes me laugh out loud,"{""admiration"": 0, ""amusement"": 3, ""anger"": 0, ""annoyance"": 0, ""approval"": 0, ""caring"": 0, ""confusion"": 0, ""curiosity"": 0, ""desire"": 0, ""disappointment"": 0, ""disapproval"": 0, ""disgust"": 0, ""embarrassment"": 0, ""excitement"": 0, ""fear"": 0, ""gratitude"": 0, ""grief"": 0, ""joy"": 0, ""love"": 0, ""nervousness"": 0, ""optimism"": 0, ""pride"": 0, ""realization"": 0, ""relief"": 0, ""remorse"": 0, ""sadness"": 0, ""surprise"": 0, ""neutral"": 0}",3,3,1.0,1
89,annoyance,annoyance,disappointment,If there is no goal on this powerplay it will be difficult not to be hopeless,"{""admiration"": 0, ""amusement"": 0, ""anger"": 0, ""annoyance"": 0, ""approval"": 0, ""caring"": 0, ""confusion"": 0, ""curiosity"": 0, ""desire"": 0, ""disappointment"": 3, ""disapproval"": 0, ""disgust"": 0, ""embarrassment"": 0, ""excitement"": 0, ""fear"": 0, ""gratitude"": 0, ""grief"": 0, ""joy"": 0, ""love"": 0, ""nervousness"": 0, ""optimism"": 0, ""pride"": 0, ""realization"": 0, ""relief"": 0, ""remorse"": 0, ""sadness"": 0, ""surprise"": 0, ""neutral"": 0}",3,3,1.0,0
90,approval,approval|caring,neutral,No worries! 😊,"{""admiration"": 0, ""amusement"": 0, ""anger"": 0, ""annoyance"": 0, ""approval"": 0, ""caring"": 0, ""confusion"": 0, ""curiosity"": 0, ""desire"": 0, ""disappointment"": 0, ""disapproval"": 0, ""disgust"": 0, ""embarrassment"": 0, ""excitement"": 0, ""fear"": 0, ""gratitude"": 0, ""grief"": 0, ""joy"": 0, ""love"": 0, ""nervousness"": 0, ""optimism"": 0, ""pride"": 0, ""realization"": 0, ""relief"": 0, ""remorse"": 0, ""sadness"": 0, ""surprise"": 0, ""neutral"": 3}",3,3,1.0,0
91,curiosity,curiosity,disgust,"Wait, you don't love reading people's blog posts on Reddit?","{""admiration"": 0, ""amusement"": 0, ""anger"": 0, ""annoyance"": 0, ""approval"": 0, ""caring"": 0, ""confusion"": 0, ""curiosity"": 0, ""desire"": 0, ""disappointment"": 0, ""disapproval"": 0, ""disgust"": 3, ""embarrassment"": 0, ""excitement"": 0, ""fear"": 0, ""gratitude"": 0, ""grief"": 0, ""joy"": 0, ""love"": 0, ""nervousness"": 0, ""optimism"": 0, ""pride"": 0, ""realization"": 0, ""relief"": 0, ""remorse"": 0, ""sadness"": 0, ""surprise"": 0, ""neutral"": 0}",3,3,1.0,0
92,embarrassment,embarrassment,disgust,"I mean, it certainly is weird but don't kinkshame","{""admiration"": 0, ""amusement"": 0, ""anger"": 0, ""annoyance"": 0, ""approval"": 0, ""caring"": 0, ""confusion"": 0, ""curiosity"": 0, ""desire"": 0, ""disappointment"": 0, ""disapproval"": 1, ""disgust"": 2, ""embarrassment"": 0, ""excitement"": 0, ""fear"": 0, ""gratitude"": 0, ""grief"": 0, ""joy"": 0, ""love"": 0, ""nervousness"": 0, ""optimism"": 0, ""pride"": 0, ""realization"": 0, ""relief"": 0, ""remorse"": 0, ""sadness"": 0, ""surprise"": 0, ""neutral"": 0}",2,3,0.6667,0
93,neutral,neutral,disapproval,Call your attorney general. 615-741-3491,"{""admiration"": 0, ""amusement"": 0, ""anger"": 0, ""annoyance"": 0, ""approval"": 0, ""caring"": 0, ""confusion"": 0, ""curiosity"": 0, ""desire"": 0, ""disappointment"": 0, ""disapproval"": 2, ""disgust"": 1, ""embarrassment"": 0, ""excitement"": 0, ""fear"": 0, ""gratitude"": 0, ""grief"": 0, ""joy"": 0, ""love"": 0, ""nervousness"": 0, ""optimism"": 0, ""pride"": 0, ""realization"": 0, ""relief"": 0, ""remorse"": 0, ""sadness"": 0, ""surprise"": 0, ""neutral"": 0}",2,3,0.6667,0
94,gratitude,gratitude,disapproval,So he is half decent. Glad to see your finally making some sense.,"{""admiration"": 0, ""amusement"": 0, ""anger"": 0, ""annoyance"": 0, ""approval"": 0, ""caring"": 0, ""confusion"": 0, ""curiosity"": 0, ""desire"": 0, ""disappointment"": 0, ""disapproval"": 3, ""disgust"": 0, ""embarrassment"": 0, ""excitement"": 0, ""fear"": 0, ""gratitude"": 0, ""grief"": 0, ""joy"": 0, ""love"": 0, ""nervousness"": 0, ""optimism"": 0, ""pride"": 0, ""realization"": 0, ""relief"": 0, ""remorse"": 0, ""sadness"": 0, ""surprise"": 0, ""neutral"": 0}",3,3,1.0,0
95,gratitude,gratitude,admiration,I think most people have listened to bohemian rhapsody at some point thank you very much,"{""admiration"": 3, ""amusement"": 0, ""anger"": 0, ""annoyance"": 0, ""approval"": 0, ""caring"": 0, ""confusion"": 0, ""curiosity"": 0, ""desire"": 0, ""disappointment"": 0, ""disapproval"": 0, ""disgust"": 0, ""embarrassment"": 0, ""excitement"": 0, ""fear"": 0, ""gratitude"": 0, ""grief"": 0, ""joy"": 0, ""love"": 0, ""nervousness"": 0, ""optimism"": 0, ""pride"": 0, ""realization"": 0, ""relief"": 0, ""remorse"": 0, ""sadness"": 0, ""surprise"": 0, ""neutral"": 0}",3,3,1.0,0
96,neutral,neutral,remorse,"I swear to [NAME], I'm going to approach you. Instead of running away, I'll come right to you.","{""admiration"": 1, ""amusement"": 0, ""anger"": 0, ""annoyance"": 0, ""approval"": 0, ""caring"": 0, ""confusion"": 0, ""curiosity"": 0, ""desire"": 0, ""disappointment"": 0, ""disapproval"": 0, ""disgust"": 0, ""embarrassment"": 0, ""excitement"": 0, ""fear"": 0, ""gratitude"": 0, ""grief"": 0, ""joy"": 0, ""love"": 0, ""nervousness"": 0, ""optimism"": 0, ""pride"": 0, ""realization"": 0, ""relief"": 0, ""remorse"": 2, ""sadness"": 0, ""surprise"": 0, ""neutral"": 0}",2,3,0.6667,0
97,annoyance,annoyance,disgust,You’re a liar. 😂,"{""admiration"": 0, ""amusement"": 0, ""anger"": 0, ""annoyance"": 0, ""approval"": 0, ""caring"": 0, ""confusion"": 0, ""curiosity"": 0, ""desire"": 0, ""disappointment"": 0, ""disapproval"": 0, ""disgust"": 3, ""embarrassment"": 0, ""excitement"": 0, ""fear"": 0, ""gratitude"": 0, ""grief"": 0, ""joy"": 0, ""love"": 0, ""nervousness"": 0, ""optimism"": 0, ""pride"": 0, ""realization"": 0, ""relief"": 0, ""remorse"": 0, ""sadness"": 0, ""surprise"": 0, ""neutral"": 0}",3,3,1.0,0
98,neutral,neutral,disgust,And look like big tracts of land.,"{""admiration"": 0, ""amusement"": 0, ""anger"": 0, ""annoyance"": 0, ""approval"": 0, ""caring"": 0, ""confusion"": 0, ""curiosity"": 0, ""desire"": 0, ""disappointment"": 0, ""disapproval"": 0, ""disgust"": 2, ""embarrassment"": 0, ""excitement"": 0, ""fear"": 0, ""gratitude"": 0, ""grief"": 0, ""joy"": 0, ""love"": 0, ""nervousness"": 0, ""optimism"": 0, ""pride"": 0, ""realization"": 0, ""relief"": 0, ""remorse"": 0, ""sadness"": 0, ""surprise"": 0, ""neutral"": 1}",2,3,0.6667,0
99,neutral,neutral,anger,One does not simply Steal kidneys on my watch,"{""admiration"": 0, ""amusement"": 0, ""anger"": 3, ""annoyance"": 0, ""approval"": 0, ""caring"": 0, ""confusion"": 0, ""curiosity"": 0, ""desire"": 0, ""disappointment"": 0, ""disapproval"": 0, ""disgust"": 0, ""embarrassment"": 0, ""excitement"": 0, ""fear"": 0, ""gratitude"": 0, ""grief"": 0, ""joy"": 0, ""love"": 0, ""nervousness"": 0, ""optimism"": 0, ""pride"": 0, ""realization"": 0, ""relief"": 0, ""remorse"": 0, ""sadness"": 0, ""surprise"": 0, ""neutral"": 0}",3,3,1.0,0
100,neutral,neutral,disappointment,They had a similar panel last year. It's definitely worth a watch.,"{""admiration"": 0, ""amusement"": 0, ""anger"": 0, ""annoyance"": 0, ""approval"": 0, ""caring"": 0, ""confusion"": 0, ""curiosity"": 0, ""desire"": 0, ""disappointment"": 3, ""disapproval"": 0, ""disgust"": 0, ""embarrassment"": 0, ""excitement"": 0, ""fear"": 0, ""gratitude"": 0, ""grief"": 0, ""joy"": 0, ""love"": 0, ""nervousness"": 0, ""optimism"": 0, ""pride"": 0, ""realization"": 0, ""relief"": 0, ""remorse"": 0, ""sadness"": 0, ""surprise"": 0, ""neutral"": 0}",3,3,1.0,0
101,annoyance,annoyance,disgust,Nobody likes you nonhuman mimics and everyone knows what you are.,"{""admiration"": 0, ""amusement"": 0, ""anger"": 0, ""annoyance"": 0, ""approval"": 0, ""caring"": 0, ""confusion"": 0, ""curiosity"": 0, ""desire"": 0, ""disappointment"": 0, ""disapproval"": 0, ""disgust"": 3, ""embarrassment"": 0, ""excitement"": 0, ""fear"": 0, ""gratitude"": 0, ""grief"": 0, ""joy"": 0, ""love"": 0, ""nervousness"": 0, ""optimism"": 0, ""pride"": 0, ""realization"": 0, ""relief"": 0, ""remorse"": 0, ""sadness"": 0, ""surprise"": 0, ""neutral"": 0}",3,3,1.0,0
102,anger,anger|annoyance,disgust,"Its an mlm in disguise, branded to appeal to the college demographic. I got the fuck out ","{""admiration"": 0, ""amusement"": 0, ""anger"": 1, ""annoyance"": 0, ""approval"": 0, ""caring"": 0, ""confusion"": 0, ""curiosity"": 0, ""desire"": 0, ""disappointment"": 0, ""disapproval"": 0, ""disgust"": 2, ""embarrassment"": 0, ""excitement"": 0, ""fear"": 0, ""gratitude"": 0, ""grief"": 0, ""joy"": 0, ""love"": 0, ""nervousness"": 0, ""optimism"": 0, ""pride"": 0, ""realization"": 0, ""relief"": 0, ""remorse"": 0, ""sadness"": 0, ""surprise"": 0, ""neutral"": 0}",2,3,0.6667,0
103,neutral,neutral,ABSTAIN,He is but he's a normie. A 2/10 would be treated like a pariah at a dance class.,"{""admiration"": 0, ""amusement"": 0, ""anger"": 0, ""annoyance"": 0, ""approval"": 0, ""caring"": 0, ""confusion"": 0, ""curiosity"": 0, ""desire"": 0, ""disappointment"": 0, ""disapproval"": 1, ""disgust"": 0, ""embarrassment"": 0, ""excitement"": 0, ""fear"": 0, ""gratitude"": 0, ""grief"": 0, ""joy"": 0, ""love"": 0, ""nervousness"": 0, ""optimism"": 0, ""pride"": 0, ""realization"": 0, ""relief"": 0, ""remorse"": 0, ""sadness"": 0, ""surprise"": 0, ""neutral"": 0}",0,3,0.0,0
104,curiosity,curiosity|neutral,neutral,It kinda makes sense. What’s the debate here?,"{""admiration"": 0, ""amusement"": 0, ""anger"": 0, ""annoyance"": 0, ""approval"": 0, ""caring"": 0, ""confusion"": 0, ""curiosity"": 0, ""desire"": 0, ""disappointment"": 0, ""disapproval"": 0, ""disgust"": 0, ""embarrassment"": 0, ""excitement"": 0, ""fear"": 0, ""gratitude"": 0, ""grief"": 0, ""joy"": 0, ""love"": 0, ""nervousness"": 0, ""optimism"": 0, ""pride"": 0, ""realization"": 0, ""relief"": 0, ""remorse"": 0, ""sadness"": 0, ""surprise"": 0, ""neutral"": 3}",3,3,1.0,1
105,anger,anger|curiosity,admiration,YOU LIKE TURTLES? Gimme a second.,"{""admiration"": 3, ""amusement"": 0, ""anger"": 0, ""annoyance"": 0, ""approval"": 0, ""caring"": 0, ""confusion"": 0, ""curiosity"": 0, ""desire"": 0, ""disappointment"": 0, ""disapproval"": 0, ""disgust"": 0, ""embarrassment"": 0, ""excitement"": 0, ""fear"": 0, ""gratitude"": 0, ""grief"": 0, ""joy"": 0, ""love"": 0, ""nervousness"": 0, ""optimism"": 0, ""pride"": 0, ""realization"": 0, ""relief"": 0, ""remorse"": 0, ""sadness"": 0, ""surprise"": 0, ""neutral"": 0}",3,3,1.0,0
106,annoyance,annoyance,disgust,It inhales you ignorant octorok,"{""admiration"": 0, ""amusement"": 0, ""anger"": 0, ""annoyance"": 0, ""approval"": 0, ""caring"": 0, ""confusion"": 0, ""curiosity"": 0, ""desire"": 0, ""disappointment"": 0, ""disapproval"": 0, ""disgust"": 3, ""embarrassment"": 0, ""excitement"": 0, ""fear"": 0, ""gratitude"": 0, ""grief"": 0, ""joy"": 0, ""love"": 0, ""nervousness"": 0, ""optimism"": 0, ""pride"": 0, ""realization"": 0, ""relief"": 0, ""remorse"": 0, ""sadness"": 0, ""surprise"": 0, ""neutral"": 0}",3,3,1.0,0
107,optimism,optimism,disappointment,"I would hope the guy is genuine and honest, but in my circumstances, there's not much closure. ","{""admiration"": 0, ""amusement"": 0, ""anger"": 0, ""annoyance"": 0, ""approval"": 0, ""caring"": 0, ""confusion"": 0, ""curiosity"": 0, ""desire"": 0, ""disappointment"": 2, ""disapproval"": 0, ""disgust"": 0, ""embarrassment"": 0, ""excitement"": 0, ""fear"": 0, ""gratitude"": 0, ""grief"": 0, ""joy"": 0, ""love"": 0, ""nervousness"": 0, ""optimism"": 0, ""pride"": 0, ""realization"": 0, ""relief"": 0, ""remorse"": 1, ""sadness"": 0, ""surprise"": 0, ""neutral"": 0}",2,3,0.6667,0
108,sadness,sadness,disgust,"I doubt people are *happy*, but they probably aren’t sad about someone who was potentially endangering others through their anti-science views.","{""admiration"": 0, ""amusement"": 0, ""anger"": 0, ""annoyance"": 0, ""approval"": 0, ""caring"": 0, ""confusion"": 0, ""curiosity"": 0, ""desire"": 0, ""disappointment"": 0, ""disapproval"": 1, ""disgust"": 2, ""embarrassment"": 0, ""excitement"": 0, ""fear"": 0, ""gratitude"": 0, ""grief"": 0, ""joy"": 0, ""love"": 0, ""nervousness"": 0, ""optimism"": 0, ""pride"": 0, ""realization"": 0, ""relief"": 0, ""remorse"": 0, ""sadness"": 0, ""surprise"": 0, ""neutral"": 0}",2,3,0.6667,0
109,joy,joy,disgust,"That's that frequency dying in your ears. Enjoy it, because you will never hear that exact frequency again","{""admiration"": 0, ""amusement"": 0, ""anger"": 0, ""annoyance"": 0, ""approval"": 0, ""caring"": 0, ""confusion"": 0, ""curiosity"": 0, ""desire"": 0, ""disappointment"": 1, ""disapproval"": 0, ""disgust"": 2, ""embarrassment"": 0, ""excitement"": 0, ""fear"": 0, ""gratitude"": 0, ""grief"": 0, ""joy"": 0, ""love"": 0, ""nervousness"": 0, ""optimism"": 0, ""pride"": 0, ""realization"": 0, ""relief"": 0, ""remorse"": 0, ""sadness"": 0, ""surprise"": 0, ""neutral"": 0}",2,3,0.6667,0
110,sadness,sadness,sadness,The comments on this thread are what I expected and that makes me sad.,"{""admiration"": 0, ""amusement"": 0, ""anger"": 0, ""annoyance"": 0, ""approval"": 0, ""caring"": 0, ""confusion"": 0, ""curiosity"": 0, ""desire"": 0, ""disappointment"": 0, ""disapproval"": 0, ""disgust"": 0, ""embarrassment"": 0, ""excitement"": 0, ""fear"": 0, ""gratitude"": 0, ""grief"": 0, ""joy"": 0, ""love"": 0, ""nervousness"": 0, ""optimism"": 0, ""pride"": 0, ""realization"": 0, ""relief"": 0, ""remorse"": 0, ""sadness"": 3, ""surprise"": 0, ""neutral"": 0}",3,3,1.0,1
111,neutral,neutral,disgust,Make sure he gets some glucosamine(!),"{""admiration"": 0, ""amusement"": 0, ""anger"": 0, ""annoyance"": 0, ""approval"": 0, ""caring"": 0, ""confusion"": 0, ""curiosity"": 0, ""desire"": 0, ""disappointment"": 0, ""disapproval"": 0, ""disgust"": 2, ""embarrassment"": 0, ""excitement"": 0, ""fear"": 0, ""gratitude"": 0, ""grief"": 0, ""joy"": 0, ""love"": 0, ""nervousness"": 0, ""optimism"": 0, ""pride"": 0, ""realization"": 0, ""relief"": 0, ""remorse"": 1, ""sadness"": 0, ""surprise"": 0, ""neutral"": 0}",2,3,0.6667,0
112,annoyance,annoyance,disgust,"I didn't say it was proof that anything was a scam with no future, perhaps you're projecting.","{""admiration"": 0, ""amusement"": 0, ""anger"": 0, ""annoyance"": 0, ""approval"": 0, ""caring"": 0, ""confusion"": 0, ""curiosity"": 0, ""desire"": 0, ""disappointment"": 0, ""disapproval"": 1, ""disgust"": 2, ""embarrassment"": 0, ""excitement"": 0, ""fear"": 0, ""gratitude"": 0, ""grief"": 0, ""joy"": 0, ""love"": 0, ""nervousness"": 0, ""optimism"": 0, ""pride"": 0, ""realization"": 0, ""relief"": 0, ""remorse"": 0, ""sadness"": 0, ""surprise"": 0, ""neutral"": 0}",2,3,0.6667,0
113,surprise,surprise,disgust,Unexpected Hail corporate.,"{""admiration"": 0, ""amusement"": 0, ""anger"": 0, ""annoyance"": 0, ""approval"": 0, ""caring"": 0, ""confusion"": 0, ""curiosity"": 0, ""desire"": 0, ""disappointment"": 0, ""disapproval"": 0, ""disgust"": 3, ""embarrassment"": 0, ""excitement"": 0, ""fear"": 0, ""gratitude"": 0, ""grief"": 0, ""joy"": 0, ""love"": 0, ""nervousness"": 0, ""optimism"": 0, ""pride"": 0, ""realization"": 0, ""relief"": 0, ""remorse"": 0, ""sadness"": 0, ""surprise"": 0, ""neutral"": 0}",3,3,1.0,0
114,annoyance,annoyance,disappointment,Download it again.,"{""admiration"": 0, ""amusement"": 0, ""anger"": 0, ""annoyance"": 0, ""approval"": 0, ""caring"": 0, ""confusion"": 0, ""curiosity"": 0, ""desire"": 0, ""disappointment"": 3, ""disapproval"": 0, ""disgust"": 0, ""embarrassment"": 0, ""excitement"": 0, ""fear"": 0, ""gratitude"": 0, ""grief"": 0, ""joy"": 0, ""love"": 0, ""nervousness"": 0, ""optimism"": 0, ""pride"": 0, ""realization"": 0, ""relief"": 0, ""remorse"": 0, ""sadness"": 0, ""surprise"": 0, ""neutral"": 0}",3,3,1.0,0
115,admiration,admiration|optimism,admiration,"Wow that's amazing, I hope my situation is as good next year. ","{""admiration"": 3, ""amusement"": 0, ""anger"": 0, ""annoyance"": 0, ""approval"": 0, ""caring"": 0, ""confusion"": 0, ""curiosity"": 0, ""desire"": 0, ""disappointment"": 0, ""disapproval"": 0, ""disgust"": 0, ""embarrassment"": 0, ""excitement"": 0, ""fear"": 0, ""gratitude"": 0, ""grief"": 0, ""joy"": 0, ""love"": 0, ""nervousness"": 0, ""optimism"": 0, ""pride"": 0, ""realization"": 0, ""relief"": 0, ""remorse"": 0, ""sadness"": 0, ""surprise"": 0, ""neutral"": 0}",3,3,1.0,1
116,joy,joy,admiration,Wow... I’m so glad that my dog is lazy like me.,"{""admiration"": 3, ""amusement"": 0, ""anger"": 0, ""annoyance"": 0, ""approval"": 0, ""caring"": 0, ""confusion"": 0, ""curiosity"": 0, ""desire"": 0, ""disappointment"": 0, ""disapproval"": 0, ""disgust"": 0, ""embarrassment"": 0, ""excitement"": 0, ""fear"": 0, ""gratitude"": 0, ""grief"": 0, ""joy"": 0, ""love"": 0, ""nervousness"": 0, ""optimism"": 0, ""pride"": 0, ""realization"": 0, ""relief"": 0, ""remorse"": 0, ""sadness"": 0, ""surprise"": 0, ""neutral"": 0}",3,3,1.0,0
117,disapproval,disapproval|love,disgust,Man I hate double standards. I love the show but change the word ‘white’ to ‘black’ and it’s suddenly not funny anymore,"{""admiration"": 0, ""amusement"": 0, ""anger"": 0, ""annoyance"": 0, ""approval"": 0, ""caring"": 0, ""confusion"": 0, ""curiosity"": 0, ""desire"": 0, ""disappointment"": 0, ""disapproval"": 1, ""disgust"": 2, ""embarrassment"": 0, ""excitement"": 0, ""fear"": 0, ""gratitude"": 0, ""grief"": 0, ""joy"": 0, ""love"": 0, ""nervousness"": 0, ""optimism"": 0, ""pride"": 0, ""realization"": 0, ""relief"": 0, ""remorse"": 0, ""sadness"": 0, ""surprise"": 0, ""neutral"": 0}",2,3,0.6667,0
118,neutral,neutral,disgust,"She also takes it off to shower, work out, wash dishes, etc. ","{""admiration"": 0, ""amusement"": 0, ""anger"": 0, ""annoyance"": 0, ""approval"": 0, ""caring"": 0, ""confusion"": 0, ""curiosity"": 0, ""desire"": 0, ""disappointment"": 0, ""disapproval"": 0, ""disgust"": 2, ""embarrassment"": 0, ""excitement"": 0, ""fear"": 0, ""gratitude"": 0, ""grief"": 0, ""joy"": 0, ""love"": 0, ""nervousness"": 0, ""optimism"": 0, ""pride"": 0, ""realization"": 0, ""relief"": 0, ""remorse"": 1, ""sadness"": 0, ""surprise"": 0, ""neutral"": 0}",2,3,0.6667,0
119,neutral,neutral,disgust,A girl came into him recently and he pre maturely ejaculated. He had to type this.,"{""admiration"": 0, ""amusement"": 0, ""anger"": 0, ""annoyance"": 0, ""approval"": 0, ""caring"": 0, ""confusion"": 0, ""curiosity"": 0, ""desire"": 0, ""disappointment"": 0, ""disapproval"": 0, ""disgust"": 3, ""embarrassment"": 0, ""excitement"": 0, ""fear"": 0, ""gratitude"": 0, ""grief"": 0, ""joy"": 0, ""love"": 0, ""nervousness"": 0, ""optimism"": 0, ""pride"": 0, ""realization"": 0, ""relief"": 0, ""remorse"": 0, ""sadness"": 0, ""surprise"": 0, ""neutral"": 0}",3,3,1.0,0
120,amusement,amusement,disgust,Your username makes me think you would appreciate this joke of mine.,"{""admiration"": 1, ""amusement"": 0, ""anger"": 0, ""annoyance"": 0, ""approval"": 0, ""caring"": 0, ""confusion"": 0, ""curiosity"": 0, ""desire"": 0, ""disappointment"": 0, ""disapproval"": 0, ""disgust"": 2, ""embarrassment"": 0, ""excitement"": 0, ""fear"": 0, ""gratitude"": 0, ""grief"": 0, ""joy"": 0, ""love"": 0, ""nervousness"": 0, ""optimism"": 0, ""pride"": 0, ""realization"": 0, ""relief"": 0, ""remorse"": 0, ""sadness"": 0, ""surprise"": 0, ""neutral"": 0}",2,3,0.6667,0
121,curiosity,curiosity,neutral,It is certainly interesting.....but is it anything?.....,"{""admiration"": 0, ""amusement"": 0, ""anger"": 0, ""annoyance"": 0, ""approval"": 0, ""caring"": 0, ""confusion"": 0, ""curiosity"": 0, ""desire"": 0, ""disappointment"": 0, ""disapproval"": 0, ""disgust"": 0, ""embarrassment"": 0, ""excitement"": 0, ""fear"": 0, ""gratitude"": 0, ""grief"": 0, ""joy"": 0, ""love"": 0, ""nervousness"": 0, ""optimism"": 0, ""pride"": 0, ""realization"": 0, ""relief"": 0, ""remorse"": 0, ""sadness"": 0, ""surprise"": 0, ""neutral"": 3}",3,3,1.0,0
122,excitement,excitement,admiration,Yaaaaaas! I need your curly hair routine!,"{""admiration"": 3, ""amusement"": 0, ""anger"": 0, ""annoyance"": 0, ""approval"": 0, ""caring"": 0, ""confusion"": 0, ""curiosity"": 0, ""desire"": 0, ""disappointment"": 0, ""disapproval"": 0, ""disgust"": 0, ""embarrassment"": 0, ""excitement"": 0, ""fear"": 0, ""gratitude"": 0, ""grief"": 0, ""joy"": 0, ""love"": 0, ""nervousness"": 0, ""optimism"": 0, ""pride"": 0, ""realization"": 0, ""relief"": 0, ""remorse"": 0, ""sadness"": 0, ""surprise"": 0, ""neutral"": 0}",3,3,1.0,0
123,neutral,neutral,excitement,59 days until opening day!!!!!,"{""admiration"": 0, ""amusement"": 0, ""anger"": 0, ""annoyance"": 0, ""approval"": 0, ""caring"": 0, ""confusion"": 0, ""curiosity"": 0, ""desire"": 0, ""disappointment"": 0, ""disapproval"": 0, ""disgust"": 1, ""embarrassment"": 0, ""excitement"": 2, ""fear"": 0, ""gratitude"": 0, ""grief"": 0, ""joy"": 0, ""love"": 0, ""nervousness"": 0, ""optimism"": 0, ""pride"": 0, ""realization"": 0, ""relief"": 0, ""remorse"": 0, ""sadness"": 0, ""surprise"": 0, ""neutral"": 0}",2,3,0.6667,0
124,disapproval,disapproval,disgust,Trusting readers is something we cannot afford in this day and age.,"{""admiration"": 0, ""amusement"": 0, ""anger"": 0, ""annoyance"": 0, ""approval"": 0, ""caring"": 0, ""confusion"": 0, ""curiosity"": 0, ""desire"": 0, ""disappointment"": 0, ""disapproval"": 0, ""disgust"": 3, ""embarrassment"": 0, ""excitement"": 0, ""fear"": 0, ""gratitude"": 0, ""grief"": 0, ""joy"": 0, ""love"": 0, ""nervousness"": 0, ""optimism"": 0, ""pride"": 0, ""realization"": 0, ""relief"": 0, ""remorse"": 0, ""sadness"": 0, ""surprise"": 0, ""neutral"": 0}",3,3,1.0,0
125,neutral,neutral,amusement,Dilly dilly!,"{""admiration"": 0, ""amusement"": 3, ""anger"": 0, ""annoyance"": 0, ""approval"": 0, ""caring"": 0, ""confusion"": 0, ""curiosity"": 0, ""desire"": 0, ""disappointment"": 0, ""disapproval"": 0, ""disgust"": 0, ""embarrassment"": 0, ""excitement"": 0, ""fear"": 0, ""gratitude"": 0, ""grief"": 0, ""joy"": 0, ""love"": 0, ""nervousness"": 0, ""optimism"": 0, ""pride"": 0, ""realization"": 0, ""relief"": 0, ""remorse"": 0, ""sadness"": 0, ""surprise"": 0, ""neutral"": 0}",3,3,1.0,0
126,neutral,neutral,disgust,ASK AND YOU SHALL RECEIVE,"{""admiration"": 1, ""amusement"": 0, ""anger"": 0, ""annoyance"": 0, ""approval"": 0, ""caring"": 0, ""confusion"": 0, ""curiosity"": 0, ""desire"": 0, ""disappointment"": 0, ""disapproval"": 0, ""disgust"": 2, ""embarrassment"": 0, ""excitement"": 0, ""fear"": 0, ""gratitude"": 0, ""grief"": 0, ""joy"": 0, ""love"": 0, ""nervousness"": 0, ""optimism"": 0, ""pride"": 0, ""realization"": 0, ""relief"": 0, ""remorse"": 0, ""sadness"": 0, ""surprise"": 0, ""neutral"": 0}",2,3,0.6667,0
127,curiosity,curiosity,disgust,Am i missing something or is this an antijoke that doesn't belong here?,"{""admiration"": 0, ""amusement"": 0, ""anger"": 0, ""annoyance"": 0, ""approval"": 0, ""caring"": 0, ""confusion"": 0, ""curiosity"": 0, ""desire"": 0, ""disappointment"": 0, ""disapproval"": 0, ""disgust"": 2, ""embarrassment"": 0, ""excitement"": 0, ""fear"": 0, ""gratitude"": 0, ""grief"": 0, ""joy"": 0, ""love"": 0, ""nervousness"": 0, ""optimism"": 0, ""pride"": 0, ""realization"": 0, ""relief"": 0, ""remorse"": 0, ""sadness"": 0, ""surprise"": 0, ""neutral"": 1}",2,3,0.6667,0
128,amusement,amusement,amusement,Haha I was thinking Utah but... Florida makes sense too. There’s a few crazy states 🤷🏼‍♀️,"{""admiration"": 0, ""amusement"": 3, ""anger"": 0, ""annoyance"": 0, ""approval"": 0, ""caring"": 0, ""confusion"": 0, ""curiosity"": 0, ""desire"": 0, ""disappointment"": 0, ""disapproval"": 0, ""disgust"": 0, ""embarrassment"": 0, ""excitement"": 0, ""fear"": 0, ""gratitude"": 0, ""grief"": 0, ""joy"": 0, ""love"": 0, ""nervousness"": 0, ""optimism"": 0, ""pride"": 0, ""realization"": 0, ""relief"": 0, ""remorse"": 0, ""sadness"": 0, ""surprise"": 0, ""neutral"": 0}",3,3,1.0,1
129,neutral,neutral,disappointment,NJ has zero of their own picks from the 2010 draft still in the org,"{""admiration"": 0, ""amusement"": 0, ""anger"": 0, ""annoyance"": 0, ""approval"": 0, ""caring"": 0, ""confusion"": 0, ""curiosity"": 0, ""desire"": 0, ""disappointment"": 2, ""disapproval"": 0, ""disgust"": 1, ""embarrassment"": 0, ""excitement"": 0, ""fear"": 0, ""gratitude"": 0, ""grief"": 0, ""joy"": 0, ""love"": 0, ""nervousness"": 0, ""optimism"": 0, ""pride"": 0, ""realization"": 0, ""relief"": 0, ""remorse"": 0, ""sadness"": 0, ""surprise"": 0, ""neutral"": 0}",2,3,0.6667,0
130,confusion,confusion,confusion,My dumb ass thought it was meant to be a magic wand and he was reversing time and I was really confused.,"{""admiration"": 0, ""amusement"": 0, ""anger"": 0, ""annoyance"": 0, ""approval"": 0, ""caring"": 0, ""confusion"": 3, ""curiosity"": 0, ""desire"": 0, ""disappointment"": 0, ""disapproval"": 0, ""disgust"": 0, ""embarrassment"": 0, ""excitement"": 0, ""fear"": 0, ""gratitude"": 0, ""grief"": 0, ""joy"": 0, ""love"": 0, ""nervousness"": 0, ""optimism"": 0, ""pride"": 0, ""realization"": 0, ""relief"": 0, ""remorse"": 0, ""sadness"": 0, ""surprise"": 0, ""neutral"": 0}",3,3,1.0,1
131,neutral,neutral,anger,"Yep, just back to how it was before, but this time with little public support as we are all pissed of with it all","{""admiration"": 0, ""amusement"": 0, ""anger"": 3, ""annoyance"": 0, ""approval"": 0, ""caring"": 0, ""confusion"": 0, ""curiosity"": 0, ""desire"": 0, ""disappointment"": 0, ""disapproval"": 0, ""disgust"": 0, ""embarrassment"": 0, ""excitement"": 0, ""fear"": 0, ""gratitude"": 0, ""grief"": 0, ""joy"": 0, ""love"": 0, ""nervousness"": 0, ""optimism"": 0, ""pride"": 0, ""realization"": 0, ""relief"": 0, ""remorse"": 0, ""sadness"": 0, ""surprise"": 0, ""neutral"": 0}",3,3,1.0,0
132,desire,desire,disapproval,"Change your mindset to not expect anything in return, if they do great if not...their loss","{""admiration"": 0, ""amusement"": 0, ""anger"": 0, ""annoyance"": 0, ""approval"": 0, ""caring"": 0, ""confusion"": 0, ""curiosity"": 0, ""desire"": 0, ""disappointment"": 0, ""disapproval"": 3, ""disgust"": 0, ""embarrassment"": 0, ""excitement"": 0, ""fear"": 0, ""gratitude"": 0, ""grief"": 0, ""joy"": 0, ""love"": 0, ""nervousness"": 0, ""optimism"": 0, ""pride"": 0, ""realization"": 0, ""relief"": 0, ""remorse"": 0, ""sadness"": 0, ""surprise"": 0, ""neutral"": 0}",3,3,1.0,0
133,relief,relief,disapproval,Resetting a dislocated knee hurts like hell but it feels a lot better immediately after.,"{""admiration"": 0, ""amusement"": 0, ""anger"": 0, ""annoyance"": 0, ""approval"": 0, ""caring"": 0, ""confusion"": 0, ""curiosity"": 0, ""desire"": 0, ""disappointment"": 1, ""disapproval"": 2, ""disgust"": 0, ""embarrassment"": 0, ""excitement"": 0, ""fear"": 0, ""gratitude"": 0, ""grief"": 0, ""joy"": 0, ""love"": 0, ""nervousness"": 0, ""optimism"": 0, ""pride"": 0, ""realization"": 0, ""relief"": 0, ""remorse"": 0, ""sadness"": 0, ""surprise"": 0, ""neutral"": 0}",2,3,0.6667,0
134,neutral,neutral,disgust,I dunno. Backhanded compliments in girl world are like professional sports.,"{""admiration"": 0, ""amusement"": 0, ""anger"": 0, ""annoyance"": 0, ""approval"": 0, ""caring"": 0, ""confusion"": 0, ""curiosity"": 0, ""desire"": 0, ""disappointment"": 0, ""disapproval"": 0, ""disgust"": 2, ""embarrassment"": 0, ""excitement"": 0, ""fear"": 0, ""gratitude"": 0, ""grief"": 0, ""joy"": 0, ""love"": 0, ""nervousness"": 0, ""optimism"": 0, ""pride"": 0, ""realization"": 0, ""relief"": 0, ""remorse"": 0, ""sadness"": 0, ""surprise"": 0, ""neutral"": 0}",2,3,0.6667,0
135,annoyance,annoyance|disapproval,disapproval,"Right, but we want to shit talk them directly. Not agree with other people shit talking them.","{""admiration"": 0, ""amusement"": 0, ""anger"": 0, ""annoyance"": 0, ""approval"": 0, ""caring"": 0, ""confusion"": 0, ""curiosity"": 0, ""desire"": 0, ""disappointment"": 0, ""disapproval"": 2, ""disgust"": 1, ""embarrassment"": 0, ""excitement"": 0, ""fear"": 0, ""gratitude"": 0, ""grief"": 0, ""joy"": 0, ""love"": 0, ""nervousness"": 0, ""optimism"": 0, ""pride"": 0, ""realization"": 0, ""relief"": 0, ""remorse"": 0, ""sadness"": 0, ""surprise"": 0, ""neutral"": 0}",2,3,0.6667,1
136,caring,caring|disapproval,disgust,She does NOT love you. Try to ask yourself why you are accepting this treatment.,"{""admiration"": 0, ""amusement"": 0, ""anger"": 0, ""annoyance"": 0, ""approval"": 0, ""caring"": 0, ""confusion"": 0, ""curiosity"": 0, ""desire"": 0, ""disappointment"": 0, ""disapproval"": 1, ""disgust"": 2, ""embarrassment"": 0, ""excitement"": 0, ""fear"": 0, ""gratitude"": 0, ""grief"": 0, ""joy"": 0, ""love"": 0, ""nervousness"": 0, ""optimism"": 0, ""pride"": 0, ""realization"": 0, ""relief"": 0, ""remorse"": 0, ""sadness"": 0, ""surprise"": 0, ""neutral"": 0}",2,3,0.6667,0
137,annoyance,annoyance,admiration,Man you take your sims really seriously.,"{""admiration"": 3, ""amusement"": 0, ""anger"": 0, ""annoyance"": 0, ""approval"": 0, ""caring"": 0, ""confusion"": 0, ""curiosity"": 0, ""desire"": 0, ""disappointment"": 0, ""disapproval"": 0, ""disgust"": 0, ""embarrassment"": 0, ""excitement"": 0, ""fear"": 0, ""gratitude"": 0, ""grief"": 0, ""joy"": 0, ""love"": 0, ""nervousness"": 0, ""optimism"": 0, ""pride"": 0, ""realization"": 0, ""relief"": 0, ""remorse"": 0, ""sadness"": 0, ""surprise"": 0, ""neutral"": 0}",3,3,1.0,0
138,neutral,neutral,disgust,In collage. Now tell me that ain't insecurrr...,"{""admiration"": 0, ""amusement"": 0, ""anger"": 0, ""annoyance"": 0, ""approval"": 0, ""caring"": 0, ""confusion"": 0, ""curiosity"": 0, ""desire"": 0, ""disappointment"": 0, ""disapproval"": 0, ""disgust"": 3, ""embarrassment"": 0, ""excitement"": 0, ""fear"": 0, ""gratitude"": 0, ""grief"": 0, ""joy"": 0, ""love"": 0, ""nervousness"": 0, ""optimism"": 0, ""pride"": 0, ""realization"": 0, ""relief"": 0, ""remorse"": 0, ""sadness"": 0, ""surprise"": 0, ""neutral"": 0}",3,3,1.0,0
139,disapproval,disapproval,ABSTAIN,Wait that... that doesn’t happen,"{""admiration"": 0, ""amusement"": 0, ""anger"": 0, ""annoyance"": 0, ""approval"": 0, ""caring"": 0, ""confusion"": 1, ""curiosity"": 0, ""desire"": 0, ""disappointment"": 1, ""disapproval"": 0, ""disgust"": 0, ""embarrassment"": 0, ""excitement"": 0, ""fear"": 0, ""gratitude"": 0, ""grief"": 0, ""joy"": 0, ""love"": 0, ""nervousness"": 0, ""optimism"": 0, ""pride"": 0, ""realization"": 0, ""relief"": 0, ""remorse"": 0, ""sadness"": 0, ""surprise"": 1, ""neutral"": 0}",0,3,0.0,0
140,neutral,neutral,disgust,"Ah yes, the poison. The worst part of any poisoning. ","{""admiration"": 0, ""amusement"": 0, ""anger"": 0, ""annoyance"": 0, ""approval"": 0, ""caring"": 0, ""confusion"": 0, ""curiosity"": 0, ""desire"": 0, ""disappointment"": 0, ""disapproval"": 0, ""disgust"": 3, ""embarrassment"": 0, ""excitement"": 0, ""fear"": 0, ""gratitude"": 0, ""grief"": 0, ""joy"": 0, ""love"": 0, ""nervousness"": 0, ""optimism"": 0, ""pride"": 0, ""realization"": 0, ""relief"": 0, ""remorse"": 0, ""sadness"": 0, ""surprise"": 0, ""neutral"": 0}",3,3,1.0,0
141,neutral,neutral,disappointment,that offense averaged 20 points a game. the same as this year and look where we are.,"{""admiration"": 0, ""amusement"": 0, ""anger"": 0, ""annoyance"": 0, ""approval"": 0, ""caring"": 0, ""confusion"": 0, ""curiosity"": 0, ""desire"": 0, ""disappointment"": 3, ""disapproval"": 0, ""disgust"": 0, ""embarrassment"": 0, ""excitement"": 0, ""fear"": 0, ""gratitude"": 0, ""grief"": 0, ""joy"": 0, ""love"": 0, ""nervousness"": 0, ""optimism"": 0, ""pride"": 0, ""realization"": 0, ""relief"": 0, ""remorse"": 0, ""sadness"": 0, ""surprise"": 0, ""neutral"": 0}",3,3,1.0,0
142,neutral,neutral,ABSTAIN,"Also, allow athletes to come and train during the year, but grant a blackout period before the Olympics or something,","{""admiration"": 0, ""amusement"": 0, ""anger"": 0, ""annoyance"": 0, ""approval"": 0, ""caring"": 0, ""confusion"": 0, ""curiosity"": 0, ""desire"": 0, ""disappointment"": 1, ""disapproval"": 0, ""disgust"": 1, ""embarrassment"": 0, ""excitement"": 0, ""fear"": 0, ""gratitude"": 0, ""grief"": 0, ""joy"": 0, ""love"": 0, ""nervousness"": 0, ""optimism"": 0, ""pride"": 0, ""realization"": 0, ""relief"": 0, ""remorse"": 0, ""sadness"": 0, ""surprise"": 0, ""neutral"": 1}",0,3,0.0,0
143,disapproval,disapproval,disapproval,You’re wrong. Source: I looked before I commented the first time.,"{""admiration"": 0, ""amusement"": 0, ""anger"": 0, ""annoyance"": 0, ""approval"": 0, ""caring"": 0, ""confusion"": 0, ""curiosity"": 0, ""desire"": 0, ""disappointment"": 0, ""disapproval"": 3, ""disgust"": 0, ""embarrassment"": 0, ""excitement"": 0, ""fear"": 0, ""gratitude"": 0, ""grief"": 0, ""joy"": 0, ""love"": 0, ""nervousness"": 0, ""optimism"": 0, ""pride"": 0, ""realization"": 0, ""relief"": 0, ""remorse"": 0, ""sadness"": 0, ""surprise"": 0, ""neutral"": 0}",3,3,1.0,1
144,annoyance,annoyance,anger,Hey! Your mom sucks.,"{""admiration"": 0, ""amusement"": 0, ""anger"": 3, ""annoyance"": 0, ""approval"": 0, ""caring"": 0, ""confusion"": 0, ""curiosity"": 0, ""desire"": 0, ""disappointment"": 0, ""disapproval"": 0, ""disgust"": 0, ""embarrassment"": 0, ""excitement"": 0, ""fear"": 0, ""gratitude"": 0, ""grief"": 0, ""joy"": 0, ""love"": 0, ""nervousness"": 0, ""optimism"": 0, ""pride"": 0, ""realization"": 0, ""relief"": 0, ""remorse"": 0, ""sadness"": 0, ""surprise"": 0, ""neutral"": 0}",3,3,1.0,0
145,neutral,neutral,disgust,The more unattractive the leader looks now the more attractive the new one will look come 2020,"{""admiration"": 1, ""amusement"": 0, ""anger"": 0, ""annoyance"": 0, ""approval"": 0, ""caring"": 0, ""confusion"": 0, ""curiosity"": 0, ""desire"": 0, ""disappointment"": 0, ""disapproval"": 0, ""disgust"": 2, ""embarrassment"": 0, ""excitement"": 0, ""fear"": 0, ""gratitude"": 0, ""grief"": 0, ""joy"": 0, ""love"": 0, ""nervousness"": 0, ""optimism"": 0, ""pride"": 0, ""realization"": 0, ""relief"": 0, ""remorse"": 0, ""sadness"": 0, ""surprise"": 0, ""neutral"": 0}",2,3,0.6667,0
146,admiration,admiration,disgust,Fucking love [NAME]. [NAME] best couple don't @ me,"{""admiration"": 0, ""amusement"": 0, ""anger"": 0, ""annoyance"": 0, ""approval"": 0, ""caring"": 0, ""confusion"": 0, ""curiosity"": 0, ""desire"": 0, ""disappointment"": 0, ""disapproval"": 0, ""disgust"": 2, ""embarrassment"": 0, ""excitement"": 0, ""fear"": 0, ""gratitude"": 0, ""grief"": 0, ""joy"": 0, ""love"": 1, ""nervousness"": 0, ""optimism"": 0, ""pride"": 0, ""realization"": 0, ""relief"": 0, ""remorse"": 0, ""sadness"": 0, ""surprise"": 0, ""neutral"": 0}",2,3,0.6667,0
147,neutral,neutral,admiration,Also one of my favorite parts of this story.,"{""admiration"": 3, ""amusement"": 0, ""anger"": 0, ""annoyance"": 0, ""approval"": 0, ""caring"": 0, ""confusion"": 0, ""curiosity"": 0, ""desire"": 0, ""disappointment"": 0, ""disapproval"": 0, ""disgust"": 0, ""embarrassment"": 0, ""excitement"": 0, ""fear"": 0, ""gratitude"": 0, ""grief"": 0, ""joy"": 0, ""love"": 0, ""nervousness"": 0, ""optimism"": 0, ""pride"": 0, ""realization"": 0, ""relief"": 0, ""remorse"": 0, ""sadness"": 0, ""surprise"": 0, ""neutral"": 0}",3,3,1.0,0
148,neutral,neutral,disapproval,There are plans to widen Parmer during the next few years.,"{""admiration"": 0, ""amusement"": 0, ""anger"": 0, ""annoyance"": 0, ""approval"": 0, ""caring"": 0, ""confusion"": 0, ""curiosity"": 0, ""desire"": 0, ""disappointment"": 0, ""disapproval"": 2, ""disgust"": 0, ""embarrassment"": 0, ""excitement"": 0, ""fear"": 0, ""gratitude"": 0, ""grief"": 0, ""joy"": 0, ""love"": 0, ""nervousness"": 0, ""optimism"": 0, ""pride"": 0, ""realization"": 0, ""relief"": 0, ""remorse"": 0, ""sadness"": 0, ""surprise"": 0, ""neutral"": 1}",2,3,0.6667,0
149,curiosity,curiosity|neutral,disgust,Imagine what he thinks of TLJ...,"{""admiration"": 0, ""amusement"": 0, ""anger"": 0, ""annoyance"": 0, ""approval"": 0, ""caring"": 0, ""confusion"": 0, ""curiosity"": 0, ""desire"": 0, ""disappointment"": 0, ""disapproval"": 0, ""disgust"": 3, ""embarrassment"": 0, ""excitement"": 0, ""fear"": 0, ""gratitude"": 0, ""grief"": 0, ""joy"": 0, ""love"": 0, ""nervousness"": 0, ""optimism"": 0, ""pride"": 0, ""realization"": 0, ""relief"": 0, ""remorse"": 0, ""sadness"": 0, ""surprise"": 0, ""neutral"": 0}",3,3,1.0,0
150,neutral,neutral,disgust,Hands to the back,"{""admiration"": 0, ""amusement"": 0, ""anger"": 0, ""annoyance"": 0, ""approval"": 0, ""caring"": 0, ""confusion"": 0, ""curiosity"": 0, ""desire"": 0, ""disappointment"": 0, ""disapproval"": 0, ""disgust"": 2, ""embarrassment"": 0, ""excitement"": 0, ""fear"": 0, ""gratitude"": 0, ""grief"": 0, ""joy"": 0, ""love"": 0, ""nervousness"": 0, ""optimism"": 0, ""pride"": 0, ""realization"": 0, ""relief"": 0, ""remorse"": 1, ""sadness"": 0, ""surprise"": 0, ""neutral"": 0}",2,3,0.6667,0
151,disgust,disgust|fear,disappointment,That’s always my worst fear when the idea of leaving during January comes up. I wish you the best of luck in unthawing them!,"{""admiration"": 0, ""amusement"": 0, ""anger"": 0, ""annoyance"": 0, ""approval"": 0, ""caring"": 0, ""confusion"": 0, ""curiosity"": 0, ""desire"": 0, ""disappointment"": 2, ""disapproval"": 0, ""disgust"": 0, ""embarrassment"": 0, ""excitement"": 0, ""fear"": 0, ""gratitude"": 0, ""grief"": 0, ""joy"": 0, ""love"": 0, ""nervousness"": 0, ""optimism"": 0, ""pride"": 0, ""realization"": 0, ""relief"": 0, ""remorse"": 1, ""sadness"": 0, ""surprise"": 0, ""neutral"": 0}",2,3,0.6667,0
152,fear,fear,ABSTAIN,I find that relatable: I too am terrified of myself.,"{""admiration"": 0, ""amusement"": 0, ""anger"": 0, ""annoyance"": 0, ""approval"": 0, ""caring"": 0, ""confusion"": 0, ""curiosity"": 0, ""desire"": 0, ""disappointment"": 0, ""disapproval"": 0, ""disgust"": 1, ""embarrassment"": 0, ""excitement"": 0, ""fear"": 0, ""gratitude"": 0, ""grief"": 1, ""joy"": 0, ""love"": 0, ""nervousness"": 0, ""optimism"": 0, ""pride"": 0, ""realization"": 0, ""relief"": 0, ""remorse"": 1, ""sadness"": 0, ""surprise"": 0, ""neutral"": 0}",0,3,0.0,0
153,desire,desire,disgust,"I wish this was real but for girls, so I don't have to taste the bitter of being rejected because ""You are not my kind"".","{""admiration"": 0, ""amusement"": 0, ""anger"": 0, ""annoyance"": 0, ""approval"": 0, ""caring"": 0, ""confusion"": 0, ""curiosity"": 0, ""desire"": 0, ""disappointment"": 0, ""disapproval"": 0, ""disgust"": 2, ""embarrassment"": 0, ""excitement"": 0, ""fear"": 0, ""gratitude"": 0, ""grief"": 0, ""joy"": 0, ""love"": 0, ""nervousness"": 0, ""optimism"": 0, ""pride"": 0, ""realization"": 0, ""relief"": 0, ""remorse"": 1, ""sadness"": 0, ""surprise"": 0, ""neutral"": 0}",2,3,0.6667,0
154,neutral,neutral,neutral,Some guy that I went to hs with 7 yrs ago but haven't seen him since.,"{""admiration"": 0, ""amusement"": 0, ""anger"": 0, ""annoyance"": 0, ""approval"": 0, ""caring"": 0, ""confusion"": 0, ""curiosity"": 0, ""desire"": 0, ""disappointment"": 0, ""disapproval"": 0, ""disgust"": 0, ""embarrassment"": 0, ""excitement"": 0, ""fear"": 0, ""gratitude"": 0, ""grief"": 0, ""joy"": 0, ""love"": 0, ""nervousness"": 0, ""optimism"": 0, ""pride"": 0, ""realization"": 0, ""relief"": 0, ""remorse"": 0, ""sadness"": 0, ""surprise"": 0, ""neutral"": 3}",3,3,1.0,1
155,neutral,neutral,ABSTAIN,"Since you called me out for saying that I am defending the attacker, then just point out which sentence I wrote led you to that conclusion. ","{""admiration"": 0, ""amusement"": 0, ""anger"": 1, ""annoyance"": 0, ""approval"": 0, ""caring"": 0, ""confusion"": 0, ""curiosity"": 0, ""desire"": 0, ""disappointment"": 0, ""disapproval"": 1, ""disgust"": 1, ""embarrassment"": 0, ""excitement"": 0, ""fear"": 0, ""gratitude"": 0, ""grief"": 0, ""joy"": 0, ""love"": 0, ""nervousness"": 0, ""optimism"": 0, ""pride"": 0, ""realization"": 0, ""relief"": 0, ""remorse"": 0, ""sadness"": 0, ""surprise"": 0, ""neutral"": 0}",0,3,0.0,0
156,approval,approval,admiration,He already has a baby with his girlfriend who’s gorgeous,"{""admiration"": 3, ""amusement"": 0, ""anger"": 0, ""annoyance"": 0, ""approval"": 0, ""caring"": 0, ""confusion"": 0, ""curiosity"": 0, ""desire"": 0, ""disappointment"": 0, ""disapproval"": 0, ""disgust"": 0, ""embarrassment"": 0, ""excitement"": 0, ""fear"": 0, ""gratitude"": 0, ""grief"": 0, ""joy"": 0, ""love"": 0, ""nervousness"": 0, ""optimism"": 0, ""pride"": 0, ""realization"": 0, ""relief"": 0, ""remorse"": 0, ""sadness"": 0, ""surprise"": 0, ""neutral"": 0}",3,3,1.0,0
157,neutral,neutral,disgust,I wanna know about the sky being LCD! You ever hear the one about the [NAME] faking the return of [NAME]?,"{""admiration"": 0, ""amusement"": 0, ""anger"": 0, ""annoyance"": 0, ""approval"": 0, ""caring"": 0, ""confusion"": 0, ""curiosity"": 0, ""desire"": 0, ""disappointment"": 0, ""disapproval"": 0, ""disgust"": 3, ""embarrassment"": 0, ""excitement"": 0, ""fear"": 0, ""gratitude"": 0, ""grief"": 0, ""joy"": 0, ""love"": 0, ""nervousness"": 0, ""optimism"": 0, ""pride"": 0, ""realization"": 0, ""relief"": 0, ""remorse"": 0, ""sadness"": 0, ""surprise"": 0, ""neutral"": 0}",3,3,1.0,0
158,fear,fear,disgust,Because of this bad situation some people are afraid of becoming youtubers because of this,"{""admiration"": 0, ""amusement"": 0, ""anger"": 0, ""annoyance"": 0, ""approval"": 0, ""caring"": 0, ""confusion"": 0, ""curiosity"": 0, ""desire"": 0, ""disappointment"": 0, ""disapproval"": 0, ""disgust"": 2, ""embarrassment"": 0, ""excitement"": 0, ""fear"": 1, ""gratitude"": 0, ""grief"": 0, ""joy"": 0, ""love"": 0, ""nervousness"": 0, ""optimism"": 0, ""pride"": 0, ""realization"": 0, ""relief"": 0, ""remorse"": 0, ""sadness"": 0, ""surprise"": 0, ""neutral"": 0}",2,3,0.6667,0
159,disapproval,disapproval|neutral,disapproval,That doesn’t seem like very responsible presentation of findings.,"{""admiration"": 0, ""amusement"": 0, ""anger"": 0, ""annoyance"": 0, ""approval"": 0, ""caring"": 0, ""confusion"": 0, ""curiosity"": 0, ""desire"": 0, ""disappointment"": 0, ""disapproval"": 3, ""disgust"": 0, ""embarrassment"": 0, ""excitement"": 0, ""fear"": 0, ""gratitude"": 0, ""grief"": 0, ""joy"": 0, ""love"": 0, ""nervousness"": 0, ""optimism"": 0, ""pride"": 0, ""realization"": 0, ""relief"": 0, ""remorse"": 0, ""sadness"": 0, ""surprise"": 0, ""neutral"": 0}",3,3,1.0,1
160,fear,fear,disgust,"Aaaand I'm still here. I don't have a alt account but whoever you reported I""m sure is alive and well. You're terrible.","{""admiration"": 0, ""amusement"": 0, ""anger"": 0, ""annoyance"": 0, ""approval"": 0, ""caring"": 0, ""confusion"": 0, ""curiosity"": 0, ""desire"": 0, ""disappointment"": 0, ""disapproval"": 0, ""disgust"": 3, ""embarrassment"": 0, ""excitement"": 0, ""fear"": 0, ""gratitude"": 0, ""grief"": 0, ""joy"": 0, ""love"": 0, ""nervousness"": 0, ""optimism"": 0, ""pride"": 0, ""realization"": 0, ""relief"": 0, ""remorse"": 0, ""sadness"": 0, ""surprise"": 0, ""neutral"": 0}",3,3,1.0,0
161,annoyance,annoyance,neutral,That doesn't sound right but I don't know enough about stars to dispute it,"{""admiration"": 0, ""amusement"": 0, ""anger"": 0, ""annoyance"": 0, ""approval"": 0, ""caring"": 0, ""confusion"": 0, ""curiosity"": 0, ""desire"": 0, ""disappointment"": 0, ""disapproval"": 0, ""disgust"": 0, ""embarrassment"": 0, ""excitement"": 0, ""fear"": 0, ""gratitude"": 0, ""grief"": 0, ""joy"": 0, ""love"": 0, ""nervousness"": 0, ""optimism"": 0, ""pride"": 0, ""realization"": 0, ""relief"": 0, ""remorse"": 0, ""sadness"": 0, ""surprise"": 0, ""neutral"": 3}",3,3,1.0,0
162,love,love,admiration,I'm loving the possibility of fighting a Chimera in the DLC.,"{""admiration"": 2, ""amusement"": 1, ""anger"": 0, ""annoyance"": 0, ""approval"": 0, ""caring"": 0, ""confusion"": 0, ""curiosity"": 0, ""desire"": 0, ""disappointment"": 0, ""disapproval"": 0, ""disgust"": 0, ""embarrassment"": 0, ""excitement"": 0, ""fear"": 0, ""gratitude"": 0, ""grief"": 0, ""joy"": 0, ""love"": 0, ""nervousness"": 0, ""optimism"": 0, ""pride"": 0, ""realization"": 0, ""relief"": 0, ""remorse"": 0, ""sadness"": 0, ""surprise"": 0, ""neutral"": 0}",2,3,0.6667,0
163,neutral,neutral,ABSTAIN,[NAME]? Y’all [NAME] are weird AF (and I love it).,"{""admiration"": 0, ""amusement"": 1, ""anger"": 0, ""annoyance"": 0, ""approval"": 0, ""caring"": 0, ""confusion"": 0, ""curiosity"": 0, ""desire"": 0, ""disappointment"": 0, ""disapproval"": 0, ""disgust"": 1, ""embarrassment"": 0, ""excitement"": 0, ""fear"": 0, ""gratitude"": 0, ""grief"": 0, ""joy"": 0, ""love"": 1, ""nervousness"": 0, ""optimism"": 0, ""pride"": 0, ""realization"": 0, ""relief"": 0, ""remorse"": 0, ""sadness"": 0, ""surprise"": 0, ""neutral"": 0}",0,3,0.0,0
164,neutral,neutral,admiration,Please enlighten us,"{""admiration"": 3, ""amusement"": 0, ""anger"": 0, ""annoyance"": 0, ""approval"": 0, ""caring"": 0, ""confusion"": 0, ""curiosity"": 0, ""desire"": 0, ""disappointment"": 0, ""disapproval"": 0, ""disgust"": 0, ""embarrassment"": 0, ""excitement"": 0, ""fear"": 0, ""gratitude"": 0, ""grief"": 0, ""joy"": 0, ""love"": 0, ""nervousness"": 0, ""optimism"": 0, ""pride"": 0, ""realization"": 0, ""relief"": 0, ""remorse"": 0, ""sadness"": 0, ""surprise"": 0, ""neutral"": 0}",3,3,1.0,0
165,fear,fear,ABSTAIN,"[NAME] shot has been quite frankly terrible tonight, wayy too strong on most of his looks","{""admiration"": 0, ""amusement"": 0, ""anger"": 0, ""annoyance"": 0, ""approval"": 0, ""caring"": 0, ""confusion"": 0, ""curiosity"": 0, ""desire"": 0, ""disappointment"": 0, ""disapproval"": 1, ""disgust"": 1, ""embarrassment"": 0, ""excitement"": 0, ""fear"": 0, ""gratitude"": 0, ""grief"": 0, ""joy"": 0, ""love"": 0, ""nervousness"": 0, ""optimism"": 0, ""pride"": 0, ""realization"": 0, ""relief"": 0, ""remorse"": 0, ""sadness"": 0, ""surprise"": 0, ""neutral"": 0}",0,3,0.0,0
166,neutral,neutral,disgust,Of course I remember a time when I didn't know what calories were. I was a child.,"{""admiration"": 0, ""amusement"": 0, ""anger"": 0, ""annoyance"": 0, ""approval"": 0, ""caring"": 0, ""confusion"": 0, ""curiosity"": 0, ""desire"": 0, ""disappointment"": 0, ""disapproval"": 0, ""disgust"": 3, ""embarrassment"": 0, ""excitement"": 0, ""fear"": 0, ""gratitude"": 0, ""grief"": 0, ""joy"": 0, ""love"": 0, ""nervousness"": 0, ""optimism"": 0, ""pride"": 0, ""realization"": 0, ""relief"": 0, ""remorse"": 0, ""sadness"": 0, ""surprise"": 0, ""neutral"": 0}",3,3,1.0,0
167,neutral,neutral,disgust,>I mean look at socialist Germany. Look at Night of the Long Knives.,"{""admiration"": 0, ""amusement"": 0, ""anger"": 0, ""annoyance"": 0, ""approval"": 0, ""caring"": 0, ""confusion"": 0, ""curiosity"": 0, ""desire"": 0, ""disappointment"": 0, ""disapproval"": 0, ""disgust"": 3, ""embarrassment"": 0, ""excitement"": 0, ""fear"": 0, ""gratitude"": 0, ""grief"": 0, ""joy"": 0, ""love"": 0, ""nervousness"": 0, ""optimism"": 0, ""pride"": 0, ""realization"": 0, ""relief"": 0, ""remorse"": 0, ""sadness"": 0, ""surprise"": 0, ""neutral"": 0}",3,3,1.0,0
168,admiration,admiration,admiration,that's really good,"{""admiration"": 3, ""amusement"": 0, ""anger"": 0, ""annoyance"": 0, ""approval"": 0, ""caring"": 0, ""confusion"": 0, ""curiosity"": 0, ""desire"": 0, ""disappointment"": 0, ""disapproval"": 0, ""disgust"": 0, ""embarrassment"": 0, ""excitement"": 0, ""fear"": 0, ""gratitude"": 0, ""grief"": 0, ""joy"": 0, ""love"": 0, ""nervousness"": 0, ""optimism"": 0, ""pride"": 0, ""realization"": 0, ""relief"": 0, ""remorse"": 0, ""sadness"": 0, ""surprise"": 0, ""neutral"": 0}",3,3,1.0,1
169,confusion,confusion,neutral,why is this hard to believe it’s totally believable,"{""admiration"": 0, ""amusement"": 0, ""anger"": 0, ""annoyance"": 0, ""approval"": 0, ""caring"": 0, ""confusion"": 0, ""curiosity"": 0, ""desire"": 0, ""disappointment"": 0, ""disapproval"": 0, ""disgust"": 0, ""embarrassment"": 0, ""excitement"": 0, ""fear"": 0, ""gratitude"": 0, ""grief"": 0, ""joy"": 0, ""love"": 0, ""nervousness"": 0, ""optimism"": 0, ""pride"": 0, ""realization"": 0, ""relief"": 0, ""remorse"": 0, ""sadness"": 0, ""surprise"": 1, ""neutral"": 2}",2,3,0.6667,0
170,approval,approval,disapproval,People say 'confidence is attractive' which is definitely true. That doesn't mean that being arrogant or pretending to be confident is attractive.,"{""admiration"": 0, ""amusement"": 0, ""anger"": 0, ""annoyance"": 0, ""approval"": 0, ""caring"": 0, ""confusion"": 0, ""curiosity"": 0, ""desire"": 0, ""disappointment"": 0, ""disapproval"": 3, ""disgust"": 0, ""embarrassment"": 0, ""excitement"": 0, ""fear"": 0, ""gratitude"": 0, ""grief"": 0, ""joy"": 0, ""love"": 0, ""nervousness"": 0, ""optimism"": 0, ""pride"": 0, ""realization"": 0, ""relief"": 0, ""remorse"": 0, ""sadness"": 0, ""surprise"": 0, ""neutral"": 0}",3,3,1.0,0
171,approval,approval,neutral,"That would be okay, I guess.","{""admiration"": 0, ""amusement"": 0, ""anger"": 0, ""annoyance"": 0, ""approval"": 0, ""caring"": 0, ""confusion"": 0, ""curiosity"": 0, ""desire"": 0, ""disappointment"": 0, ""disapproval"": 0, ""disgust"": 0, ""embarrassment"": 0, ""excitement"": 0, ""fear"": 0, ""gratitude"": 0, ""grief"": 0, ""joy"": 0, ""love"": 0, ""nervousness"": 0, ""optimism"": 0, ""pride"": 0, ""realization"": 0, ""relief"": 0, ""remorse"": 0, ""sadness"": 0, ""surprise"": 0, ""neutral"": 3}",3,3,1.0,0
172,gratitude,gratitude,ABSTAIN,Thank you for sharing this. I found my house in 1938. Very fascinating stuff :),"{""admiration"": 1, ""amusement"": 1, ""anger"": 0, ""annoyance"": 0, ""approval"": 0, ""caring"": 0, ""confusion"": 0, ""curiosity"": 0, ""desire"": 0, ""disappointment"": 0, ""disapproval"": 0, ""disgust"": 1, ""embarrassment"": 0, ""excitement"": 0, ""fear"": 0, ""gratitude"": 0, ""grief"": 0, ""joy"": 0, ""love"": 0, ""nervousness"": 0, ""optimism"": 0, ""pride"": 0, ""realization"": 0, ""relief"": 0, ""remorse"": 0, ""sadness"": 0, ""surprise"": 0, ""neutral"": 0}",0,3,0.0,0
173,curiosity,curiosity,neutral,Is that her phone in her back pocket?,"{""admiration"": 0, ""amusement"": 0, ""anger"": 0, ""annoyance"": 0, ""approval"": 0, ""caring"": 0, ""confusion"": 0, ""curiosity"": 0, ""desire"": 0, ""disappointment"": 0, ""disapproval"": 0, ""disgust"": 1, ""embarrassment"": 0, ""excitement"": 0, ""fear"": 0, ""gratitude"": 0, ""grief"": 0, ""joy"": 0, ""love"": 0, ""nervousness"": 0, ""optimism"": 0, ""pride"": 0, ""realization"": 0, ""relief"": 0, ""remorse"": 0, ""sadness"": 0, ""surprise"": 0, ""neutral"": 2}",2,3,0.6667,0
174,disgust,disgust,disgust,That and he’s sneaky dirty,"{""admiration"": 0, ""amusement"": 0, ""anger"": 0, ""annoyance"": 0, ""approval"": 0, ""caring"": 0, ""confusion"": 0, ""curiosity"": 0, ""desire"": 0, ""disappointment"": 0, ""disapproval"": 0, ""disgust"": 3, ""embarrassment"": 0, ""excitement"": 0, ""fear"": 0, ""gratitude"": 0, ""grief"": 0, ""joy"": 0, ""love"": 0, ""nervousness"": 0, ""optimism"": 0, ""pride"": 0, ""realization"": 0, ""relief"": 0, ""remorse"": 0, ""sadness"": 0, ""surprise"": 0, ""neutral"": 0}",3,3,1.0,1
175,neutral,neutral,neutral,Mirror,"{""admiration"": 0, ""amusement"": 0, ""anger"": 0, ""annoyance"": 0, ""approval"": 0, ""caring"": 0, ""confusion"": 0, ""curiosity"": 0, ""desire"": 0, ""disappointment"": 0, ""disapproval"": 0, ""disgust"": 0, ""embarrassment"": 0, ""excitement"": 0, ""fear"": 0, ""gratitude"": 0, ""grief"": 0, ""joy"": 0, ""love"": 0, ""nervousness"": 0, ""optimism"": 0, ""pride"": 0, ""realization"": 0, ""relief"": 0, ""remorse"": 0, ""sadness"": 0, ""surprise"": 0, ""neutral"": 3}",3,3,1.0,1
176,amusement,amusement,disgust,Funny how we get more anxious about our heroes than their victims,"{""admiration"": 0, ""amusement"": 0, ""anger"": 0, ""annoyance"": 0, ""approval"": 0, ""caring"": 0, ""confusion"": 0, ""curiosity"": 0, ""desire"": 0, ""disappointment"": 0, ""disapproval"": 0, ""disgust"": 3, ""embarrassment"": 0, ""excitement"": 0, ""fear"": 0, ""gratitude"": 0, ""grief"": 0, ""joy"": 0, ""love"": 0, ""nervousness"": 0, ""optimism"": 0, ""pride"": 0, ""realization"": 0, ""relief"": 0, ""remorse"": 0, ""sadness"": 0, ""surprise"": 0, ""neutral"": 0}",3,3,1.0,0
177,amusement,amusement,disgust,You are goddam funny sir,"{""admiration"": 0, ""amusement"": 1, ""anger"": 0, ""annoyance"": 0, ""approval"": 0, ""caring"": 0, ""confusion"": 0, ""curiosity"": 0, ""desire"": 0, ""disappointment"": 0, ""disapproval"": 0, ""disgust"": 2, ""embarrassment"": 0, ""excitement"": 0, ""fear"": 0, ""gratitude"": 0, ""grief"": 0, ""joy"": 0, ""love"": 0, ""nervousness"": 0, ""optimism"": 0, ""pride"": 0, ""realization"": 0, ""relief"": 0, ""remorse"": 0, ""sadness"": 0, ""surprise"": 0, ""neutral"": 0}",2,3,0.6667,0
178,amusement,amusement,anger,Haha Orange man bad,"{""admiration"": 0, ""amusement"": 0, ""anger"": 3, ""annoyance"": 0, ""approval"": 0, ""caring"": 0, ""confusion"": 0, ""curiosity"": 0, ""desire"": 0, ""disappointment"": 0, ""disapproval"": 0, ""disgust"": 0, ""embarrassment"": 0, ""excitement"": 0, ""fear"": 0, ""gratitude"": 0, ""grief"": 0, ""joy"": 0, ""love"": 0, ""nervousness"": 0, ""optimism"": 0, ""pride"": 0, ""realization"": 0, ""relief"": 0, ""remorse"": 0, ""sadness"": 0, ""surprise"": 0, ""neutral"": 0}",3,3,1.0,0
179,annoyance,annoyance|neutral,admiration,> Humans are empathetic and do this daily. I have to remind myself of this sometimes.,"{""admiration"": 2, ""amusement"": 0, ""anger"": 0, ""annoyance"": 0, ""approval"": 0, ""caring"": 0, ""confusion"": 0, ""curiosity"": 0, ""desire"": 0, ""disappointment"": 1, ""disapproval"": 0, ""disgust"": 0, ""embarrassment"": 0, ""excitement"": 0, ""fear"": 0, ""gratitude"": 0, ""grief"": 0, ""joy"": 0, ""love"": 0, ""nervousness"": 0, ""optimism"": 0, ""pride"": 0, ""realization"": 0, ""relief"": 0, ""remorse"": 0, ""sadness"": 0, ""surprise"": 0, ""neutral"": 0}",2,3,0.6667,0
180,admiration,admiration|optimism,admiration,It’s beautiful. I think I need to move. 😊,"{""admiration"": 2, ""amusement"": 0, ""anger"": 0, ""annoyance"": 0, ""approval"": 0, ""caring"": 0, ""confusion"": 0, ""curiosity"": 0, ""desire"": 0, ""disappointment"": 0, ""disapproval"": 0, ""disgust"": 0, ""embarrassment"": 0, ""excitement"": 0, ""fear"": 0, ""gratitude"": 0, ""grief"": 0, ""joy"": 1, ""love"": 0, ""nervousness"": 0, ""optimism"": 0, ""pride"": 0, ""realization"": 0, ""relief"": 0, ""remorse"": 0, ""sadness"": 0, ""surprise"": 0, ""neutral"": 0}",2,3,0.6667,1
181,neutral,neutral,neutral,Oh oh oh,"{""admiration"": 0, ""amusement"": 0, ""anger"": 0, ""annoyance"": 0, ""approval"": 0, ""caring"": 0, ""confusion"": 0, ""curiosity"": 0, ""desire"": 0, ""disappointment"": 0, ""disapproval"": 0, ""disgust"": 0, ""embarrassment"": 0, ""excitement"": 0, ""fear"": 0, ""gratitude"": 0, ""grief"": 0, ""joy"": 0, ""love"": 0, ""nervousness"": 0, ""optimism"": 0, ""pride"": 0, ""realization"": 0, ""relief"": 0, ""remorse"": 0, ""sadness"": 0, ""surprise"": 0, ""neutral"": 3}",3,3,1.0,1
182,neutral,neutral,admiration,Am I the only INTP here who cared about deadlines. It's how I got so good at crunch time and working last minute.,"{""admiration"": 2, ""amusement"": 0, ""anger"": 0, ""annoyance"": 0, ""approval"": 0, ""caring"": 0, ""confusion"": 0, ""curiosity"": 0, ""desire"": 0, ""disappointment"": 0, ""disapproval"": 0, ""disgust"": 1, ""embarrassment"": 0, ""excitement"": 0, ""fear"": 0, ""gratitude"": 0, ""grief"": 0, ""joy"": 0, ""love"": 0, ""nervousness"": 0, ""optimism"": 0, ""pride"": 0, ""realization"": 0, ""relief"": 0, ""remorse"": 0, ""sadness"": 0, ""surprise"": 0, ""neutral"": 0}",2,3,0.6667,0
183,neutral,neutral,disappointment,"Lindt is premium brand, im not surprised by this.","{""admiration"": 0, ""amusement"": 0, ""anger"": 0, ""annoyance"": 0, ""approval"": 0, ""caring"": 0, ""confusion"": 0, ""curiosity"": 0, ""desire"": 0, ""disappointment"": 2, ""disapproval"": 0, ""disgust"": 0, ""embarrassment"": 0, ""excitement"": 0, ""fear"": 0, ""gratitude"": 0, ""grief"": 0, ""joy"": 0, ""love"": 0, ""nervousness"": 0, ""optimism"": 0, ""pride"": 0, ""realization"": 0, ""relief"": 0, ""remorse"": 0, ""sadness"": 0, ""surprise"": 0, ""neutral"": 1}",2,3,0.6667,0
184,anger,anger|neutral,disgust,"Dude, its **life** it's not **trauma**. Grow up ","{""admiration"": 0, ""amusement"": 0, ""anger"": 0, ""annoyance"": 0, ""approval"": 0, ""caring"": 0, ""confusion"": 0, ""curiosity"": 0, ""desire"": 0, ""disappointment"": 0, ""disapproval"": 0, ""disgust"": 3, ""embarrassment"": 0, ""excitement"": 0, ""fear"": 0, ""gratitude"": 0, ""grief"": 0, ""joy"": 0, ""love"": 0, ""nervousness"": 0, ""optimism"": 0, ""pride"": 0, ""realization"": 0, ""relief"": 0, ""remorse"": 0, ""sadness"": 0, ""surprise"": 0, ""neutral"": 0}",3,3,1.0,0
185,disapproval,disapproval,disgust,"Oooo I see, I was hoping it wasn't a troll thing, it seemed really tasteless.","{""admiration"": 0, ""amusement"": 0, ""anger"": 0, ""annoyance"": 0, ""approval"": 0, ""caring"": 0, ""confusion"": 0, ""curiosity"": 0, ""desire"": 0, ""disappointment"": 0, ""disapproval"": 1, ""disgust"": 2, ""embarrassment"": 0, ""excitement"": 0, ""fear"": 0, ""gratitude"": 0, ""grief"": 0, ""joy"": 0, ""love"": 0, ""nervousness"": 0, ""optimism"": 0, ""pride"": 0, ""realization"": 0, ""relief"": 0, ""remorse"": 0, ""sadness"": 0, ""surprise"": 0, ""neutral"": 0}",2,3,0.6667,0
186,disapproval,disapproval,ABSTAIN,Couldn’t agree more,"{""admiration"": 1, ""amusement"": 0, ""anger"": 0, ""annoyance"": 0, ""approval"": 1, ""caring"": 0, ""confusion"": 0, ""curiosity"": 0, ""desire"": 0, ""disappointment"": 0, ""disapproval"": 1, ""disgust"": 0, ""embarrassment"": 0, ""excitement"": 0, ""fear"": 0, ""gratitude"": 0, ""grief"": 0, ""joy"": 0, ""love"": 0, ""nervousness"": 0, ""optimism"": 0, ""pride"": 0, ""realization"": 0, ""relief"": 0, ""remorse"": 0, ""sadness"": 0, ""surprise"": 0, ""neutral"": 0}",0,3,0.0,0
187,disappointment,disappointment,disappointment,WHO WON THIS FIGHT My thoughts: neither side did a good job at explaining their positions and this entire interview was mostly useless,"{""admiration"": 0, ""amusement"": 0, ""anger"": 0, ""annoyance"": 0, ""approval"": 0, ""caring"": 0, ""confusion"": 0, ""curiosity"": 0, ""desire"": 0, ""disappointment"": 2, ""disapproval"": 0, ""disgust"": 0, ""embarrassment"": 0, ""excitement"": 0, ""fear"": 0, ""gratitude"": 0, ""grief"": 0, ""joy"": 0, ""love"": 0, ""nervousness"": 0, ""optimism"": 0, ""pride"": 0, ""realization"": 0, ""relief"": 0, ""remorse"": 0, ""sadness"": 0, ""surprise"": 0, ""neutral"": 1}",2,3,0.6667,1
188,neutral,neutral,ABSTAIN,How do you know this?,"{""admiration"": 0, ""amusement"": 0, ""anger"": 0, ""annoyance"": 0, ""approval"": 0, ""caring"": 0, ""confusion"": 1, ""curiosity"": 0, ""desire"": 0, ""disappointment"": 0, ""disapproval"": 0, ""disgust"": 1, ""embarrassment"": 0, ""excitement"": 0, ""fear"": 0, ""gratitude"": 0, ""grief"": 0, ""joy"": 0, ""love"": 0, ""nervousness"": 0, ""optimism"": 0, ""pride"": 0, ""realization"": 0, ""relief"": 0, ""remorse"": 0, ""sadness"": 0, ""surprise"": 0, ""neutral"": 1}",0,3,0.0,0
189,excitement,excitement,ABSTAIN,I'm more interested in why there are goldfish in the picture...,"{""admiration"": 0, ""amusement"": 0, ""anger"": 0, ""annoyance"": 0, ""approval"": 0, ""caring"": 0, ""confusion"": 0, ""curiosity"": 1, ""desire"": 0, ""disappointment"": 0, ""disapproval"": 0, ""disgust"": 1, ""embarrassment"": 0, ""excitement"": 0, ""fear"": 0, ""gratitude"": 0, ""grief"": 0, ""joy"": 0, ""love"": 0, ""nervousness"": 0, ""optimism"": 0, ""pride"": 0, ""realization"": 0, ""relief"": 0, ""remorse"": 0, ""sadness"": 0, ""surprise"": 0, ""neutral"": 1}",0,3,0.0,0
190,disapproval,disapproval,disgust,oh pls no,"{""admiration"": 0, ""amusement"": 0, ""anger"": 0, ""annoyance"": 0, ""approval"": 0, ""caring"": 0, ""confusion"": 0, ""curiosity"": 0, ""desire"": 0, ""disappointment"": 0, ""disapproval"": 0, ""disgust"": 3, ""embarrassment"": 0, ""excitement"": 0, ""fear"": 0, ""gratitude"": 0, ""grief"": 0, ""joy"": 0, ""love"": 0, ""nervousness"": 0, ""optimism"": 0, ""pride"": 0, ""realization"": 0, ""relief"": 0, ""remorse"": 0, ""sadness"": 0, ""surprise"": 0, ""neutral"": 0}",3,3,1.0,0
191,gratitude,gratitude,admiration,"Yes, thank [NAME] the wisest of [NAME] live outside your country","{""admiration"": 2, ""amusement"": 0, ""anger"": 0, ""annoyance"": 0, ""approval"": 0, ""caring"": 0, ""confusion"": 0, ""curiosity"": 0, ""desire"": 0, ""disappointment"": 0, ""disapproval"": 0, ""disgust"": 1, ""embarrassment"": 0, ""excitement"": 0, ""fear"": 0, ""gratitude"": 0, ""grief"": 0, ""joy"": 0, ""love"": 0, ""nervousness"": 0, ""optimism"": 0, ""pride"": 0, ""realization"": 0, ""relief"": 0, ""remorse"": 0, ""sadness"": 0, ""surprise"": 0, ""neutral"": 0}",2,3,0.6667,0
192,approval,approval,disappointment,"Me too, [NAME]. Me too... ","{""admiration"": 0, ""amusement"": 0, ""anger"": 0, ""annoyance"": 0, ""approval"": 0, ""caring"": 0, ""confusion"": 0, ""curiosity"": 0, ""desire"": 0, ""disappointment"": 2, ""disapproval"": 1, ""disgust"": 0, ""embarrassment"": 0, ""excitement"": 0, ""fear"": 0, ""gratitude"": 0, ""grief"": 0, ""joy"": 0, ""love"": 0, ""nervousness"": 0, ""optimism"": 0, ""pride"": 0, ""realization"": 0, ""relief"": 0, ""remorse"": 0, ""sadness"": 0, ""surprise"": 0, ""neutral"": 0}",2,3,0.6667,0
193,confusion,confusion,disgust,Wait a second what? The asshat found the story? Can someone teach me how to use the way back machine so i can read this?,"{""admiration"": 0, ""amusement"": 0, ""anger"": 0, ""annoyance"": 0, ""approval"": 0, ""caring"": 0, ""confusion"": 0, ""curiosity"": 0, ""desire"": 0, ""disappointment"": 0, ""disapproval"": 0, ""disgust"": 3, ""embarrassment"": 0, ""excitement"": 0, ""fear"": 0, ""gratitude"": 0, ""grief"": 0, ""joy"": 0, ""love"": 0, ""nervousness"": 0, ""optimism"": 0, ""pride"": 0, ""realization"": 0, ""relief"": 0, ""remorse"": 0, ""sadness"": 0, ""surprise"": 0, ""neutral"": 0}",3,3,1.0,0
194,gratitude,gratitude,disgust,Thank fucking [NAME].,"{""admiration"": 0, ""amusement"": 0, ""anger"": 0, ""annoyance"": 0, ""approval"": 0, ""caring"": 0, ""confusion"": 0, ""curiosity"": 0, ""desire"": 0, ""disappointment"": 0, ""disapproval"": 0, ""disgust"": 2, ""embarrassment"": 0, ""excitement"": 0, ""fear"": 0, ""gratitude"": 0, ""grief"": 0, ""joy"": 0, ""love"": 0, ""nervousness"": 0, ""optimism"": 0, ""pride"": 0, ""realization"": 0, ""relief"": 0, ""remorse"": 1, ""sadness"": 0, ""surprise"": 0, ""neutral"": 0}",2,3,0.6667,0
195,neutral,neutral,admiration,The Future is BIG!,"{""admiration"": 3, ""amusement"": 0, ""anger"": 0, ""annoyance"": 0, ""approval"": 0, ""caring"": 0, ""confusion"": 0, ""curiosity"": 0, ""desire"": 0, ""disappointment"": 0, ""disapproval"": 0, ""disgust"": 0, ""embarrassment"": 0, ""excitement"": 0, ""fear"": 0, ""gratitude"": 0, ""grief"": 0, ""joy"": 0, ""love"": 0, ""nervousness"": 0, ""optimism"": 0, ""pride"": 0, ""realization"": 0, ""relief"": 0, ""remorse"": 0, ""sadness"": 0, ""surprise"": 0, ""neutral"": 0}",3,3,1.0,0
196,neutral,neutral,relief,Less to keep track of,"{""admiration"": 0, ""amusement"": 0, ""anger"": 0, ""annoyance"": 0, ""approval"": 0, ""caring"": 0, ""confusion"": 0, ""curiosity"": 0, ""desire"": 0, ""disappointment"": 0, ""disapproval"": 0, ""disgust"": 0, ""embarrassment"": 0, ""excitement"": 0, ""fear"": 0, ""gratitude"": 0, ""grief"": 0, ""joy"": 0, ""love"": 0, ""nervousness"": 0, ""optimism"": 0, ""pride"": 0, ""realization"": 0, ""relief"": 2, ""remorse"": 0, ""sadness"": 0, ""surprise"": 0, ""neutral"": 1}",2,3,0.6667,0
197,neutral,neutral,disgust,"I saw in another thread that the kid had previously pranked the barber, and this was his way of getting back at him. ","{""admiration"": 0, ""amusement"": 0, ""anger"": 1, ""annoyance"": 0, ""approval"": 0, ""caring"": 0, ""confusion"": 0, ""curiosity"": 0, ""desire"": 0, ""disappointment"": 0, ""disapproval"": 0, ""disgust"": 2, ""embarrassment"": 0, ""excitement"": 0, ""fear"": 0, ""gratitude"": 0, ""grief"": 0, ""joy"": 0, ""love"": 0, ""nervousness"": 0, ""optimism"": 0, ""pride"": 0, ""realization"": 0, ""relief"": 0, ""remorse"": 0, ""sadness"": 0, ""surprise"": 0, ""neutral"": 0}",2,3,0.6667,0
198,neutral,neutral,admiration,[NAME] a pro,"{""admiration"": 3, ""amusement"": 0, ""anger"": 0, ""annoyance"": 0, ""approval"": 0, ""caring"": 0, ""confusion"": 0, ""curiosity"": 0, ""desire"": 0, ""disappointment"": 0, ""disapproval"": 0, ""disgust"": 0, ""embarrassment"": 0, ""excitement"": 0, ""fear"": 0, ""gratitude"": 0, ""grief"": 0, ""joy"": 0, ""love"": 0, ""nervousness"": 0, ""optimism"": 0, ""pride"": 0, ""realization"": 0, ""relief"": 0, ""remorse"": 0, ""sadness"": 0, ""surprise"": 0, ""neutral"": 0}",3,3,1.0,0
199,caring,caring,disgust,Yea no problem just be aware that when you are trying to aim at someone it can lock onto the wrong target because of the bigger lock on area,"{""admiration"": 0, ""amusement"": 0, ""anger"": 0, ""annoyance"": 0, ""approval"": 0, ""caring"": 0, ""confusion"": 0, ""curiosity"": 0, ""desire"": 0, ""disappointment"": 0, ""disapproval"": 1, ""disgust"": 2, ""embarrassment"": 0, ""excitement"": 0, ""fear"": 0, ""gratitude"": 0, ""grief"": 0, ""joy"": 0, ""love"": 0, ""nervousness"": 0, ""optimism"": 0, ""pride"": 0, ""realization"": 0, ""relief"": 0, ""remorse"": 0, ""sadness"": 0, ""surprise"": 0, ""neutral"": 0}",2,3,0.6667,0
200,disapproval,disapproval,neutral,Yeah that's not nearly as dramatic and aggressive as the ball in the above video.,"{""admiration"": 0, ""amusement"": 0, ""anger"": 0, ""annoyance"": 0, ""approval"": 0, ""caring"": 0, ""confusion"": 0, ""curiosity"": 0, ""desire"": 0, ""disappointment"": 0, ""disapproval"": 0, ""disgust"": 0, ""embarrassment"": 0, ""excitement"": 0, ""fear"": 0, ""gratitude"": 0, ""grief"": 0, ""joy"": 0, ""love"": 0, ""nervousness"": 0, ""optimism"": 0, ""pride"": 0, ""realization"": 0, ""relief"": 0, ""remorse"": 0, ""sadness"": 0, ""surprise"": 0, ""neutral"": 3}",3,3,1.0,0
201,gratitude,gratitude,ABSTAIN,Thanks. I'll be phoning the psych tomorrow (maybe) about med increase since I'm on the lowest anyways.,"{""admiration"": 0, ""amusement"": 0, ""anger"": 0, ""annoyance"": 0, ""approval"": 0, ""caring"": 0, ""confusion"": 0, ""curiosity"": 0, ""desire"": 0, ""disappointment"": 1, ""disapproval"": 0, ""disgust"": 1, ""embarrassment"": 0, ""excitement"": 0, ""fear"": 0, ""gratitude"": 0, ""grief"": 0, ""joy"": 0, ""love"": 0, ""nervousness"": 0, ""optimism"": 0, ""pride"": 0, ""realization"": 0, ""relief"": 0, ""remorse"": 1, ""sadness"": 0, ""surprise"": 0, ""neutral"": 0}",0,3,0.0,0
202,neutral,neutral,ABSTAIN,Or you end up getting innocent Chinese civillians who were just browsing reddit arrested and have their organs contributed to the system.,"{""admiration"": 0, ""amusement"": 0, ""anger"": 0, ""annoyance"": 0, ""approval"": 0, ""caring"": 0, ""confusion"": 0, ""curiosity"": 0, ""desire"": 0, ""disappointment"": 0, ""disapproval"": 0, ""disgust"": 0, ""embarrassment"": 0, ""excitement"": 0, ""fear"": 0, ""gratitude"": 0, ""grief"": 0, ""joy"": 0, ""love"": 0, ""nervousness"": 0, ""optimism"": 0, ""pride"": 0, ""realization"": 0, ""relief"": 0, ""remorse"": 0, ""sadness"": 0, ""surprise"": 0, ""neutral"": 0}",0,3,0.0,0
203,approval,approval,neutral,"It's a good thing that liopleurodon was actually only about six meters long and went extinct 155,000,000 years ago...","{""admiration"": 0, ""amusement"": 0, ""anger"": 0, ""annoyance"": 0, ""approval"": 0, ""caring"": 0, ""confusion"": 0, ""curiosity"": 0, ""desire"": 0, ""disappointment"": 0, ""disapproval"": 0, ""disgust"": 1, ""embarrassment"": 0, ""excitement"": 0, ""fear"": 0, ""gratitude"": 0, ""grief"": 0, ""joy"": 0, ""love"": 0, ""nervousness"": 0, ""optimism"": 0, ""pride"": 0, ""realization"": 0, ""relief"": 0, ""remorse"": 0, ""sadness"": 0, ""surprise"": 0, ""neutral"": 2}",2,3,0.6667,0
204,fear,fear,fear,I’m kind of scared to talk to my manager about it,"{""admiration"": 0, ""amusement"": 0, ""anger"": 0, ""annoyance"": 0, ""approval"": 0, ""caring"": 0, ""confusion"": 0, ""curiosity"": 0, ""desire"": 0, ""disappointment"": 0, ""disapproval"": 0, ""disgust"": 0, ""embarrassment"": 0, ""excitement"": 0, ""fear"": 3, ""gratitude"": 0, ""grief"": 0, ""joy"": 0, ""love"": 0, ""nervousness"": 0, ""optimism"": 0, ""pride"": 0, ""realization"": 0, ""relief"": 0, ""remorse"": 0, ""sadness"": 0, ""surprise"": 0, ""neutral"": 0}",3,3,1.0,1
205,love,love,love,Loving everyone so far. This is going to be a great season.,"{""admiration"": 0, ""amusement"": 0, ""anger"": 0, ""annoyance"": 0, ""approval"": 0, ""caring"": 0, ""confusion"": 0, ""curiosity"": 0, ""desire"": 0, ""disappointment"": 0, ""disapproval"": 0, ""disgust"": 0, ""embarrassment"": 0, ""excitement"": 0, ""fear"": 0, ""gratitude"": 0, ""grief"": 0, ""joy"": 1, ""love"": 2, ""nervousness"": 0, ""optimism"": 0, ""pride"": 0, ""realization"": 0, ""relief"": 0, ""remorse"": 0, ""sadness"": 0, ""surprise"": 0, ""neutral"": 0}",2,3,0.6667,1
206,admiration,admiration,admiration,What a quote. Very perceptive.,"{""admiration"": 3, ""amusement"": 0, ""anger"": 0, ""annoyance"": 0, ""approval"": 0, ""caring"": 0, ""confusion"": 0, ""curiosity"": 0, ""desire"": 0, ""disappointment"": 0, ""disapproval"": 0, ""disgust"": 0, ""embarrassment"": 0, ""excitement"": 0, ""fear"": 0, ""gratitude"": 0, ""grief"": 0, ""joy"": 0, ""love"": 0, ""nervousness"": 0, ""optimism"": 0, ""pride"": 0, ""realization"": 0, ""relief"": 0, ""remorse"": 0, ""sadness"": 0, ""surprise"": 0, ""neutral"": 0}",3,3,1.0,1
207,approval,approval,ABSTAIN,"Damn, [NAME] us just 2 steps behind all the time. It's just a matter of time before he gets some great shots in.","{""admiration"": 0, ""amusement"": 0, ""anger"": 0, ""annoyance"": 0, ""approval"": 0, ""caring"": 0, ""confusion"": 0, ""curiosity"": 0, ""desire"": 0, ""disappointment"": 0, ""disapproval"": 1, ""disgust"": 1, ""embarrassment"": 0, ""excitement"": 0, ""fear"": 0, ""gratitude"": 0, ""grief"": 0, ""joy"": 0, ""love"": 0, ""nervousness"": 0, ""optimism"": 0, ""pride"": 0, ""realization"": 0, ""relief"": 0, ""remorse"": 1, ""sadness"": 0, ""surprise"": 0, ""neutral"": 0}",0,3,0.0,0
208,neutral,neutral,disgust,"Asides from the max number of choices each share, probably being shamed on the internet","{""admiration"": 0, ""amusement"": 0, ""anger"": 0, ""annoyance"": 0, ""approval"": 0, ""caring"": 0, ""confusion"": 0, ""curiosity"": 0, ""desire"": 0, ""disappointment"": 0, ""disapproval"": 0, ""disgust"": 2, ""embarrassment"": 0, ""excitement"": 0, ""fear"": 0, ""gratitude"": 0, ""grief"": 0, ""joy"": 0, ""love"": 0, ""nervousness"": 0, ""optimism"": 0, ""pride"": 0, ""realization"": 0, ""relief"": 0, ""remorse"": 1, ""sadness"": 0, ""surprise"": 0, ""neutral"": 0}",2,3,0.6667,0
209,joy,joy,amusement,I live in Canterbury haha,"{""admiration"": 0, ""amusement"": 3, ""anger"": 0, ""annoyance"": 0, ""approval"": 0, ""caring"": 0, ""confusion"": 0, ""curiosity"": 0, ""desire"": 0, ""disappointment"": 0, ""disapproval"": 0, ""disgust"": 0, ""embarrassment"": 0, ""excitement"": 0, ""fear"": 0, ""gratitude"": 0, ""grief"": 0, ""joy"": 0, ""love"": 0, ""nervousness"": 0, ""optimism"": 0, ""pride"": 0, ""realization"": 0, ""relief"": 0, ""remorse"": 0, ""sadness"": 0, ""surprise"": 0, ""neutral"": 0}",3,3,1.0,0
210,gratitude,gratitude,admiration,Happy birthday!,"{""admiration"": 3, ""amusement"": 0, ""anger"": 0, ""annoyance"": 0, ""approval"": 0, ""caring"": 0, ""confusion"": 0, ""curiosity"": 0, ""desire"": 0, ""disappointment"": 0, ""disapproval"": 0, ""disgust"": 0, ""embarrassment"": 0, ""excitement"": 0, ""fear"": 0, ""gratitude"": 0, ""grief"": 0, ""joy"": 0, ""love"": 0, ""nervousness"": 0, ""optimism"": 0, ""pride"": 0, ""realization"": 0, ""relief"": 0, ""remorse"": 0, ""sadness"": 0, ""surprise"": 0, ""neutral"": 0}",3,3,1.0,0
211,admiration,admiration,admiration,SKAM was great. I literally binged all of S3 as soon as I got home last night.,"{""admiration"": 2, ""amusement"": 1, ""anger"": 0, ""annoyance"": 0, ""approval"": 0, ""caring"": 0, ""confusion"": 0, ""curiosity"": 0, ""desire"": 0, ""disappointment"": 0, ""disapproval"": 0, ""disgust"": 0, ""embarrassment"": 0, ""excitement"": 0, ""fear"": 0, ""gratitude"": 0, ""grief"": 0, ""joy"": 0, ""love"": 0, ""nervousness"": 0, ""optimism"": 0, ""pride"": 0, ""realization"": 0, ""relief"": 0, ""remorse"": 0, ""sadness"": 0, ""surprise"": 0, ""neutral"": 0}",2,3,0.6667,1
212,gratitude,gratitude,gratitude,Thank you for the support!,"{""admiration"": 0, ""amusement"": 0, ""anger"": 0, ""annoyance"": 0, ""approval"": 0, ""caring"": 0, ""confusion"": 0, ""curiosity"": 0, ""desire"": 0, ""disappointment"": 0, ""disapproval"": 0, ""disgust"": 0, ""embarrassment"": 0, ""excitement"": 0, ""fear"": 0, ""gratitude"": 3, ""grief"": 0, ""joy"": 0, ""love"": 0, ""nervousness"": 0, ""optimism"": 0, ""pride"": 0, ""realization"": 0, ""relief"": 0, ""remorse"": 0, ""sadness"": 0, ""surprise"": 0, ""neutral"": 0}",3,3,1.0,1
213,neutral,neutral,disgust,They NEVER guard against that!,"{""admiration"": 0, ""amusement"": 0, ""anger"": 1, ""annoyance"": 0, ""approval"": 0, ""caring"": 0, ""confusion"": 0, ""curiosity"": 0, ""desire"": 0, ""disappointment"": 0, ""disapproval"": 0, ""disgust"": 2, ""embarrassment"": 0, ""excitement"": 0, ""fear"": 0, ""gratitude"": 0, ""grief"": 0, ""joy"": 0, ""love"": 0, ""nervousness"": 0, ""optimism"": 0, ""pride"": 0, ""realization"": 0, ""relief"": 0, ""remorse"": 0, ""sadness"": 0, ""surprise"": 0, ""neutral"": 0}",2,3,0.6667,0
214,admiration,admiration,admiration,One of my favorite moments,"{""admiration"": 3, ""amusement"": 0, ""anger"": 0, ""annoyance"": 0, ""approval"": 0, ""caring"": 0, ""confusion"": 0, ""curiosity"": 0, ""desire"": 0, ""disappointment"": 0, ""disapproval"": 0, ""disgust"": 0, ""embarrassment"": 0, ""excitement"": 0, ""fear"": 0, ""gratitude"": 0, ""grief"": 0, ""joy"": 0, ""love"": 0, ""nervousness"": 0, ""optimism"": 0, ""pride"": 0, ""realization"": 0, ""relief"": 0, ""remorse"": 0, ""sadness"": 0, ""surprise"": 0, ""neutral"": 0}",3,3,1.0,1
215,neutral,neutral,anger,Waiting to see angry “pedos” or whatever they call themselves thinking this is fact and melting down over at t_d,"{""admiration"": 0, ""amusement"": 0, ""anger"": 3, ""annoyance"": 0, ""approval"": 0, ""caring"": 0, ""confusion"": 0, ""curiosity"": 0, ""desire"": 0, ""disappointment"": 0, ""disapproval"": 0, ""disgust"": 0, ""embarrassment"": 0, ""excitement"": 0, ""fear"": 0, ""gratitude"": 0, ""grief"": 0, ""joy"": 0, ""love"": 0, ""nervousness"": 0, ""optimism"": 0, ""pride"": 0, ""realization"": 0, ""relief"": 0, ""remorse"": 0, ""sadness"": 0, ""surprise"": 0, ""neutral"": 0}",3,3,1.0,0
216,approval,approval,ABSTAIN,"It's finally official, we got [NAME] ","{""admiration"": 1, ""amusement"": 0, ""anger"": 0, ""annoyance"": 0, ""approval"": 0, ""caring"": 0, ""confusion"": 0, ""curiosity"": 0, ""desire"": 0, ""disappointment"": 1, ""disapproval"": 0, ""disgust"": 0, ""embarrassment"": 0, ""excitement"": 1, ""fear"": 0, ""gratitude"": 0, ""grief"": 0, ""joy"": 0, ""love"": 0, ""nervousness"": 0, ""optimism"": 0, ""pride"": 0, ""realization"": 0, ""relief"": 0, ""remorse"": 0, ""sadness"": 0, ""surprise"": 0, ""neutral"": 0}",0,3,0.0,0
217,sadness,sadness,disappointment,What a beautiful memory for you to have found. So sorry for your loss ❤️,"{""admiration"": 0, ""amusement"": 0, ""anger"": 0, ""annoyance"": 0, ""approval"": 0, ""caring"": 0, ""confusion"": 0, ""curiosity"": 0, ""desire"": 0, ""disappointment"": 2, ""disapproval"": 0, ""disgust"": 0, ""embarrassment"": 0, ""excitement"": 0, ""fear"": 0, ""gratitude"": 0, ""grief"": 0, ""joy"": 0, ""love"": 0, ""nervousness"": 0, ""optimism"": 0, ""pride"": 0, ""realization"": 0, ""relief"": 0, ""remorse"": 0, ""sadness"": 1, ""surprise"": 0, ""neutral"": 0}",2,3,0.6667,0
218,gratitude,gratitude,neutral,I believe that you can search for providers here. Good luck and good on ya.,"{""admiration"": 0, ""amusement"": 0, ""anger"": 0, ""annoyance"": 0, ""approval"": 0, ""caring"": 0, ""confusion"": 0, ""curiosity"": 0, ""desire"": 0, ""disappointment"": 0, ""disapproval"": 1, ""disgust"": 0, ""embarrassment"": 0, ""excitement"": 0, ""fear"": 0, ""gratitude"": 0, ""grief"": 0, ""joy"": 0, ""love"": 0, ""nervousness"": 0, ""optimism"": 0, ""pride"": 0, ""realization"": 0, ""relief"": 0, ""remorse"": 0, ""sadness"": 0, ""surprise"": 0, ""neutral"": 2}",2,3,0.6667,0
219,desire,desire|neutral,disgust,">overt racism of that level would not be tolerated in America My thoughts also. That's why i needed context, its very VERY odd.","{""admiration"": 0, ""amusement"": 0, ""anger"": 0, ""annoyance"": 0, ""approval"": 0, ""caring"": 0, ""confusion"": 0, ""curiosity"": 0, ""desire"": 0, ""disappointment"": 0, ""disapproval"": 0, ""disgust"": 3, ""embarrassment"": 0, ""excitement"": 0, ""fear"": 0, ""gratitude"": 0, ""grief"": 0, ""joy"": 0, ""love"": 0, ""nervousness"": 0, ""optimism"": 0, ""pride"": 0, ""realization"": 0, ""relief"": 0, ""remorse"": 0, ""sadness"": 0, ""surprise"": 0, ""neutral"": 0}",3,3,1.0,0
220,optimism,optimism,ABSTAIN,"I mean, they did just that in Djibouti I believe, and Sri Lanka before. Hopefully Kenya can avoid the debt trap","{""admiration"": 0, ""amusement"": 0, ""anger"": 0, ""annoyance"": 0, ""approval"": 0, ""caring"": 0, ""confusion"": 0, ""curiosity"": 0, ""desire"": 0, ""disappointment"": 1, ""disapproval"": 1, ""disgust"": 0, ""embarrassment"": 0, ""excitement"": 0, ""fear"": 0, ""gratitude"": 0, ""grief"": 0, ""joy"": 0, ""love"": 0, ""nervousness"": 0, ""optimism"": 0, ""pride"": 0, ""realization"": 0, ""relief"": 0, ""remorse"": 1, ""sadness"": 0, ""surprise"": 0, ""neutral"": 0}",0,3,0.0,0
221,admiration,admiration,disgust,Pretty nice to see CONCACAF signing for the CPL.,"{""admiration"": 1, ""amusement"": 0, ""anger"": 0, ""annoyance"": 0, ""approval"": 0, ""caring"": 0, ""confusion"": 0, ""curiosity"": 0, ""desire"": 0, ""disappointment"": 0, ""disapproval"": 0, ""disgust"": 2, ""embarrassment"": 0, ""excitement"": 0, ""fear"": 0, ""gratitude"": 0, ""grief"": 0, ""joy"": 0, ""love"": 0, ""nervousness"": 0, ""optimism"": 0, ""pride"": 0, ""realization"": 0, ""relief"": 0, ""remorse"": 0, ""sadness"": 0, ""surprise"": 0, ""neutral"": 0}",2,3,0.6667,0
222,disgust,disgust,disgust,[NAME] is always the dirtiest psychopath,"{""admiration"": 0, ""amusement"": 0, ""anger"": 0, ""annoyance"": 0, ""approval"": 0, ""caring"": 0, ""confusion"": 0, ""curiosity"": 0, ""desire"": 0, ""disappointment"": 0, ""disapproval"": 0, ""disgust"": 3, ""embarrassment"": 0, ""excitement"": 0, ""fear"": 0, ""gratitude"": 0, ""grief"": 0, ""joy"": 0, ""love"": 0, ""nervousness"": 0, ""optimism"": 0, ""pride"": 0, ""realization"": 0, ""relief"": 0, ""remorse"": 0, ""sadness"": 0, ""surprise"": 0, ""neutral"": 0}",3,3,1.0,1
223,neutral,neutral,remorse,We mess up on a draft so we just nvr draft anymore?,"{""admiration"": 0, ""amusement"": 0, ""anger"": 0, ""annoyance"": 0, ""approval"": 0, ""caring"": 0, ""confusion"": 0, ""curiosity"": 0, ""desire"": 0, ""disappointment"": 1, ""disapproval"": 0, ""disgust"": 0, ""embarrassment"": 0, ""excitement"": 0, ""fear"": 0, ""gratitude"": 0, ""grief"": 0, ""joy"": 0, ""love"": 0, ""nervousness"": 0, ""optimism"": 0, ""pride"": 0, ""realization"": 0, ""relief"": 0, ""remorse"": 2, ""sadness"": 0, ""surprise"": 0, ""neutral"": 0}",2,3,0.6667,0
224,neutral,neutral,disgust,Kind of strange when one country was nuked and the other wasn't.,"{""admiration"": 0, ""amusement"": 0, ""anger"": 0, ""annoyance"": 0, ""approval"": 0, ""caring"": 0, ""confusion"": 0, ""curiosity"": 0, ""desire"": 0, ""disappointment"": 0, ""disapproval"": 0, ""disgust"": 3, ""embarrassment"": 0, ""excitement"": 0, ""fear"": 0, ""gratitude"": 0, ""grief"": 0, ""joy"": 0, ""love"": 0, ""nervousness"": 0, ""optimism"": 0, ""pride"": 0, ""realization"": 0, ""relief"": 0, ""remorse"": 0, ""sadness"": 0, ""surprise"": 0, ""neutral"": 0}",3,3,1.0,0
225,surprise,surprise,disgust,I was there on the opposite side of the field. I did not believe he made that catch until we saw it later on tv. Unreal.,"{""admiration"": 0, ""amusement"": 0, ""anger"": 0, ""annoyance"": 0, ""approval"": 0, ""caring"": 0, ""confusion"": 0, ""curiosity"": 0, ""desire"": 0, ""disappointment"": 0, ""disapproval"": 0, ""disgust"": 2, ""embarrassment"": 0, ""excitement"": 0, ""fear"": 0, ""gratitude"": 0, ""grief"": 0, ""joy"": 0, ""love"": 0, ""nervousness"": 0, ""optimism"": 0, ""pride"": 0, ""realization"": 0, ""relief"": 0, ""remorse"": 0, ""sadness"": 0, ""surprise"": 1, ""neutral"": 0}",2,3,0.6667,0
226,neutral,neutral,disapproval,">Pay workers more and charge customers less. I mean, they're a publicly traded company","{""admiration"": 0, ""amusement"": 0, ""anger"": 0, ""annoyance"": 0, ""approval"": 0, ""caring"": 0, ""confusion"": 0, ""curiosity"": 0, ""desire"": 0, ""disappointment"": 0, ""disapproval"": 2, ""disgust"": 0, ""embarrassment"": 0, ""excitement"": 0, ""fear"": 0, ""gratitude"": 0, ""grief"": 0, ""joy"": 0, ""love"": 0, ""nervousness"": 0, ""optimism"": 0, ""pride"": 0, ""realization"": 0, ""relief"": 0, ""remorse"": 1, ""sadness"": 0, ""surprise"": 0, ""neutral"": 0}",2,3,0.6667,0
227,caring,caring,amusement,On days like this you can get an extra scoop. Just to make sure you have the finnnnnessst meals ;),"{""admiration"": 0, ""amusement"": 3, ""anger"": 0, ""annoyance"": 0, ""approval"": 0, ""caring"": 0, ""confusion"": 0, ""curiosity"": 0, ""desire"": 0, ""disappointment"": 0, ""disapproval"": 0, ""disgust"": 0, ""embarrassment"": 0, ""excitement"": 0, ""fear"": 0, ""gratitude"": 0, ""grief"": 0, ""joy"": 0, ""love"": 0, ""nervousness"": 0, ""optimism"": 0, ""pride"": 0, ""realization"": 0, ""relief"": 0, ""remorse"": 0, ""sadness"": 0, ""surprise"": 0, ""neutral"": 0}",3,3,1.0,0
228,neutral,neutral,ABSTAIN,I just need a quiet place to hide.,"{""admiration"": 0, ""amusement"": 0, ""anger"": 0, ""annoyance"": 0, ""approval"": 0, ""caring"": 0, ""confusion"": 0, ""curiosity"": 0, ""desire"": 0, ""disappointment"": 1, ""disapproval"": 0, ""disgust"": 0, ""embarrassment"": 0, ""excitement"": 0, ""fear"": 0, ""gratitude"": 0, ""grief"": 0, ""joy"": 0, ""love"": 0, ""nervousness"": 0, ""optimism"": 0, ""pride"": 0, ""realization"": 0, ""relief"": 0, ""remorse"": 1, ""sadness"": 1, ""surprise"": 0, ""neutral"": 0}",0,3,0.0,0
229,desire,desire,sadness,Gah sad high five. I tried once for a few weeks and will never try again. I need that support in my life.,"{""admiration"": 0, ""amusement"": 0, ""anger"": 0, ""annoyance"": 0, ""approval"": 0, ""caring"": 0, ""confusion"": 0, ""curiosity"": 0, ""desire"": 0, ""disappointment"": 0, ""disapproval"": 1, ""disgust"": 0, ""embarrassment"": 0, ""excitement"": 0, ""fear"": 0, ""gratitude"": 0, ""grief"": 0, ""joy"": 0, ""love"": 0, ""nervousness"": 0, ""optimism"": 0, ""pride"": 0, ""realization"": 0, ""relief"": 0, ""remorse"": 0, ""sadness"": 2, ""surprise"": 0, ""neutral"": 0}",2,3,0.6667,0
230,caring,caring,ABSTAIN,Like you said your tired probably mentally and physically. You need a dam break is what it sounds like my friend.,"{""admiration"": 0, ""amusement"": 0, ""anger"": 0, ""annoyance"": 0, ""approval"": 0, ""caring"": 0, ""confusion"": 0, ""curiosity"": 0, ""desire"": 0, ""disappointment"": 1, ""disapproval"": 0, ""disgust"": 1, ""embarrassment"": 0, ""excitement"": 0, ""fear"": 0, ""gratitude"": 0, ""grief"": 0, ""joy"": 0, ""love"": 0, ""nervousness"": 0, ""optimism"": 0, ""pride"": 0, ""realization"": 0, ""relief"": 0, ""remorse"": 1, ""sadness"": 0, ""surprise"": 0, ""neutral"": 0}",0,3,0.0,0
231,gratitude,gratitude,gratitude,Thanks man 🙏🏽,"{""admiration"": 0, ""amusement"": 0, ""anger"": 0, ""annoyance"": 0, ""approval"": 0, ""caring"": 0, ""confusion"": 0, ""curiosity"": 0, ""desire"": 0, ""disappointment"": 0, ""disapproval"": 0, ""disgust"": 0, ""embarrassment"": 0, ""excitement"": 0, ""fear"": 0, ""gratitude"": 2, ""grief"": 0, ""joy"": 0, ""love"": 0, ""nervousness"": 0, ""optimism"": 0, ""pride"": 0, ""realization"": 0, ""relief"": 0, ""remorse"": 1, ""sadness"": 0, ""surprise"": 0, ""neutral"": 0}",2,3,0.6667,1
232,neutral,neutral,disgust,You don’t know how many screens it’s playing on in his room,"{""admiration"": 0, ""amusement"": 0, ""anger"": 0, ""annoyance"": 0, ""approval"": 0, ""caring"": 0, ""confusion"": 0, ""curiosity"": 0, ""desire"": 0, ""disappointment"": 0, ""disapproval"": 0, ""disgust"": 3, ""embarrassment"": 0, ""excitement"": 0, ""fear"": 0, ""gratitude"": 0, ""grief"": 0, ""joy"": 0, ""love"": 0, ""nervousness"": 0, ""optimism"": 0, ""pride"": 0, ""realization"": 0, ""relief"": 0, ""remorse"": 0, ""sadness"": 0, ""surprise"": 0, ""neutral"": 0}",3,3,1.0,0
233,neutral,neutral,disgust,“An eye for an eye” Proceeds to take 2 things away from killers,"{""admiration"": 0, ""amusement"": 0, ""anger"": 0, ""annoyance"": 0, ""approval"": 0, ""caring"": 0, ""confusion"": 0, ""curiosity"": 0, ""desire"": 0, ""disappointment"": 0, ""disapproval"": 0, ""disgust"": 3, ""embarrassment"": 0, ""excitement"": 0, ""fear"": 0, ""gratitude"": 0, ""grief"": 0, ""joy"": 0, ""love"": 0, ""nervousness"": 0, ""optimism"": 0, ""pride"": 0, ""realization"": 0, ""relief"": 0, ""remorse"": 0, ""sadness"": 0, ""surprise"": 0, ""neutral"": 0}",3,3,1.0,0
234,realization,realization,ABSTAIN,Didn't realize I'm so famous!,"{""admiration"": 1, ""amusement"": 1, ""anger"": 0, ""annoyance"": 0, ""approval"": 0, ""caring"": 0, ""confusion"": 0, ""curiosity"": 0, ""desire"": 0, ""disappointment"": 0, ""disapproval"": 0, ""disgust"": 0, ""embarrassment"": 0, ""excitement"": 1, ""fear"": 0, ""gratitude"": 0, ""grief"": 0, ""joy"": 0, ""love"": 0, ""nervousness"": 0, ""optimism"": 0, ""pride"": 0, ""realization"": 0, ""relief"": 0, ""remorse"": 0, ""sadness"": 0, ""surprise"": 0, ""neutral"": 0}",0,3,0.0,0
235,neutral,neutral,disapproval,There are far more bad ones than good ones. Stepparents that treat their stepchildren as their own are noteworthy for a reason.,"{""admiration"": 0, ""amusement"": 0, ""anger"": 0, ""annoyance"": 0, ""approval"": 0, ""caring"": 0, ""confusion"": 0, ""curiosity"": 0, ""desire"": 0, ""disappointment"": 0, ""disapproval"": 3, ""disgust"": 0, ""embarrassment"": 0, ""excitement"": 0, ""fear"": 0, ""gratitude"": 0, ""grief"": 0, ""joy"": 0, ""love"": 0, ""nervousness"": 0, ""optimism"": 0, ""pride"": 0, ""realization"": 0, ""relief"": 0, ""remorse"": 0, ""sadness"": 0, ""surprise"": 0, ""neutral"": 0}",3,3,1.0,0
236,remorse,remorse,disgust,Read his post again. 'It's more fact based than Fox.' I'm sorry but you might have some extra chromosomes.,"{""admiration"": 0, ""amusement"": 0, ""anger"": 0, ""annoyance"": 0, ""approval"": 0, ""caring"": 0, ""confusion"": 0, ""curiosity"": 0, ""desire"": 0, ""disappointment"": 0, ""disapproval"": 0, ""disgust"": 3, ""embarrassment"": 0, ""excitement"": 0, ""fear"": 0, ""gratitude"": 0, ""grief"": 0, ""joy"": 0, ""love"": 0, ""nervousness"": 0, ""optimism"": 0, ""pride"": 0, ""realization"": 0, ""relief"": 0, ""remorse"": 0, ""sadness"": 0, ""surprise"": 0, ""neutral"": 0}",3,3,1.0,0
237,remorse,remorse,disappointment,"Sorry, new at ","{""admiration"": 0, ""amusement"": 0, ""anger"": 0, ""annoyance"": 0, ""approval"": 0, ""caring"": 0, ""confusion"": 0, ""curiosity"": 0, ""desire"": 0, ""disappointment"": 2, ""disapproval"": 0, ""disgust"": 1, ""embarrassment"": 0, ""excitement"": 0, ""fear"": 0, ""gratitude"": 0, ""grief"": 0, ""joy"": 0, ""love"": 0, ""nervousness"": 0, ""optimism"": 0, ""pride"": 0, ""realization"": 0, ""relief"": 0, ""remorse"": 0, ""sadness"": 0, ""surprise"": 0, ""neutral"": 0}",2,3,0.6667,0
238,anger,anger,anger,Yeah that was inexcusable,"{""admiration"": 0, ""amusement"": 0, ""anger"": 3, ""annoyance"": 0, ""approval"": 0, ""caring"": 0, ""confusion"": 0, ""curiosity"": 0, ""desire"": 0, ""disappointment"": 0, ""disapproval"": 0, ""disgust"": 0, ""embarrassment"": 0, ""excitement"": 0, ""fear"": 0, ""gratitude"": 0, ""grief"": 0, ""joy"": 0, ""love"": 0, ""nervousness"": 0, ""optimism"": 0, ""pride"": 0, ""realization"": 0, ""relief"": 0, ""remorse"": 0, ""sadness"": 0, ""surprise"": 0, ""neutral"": 0}",3,3,1.0,1
239,desire,desire,disappointment,"It's my dream to one day have a completely black wardrobe. For now, I'm stuck with the clothes my mom picks out for me.","{""admiration"": 0, ""amusement"": 0, ""anger"": 0, ""annoyance"": 0, ""approval"": 0, ""caring"": 0, ""confusion"": 0, ""curiosity"": 0, ""desire"": 0, ""disappointment"": 2, ""disapproval"": 0, ""disgust"": 0, ""embarrassment"": 0, ""excitement"": 0, ""fear"": 0, ""gratitude"": 0, ""grief"": 0, ""joy"": 0, ""love"": 0, ""nervousness"": 0, ""optimism"": 0, ""pride"": 0, ""realization"": 0, ""relief"": 0, ""remorse"": 1, ""sadness"": 0, ""surprise"": 0, ""neutral"": 0}",2,3,0.6667,0
240,confusion,confusion|curiosity|neutral,disapproval,Would any gathering of the Knights of Ren count? Or would they have to officially organize a thing.,"{""admiration"": 0, ""amusement"": 0, ""anger"": 0, ""annoyance"": 0, ""approval"": 0, ""caring"": 0, ""confusion"": 0, ""curiosity"": 0, ""desire"": 0, ""disappointment"": 0, ""disapproval"": 2, ""disgust"": 0, ""embarrassment"": 0, ""excitement"": 0, ""fear"": 0, ""gratitude"": 0, ""grief"": 0, ""joy"": 0, ""love"": 0, ""nervousness"": 0, ""optimism"": 0, ""pride"": 0, ""realization"": 0, ""relief"": 0, ""remorse"": 0, ""sadness"": 0, ""surprise"": 0, ""neutral"": 1}",2,3,0.6667,0
241,realization,realization,admiration,*Hey just noticed..* it's your **1st Cakeday** Spottedgriffin! ^(hug),"{""admiration"": 3, ""amusement"": 0, ""anger"": 0, ""annoyance"": 0, ""approval"": 0, ""caring"": 0, ""confusion"": 0, ""curiosity"": 0, ""desire"": 0, ""disappointment"": 0, ""disapproval"": 0, ""disgust"": 0, ""embarrassment"": 0, ""excitement"": 0, ""fear"": 0, ""gratitude"": 0, ""grief"": 0, ""joy"": 0, ""love"": 0, ""nervousness"": 0, ""optimism"": 0, ""pride"": 0, ""realization"": 0, ""relief"": 0, ""remorse"": 0, ""sadness"": 0, ""surprise"": 0, ""neutral"": 0}",3,3,1.0,0
242,admiration,admiration,disapproval,This sub doesn’t like the pro sports teams until they win a championship. Then everyone becomes a die hard fan.,"{""admiration"": 0, ""amusement"": 0, ""anger"": 0, ""annoyance"": 0, ""approval"": 0, ""caring"": 0, ""confusion"": 0, ""curiosity"": 0, ""desire"": 0, ""disappointment"": 0, ""disapproval"": 3, ""disgust"": 0, ""embarrassment"": 0, ""excitement"": 0, ""fear"": 0, ""gratitude"": 0, ""grief"": 0, ""joy"": 0, ""love"": 0, ""nervousness"": 0, ""optimism"": 0, ""pride"": 0, ""realization"": 0, ""relief"": 0, ""remorse"": 0, ""sadness"": 0, ""surprise"": 0, ""neutral"": 0}",3,3,1.0,0
243,neutral,neutral,ABSTAIN,Folks are complaining about the new buses.,"{""admiration"": 0, ""amusement"": 0, ""anger"": 0, ""annoyance"": 0, ""approval"": 0, ""caring"": 0, ""confusion"": 0, ""curiosity"": 0, ""desire"": 0, ""disappointment"": 0, ""disapproval"": 1, ""disgust"": 1, ""embarrassment"": 0, ""excitement"": 0, ""fear"": 0, ""gratitude"": 0, ""grief"": 0, ""joy"": 0, ""love"": 0, ""nervousness"": 0, ""optimism"": 0, ""pride"": 0, ""realization"": 0, ""relief"": 0, ""remorse"": 0, ""sadness"": 0, ""surprise"": 0, ""neutral"": 0}",0,3,0.0,0
244,annoyance,annoyance,disgust,"I got sucked right back into the vicious cycle of love-bombing, gas-lighting and degradation.","{""admiration"": 0, ""amusement"": 0, ""anger"": 0, ""annoyance"": 0, ""approval"": 0, ""caring"": 0, ""confusion"": 0, ""curiosity"": 0, ""desire"": 0, ""disappointment"": 0, ""disapproval"": 0, ""disgust"": 3, ""embarrassment"": 0, ""excitement"": 0, ""fear"": 0, ""gratitude"": 0, ""grief"": 0, ""joy"": 0, ""love"": 0, ""nervousness"": 0, ""optimism"": 0, ""pride"": 0, ""realization"": 0, ""relief"": 0, ""remorse"": 0, ""sadness"": 0, ""surprise"": 0, ""neutral"": 0}",3,3,1.0,0
245,caring,caring|love,admiration,"Dive into that sweet sweet goodness, buddy. View the meetup the woman being lucky to be around you, and it gets much easier.","{""admiration"": 2, ""amusement"": 0, ""anger"": 0, ""annoyance"": 0, ""approval"": 0, ""caring"": 0, ""confusion"": 0, ""curiosity"": 0, ""desire"": 0, ""disappointment"": 0, ""disapproval"": 0, ""disgust"": 0, ""embarrassment"": 0, ""excitement"": 0, ""fear"": 0, ""gratitude"": 0, ""grief"": 0, ""joy"": 0, ""love"": 1, ""nervousness"": 0, ""optimism"": 0, ""pride"": 0, ""realization"": 0, ""relief"": 0, ""remorse"": 0, ""sadness"": 0, ""surprise"": 0, ""neutral"": 0}",2,3,0.6667,0
246,realization,realization,ABSTAIN,"Oh, I realized that moments after rolling down my window, when his hand came through the space. ","{""admiration"": 0, ""amusement"": 0, ""anger"": 0, ""annoyance"": 0, ""approval"": 0, ""caring"": 0, ""confusion"": 0, ""curiosity"": 0, ""desire"": 0, ""disappointment"": 0, ""disapproval"": 0, ""disgust"": 0, ""embarrassment"": 0, ""excitement"": 0, ""fear"": 0, ""gratitude"": 0, ""grief"": 0, ""joy"": 0, ""love"": 0, ""nervousness"": 0, ""optimism"": 0, ""pride"": 0, ""realization"": 1, ""relief"": 0, ""remorse"": 1, ""sadness"": 0, ""surprise"": 1, ""neutral"": 0}",0,3,0.0,0
247,admiration,admiration,neutral,It’s a nice basket.,"{""admiration"": 0, ""amusement"": 0, ""anger"": 0, ""annoyance"": 0, ""approval"": 0, ""caring"": 0, ""confusion"": 0, ""curiosity"": 0, ""desire"": 0, ""disappointment"": 0, ""disapproval"": 0, ""disgust"": 0, ""embarrassment"": 0, ""excitement"": 0, ""fear"": 0, ""gratitude"": 0, ""grief"": 0, ""joy"": 0, ""love"": 0, ""nervousness"": 0, ""optimism"": 0, ""pride"": 0, ""realization"": 0, ""relief"": 0, ""remorse"": 0, ""sadness"": 0, ""surprise"": 0, ""neutral"": 3}",3,3,1.0,0
248,approval,approval,disapproval,I agree that you need more time in the later turns. But most games it feels like people wait until it is their turn to start thinking.,"{""admiration"": 0, ""amusement"": 0, ""anger"": 0, ""annoyance"": 0, ""approval"": 0, ""caring"": 0, ""confusion"": 0, ""curiosity"": 0, ""desire"": 0, ""disappointment"": 0, ""disapproval"": 3, ""disgust"": 0, ""embarrassment"": 0, ""excitement"": 0, ""fear"": 0, ""gratitude"": 0, ""grief"": 0, ""joy"": 0, ""love"": 0, ""nervousness"": 0, ""optimism"": 0, ""pride"": 0, ""realization"": 0, ""relief"": 0, ""remorse"": 0, ""sadness"": 0, ""surprise"": 0, ""neutral"": 0}",3,3,1.0,0
249,caring,caring|optimism,disgust,Rule 2 of firearms: Never point the muzzle at something unless you’re ready to poke tiny holes in it.,"{""admiration"": 0, ""amusement"": 0, ""anger"": 0, ""annoyance"": 0, ""approval"": 0, ""caring"": 0, ""confusion"": 0, ""curiosity"": 0, ""desire"": 0, ""disappointment"": 0, ""disapproval"": 0, ""disgust"": 3, ""embarrassment"": 0, ""excitement"": 0, ""fear"": 0, ""gratitude"": 0, ""grief"": 0, ""joy"": 0, ""love"": 0, ""nervousness"": 0, ""optimism"": 0, ""pride"": 0, ""realization"": 0, ""relief"": 0, ""remorse"": 0, ""sadness"": 0, ""surprise"": 0, ""neutral"": 0}",3,3,1.0,0
250,neutral,neutral,neutral,TIL I learned there are no drugs or violent incidents in prisons.,"{""admiration"": 0, ""amusement"": 0, ""anger"": 0, ""annoyance"": 0, ""approval"": 0, ""caring"": 0, ""confusion"": 0, ""curiosity"": 0, ""desire"": 0, ""disappointment"": 0, ""disapproval"": 0, ""disgust"": 0, ""embarrassment"": 0, ""excitement"": 0, ""fear"": 0, ""gratitude"": 0, ""grief"": 0, ""joy"": 0, ""love"": 0, ""nervousness"": 0, ""optimism"": 0, ""pride"": 0, ""realization"": 0, ""relief"": 0, ""remorse"": 0, ""sadness"": 0, ""surprise"": 0, ""neutral"": 3}",3,3,1.0,1
251,approval,approval,disgust,"Personally, I prefer my seafood not tainted by oil spills. But you do you!","{""admiration"": 0, ""amusement"": 0, ""anger"": 0, ""annoyance"": 0, ""approval"": 0, ""caring"": 0, ""confusion"": 0, ""curiosity"": 0, ""desire"": 0, ""disappointment"": 0, ""disapproval"": 0, ""disgust"": 3, ""embarrassment"": 0, ""excitement"": 0, ""fear"": 0, ""gratitude"": 0, ""grief"": 0, ""joy"": 0, ""love"": 0, ""nervousness"": 0, ""optimism"": 0, ""pride"": 0, ""realization"": 0, ""relief"": 0, ""remorse"": 0, ""sadness"": 0, ""surprise"": 0, ""neutral"": 0}",3,3,1.0,0
252,disappointment,disappointment|gratitude,ABSTAIN,"Ahh well too bad, thanks for sharing. ","{""admiration"": 0, ""amusement"": 0, ""anger"": 0, ""annoyance"": 0, ""approval"": 0, ""caring"": 0, ""confusion"": 0, ""curiosity"": 0, ""desire"": 0, ""disappointment"": 1, ""disapproval"": 1, ""disgust"": 0, ""embarrassment"": 0, ""excitement"": 0, ""fear"": 0, ""gratitude"": 0, ""grief"": 0, ""joy"": 0, ""love"": 0, ""nervousness"": 0, ""optimism"": 0, ""pride"": 0, ""realization"": 0, ""relief"": 0, ""remorse"": 0, ""sadness"": 0, ""surprise"": 0, ""neutral"": 1}",0,3,0.0,0
253,anger,anger,disgust,I do this but but feel better in the end because I use it for procrastination. It's a weird combinational to feel better and worse while cleaning.,"{""admiration"": 0, ""amusement"": 0, ""anger"": 0, ""annoyance"": 0, ""approval"": 0, ""caring"": 0, ""confusion"": 0, ""curiosity"": 0, ""desire"": 0, ""disappointment"": 1, ""disapproval"": 0, ""disgust"": 2, ""embarrassment"": 0, ""excitement"": 0, ""fear"": 0, ""gratitude"": 0, ""grief"": 0, ""joy"": 0, ""love"": 0, ""nervousness"": 0, ""optimism"": 0, ""pride"": 0, ""realization"": 0, ""relief"": 0, ""remorse"": 0, ""sadness"": 0, ""surprise"": 0, ""neutral"": 0}",2,3,0.6667,0
254,caring,caring,love,Stay strong friend.,"{""admiration"": 1, ""amusement"": 0, ""anger"": 0, ""annoyance"": 0, ""approval"": 0, ""caring"": 0, ""confusion"": 0, ""curiosity"": 0, ""desire"": 0, ""disappointment"": 0, ""disapproval"": 0, ""disgust"": 0, ""embarrassment"": 0, ""excitement"": 0, ""fear"": 0, ""gratitude"": 0, ""grief"": 0, ""joy"": 0, ""love"": 2, ""nervousness"": 0, ""optimism"": 0, ""pride"": 0, ""realization"": 0, ""relief"": 0, ""remorse"": 0, ""sadness"": 0, ""surprise"": 0, ""neutral"": 0}",2,3,0.6667,0
255,admiration,admiration,admiration,I’d love an ג׳‬וליאן if you have time! Good job keep up the hard work,"{""admiration"": 3, ""amusement"": 0, ""anger"": 0, ""annoyance"": 0, ""approval"": 0, ""caring"": 0, ""confusion"": 0, ""curiosity"": 0, ""desire"": 0, ""disappointment"": 0, ""disapproval"": 0, ""disgust"": 0, ""embarrassment"": 0, ""excitement"": 0, ""fear"": 0, ""gratitude"": 0, ""grief"": 0, ""joy"": 0, ""love"": 0, ""nervousness"": 0, ""optimism"": 0, ""pride"": 0, ""realization"": 0, ""relief"": 0, ""remorse"": 0, ""sadness"": 0, ""surprise"": 0, ""neutral"": 0}",3,3,1.0,1
256,amusement,amusement,amusement,lol classic [NAME],"{""admiration"": 0, ""amusement"": 3, ""anger"": 0, ""annoyance"": 0, ""approval"": 0, ""caring"": 0, ""confusion"": 0, ""curiosity"": 0, ""desire"": 0, ""disappointment"": 0, ""disapproval"": 0, ""disgust"": 0, ""embarrassment"": 0, ""excitement"": 0, ""fear"": 0, ""gratitude"": 0, ""grief"": 0, ""joy"": 0, ""love"": 0, ""nervousness"": 0, ""optimism"": 0, ""pride"": 0, ""realization"": 0, ""relief"": 0, ""remorse"": 0, ""sadness"": 0, ""surprise"": 0, ""neutral"": 0}",3,3,1.0,1
257,neutral,neutral,disgust,"I never disappoint, just ask your mother. ;)","{""admiration"": 0, ""amusement"": 0, ""anger"": 0, ""annoyance"": 0, ""approval"": 0, ""caring"": 0, ""confusion"": 0, ""curiosity"": 0, ""desire"": 0, ""disappointment"": 0, ""disapproval"": 1, ""disgust"": 2, ""embarrassment"": 0, ""excitement"": 0, ""fear"": 0, ""gratitude"": 0, ""grief"": 0, ""joy"": 0, ""love"": 0, ""nervousness"": 0, ""optimism"": 0, ""pride"": 0, ""realization"": 0, ""relief"": 0, ""remorse"": 0, ""sadness"": 0, ""surprise"": 0, ""neutral"": 0}",2,3,0.6667,0
258,curiosity,curiosity|neutral,disgust,"She likes sending nudes? I mean, just go with the flow and see what happens. ","{""admiration"": 0, ""amusement"": 0, ""anger"": 0, ""annoyance"": 0, ""approval"": 0, ""caring"": 0, ""confusion"": 0, ""curiosity"": 0, ""desire"": 0, ""disappointment"": 0, ""disapproval"": 0, ""disgust"": 3, ""embarrassment"": 0, ""excitement"": 0, ""fear"": 0, ""gratitude"": 0, ""grief"": 0, ""joy"": 0, ""love"": 0, ""nervousness"": 0, ""optimism"": 0, ""pride"": 0, ""realization"": 0, ""relief"": 0, ""remorse"": 0, ""sadness"": 0, ""surprise"": 0, ""neutral"": 0}",3,3,1.0,0
259,amusement,amusement,amusement,LOL how he not amused?! They dont like the truth haha,"{""admiration"": 0, ""amusement"": 3, ""anger"": 0, ""annoyance"": 0, ""approval"": 0, ""caring"": 0, ""confusion"": 0, ""curiosity"": 0, ""desire"": 0, ""disappointment"": 0, ""disapproval"": 0, ""disgust"": 0, ""embarrassment"": 0, ""excitement"": 0, ""fear"": 0, ""gratitude"": 0, ""grief"": 0, ""joy"": 0, ""love"": 0, ""nervousness"": 0, ""optimism"": 0, ""pride"": 0, ""realization"": 0, ""relief"": 0, ""remorse"": 0, ""sadness"": 0, ""surprise"": 0, ""neutral"": 0}",3,3,1.0,1
260,gratitude,gratitude,neutral,"Was she? Oh, never been good at picking up on stuff like that. Thanks for letting me know!","{""admiration"": 0, ""amusement"": 0, ""anger"": 0, ""annoyance"": 0, ""approval"": 0, ""caring"": 0, ""confusion"": 0, ""curiosity"": 0, ""desire"": 0, ""disappointment"": 0, ""disapproval"": 0, ""disgust"": 1, ""embarrassment"": 0, ""excitement"": 0, ""fear"": 0, ""gratitude"": 0, ""grief"": 0, ""joy"": 0, ""love"": 0, ""nervousness"": 0, ""optimism"": 0, ""pride"": 0, ""realization"": 0, ""relief"": 0, ""remorse"": 0, ""sadness"": 0, ""surprise"": 0, ""neutral"": 2}",2,3,0.6667,0
261,amusement,amusement,ABSTAIN,Haha i have 2 chinchillas from a manic episode about 8 years ago. They're sweet little things.,"{""admiration"": 1, ""amusement"": 1, ""anger"": 0, ""annoyance"": 0, ""approval"": 0, ""caring"": 0, ""confusion"": 0, ""curiosity"": 0, ""desire"": 0, ""disappointment"": 1, ""disapproval"": 0, ""disgust"": 0, ""embarrassment"": 0, ""excitement"": 0, ""fear"": 0, ""gratitude"": 0, ""grief"": 0, ""joy"": 0, ""love"": 0, ""nervousness"": 0, ""optimism"": 0, ""pride"": 0, ""realization"": 0, ""relief"": 0, ""remorse"": 0, ""sadness"": 0, ""surprise"": 0, ""neutral"": 0}",0,3,0.0,0
262,gratitude,gratitude,approval,Thank you. ❤️ I really appreciate your comment,"{""admiration"": 0, ""amusement"": 0, ""anger"": 0, ""annoyance"": 0, ""approval"": 2, ""caring"": 0, ""confusion"": 0, ""curiosity"": 0, ""desire"": 0, ""disappointment"": 0, ""disapproval"": 0, ""disgust"": 1, ""embarrassment"": 0, ""excitement"": 0, ""fear"": 0, ""gratitude"": 0, ""grief"": 0, ""joy"": 0, ""love"": 0, ""nervousness"": 0, ""optimism"": 0, ""pride"": 0, ""realization"": 0, ""relief"": 0, ""remorse"": 0, ""sadness"": 0, ""surprise"": 0, ""neutral"": 0}",2,3,0.6667,0
263,neutral,neutral,neutral,Are you an [NAME] or [NAME]?,"{""admiration"": 0, ""amusement"": 0, ""anger"": 0, ""annoyance"": 0, ""approval"": 0, ""caring"": 0, ""confusion"": 0, ""curiosity"": 0, ""desire"": 0, ""disappointment"": 0, ""disapproval"": 0, ""disgust"": 0, ""embarrassment"": 0, ""excitement"": 0, ""fear"": 0, ""gratitude"": 0, ""grief"": 0, ""joy"": 0, ""love"": 0, ""nervousness"": 0, ""optimism"": 0, ""pride"": 0, ""realization"": 0, ""relief"": 0, ""remorse"": 0, ""sadness"": 0, ""surprise"": 0, ""neutral"": 3}",3,3,1.0,1
264,neutral,neutral,disgust,Actually the Bills’ current uniforms make them look like the 1980-1999 Giants,"{""admiration"": 0, ""amusement"": 0, ""anger"": 0, ""annoyance"": 0, ""approval"": 0, ""caring"": 0, ""confusion"": 0, ""curiosity"": 0, ""desire"": 0, ""disappointment"": 0, ""disapproval"": 0, ""disgust"": 2, ""embarrassment"": 0, ""excitement"": 0, ""fear"": 0, ""gratitude"": 0, ""grief"": 0, ""joy"": 0, ""love"": 0, ""nervousness"": 0, ""optimism"": 0, ""pride"": 0, ""realization"": 0, ""relief"": 0, ""remorse"": 0, ""sadness"": 0, ""surprise"": 0, ""neutral"": 0}",2,3,0.6667,0
265,joy,joy,amusement,"😂 i need one too i’m on break and honestly my life revolves around reddit at this point, cake day is special enjoy it! ","{""admiration"": 0, ""amusement"": 3, ""anger"": 0, ""annoyance"": 0, ""approval"": 0, ""caring"": 0, ""confusion"": 0, ""curiosity"": 0, ""desire"": 0, ""disappointment"": 0, ""disapproval"": 0, ""disgust"": 0, ""embarrassment"": 0, ""excitement"": 0, ""fear"": 0, ""gratitude"": 0, ""grief"": 0, ""joy"": 0, ""love"": 0, ""nervousness"": 0, ""optimism"": 0, ""pride"": 0, ""realization"": 0, ""relief"": 0, ""remorse"": 0, ""sadness"": 0, ""surprise"": 0, ""neutral"": 0}",3,3,1.0,0
266,optimism,optimism,disapproval,"There’s no evidence that 12-step programs work any better than no program, so you’re not missing anything if you quit. Good luck.","{""admiration"": 0, ""amusement"": 0, ""anger"": 0, ""annoyance"": 0, ""approval"": 0, ""caring"": 0, ""confusion"": 0, ""curiosity"": 0, ""desire"": 0, ""disappointment"": 0, ""disapproval"": 3, ""disgust"": 0, ""embarrassment"": 0, ""excitement"": 0, ""fear"": 0, ""gratitude"": 0, ""grief"": 0, ""joy"": 0, ""love"": 0, ""nervousness"": 0, ""optimism"": 0, ""pride"": 0, ""realization"": 0, ""relief"": 0, ""remorse"": 0, ""sadness"": 0, ""surprise"": 0, ""neutral"": 0}",3,3,1.0,0
267,neutral,neutral,amusement,We tell our girl friends too when we get asked out :),"{""admiration"": 0, ""amusement"": 3, ""anger"": 0, ""annoyance"": 0, ""approval"": 0, ""caring"": 0, ""confusion"": 0, ""curiosity"": 0, ""desire"": 0, ""disappointment"": 0, ""disapproval"": 0, ""disgust"": 0, ""embarrassment"": 0, ""excitement"": 0, ""fear"": 0, ""gratitude"": 0, ""grief"": 0, ""joy"": 0, ""love"": 0, ""nervousness"": 0, ""optimism"": 0, ""pride"": 0, ""realization"": 0, ""relief"": 0, ""remorse"": 0, ""sadness"": 0, ""surprise"": 0, ""neutral"": 0}",3,3,1.0,0
268,anger,anger,disgust,What the fuck is this about?,"{""admiration"": 0, ""amusement"": 0, ""anger"": 0, ""annoyance"": 0, ""approval"": 0, ""caring"": 0, ""confusion"": 0, ""curiosity"": 0, ""desire"": 0, ""disappointment"": 0, ""disapproval"": 0, ""disgust"": 3, ""embarrassment"": 0, ""excitement"": 0, ""fear"": 0, ""gratitude"": 0, ""grief"": 0, ""joy"": 0, ""love"": 0, ""nervousness"": 0, ""optimism"": 0, ""pride"": 0, ""realization"": 0, ""relief"": 0, ""remorse"": 0, ""sadness"": 0, ""surprise"": 0, ""neutral"": 0}",3,3,1.0,0
269,annoyance,annoyance,disgust,"Apparently, you'd want an Alberta with a censor on what we read. Bully for you.","{""admiration"": 0, ""amusement"": 0, ""anger"": 0, ""annoyance"": 0, ""approval"": 0, ""caring"": 0, ""confusion"": 0, ""curiosity"": 0, ""desire"": 0, ""disappointment"": 0, ""disapproval"": 0, ""disgust"": 3, ""embarrassment"": 0, ""excitement"": 0, ""fear"": 0, ""gratitude"": 0, ""grief"": 0, ""joy"": 0, ""love"": 0, ""nervousness"": 0, ""optimism"": 0, ""pride"": 0, ""realization"": 0, ""relief"": 0, ""remorse"": 0, ""sadness"": 0, ""surprise"": 0, ""neutral"": 0}",3,3,1.0,0
270,disapproval,disapproval,disappointment,Doesn't mean we can't improve on what we have,"{""admiration"": 0, ""amusement"": 0, ""anger"": 0, ""annoyance"": 0, ""approval"": 0, ""caring"": 0, ""confusion"": 0, ""curiosity"": 0, ""desire"": 0, ""disappointment"": 2, ""disapproval"": 0, ""disgust"": 0, ""embarrassment"": 0, ""excitement"": 0, ""fear"": 0, ""gratitude"": 0, ""grief"": 0, ""joy"": 0, ""love"": 0, ""nervousness"": 0, ""optimism"": 0, ""pride"": 0, ""realization"": 0, ""relief"": 0, ""remorse"": 1, ""sadness"": 0, ""surprise"": 0, ""neutral"": 0}",2,3,0.6667,0
271,neutral,neutral,disgust,Yeah that does not mean anything It’s a wallet that they have been using with another exchange and they use it to send money to you.,"{""admiration"": 0, ""amusement"": 0, ""anger"": 0, ""annoyance"": 0, ""approval"": 0, ""caring"": 0, ""confusion"": 0, ""curiosity"": 0, ""desire"": 0, ""disappointment"": 1, ""disapproval"": 0, ""disgust"": 2, ""embarrassment"": 0, ""excitement"": 0, ""fear"": 0, ""gratitude"": 0, ""grief"": 0, ""joy"": 0, ""love"": 0, ""nervousness"": 0, ""optimism"": 0, ""pride"": 0, ""realization"": 0, ""relief"": 0, ""remorse"": 0, ""sadness"": 0, ""surprise"": 0, ""neutral"": 0}",2,3,0.6667,0
272,neutral,neutral,disgust,That looks like food for a 12 year old.,"{""admiration"": 0, ""amusement"": 0, ""anger"": 0, ""annoyance"": 0, ""approval"": 0, ""caring"": 0, ""confusion"": 0, ""curiosity"": 0, ""desire"": 0, ""disappointment"": 0, ""disapproval"": 0, ""disgust"": 3, ""embarrassment"": 0, ""excitement"": 0, ""fear"": 0, ""gratitude"": 0, ""grief"": 0, ""joy"": 0, ""love"": 0, ""nervousness"": 0, ""optimism"": 0, ""pride"": 0, ""realization"": 0, ""relief"": 0, ""remorse"": 0, ""sadness"": 0, ""surprise"": 0, ""neutral"": 0}",3,3,1.0,0
273,confusion,confusion,neutral,Does windows xp count as odd or even?,"{""admiration"": 0, ""amusement"": 0, ""anger"": 0, ""annoyance"": 0, ""approval"": 0, ""caring"": 0, ""confusion"": 0, ""curiosity"": 0, ""desire"": 0, ""disappointment"": 0, ""disapproval"": 0, ""disgust"": 0, ""embarrassment"": 0, ""excitement"": 0, ""fear"": 0, ""gratitude"": 0, ""grief"": 0, ""joy"": 0, ""love"": 0, ""nervousness"": 0, ""optimism"": 0, ""pride"": 0, ""realization"": 0, ""relief"": 0, ""remorse"": 0, ""sadness"": 0, ""surprise"": 0, ""neutral"": 3}",3,3,1.0,0
274,realization,realization|neutral,disgust,"You probably just have a fashion preference, if you arn't dysphoric about it then you don't have another gender really. ","{""admiration"": 0, ""amusement"": 0, ""anger"": 0, ""annoyance"": 0, ""approval"": 0, ""caring"": 0, ""confusion"": 0, ""curiosity"": 0, ""desire"": 0, ""disappointment"": 0, ""disapproval"": 0, ""disgust"": 3, ""embarrassment"": 0, ""excitement"": 0, ""fear"": 0, ""gratitude"": 0, ""grief"": 0, ""joy"": 0, ""love"": 0, ""nervousness"": 0, ""optimism"": 0, ""pride"": 0, ""realization"": 0, ""relief"": 0, ""remorse"": 0, ""sadness"": 0, ""surprise"": 0, ""neutral"": 0}",3,3,1.0,0
275,disapproval,disapproval,disapproval,Not at all. I'm not going to argue with someone who doesn't understand what a strawman is.,"{""admiration"": 0, ""amusement"": 0, ""anger"": 0, ""annoyance"": 0, ""approval"": 0, ""caring"": 0, ""confusion"": 0, ""curiosity"": 0, ""desire"": 0, ""disappointment"": 0, ""disapproval"": 3, ""disgust"": 0, ""embarrassment"": 0, ""excitement"": 0, ""fear"": 0, ""gratitude"": 0, ""grief"": 0, ""joy"": 0, ""love"": 0, ""nervousness"": 0, ""optimism"": 0, ""pride"": 0, ""realization"": 0, ""relief"": 0, ""remorse"": 0, ""sadness"": 0, ""surprise"": 0, ""neutral"": 0}",3,3,1.0,1
276,neutral,neutral,disgust,I can't stand having my motives questioned.,"{""admiration"": 0, ""amusement"": 0, ""anger"": 0, ""annoyance"": 0, ""approval"": 0, ""caring"": 0, ""confusion"": 0, ""curiosity"": 0, ""desire"": 0, ""disappointment"": 0, ""disapproval"": 0, ""disgust"": 3, ""embarrassment"": 0, ""excitement"": 0, ""fear"": 0, ""gratitude"": 0, ""grief"": 0, ""joy"": 0, ""love"": 0, ""nervousness"": 0, ""optimism"": 0, ""pride"": 0, ""realization"": 0, ""relief"": 0, ""remorse"": 0, ""sadness"": 0, ""surprise"": 0, ""neutral"": 0}",3,3,1.0,0
277,pride,pride,ABSTAIN,I have no shame in saying I still have my blanket from when I was a child. And a favorite [NAME] plushie.,"{""admiration"": 0, ""amusement"": 0, ""anger"": 0, ""annoyance"": 0, ""approval"": 0, ""caring"": 0, ""confusion"": 0, ""curiosity"": 0, ""desire"": 0, ""disappointment"": 0, ""disapproval"": 0, ""disgust"": 1, ""embarrassment"": 0, ""excitement"": 0, ""fear"": 0, ""gratitude"": 0, ""grief"": 0, ""joy"": 0, ""love"": 0, ""nervousness"": 0, ""optimism"": 0, ""pride"": 0, ""realization"": 0, ""relief"": 0, ""remorse"": 1, ""sadness"": 1, ""surprise"": 0, ""neutral"": 0}",0,3,0.0,0
278,annoyance,annoyance|neutral,disgust,It would be a little less irritating if the 10 cents you pay if you want some paper bags didn't go to the government as a tax.,"{""admiration"": 0, ""amusement"": 0, ""anger"": 0, ""annoyance"": 0, ""approval"": 0, ""caring"": 0, ""confusion"": 0, ""curiosity"": 0, ""desire"": 0, ""disappointment"": 0, ""disapproval"": 1, ""disgust"": 2, ""embarrassment"": 0, ""excitement"": 0, ""fear"": 0, ""gratitude"": 0, ""grief"": 0, ""joy"": 0, ""love"": 0, ""nervousness"": 0, ""optimism"": 0, ""pride"": 0, ""realization"": 0, ""relief"": 0, ""remorse"": 0, ""sadness"": 0, ""surprise"": 0, ""neutral"": 0}",2,3,0.6667,0
279,love,love,admiration,"""You're my best friend in the whole world Mister [NAME]."" *meows for food*","{""admiration"": 2, ""amusement"": 0, ""anger"": 0, ""annoyance"": 0, ""approval"": 0, ""caring"": 0, ""confusion"": 0, ""curiosity"": 0, ""desire"": 0, ""disappointment"": 0, ""disapproval"": 0, ""disgust"": 0, ""embarrassment"": 0, ""excitement"": 0, ""fear"": 0, ""gratitude"": 0, ""grief"": 0, ""joy"": 0, ""love"": 1, ""nervousness"": 0, ""optimism"": 0, ""pride"": 0, ""realization"": 0, ""relief"": 0, ""remorse"": 0, ""sadness"": 0, ""surprise"": 0, ""neutral"": 0}",2,3,0.6667,0
280,neutral,neutral,disapproval,If you bought it from Levi’s I think they do it for free at their flagship store,"{""admiration"": 0, ""amusement"": 0, ""anger"": 0, ""annoyance"": 0, ""approval"": 0, ""caring"": 0, ""confusion"": 0, ""curiosity"": 0, ""desire"": 0, ""disappointment"": 0, ""disapproval"": 2, ""disgust"": 1, ""embarrassment"": 0, ""excitement"": 0, ""fear"": 0, ""gratitude"": 0, ""grief"": 0, ""joy"": 0, ""love"": 0, ""nervousness"": 0, ""optimism"": 0, ""pride"": 0, ""realization"": 0, ""relief"": 0, ""remorse"": 0, ""sadness"": 0, ""surprise"": 0, ""neutral"": 0}",2,3,0.6667,0
281,approval,approval,approval,"My point is that IQ basically works. As with literally everything, there are flaws, but it's not junk science. ","{""admiration"": 0, ""amusement"": 0, ""anger"": 0, ""annoyance"": 0, ""approval"": 2, ""caring"": 0, ""confusion"": 0, ""curiosity"": 0, ""desire"": 0, ""disappointment"": 0, ""disapproval"": 0, ""disgust"": 0, ""embarrassment"": 0, ""excitement"": 0, ""fear"": 0, ""gratitude"": 0, ""grief"": 0, ""joy"": 0, ""love"": 0, ""nervousness"": 0, ""optimism"": 0, ""pride"": 0, ""realization"": 0, ""relief"": 0, ""remorse"": 0, ""sadness"": 0, ""surprise"": 0, ""neutral"": 1}",2,3,0.6667,1
282,annoyance,annoyance|optimism,disgust,"Eh, I think that i'd rather jerk off tbh..","{""admiration"": 0, ""amusement"": 0, ""anger"": 0, ""annoyance"": 0, ""approval"": 0, ""caring"": 0, ""confusion"": 0, ""curiosity"": 0, ""desire"": 0, ""disappointment"": 0, ""disapproval"": 0, ""disgust"": 3, ""embarrassment"": 0, ""excitement"": 0, ""fear"": 0, ""gratitude"": 0, ""grief"": 0, ""joy"": 0, ""love"": 0, ""nervousness"": 0, ""optimism"": 0, ""pride"": 0, ""realization"": 0, ""relief"": 0, ""remorse"": 0, ""sadness"": 0, ""surprise"": 0, ""neutral"": 0}",3,3,1.0,0
283,annoyance,annoyance,disapproval,"If you can't see how the mass killing of Landlords is related to Communist ideology, there is really no point discussing further.","{""admiration"": 0, ""amusement"": 0, ""anger"": 0, ""annoyance"": 0, ""approval"": 0, ""caring"": 0, ""confusion"": 0, ""curiosity"": 0, ""desire"": 0, ""disappointment"": 0, ""disapproval"": 2, ""disgust"": 1, ""embarrassment"": 0, ""excitement"": 0, ""fear"": 0, ""gratitude"": 0, ""grief"": 0, ""joy"": 0, ""love"": 0, ""nervousness"": 0, ""optimism"": 0, ""pride"": 0, ""realization"": 0, ""relief"": 0, ""remorse"": 0, ""sadness"": 0, ""surprise"": 0, ""neutral"": 0}",2,3,0.6667,0
284,neutral,neutral,neutral,[NAME]. Think there’s some controversy over how common that was though,"{""admiration"": 0, ""amusement"": 0, ""anger"": 0, ""annoyance"": 0, ""approval"": 0, ""caring"": 0, ""confusion"": 0, ""curiosity"": 0, ""desire"": 0, ""disappointment"": 0, ""disapproval"": 1, ""disgust"": 0, ""embarrassment"": 0, ""excitement"": 0, ""fear"": 0, ""gratitude"": 0, ""grief"": 0, ""joy"": 0, ""love"": 0, ""nervousness"": 0, ""optimism"": 0, ""pride"": 0, ""realization"": 0, ""relief"": 0, ""remorse"": 0, ""sadness"": 0, ""surprise"": 0, ""neutral"": 2}",2,3,0.6667,1
285,neutral,neutral,amusement,Myers Briggs test is like the star sign for a different kind of nerd,"{""admiration"": 0, ""amusement"": 3, ""anger"": 0, ""annoyance"": 0, ""approval"": 0, ""caring"": 0, ""confusion"": 0, ""curiosity"": 0, ""desire"": 0, ""disappointment"": 0, ""disapproval"": 0, ""disgust"": 0, ""embarrassment"": 0, ""excitement"": 0, ""fear"": 0, ""gratitude"": 0, ""grief"": 0, ""joy"": 0, ""love"": 0, ""nervousness"": 0, ""optimism"": 0, ""pride"": 0, ""realization"": 0, ""relief"": 0, ""remorse"": 0, ""sadness"": 0, ""surprise"": 0, ""neutral"": 0}",3,3,1.0,0
286,neutral,neutral,disgust,"""We need more content."" ""OK. here's some ballerina shoes.""","{""admiration"": 0, ""amusement"": 0, ""anger"": 0, ""annoyance"": 0, ""approval"": 0, ""caring"": 0, ""confusion"": 0, ""curiosity"": 0, ""desire"": 0, ""disappointment"": 0, ""disapproval"": 0, ""disgust"": 2, ""embarrassment"": 0, ""excitement"": 0, ""fear"": 0, ""gratitude"": 0, ""grief"": 0, ""joy"": 0, ""love"": 0, ""nervousness"": 0, ""optimism"": 0, ""pride"": 0, ""realization"": 0, ""relief"": 0, ""remorse"": 0, ""sadness"": 0, ""surprise"": 0, ""neutral"": 0}",2,3,0.6667,0
287,admiration,admiration,disapproval,"We are by far the greatest team the world has ever seen, we are just having a rough patch.","{""admiration"": 1, ""amusement"": 0, ""anger"": 0, ""annoyance"": 0, ""approval"": 0, ""caring"": 0, ""confusion"": 0, ""curiosity"": 0, ""desire"": 0, ""disappointment"": 0, ""disapproval"": 2, ""disgust"": 0, ""embarrassment"": 0, ""excitement"": 0, ""fear"": 0, ""gratitude"": 0, ""grief"": 0, ""joy"": 0, ""love"": 0, ""nervousness"": 0, ""optimism"": 0, ""pride"": 0, ""realization"": 0, ""relief"": 0, ""remorse"": 0, ""sadness"": 0, ""surprise"": 0, ""neutral"": 0}",2,3,0.6667,0
288,admiration,admiration,ABSTAIN,"Yeah, I'll admit I like Kuzma. [NAME] does kind of remind me of a less talented [NAME].","{""admiration"": 0, ""amusement"": 0, ""anger"": 0, ""annoyance"": 0, ""approval"": 0, ""caring"": 0, ""confusion"": 0, ""curiosity"": 0, ""desire"": 0, ""disappointment"": 0, ""disapproval"": 1, ""disgust"": 0, ""embarrassment"": 0, ""excitement"": 0, ""fear"": 0, ""gratitude"": 0, ""grief"": 0, ""joy"": 0, ""love"": 0, ""nervousness"": 0, ""optimism"": 0, ""pride"": 0, ""realization"": 0, ""relief"": 0, ""remorse"": 1, ""sadness"": 0, ""surprise"": 0, ""neutral"": 0}",0,3,0.0,0
289,sadness,sadness,anger,I'm literally screaming.,"{""admiration"": 0, ""amusement"": 0, ""anger"": 3, ""annoyance"": 0, ""approval"": 0, ""caring"": 0, ""confusion"": 0, ""curiosity"": 0, ""desire"": 0, ""disappointment"": 0, ""disapproval"": 0, ""disgust"": 0, ""embarrassment"": 0, ""excitement"": 0, ""fear"": 0, ""gratitude"": 0, ""grief"": 0, ""joy"": 0, ""love"": 0, ""nervousness"": 0, ""optimism"": 0, ""pride"": 0, ""realization"": 0, ""relief"": 0, ""remorse"": 0, ""sadness"": 0, ""surprise"": 0, ""neutral"": 0}",3,3,1.0,0
290,sadness,sadness,disgust,I’m so sorry 🤪,"{""admiration"": 0, ""amusement"": 0, ""anger"": 0, ""annoyance"": 0, ""approval"": 0, ""caring"": 0, ""confusion"": 0, ""curiosity"": 0, ""desire"": 0, ""disappointment"": 0, ""disapproval"": 0, ""disgust"": 2, ""embarrassment"": 1, ""excitement"": 0, ""fear"": 0, ""gratitude"": 0, ""grief"": 0, ""joy"": 0, ""love"": 0, ""nervousness"": 0, ""optimism"": 0, ""pride"": 0, ""realization"": 0, ""relief"": 0, ""remorse"": 0, ""sadness"": 0, ""surprise"": 0, ""neutral"": 0}",2,3,0.6667,0
291,neutral,neutral,disgust,You're not really pissing anyone off. Mostly we just pity you.,"{""admiration"": 0, ""amusement"": 0, ""anger"": 0, ""annoyance"": 0, ""approval"": 0, ""caring"": 0, ""confusion"": 0, ""curiosity"": 0, ""desire"": 0, ""disappointment"": 0, ""disapproval"": 0, ""disgust"": 3, ""embarrassment"": 0, ""excitement"": 0, ""fear"": 0, ""gratitude"": 0, ""grief"": 0, ""joy"": 0, ""love"": 0, ""nervousness"": 0, ""optimism"": 0, ""pride"": 0, ""realization"": 0, ""relief"": 0, ""remorse"": 0, ""sadness"": 0, ""surprise"": 0, ""neutral"": 0}",3,3,1.0,0
292,optimism,optimism,surprise,I get wound up over completely imagined conversations too 😅 I'm trying to meditate and learn to stop myself from going down the rabbit hole.,"{""admiration"": 0, ""amusement"": 0, ""anger"": 0, ""annoyance"": 0, ""approval"": 0, ""caring"": 0, ""confusion"": 0, ""curiosity"": 0, ""desire"": 0, ""disappointment"": 0, ""disapproval"": 0, ""disgust"": 0, ""embarrassment"": 0, ""excitement"": 0, ""fear"": 0, ""gratitude"": 0, ""grief"": 0, ""joy"": 0, ""love"": 0, ""nervousness"": 0, ""optimism"": 0, ""pride"": 0, ""realization"": 0, ""relief"": 0, ""remorse"": 0, ""sadness"": 0, ""surprise"": 3, ""neutral"": 0}",3,3,1.0,0
293,neutral,neutral,disapproval,"Was going to say, that’s common practice for most women’s health appointments to help deal with relationship abuse.","{""admiration"": 0, ""amusement"": 0, ""anger"": 0, ""annoyance"": 0, ""approval"": 0, ""caring"": 0, ""confusion"": 0, ""curiosity"": 0, ""desire"": 0, ""disappointment"": 0, ""disapproval"": 2, ""disgust"": 1, ""embarrassment"": 0, ""excitement"": 0, ""fear"": 0, ""gratitude"": 0, ""grief"": 0, ""joy"": 0, ""love"": 0, ""nervousness"": 0, ""optimism"": 0, ""pride"": 0, ""realization"": 0, ""relief"": 0, ""remorse"": 0, ""sadness"": 0, ""surprise"": 0, ""neutral"": 0}",2,3,0.6667,0
294,amusement,amusement,amusement,"Lmao. Fuck, you got me good.","{""admiration"": 0, ""amusement"": 2, ""anger"": 1, ""annoyance"": 0, ""approval"": 0, ""caring"": 0, ""confusion"": 0, ""curiosity"": 0, ""desire"": 0, ""disappointment"": 0, ""disapproval"": 0, ""disgust"": 0, ""embarrassment"": 0, ""excitement"": 0, ""fear"": 0, ""gratitude"": 0, ""grief"": 0, ""joy"": 0, ""love"": 0, ""nervousness"": 0, ""optimism"": 0, ""pride"": 0, ""realization"": 0, ""relief"": 0, ""remorse"": 0, ""sadness"": 0, ""surprise"": 0, ""neutral"": 0}",2,3,0.6667,1
295,joy,joy,joy,"Seriously, it really made me happy! I hope when OP scrolled through she felt a little tingle of happiness too.","{""admiration"": 0, ""amusement"": 0, ""anger"": 0, ""annoyance"": 0, ""approval"": 0, ""caring"": 0, ""confusion"": 0, ""curiosity"": 0, ""desire"": 0, ""disappointment"": 0, ""disapproval"": 0, ""disgust"": 0, ""embarrassment"": 0, ""excitement"": 0, ""fear"": 0, ""gratitude"": 0, ""grief"": 0, ""joy"": 3, ""love"": 0, ""nervousness"": 0, ""optimism"": 0, ""pride"": 0, ""realization"": 0, ""relief"": 0, ""remorse"": 0, ""sadness"": 0, ""surprise"": 0, ""neutral"": 0}",3,3,1.0,1
296,amusement,amusement,amusement,This made me snort while laughing. Well done!,"{""admiration"": 0, ""amusement"": 3, ""anger"": 0, ""annoyance"": 0, ""approval"": 0, ""caring"": 0, ""confusion"": 0, ""curiosity"": 0, ""desire"": 0, ""disappointment"": 0, ""disapproval"": 0, ""disgust"": 0, ""embarrassment"": 0, ""excitement"": 0, ""fear"": 0, ""gratitude"": 0, ""grief"": 0, ""joy"": 0, ""love"": 0, ""nervousness"": 0, ""optimism"": 0, ""pride"": 0, ""realization"": 0, ""relief"": 0, ""remorse"": 0, ""sadness"": 0, ""surprise"": 0, ""neutral"": 0}",3,3,1.0,1
297,optimism,optimism,disappointment,Usually they dont even show up when you call them and they are a rare sight in the city. Good luck finding one.,"{""admiration"": 0, ""amusement"": 0, ""anger"": 0, ""annoyance"": 0, ""approval"": 0, ""caring"": 0, ""confusion"": 0, ""curiosity"": 0, ""desire"": 0, ""disappointment"": 2, ""disapproval"": 1, ""disgust"": 0, ""embarrassment"": 0, ""excitement"": 0, ""fear"": 0, ""gratitude"": 0, ""grief"": 0, ""joy"": 0, ""love"": 0, ""nervousness"": 0, ""optimism"": 0, ""pride"": 0, ""realization"": 0, ""relief"": 0, ""remorse"": 0, ""sadness"": 0, ""surprise"": 0, ""neutral"": 0}",2,3,0.6667,0
298,amusement,amusement,admiration,Hunting would at least be more rewarding and fun. Every time I wanna meal prep in RDO I just horseback ride and lock-on to deer.,"{""admiration"": 3, ""amusement"": 0, ""anger"": 0, ""annoyance"": 0, ""approval"": 0, ""caring"": 0, ""confusion"": 0, ""curiosity"": 0, ""desire"": 0, ""disappointment"": 0, ""disapproval"": 0, ""disgust"": 0, ""embarrassment"": 0, ""excitement"": 0, ""fear"": 0, ""gratitude"": 0, ""grief"": 0, ""joy"": 0, ""love"": 0, ""nervousness"": 0, ""optimism"": 0, ""pride"": 0, ""realization"": 0, ""relief"": 0, ""remorse"": 0, ""sadness"": 0, ""surprise"": 0, ""neutral"": 0}",3,3,1.0,0
299,approval,approval,disappointment,"You are correct, this happens everytime to me","{""admiration"": 0, ""amusement"": 0, ""anger"": 0, ""annoyance"": 0, ""approval"": 0, ""caring"": 0, ""confusion"": 0, ""curiosity"": 0, ""desire"": 0, ""disappointment"": 2, ""disapproval"": 0, ""disgust"": 0, ""embarrassment"": 0, ""excitement"": 0, ""fear"": 0, ""gratitude"": 0, ""grief"": 0, ""joy"": 0, ""love"": 0, ""nervousness"": 0, ""optimism"": 0, ""pride"": 0, ""realization"": 0, ""relief"": 0, ""remorse"": 1, ""sadness"": 0, ""surprise"": 0, ""neutral"": 0}",2,3,0.6667,0
