id,gold,gold_multi,pred,text,votes,top_votes,K,confidence,correct
0,OfficeHolder,OfficeHolder,OfficeHolder,Gideon Brand van Zyl.  The Rt. Hon. Gideon Brand van Zyl PC (pron. BRUNT FUN ZAIL rhymes with nail) (3 Jun 1873–1 Nov 1956) was Governor-General of the Union of South Africa from 1945 to 1950. He was the first South African-born holder of the office.Born in Cape Town he was the son of a prominent attorney and he joined the family firm after qualifying at the University of Cape Town.,"{""Company"": 0, ""EducationalInstitution"": 0, ""Artist"": 0, ""Athlete"": 0, ""OfficeHolder"": 5, ""MeanOfTransportation"": 0, ""Building"": 0, ""NaturalPlace"": 0, ""Village"": 0, ""Animal"": 0, ""Plant"": 0, ""Album"": 0, ""Film"": 0, ""WrittenWork"": 0}",5,5,1.0,1
1,Film,Film,Film,Darkman.  Darkman is a 1990 American superhero action film directed and co-written by Sam Raimi. It is based on a short story Raimi wrote that paid homage to Universal's horror films of the 1930s.,"{""Company"": 0, ""EducationalInstitution"": 0, ""Artist"": 0, ""Athlete"": 0, ""OfficeHolder"": 0, ""MeanOfTransportation"": 0, ""Building"": 0, ""NaturalPlace"": 0, ""Village"": 0, ""Animal"": 0, ""Plant"": 0, ""Album"": 0, ""Film"": 5, ""WrittenWork"": 0}",5,5,1.0,1
2,WrittenWork,WrittenWork,Company,The Dinosaur Heresies.  The Dinosaur Heresies: New Theories Unlocking the Mystery of the Dinosaurs and Their Extinction was a 1986 book published by Robert T. Bakker a prominent paleontologist.The book sums up the extant evidence which indicates that dinosaurs rather than being cold-blooded and wholly lizard-like were in fact warm-blooded agile creatures more similar to modern birds than to lizards or other reptiles.,"{""Company"": 2, ""EducationalInstitution"": 1, ""Artist"": 0, ""Athlete"": 0, ""OfficeHolder"": 0, ""MeanOfTransportation"": 0, ""Building"": 0, ""NaturalPlace"": 0, ""Village"": 0, ""Animal"": 0, ""Plant"": 0, ""Album"": 0, ""Film"": 0, ""WrittenWork"": 2}",2,5,0.4,0
3,Film,Film,Film,27A.  27A is a 1974 Australian film directed by Esben Storm. At the AFI Awards it won in the Best Actor (Robert McDarra) and Best Fiction (Haydn Keenan) categories.,"{""Company"": 0, ""EducationalInstitution"": 0, ""Artist"": 0, ""Athlete"": 0, ""OfficeHolder"": 0, ""MeanOfTransportation"": 0, ""Building"": 0, ""NaturalPlace"": 0, ""Village"": 0, ""Animal"": 0, ""Plant"": 0, ""Album"": 0, ""Film"": 5, ""WrittenWork"": 0}",5,5,1.0,1
4,Plant,Plant,Plant,Olearia chathamica.  Olearia chathamica is a species of flowering plant in the Asteraceae family.It is found only in New Zealand.,"{""Company"": 0, ""EducationalInstitution"": 0, ""Artist"": 0, ""Athlete"": 0, ""OfficeHolder"": 0, ""MeanOfTransportation"": 0, ""Building"": 0, ""NaturalPlace"": 0, ""Village"": 0, ""Animal"": 0, ""Plant"": 5, ""Album"": 0, ""Film"": 0, ""WrittenWork"": 0}",5,5,1.0,1
5,Album,Album,Album,Second (Baroness album).  Second is the second official recording by the metal band Baroness. It was recorded in one session with the exception of the vocals. The art work was done by Baroness singer John Baizley.,"{""Company"": 0, ""EducationalInstitution"": 0, ""Artist"": 0, ""Athlete"": 0, ""OfficeHolder"": 0, ""MeanOfTransportation"": 0, ""Building"": 0, ""NaturalPlace"": 0, ""Village"": 0, ""Animal"": 0, ""Plant"": 0, ""Album"": 5, ""Film"": 0, ""WrittenWork"": 0}",5,5,1.0,1
6,Building,Building,Building,The City Rooms (Leicester).  The City Rooms is located in the heart of the City of Leicester in England. It has been designated by English Heritage as a grade I listed building.Outside in Hotel Street there is the statue of the Seamstress although not intended to represent any particular person it serves as a reminder of the importance the hosiery industry once played in Leicester. The Seamstress is shown putting a seam into a stocking and was sculpted by James Butler,"{""Company"": 0, ""EducationalInstitution"": 0, ""Artist"": 0, ""Athlete"": 0, ""OfficeHolder"": 0, ""MeanOfTransportation"": 0, ""Building"": 5, ""NaturalPlace"": 0, ""Village"": 0, ""Animal"": 0, ""Plant"": 0, ""Album"": 0, ""Film"": 0, ""WrittenWork"": 0}",5,5,1.0,1
7,OfficeHolder,OfficeHolder,OfficeHolder,Nicolás Bravo.  Nicolás Bravo Rueda (10 September 1786 – 22 April 1854) was a Mexican politician and soldier. He distinguished himself in both roles during the 1846–1848 U.S. invasion of Mexico.,"{""Company"": 0, ""EducationalInstitution"": 0, ""Artist"": 0, ""Athlete"": 0, ""OfficeHolder"": 5, ""MeanOfTransportation"": 0, ""Building"": 0, ""NaturalPlace"": 0, ""Village"": 0, ""Animal"": 0, ""Plant"": 0, ""Album"": 0, ""Film"": 0, ""WrittenWork"": 0}",5,5,1.0,1
8,OfficeHolder,OfficeHolder,OfficeHolder,Essad Pasha Toptani.  Essad Pasha Toptani or Esad Pasha Toptani (Albanian: Esad Pashë Toptani; c.. 1863 – 13 June 1920) primarily known as Essad Pasha was Ottoman army officer Albanian deputy in the Ottoman parliament and politician in the early 20th century in Albania. He was cooperating with the Balkan League after the Balkan Wars and established a state in central Albania based in Durrës called the Republic of Central Albania.,"{""Company"": 0, ""EducationalInstitution"": 0, ""Artist"": 0, ""Athlete"": 0, ""OfficeHolder"": 5, ""MeanOfTransportation"": 0, ""Building"": 0, ""NaturalPlace"": 0, ""Village"": 0, ""Animal"": 0, ""Plant"": 0, ""Album"": 0, ""Film"": 0, ""WrittenWork"": 0}",5,5,1.0,1
9,Company,Company,Company,XL Group.  XL Group plc (NYSE: XL) is a global insurance company headquartered in Ireland with executive offices in Hamilton Bermuda and Stamford Connecticut USA. The company has approximately 4000 employees and about 60 offices on Africa Asia Australia Europe North America and South America. Formerly XL Capital Ltd the company officially changed its name and domicile on 1 July 2010.,"{""Company"": 5, ""EducationalInstitution"": 0, ""Artist"": 0, ""Athlete"": 0, ""OfficeHolder"": 0, ""MeanOfTransportation"": 0, ""Building"": 0, ""NaturalPlace"": 0, ""Village"": 0, ""Animal"": 0, ""Plant"": 0, ""Album"": 0, ""Film"": 0, ""WrittenWork"": 0}",5,5,1.0,1
10,WrittenWork,WrittenWork,Company,United Kingdom Election Results.  United Kingdom Election Results is a website and e-book written by David Boothroyd published in 1994. Boothroyd also wrote The History of British Political Parties published in 2001. The website includes material about elections in the United Kingdom including election results resources for further information and links to relevant websites.,"{""Company"": 4, ""EducationalInstitution"": 0, ""Artist"": 0, ""Athlete"": 0, ""OfficeHolder"": 1, ""MeanOfTransportation"": 0, ""Building"": 0, ""NaturalPlace"": 0, ""Village"": 0, ""Animal"": 0, ""Plant"": 0, ""Album"": 0, ""Film"": 0, ""WrittenWork"": 0}",4,5,0.8,0
11,MeanOfTransportation,MeanOfTransportation,Company,Aeromarine 40.  The Aeromarine 40F was an American two-seat flying-boat training aircraft produced for the US Navy and built by the Aeromarine Plane and Motor Company of Keyport New Jersey. Fifty out of an original order for 200 were delivered before the end of World War I with the remainder cancelled due to the armistice. The aircraft was a biplane with a pusher propeller. The pilot and instructor sat side by side.,"{""Company"": 5, ""EducationalInstitution"": 0, ""Artist"": 0, ""Athlete"": 0, ""OfficeHolder"": 0, ""MeanOfTransportation"": 0, ""Building"": 0, ""NaturalPlace"": 0, ""Village"": 0, ""Animal"": 0, ""Plant"": 0, ""Album"": 0, ""Film"": 0, ""WrittenWork"": 0}",5,5,1.0,0
12,Company,Company,Company,Murfin Music International.  Murfin Music International and Murfin Media are companies run by Muff Murfin and are based at The Old Smithy Studios in Kempsey Worcestershire England.Murfin owns several radio stations in the UK and also hires time at its studios to produce jingles for radio. Murfin with his then music partner Colin Owen were billed as the M and O Band and reached #16 in the UK Singles Chart in March 1976 with Let's Do the Latin Hustle.,"{""Company"": 5, ""EducationalInstitution"": 0, ""Artist"": 0, ""Athlete"": 0, ""OfficeHolder"": 0, ""MeanOfTransportation"": 0, ""Building"": 0, ""NaturalPlace"": 0, ""Village"": 0, ""Animal"": 0, ""Plant"": 0, ""Album"": 0, ""Film"": 0, ""WrittenWork"": 0}",5,5,1.0,1
13,Animal,Animal,Animal,Lycaenidae.  Lycaenidae is the second-largest family of butterflies (behind the Brush-footed butterflies) with over 5000 species worldwide whose members are also called gossamer-winged butterflies. They constitute about 30% of the known butterfly species.The family is traditionally divided into the subfamilies of the blues (Polyommatinae) the coppers (Lycaeninae) the hairstreaks (Theclinae) and the harvesters (Miletinae); others include the Lipteninae Liphyrinae Curetinae and Poritiinae.,"{""Company"": 1, ""EducationalInstitution"": 0, ""Artist"": 0, ""Athlete"": 0, ""OfficeHolder"": 0, ""MeanOfTransportation"": 0, ""Building"": 0, ""NaturalPlace"": 0, ""Village"": 0, ""Animal"": 4, ""Plant"": 0, ""Album"": 0, ""Film"": 0, ""WrittenWork"": 0}",4,5,0.8,1
14,WrittenWork,WrittenWork,Company,Investors Chronicle.  The Investors Chronicle is a weekly magazine in the United Kingdom for private investors and is published by the Financial Times Group. The magazine publishes articles about global markets and sectors and news on corporate actions such as takeovers and share issues. It was established in 1860 and has been considered a highly influential magazine.,"{""Company"": 5, ""EducationalInstitution"": 0, ""Artist"": 0, ""Athlete"": 0, ""OfficeHolder"": 0, ""MeanOfTransportation"": 0, ""Building"": 0, ""NaturalPlace"": 0, ""Village"": 0, ""Animal"": 0, ""Plant"": 0, ""Album"": 0, ""Film"": 0, ""WrittenWork"": 0}",5,5,1.0,0
15,MeanOfTransportation,MeanOfTransportation,Building,HMS Enterprise (A71).  The ninth HMS Enterprise (A 71) of the Royal Navy was an Echo class inshore survey ship built by M.W. Blackmore & Sons of Bideford and commissioned in 1959.With her sister ships HMS Echo and HMS Egeria Enterprise's career was spent in hydrographic surveys of the seas sandbanks and coastlines of the East Coast and Eastern English Channel.,"{""Company"": 0, ""EducationalInstitution"": 0, ""Artist"": 0, ""Athlete"": 0, ""OfficeHolder"": 0, ""MeanOfTransportation"": 0, ""Building"": 5, ""NaturalPlace"": 0, ""Village"": 0, ""Animal"": 0, ""Plant"": 0, ""Album"": 0, ""Film"": 0, ""WrittenWork"": 0}",5,5,1.0,0
16,Building,Building,Building,Worrall Covered Bridge.  The Worrall Covered Bridge (also called the Woralls Bridge) is a wooden covered bridge in Rockingham Vermont United States. Built in 1868 by Sanford Granger the bridge is a lattice style with an 87 foot span across the Williams River. The bridge is listed on the National Register of Historic Places.The Worrall bridge includes one rare feature — a wooden ramp leading up to the northwest entrance. It is located on Williams Road a dirt road a short distance north of Vermont Route 103.,"{""Company"": 0, ""EducationalInstitution"": 0, ""Artist"": 0, ""Athlete"": 0, ""OfficeHolder"": 0, ""MeanOfTransportation"": 0, ""Building"": 5, ""NaturalPlace"": 0, ""Village"": 0, ""Animal"": 0, ""Plant"": 0, ""Album"": 0, ""Film"": 0, ""WrittenWork"": 0}",5,5,1.0,1
17,WrittenWork,WrittenWork,Company,Jacob's Rescue.  Jacob's Rescue is a 1994 children's book by Malka Drucker and Michael Halperin based on a true story that takes place in Warsaw Poland during the holocaust. A poor Polish family rescues Jacob and his brothers from the tyranny of the Nazis where they face the reality of life under the harshest conditions. They are in the current day and his daughter ask about the holocaust Jacob had a flashback of this time.,"{""Company"": 5, ""EducationalInstitution"": 0, ""Artist"": 0, ""Athlete"": 0, ""OfficeHolder"": 0, ""MeanOfTransportation"": 0, ""Building"": 0, ""NaturalPlace"": 0, ""Village"": 0, ""Animal"": 0, ""Plant"": 0, ""Album"": 0, ""Film"": 0, ""WrittenWork"": 0}",5,5,1.0,0
18,Film,Film,Film,Sinbad (1993 film).  Sinbad is a 1992 animated film originally released on May 18 1992 and based on the classic Arabian Nights tale Sinbad the Sailor. Like all other Golden Films productions the film features a single theme song As brave as a man can be written and composed by Richard Hurwitz and John Arrias.,"{""Company"": 0, ""EducationalInstitution"": 0, ""Artist"": 0, ""Athlete"": 0, ""OfficeHolder"": 0, ""MeanOfTransportation"": 0, ""Building"": 0, ""NaturalPlace"": 0, ""Village"": 0, ""Animal"": 0, ""Plant"": 0, ""Album"": 0, ""Film"": 5, ""WrittenWork"": 0}",5,5,1.0,1
19,MeanOfTransportation,MeanOfTransportation,OfficeHolder,USS Meredith (DD-890).  USS Meredith (DD-890) a Gearing-class destroyer was the fourth ship of the United States Navy to be named for Jonathan Meredith USMC a sergeant who saved the life of Lieutenant John Trippe of Vixen during the Barbary Wars. She was laid down at the Consolidated Steel Corporation at Orange Texas on 27 January 1945; launched on 28 June 1945 sponsored by Miss Juliette S. Kopper great-great-great-grandniece of Sergeant Meredith; and commissioned on 31 December 1945 with Commander W. B.,"{""Company"": 2, ""EducationalInstitution"": 0, ""Artist"": 0, ""Athlete"": 0, ""OfficeHolder"": 3, ""MeanOfTransportation"": 0, ""Building"": 0, ""NaturalPlace"": 0, ""Village"": 0, ""Animal"": 0, ""Plant"": 0, ""Album"": 0, ""Film"": 0, ""WrittenWork"": 0}",3,5,0.6,0
20,EducationalInstitution,EducationalInstitution,EducationalInstitution,Woodham Academy.  Woodham Academy is a school and former sixth form college in Newton Aycliffe County Durham England. The school was previously known as Woodham Community Technology College (from 2000 to 2012) and was initially opened as Woodham Comprehensive School in 1970.,"{""Company"": 0, ""EducationalInstitution"": 4, ""Artist"": 0, ""Athlete"": 0, ""OfficeHolder"": 1, ""MeanOfTransportation"": 0, ""Building"": 0, ""NaturalPlace"": 0, ""Village"": 0, ""Animal"": 0, ""Plant"": 0, ""Album"": 0, ""Film"": 0, ""WrittenWork"": 0}",4,5,0.8,1
21,Village,Village,Village,Kalkushk.  Kalkushk (Persian: كل كوشك‎ also Romanized as Kalkūshk Kalkūshak and Kal Kūshk) is a village in Osmanvand Rural District Firuzabad District Kermanshah County Kermanshah Province Iran. At the 2006 census its population was 41 in 10 families.,"{""Company"": 0, ""EducationalInstitution"": 0, ""Artist"": 0, ""Athlete"": 0, ""OfficeHolder"": 0, ""MeanOfTransportation"": 0, ""Building"": 0, ""NaturalPlace"": 0, ""Village"": 5, ""Animal"": 0, ""Plant"": 0, ""Album"": 0, ""Film"": 0, ""WrittenWork"": 0}",5,5,1.0,1
22,Building,Building,Building,Mount Calvary United Methodist Church (New York City).  Mount Calvary United Methodist Church is a Methodist church in Washington Heights Manhattan New York City at 116 Edgecombe Avenue. The congregation occupies the former Lutheran church building of The Evangelical Lutheran Church of the Atonement which was established in 1896 and built in 1897 as a mission church of St. John's Evangelical Lutheran Church.,"{""Company"": 0, ""EducationalInstitution"": 0, ""Artist"": 0, ""Athlete"": 0, ""OfficeHolder"": 0, ""MeanOfTransportation"": 0, ""Building"": 5, ""NaturalPlace"": 0, ""Village"": 0, ""Animal"": 0, ""Plant"": 0, ""Album"": 0, ""Film"": 0, ""WrittenWork"": 0}",5,5,1.0,1
23,Animal,Animal,Animal,Trichiinae.  The Trichiinae are a subfamily of the scarab beetle family (Scarabaeidae) but occasionally they are included in the Cetoniidae as tribe Trichiini. The conspicuous bee beetles (Trichius) are probably the best-known genus in Europe.They vary in size from 6 to 65 mm [1] and can be distinguished from the Cetoniidae by having covered epimeres and lateral edges of the elytra which are not trimmed.The adults feed on sugar-rich secretions of stems leaves fruits and flowers of different plants.,"{""Company"": 2, ""EducationalInstitution"": 0, ""Artist"": 0, ""Athlete"": 0, ""OfficeHolder"": 0, ""MeanOfTransportation"": 0, ""Building"": 0, ""NaturalPlace"": 0, ""Village"": 0, ""Animal"": 3, ""Plant"": 0, ""Album"": 0, ""Film"": 0, ""WrittenWork"": 0}",3,5,0.6,1
24,Film,Film,Company,Chirosathi.  Chirosathi (Bengali: চিরসাথী ) is a Bengali Drama movie that was released in 2008 directed by Haranath Chakraborty. The movie featured Hiran Chatterjee and Koyel Mullick.,"{""Company"": 5, ""EducationalInstitution"": 0, ""Artist"": 0, ""Athlete"": 0, ""OfficeHolder"": 0, ""MeanOfTransportation"": 0, ""Building"": 0, ""NaturalPlace"": 0, ""Village"": 0, ""Animal"": 0, ""Plant"": 0, ""Album"": 0, ""Film"": 0, ""WrittenWork"": 0}",5,5,1.0,0
25,Village,Village,Village,Tomrefjord.  Tomra or Tomrefjord is a village located in Vestnes Municipality in Møre og Romsdal county Norway. It is located just south of the village of Vik at the end of the Tomrefjorden. The village of Fiksdal lies 8 kilometres (5.0 mi) to the northwest.,"{""Company"": 0, ""EducationalInstitution"": 0, ""Artist"": 0, ""Athlete"": 0, ""OfficeHolder"": 0, ""MeanOfTransportation"": 0, ""Building"": 0, ""NaturalPlace"": 0, ""Village"": 5, ""Animal"": 0, ""Plant"": 0, ""Album"": 0, ""Film"": 0, ""WrittenWork"": 0}",5,5,1.0,1
26,Film,Film,Film,The Ghouls.  The Ghouls (also known as Cannibal Dead: The Ghouls) is a 2003 independent American horror film that was written and directed by Chad Ferrin. The film described as a no-budget horror opus and a vicious cross between Paparazzi and Kolchak: The Night Stalker was independently produced and shot guerrilla style in Los Angeles on Mini DV for $15000.,"{""Company"": 0, ""EducationalInstitution"": 0, ""Artist"": 0, ""Athlete"": 0, ""OfficeHolder"": 0, ""MeanOfTransportation"": 0, ""Building"": 0, ""NaturalPlace"": 0, ""Village"": 0, ""Animal"": 0, ""Plant"": 0, ""Album"": 0, ""Film"": 5, ""WrittenWork"": 0}",5,5,1.0,1
27,Film,Film,Film,Reunion in France.  Reunion in France (1942) is a Metro-Goldwyn-Mayer feature film starring Joan Crawford John Wayne and Phillip Dorn in a story about a woman in occupied France who learning her well-heeled lover has Nazi connections aids a downed American flyer. The film was directed by Jules Dassin and Ava Gardner has a tiny role as a Parisian shopgirl.,"{""Company"": 0, ""EducationalInstitution"": 0, ""Artist"": 0, ""Athlete"": 0, ""OfficeHolder"": 0, ""MeanOfTransportation"": 0, ""Building"": 0, ""NaturalPlace"": 0, ""Village"": 0, ""Animal"": 0, ""Plant"": 0, ""Album"": 0, ""Film"": 5, ""WrittenWork"": 0}",5,5,1.0,1
28,Album,Album,Album,Greatest Hits 1982–1989.  Greatest Hits 1982–1989 is the third greatest hits album and twentieth album overall by the American band Chicago released by Full Moon/Reprise Records on November 21 1989. Covering the era that stretched from 1982's Chicago 16 to Chicago 19 in 1988 the set is also balanced by the appearances of both Peter Cetera and his replacement Jason Scheff.An equivalent collection entitled The Heart of...,"{""Company"": 0, ""EducationalInstitution"": 0, ""Artist"": 0, ""Athlete"": 0, ""OfficeHolder"": 0, ""MeanOfTransportation"": 0, ""Building"": 0, ""NaturalPlace"": 0, ""Village"": 0, ""Animal"": 0, ""Plant"": 0, ""Album"": 5, ""Film"": 0, ""WrittenWork"": 0}",5,5,1.0,1
29,OfficeHolder,OfficeHolder,OfficeHolder,Arthur H. Vandenberg.  Arthur Hendrick Vandenberg (March 22 1884 – April 18 1951) was a Republican Senator from the U.S. state of Michigan who participated in the creation of the United Nations.,"{""Company"": 0, ""EducationalInstitution"": 0, ""Artist"": 0, ""Athlete"": 0, ""OfficeHolder"": 5, ""MeanOfTransportation"": 0, ""Building"": 0, ""NaturalPlace"": 0, ""Village"": 0, ""Animal"": 0, ""Plant"": 0, ""Album"": 0, ""Film"": 0, ""WrittenWork"": 0}",5,5,1.0,1
30,Athlete,Athlete,Athlete,Manabu Mima.  Manabu Mima (美馬 学 born September 19 1986) is a Japanese professional baseball player. A pitcher he plays for the Tohoku Rakuten Golden Eagles of the Pacific League in Nippon Professional Baseball.Mima attended Fujishiro High School and Chuo University. Mima pitched for Tokyo Gas in the industrial leagues after college. The Rakuten Golden Eagles chose him in the second round of the 2010 draft. He then joined the Japanese national baseball team for the 2010 Asian Games.,"{""Company"": 0, ""EducationalInstitution"": 0, ""Artist"": 0, ""Athlete"": 5, ""OfficeHolder"": 0, ""MeanOfTransportation"": 0, ""Building"": 0, ""NaturalPlace"": 0, ""Village"": 0, ""Animal"": 0, ""Plant"": 0, ""Album"": 0, ""Film"": 0, ""WrittenWork"": 0}",5,5,1.0,1
31,Animal,Animal,Animal,Phtheochroa aegrana.  Phtheochroa aegrana is a species of moth of the Tortricidae family. It is found in North America where it has been recorded from Alberta Oregon California and New Mexico.The wingspan is 14-16 mm. Adults have been recorded on wing from May to August and in January.,"{""Company"": 0, ""EducationalInstitution"": 0, ""Artist"": 0, ""Athlete"": 0, ""OfficeHolder"": 0, ""MeanOfTransportation"": 0, ""Building"": 0, ""NaturalPlace"": 0, ""Village"": 0, ""Animal"": 5, ""Plant"": 0, ""Album"": 0, ""Film"": 0, ""WrittenWork"": 0}",5,5,1.0,1
32,Plant,Plant,NaturalPlace,Pseuderia.  Pseuderia is a genus of orchids consisting of about 19 species distributed from the Moluccas through New Guinea to Samoa and Fiji. The genus has its center of diversity in New Guinea.,"{""Company"": 0, ""EducationalInstitution"": 0, ""Artist"": 0, ""Athlete"": 0, ""OfficeHolder"": 0, ""MeanOfTransportation"": 0, ""Building"": 0, ""NaturalPlace"": 5, ""Village"": 0, ""Animal"": 0, ""Plant"": 0, ""Album"": 0, ""Film"": 0, ""WrittenWork"": 0}",5,5,1.0,0
33,OfficeHolder,OfficeHolder,OfficeHolder,Jacek Cichocki.  Jacek Cichocki (born 17 December 1971) is an independent Polish politician and is the current chief of the chancellery of the prime minister. Previously between November 2011 to February 2013 Cichocki served as the minister of interior in the second cabinet of Prime Minister Donald Tusk. As a senior member of the premier's executive office Cichocki is a member of the Cabinet of Poland.,"{""Company"": 0, ""EducationalInstitution"": 0, ""Artist"": 0, ""Athlete"": 0, ""OfficeHolder"": 5, ""MeanOfTransportation"": 0, ""Building"": 0, ""NaturalPlace"": 0, ""Village"": 0, ""Animal"": 0, ""Plant"": 0, ""Album"": 0, ""Film"": 0, ""WrittenWork"": 0}",5,5,1.0,1
34,Athlete,Athlete,Athlete,Johnny Oduya.  David Johnny Oduya (born October 1 1981) is a Swedish professional ice hockey defenceman of partial Kenyan Luo descent who currently plays for the Chicago Blackhawks of the National Hockey League.,"{""Company"": 0, ""EducationalInstitution"": 0, ""Artist"": 0, ""Athlete"": 5, ""OfficeHolder"": 0, ""MeanOfTransportation"": 0, ""Building"": 0, ""NaturalPlace"": 0, ""Village"": 0, ""Animal"": 0, ""Plant"": 0, ""Album"": 0, ""Film"": 0, ""WrittenWork"": 0}",5,5,1.0,1
35,WrittenWork,WrittenWork,Company,WildBird.  WildBird is a bimonthly magazine about birding or birdwatching in North America Central America and South America. It is published by BowTie Inc.,"{""Company"": 5, ""EducationalInstitution"": 0, ""Artist"": 0, ""Athlete"": 0, ""OfficeHolder"": 0, ""MeanOfTransportation"": 0, ""Building"": 0, ""NaturalPlace"": 0, ""Village"": 0, ""Animal"": 0, ""Plant"": 0, ""Album"": 0, ""Film"": 0, ""WrittenWork"": 0}",5,5,1.0,0
36,Plant,Plant,NaturalPlace,Paeonia emodi.  Paeonia emodi or Himalayan peony takes its name from the Latin for Himalaya emodi montes where it grows in the western part of the mountain range. It is among the tallest of the Peony species and while cold-hardy it grows better in warm temperate climates. It is a parent of the popular hybrid White Innocence which reaches 1.5 m.,"{""Company"": 0, ""EducationalInstitution"": 0, ""Artist"": 0, ""Athlete"": 0, ""OfficeHolder"": 0, ""MeanOfTransportation"": 0, ""Building"": 1, ""NaturalPlace"": 3, ""Village"": 0, ""Animal"": 0, ""Plant"": 1, ""Album"": 0, ""Film"": 0, ""WrittenWork"": 0}",3,5,0.6,0
37,WrittenWork,WrittenWork,Company,Ramtanu Lahiri O Tatkalin Bangasamaj.  Ramtanu Lahiri O Tatkalin Bangasamaj (Ramtanu Lahiri and Contemporary Bengali Society/The Life and Times of Ramtanu Lahiri) is a book authored by Shibnath Shastri. It is considered one of the most important historical documents relating to the period commonly known as the Bengali renaissance.,"{""Company"": 4, ""EducationalInstitution"": 0, ""Artist"": 0, ""Athlete"": 0, ""OfficeHolder"": 0, ""MeanOfTransportation"": 0, ""Building"": 0, ""NaturalPlace"": 0, ""Village"": 0, ""Animal"": 0, ""Plant"": 0, ""Album"": 0, ""Film"": 0, ""WrittenWork"": 0}",4,5,0.8,0
38,Company,Company,Company,Wera Tools.  Wera Tools is the popular name for tool manufacturer Wera Werk Hermann Werner GmbH & Co. KG of Wuppertal Germany. It was founded in 1936.,"{""Company"": 5, ""EducationalInstitution"": 0, ""Artist"": 0, ""Athlete"": 0, ""OfficeHolder"": 0, ""MeanOfTransportation"": 0, ""Building"": 0, ""NaturalPlace"": 0, ""Village"": 0, ""Animal"": 0, ""Plant"": 0, ""Album"": 0, ""Film"": 0, ""WrittenWork"": 0}",5,5,1.0,1
39,NaturalPlace,NaturalPlace,NaturalPlace,Șoimuș River (Someș).  The Soimuș River is a tributary of the Someş River in Romania.,"{""Company"": 0, ""EducationalInstitution"": 0, ""Artist"": 0, ""Athlete"": 0, ""OfficeHolder"": 0, ""MeanOfTransportation"": 0, ""Building"": 1, ""NaturalPlace"": 4, ""Village"": 0, ""Animal"": 0, ""Plant"": 0, ""Album"": 0, ""Film"": 0, ""WrittenWork"": 0}",4,5,0.8,1
40,NaturalPlace,NaturalPlace,NaturalPlace,La Villuerca.  La Villuerca also known as Risco de la Villuerca Pico la Villuerca and Pico de las Villuercas is the highest peak of the Sierra de Villuercas range also known as Sierra de Guadalupe. It is located 6 km west of Guadalupe town in Las Villuercas comarca Cáceres Province Extremadura Spain and is the highest point of the greater Montes de Toledo system.,"{""Company"": 0, ""EducationalInstitution"": 0, ""Artist"": 0, ""Athlete"": 0, ""OfficeHolder"": 0, ""MeanOfTransportation"": 0, ""Building"": 2, ""NaturalPlace"": 3, ""Village"": 0, ""Animal"": 0, ""Plant"": 0, ""Album"": 0, ""Film"": 0, ""WrittenWork"": 0}",3,5,0.6,1
41,WrittenWork,WrittenWork,WrittenWork,Keeper (Appelt novel).  Keeper is a 2010 novel written by Kathi Appelt. This story is about a young girl who searches for her mermaid mother Meggie Marie.,"{""Company"": 0, ""EducationalInstitution"": 0, ""Artist"": 0, ""Athlete"": 0, ""OfficeHolder"": 0, ""MeanOfTransportation"": 0, ""Building"": 0, ""NaturalPlace"": 0, ""Village"": 0, ""Animal"": 0, ""Plant"": 0, ""Album"": 1, ""Film"": 0, ""WrittenWork"": 3}",3,5,0.6,1
42,Company,Company,Company,Black Earth Farming.  Black Earth Farming is a public investment-run agriculture business based in Russia. It controls more than 3000 square kilometres (1200 sq mi) of land in the Black Earth Region. Their business goal has been described as the acquisition of cheap neglected but fertile land in the fertile Black Earth regions of Russia by CEO Richard Warburton. It is sometimes described as a land grab company.They have a contract with PepsiCo growing sugar beets and potatoes for them.,"{""Company"": 5, ""EducationalInstitution"": 0, ""Artist"": 0, ""Athlete"": 0, ""OfficeHolder"": 0, ""MeanOfTransportation"": 0, ""Building"": 0, ""NaturalPlace"": 0, ""Village"": 0, ""Animal"": 0, ""Plant"": 0, ""Album"": 0, ""Film"": 0, ""WrittenWork"": 0}",5,5,1.0,1
43,Village,Village,Village,Kadamaha.  Kadamaha is a village development committee in Morang District in the Kosi Zone of south-eastern Nepal. At the time of the 1991 Nepal census it had a population of 5182 people living in 1029 individual households.,"{""Company"": 0, ""EducationalInstitution"": 0, ""Artist"": 0, ""Athlete"": 0, ""OfficeHolder"": 0, ""MeanOfTransportation"": 0, ""Building"": 0, ""NaturalPlace"": 0, ""Village"": 5, ""Animal"": 0, ""Plant"": 0, ""Album"": 0, ""Film"": 0, ""WrittenWork"": 0}",5,5,1.0,1
44,NaturalPlace,NaturalPlace,Building,Blancanus (crater).  Blancanus is a lunar impact crater located in the rugged southern region of the Moon to the southwest of the walled plain Clavius. To the northwest lies the comparably sized crater Scheiner and south-southwest of Blancanus is the worn Klaproth.The outer rim of Blancanus is considerably less worn than that of Scheiner crater to the northwest and the edge is still fairly well defined and it has a terraced structure on the interior.,"{""Company"": 0, ""EducationalInstitution"": 0, ""Artist"": 0, ""Athlete"": 0, ""OfficeHolder"": 0, ""MeanOfTransportation"": 0, ""Building"": 4, ""NaturalPlace"": 1, ""Village"": 0, ""Animal"": 0, ""Plant"": 0, ""Album"": 0, ""Film"": 0, ""WrittenWork"": 0}",4,5,0.8,0
45,Company,Company,Company,MTBC.  MTBC Medical Transcription Billing Corp. is a healthcare IT company that provides electronic health record software and technology-based medical billing transcription and practice management services to healthcare providers in the United States. MTBC is headquartered in Somerset NJ USA and runs an operational facility in Islamabad Pakistan through its subsidiary Medical Transcription Billing Company (Pvt.) Ltd.,"{""Company"": 5, ""EducationalInstitution"": 0, ""Artist"": 0, ""Athlete"": 0, ""OfficeHolder"": 0, ""MeanOfTransportation"": 0, ""Building"": 0, ""NaturalPlace"": 0, ""Village"": 0, ""Animal"": 0, ""Plant"": 0, ""Album"": 0, ""Film"": 0, ""WrittenWork"": 0}",5,5,1.0,1
46,Artist,Artist,EducationalInstitution,Marie-Laure Ryan.  Marie-Laure Ryan is a prominent literary scholar and critic. She has written several books and articles on narratology fiction and cyberculture and has been awarded several times for her work.In her latest book Avatars of Story she embraces a transmedial definition of narrative based on cognitive premises. She is currently a Scholar in Residence at the University of Colorado.,"{""Company"": 0, ""EducationalInstitution"": 4, ""Artist"": 0, ""Athlete"": 0, ""OfficeHolder"": 0, ""MeanOfTransportation"": 0, ""Building"": 0, ""NaturalPlace"": 0, ""Village"": 0, ""Animal"": 0, ""Plant"": 0, ""Album"": 0, ""Film"": 0, ""WrittenWork"": 0}",4,5,0.8,0
47,Athlete,Athlete,Athlete,Almighty Voice.  Almighty Voice was a Canadian lacrosse player who competed in the 1904 Summer Olympics.In 1904 he was member of the Mohawk Indians Lacrosse Team which won the bronze medal in the lacrosse tournament.,"{""Company"": 0, ""EducationalInstitution"": 0, ""Artist"": 0, ""Athlete"": 5, ""OfficeHolder"": 0, ""MeanOfTransportation"": 0, ""Building"": 0, ""NaturalPlace"": 0, ""Village"": 0, ""Animal"": 0, ""Plant"": 0, ""Album"": 0, ""Film"": 0, ""WrittenWork"": 0}",5,5,1.0,1
48,Album,Album,Album,Rocky Mountain Jam.  Rocky Mountain Jam is the ninth live album by the American rock band Little Feat released in 2007. (see 2007 in music). It is currently the band's most recent live release and features long improvisational jams on most of the songs including a nod to both Miles Davis' So What and the Grateful Dead's Dark Star at the beginning of Dixie Chicken.,"{""Company"": 1, ""EducationalInstitution"": 0, ""Artist"": 0, ""Athlete"": 0, ""OfficeHolder"": 0, ""MeanOfTransportation"": 0, ""Building"": 0, ""NaturalPlace"": 0, ""Village"": 0, ""Animal"": 0, ""Plant"": 0, ""Album"": 4, ""Film"": 0, ""WrittenWork"": 0}",4,5,0.8,1
49,Building,Building,Building,Long Island City Courthouse.  The Long Island City Courthouse is located at 25-10 Court Square in Long Island City Queens in New York City. It formerly housed Criminal Court County Court the District Attorney staff and the county sheriff's office. Today the Courthouse is another home to the Civil Term of Supreme Court Queens County. It has been run for the past 20 years by Chief Clerk Mark Finkelstein. (Civil Term also sits in Jamaica). The courthouse was designed by the architect George Hathorne.,"{""Company"": 0, ""EducationalInstitution"": 0, ""Artist"": 0, ""Athlete"": 0, ""OfficeHolder"": 2, ""MeanOfTransportation"": 0, ""Building"": 3, ""NaturalPlace"": 0, ""Village"": 0, ""Animal"": 0, ""Plant"": 0, ""Album"": 0, ""Film"": 0, ""WrittenWork"": 0}",3,5,0.6,1
50,Building,Building,OfficeHolder,National Museum of Fine Arts Chişinău.  The National Museum of Fine Arts (Romanian: Muzeul Naţional de Artă) is a museum in Chişinău Moldova founded in November 1939 by Alexandru Plămădeală and Auguste Baillayre.,"{""Company"": 1, ""EducationalInstitution"": 0, ""Artist"": 0, ""Athlete"": 0, ""OfficeHolder"": 3, ""MeanOfTransportation"": 0, ""Building"": 1, ""NaturalPlace"": 0, ""Village"": 0, ""Animal"": 0, ""Plant"": 0, ""Album"": 0, ""Film"": 0, ""WrittenWork"": 0}",3,5,0.6,0
51,OfficeHolder,OfficeHolder,OfficeHolder,Graham Watt.  Graham Travis Watt (born 18 August 1976) is an Australian politician who is currently the member for the Victorian Legislative Assembly for the Electoral district of Burwood. Graham is a member of the Liberal Party.He was elected on 27 November 2010 and was formally sworn in on 2 December 2010.,"{""Company"": 0, ""EducationalInstitution"": 0, ""Artist"": 0, ""Athlete"": 0, ""OfficeHolder"": 5, ""MeanOfTransportation"": 0, ""Building"": 0, ""NaturalPlace"": 0, ""Village"": 0, ""Animal"": 0, ""Plant"": 0, ""Album"": 0, ""Film"": 0, ""WrittenWork"": 0}",5,5,1.0,1
52,Village,Village,Village,Nowe Łubki.  Nowe Łubki [ˈnɔvɛ ˈwupki] is a village in the administrative district of Gmina Bulkowo within Płock County Masovian Voivodeship in east-central Poland.The village has a population of 1500.,"{""Company"": 0, ""EducationalInstitution"": 0, ""Artist"": 0, ""Athlete"": 0, ""OfficeHolder"": 0, ""MeanOfTransportation"": 0, ""Building"": 0, ""NaturalPlace"": 0, ""Village"": 5, ""Animal"": 0, ""Plant"": 0, ""Album"": 0, ""Film"": 0, ""WrittenWork"": 0}",5,5,1.0,1
53,Company,Company,Company,VL Automotive.  VL Automotive is a small American-based automotive company founded by Bob Lutz and Gilbert Villarreal. VL came to public attention in 2013 when it displayed the Destino its first model at the North American International Auto Show in Detroit.,"{""Company"": 5, ""EducationalInstitution"": 0, ""Artist"": 0, ""Athlete"": 0, ""OfficeHolder"": 0, ""MeanOfTransportation"": 0, ""Building"": 0, ""NaturalPlace"": 0, ""Village"": 0, ""Animal"": 0, ""Plant"": 0, ""Album"": 0, ""Film"": 0, ""WrittenWork"": 0}",5,5,1.0,1
54,MeanOfTransportation,MeanOfTransportation,OfficeHolder,Avro Andover.  The Avro Andover was a 1920s British military transport aircraft built by Avro for the Royal Air Force. Four aircraft were built in two versions. Three aircraft the Type 561 were used as flying ambulances. The sole example of the Type 563 was used as a 12-seater transport.,"{""Company"": 1, ""EducationalInstitution"": 0, ""Artist"": 0, ""Athlete"": 0, ""OfficeHolder"": 3, ""MeanOfTransportation"": 0, ""Building"": 1, ""NaturalPlace"": 0, ""Village"": 0, ""Animal"": 0, ""Plant"": 0, ""Album"": 0, ""Film"": 0, ""WrittenWork"": 0}",3,5,0.6,0
55,OfficeHolder,OfficeHolder,OfficeHolder,Fernand Rinfret.  Louis Édouard Fernand Rinfret PC (28 February 1883 – 12 July 1939) was a Canadian politician.,"{""Company"": 0, ""EducationalInstitution"": 0, ""Artist"": 0, ""Athlete"": 0, ""OfficeHolder"": 5, ""MeanOfTransportation"": 0, ""Building"": 0, ""NaturalPlace"": 0, ""Village"": 0, ""Animal"": 0, ""Plant"": 0, ""Album"": 0, ""Film"": 0, ""WrittenWork"": 0}",5,5,1.0,1
56,Village,Village,Village,Kuźniaki.  Kuźniaki [kuʑˈɲaki] is a village in the administrative district of Gmina Strawczyn within Kielce County Świętokrzyskie Voivodeship in south-central Poland. It lies approximately 6 kilometres (4 mi) north-west of Strawczyn and 21 km (13 mi) north-west of the regional capital Kielce.The village has a population of 470.,"{""Company"": 0, ""EducationalInstitution"": 0, ""Artist"": 0, ""Athlete"": 0, ""OfficeHolder"": 0, ""MeanOfTransportation"": 0, ""Building"": 0, ""NaturalPlace"": 0, ""Village"": 5, ""Animal"": 0, ""Plant"": 0, ""Album"": 0, ""Film"": 0, ""WrittenWork"": 0}",5,5,1.0,1
57,NaturalPlace,NaturalPlace,ABSTAIN,Mjogsjøhøi.  Mjogsjøhøi is a mountain of Oppland in southern Norway.,"{""Company"": 0, ""EducationalInstitution"": 0, ""Artist"": 0, ""Athlete"": 0, ""OfficeHolder"": 0, ""MeanOfTransportation"": 0, ""Building"": 0, ""NaturalPlace"": 0, ""Village"": 0, ""Animal"": 0, ""Plant"": 0, ""Album"": 0, ""Film"": 0, ""WrittenWork"": 0}",0,5,0.0,0
58,Plant,Plant,Plant,Arnica parryi.  Arnica parryi is a species of arnica known by the common name Parry's arnica. It is native to western North America from Yukon to California to Colorado where it is a resident of temperate coniferous forests. This is a rhizomatous perennial herb producing a single unbranched stem to heights between 10 and 60 centimeters. There are oval-shaped leaves around the base of the stem and a few pairs of longer narrower petioled leaves above them.,"{""Company"": 0, ""EducationalInstitution"": 0, ""Artist"": 0, ""Athlete"": 0, ""OfficeHolder"": 0, ""MeanOfTransportation"": 0, ""Building"": 0, ""NaturalPlace"": 0, ""Village"": 0, ""Animal"": 0, ""Plant"": 5, ""Album"": 0, ""Film"": 0, ""WrittenWork"": 0}",5,5,1.0,1
59,Film,Film,Film,Krakatoa (film).  Krakatoa is a 1933 American short documentary film produced by Joe Rock. It won the Academy Award in 1934 for Best Short Subject (Novelty).Educational Pictures (or Educational Film Exchanges Inc.) was the film distributor of the film.This film was notable for overwhelming the sound systems of the cinemas of the time. In Australia the distributors insisted on a power output of 10 watts RMS as a minimum for cinemas wishing to show the film.,"{""Company"": 0, ""EducationalInstitution"": 0, ""Artist"": 0, ""Athlete"": 0, ""OfficeHolder"": 0, ""MeanOfTransportation"": 0, ""Building"": 0, ""NaturalPlace"": 0, ""Village"": 0, ""Animal"": 0, ""Plant"": 0, ""Album"": 0, ""Film"": 5, ""WrittenWork"": 0}",5,5,1.0,1
60,Album,Album,Album,Taking the Long Way.  Taking the Long Way is the seventh studio album by the Dixie Chicks an American country music band. It was released on May 23 2006 in the U.S. and on June 12 2006 worldwide. The album debuted at #1 on the Billboard 200. It sold over 2.5 million copies in the U.S. being certified 2x platinum by the Recording Industry Association of America as of July 11 2007. It won 5 Grammy Awards including Album of the Year Record of the Year and Song of the Year in February 2007.,"{""Company"": 0, ""EducationalInstitution"": 0, ""Artist"": 0, ""Athlete"": 0, ""OfficeHolder"": 0, ""MeanOfTransportation"": 0, ""Building"": 0, ""NaturalPlace"": 0, ""Village"": 0, ""Animal"": 0, ""Plant"": 0, ""Album"": 5, ""Film"": 0, ""WrittenWork"": 0}",5,5,1.0,1
61,EducationalInstitution,EducationalInstitution,EducationalInstitution,Sunnyslope High School.  Sunnyslope High School is in the Glendale Union High School District in Phoenix Arizona and offers courses for grades 9–12.,"{""Company"": 0, ""EducationalInstitution"": 5, ""Artist"": 0, ""Athlete"": 0, ""OfficeHolder"": 0, ""MeanOfTransportation"": 0, ""Building"": 0, ""NaturalPlace"": 0, ""Village"": 0, ""Animal"": 0, ""Plant"": 0, ""Album"": 0, ""Film"": 0, ""WrittenWork"": 0}",5,5,1.0,1
62,Film,Film,Film,Calendar (2009 film).  Calendar is a 2009 Malayalam romance film starring Mukesh Navya Nair Zarina Wahab and Prithviraj Sukumaran Prithviraj's real-life mother Mallika Sukumaran Jagathi Sreekumar.,"{""Company"": 0, ""EducationalInstitution"": 0, ""Artist"": 0, ""Athlete"": 0, ""OfficeHolder"": 0, ""MeanOfTransportation"": 0, ""Building"": 0, ""NaturalPlace"": 0, ""Village"": 0, ""Animal"": 0, ""Plant"": 0, ""Album"": 0, ""Film"": 5, ""WrittenWork"": 0}",5,5,1.0,1
63,MeanOfTransportation,MeanOfTransportation,Company,HMS Calliope (1884).  HMS Calliope was a Calypso-class corvette (later classified as a third-class cruiser) of the Royal Navy which served from 1887 until 1951. Exemplifying the transitional nature of the late Victorian navy Calliope was a sailing corvette – last such ship built for the Royal Navy – but supplemented the full sail rig with a powerful engine.,"{""Company"": 1, ""EducationalInstitution"": 0, ""Artist"": 0, ""Athlete"": 0, ""OfficeHolder"": 0, ""MeanOfTransportation"": 0, ""Building"": 0, ""NaturalPlace"": 0, ""Village"": 0, ""Animal"": 0, ""Plant"": 0, ""Album"": 0, ""Film"": 0, ""WrittenWork"": 0}",1,5,0.2,0
64,Athlete,Athlete,Athlete,Alisi Tupuailei.  Alisi Tupuailei (born 1 February 1982) is a Samoa-born Japanese professional rugby union player who currently plays for Honda Heat and the Japan national rugby union team.,"{""Company"": 0, ""EducationalInstitution"": 0, ""Artist"": 0, ""Athlete"": 5, ""OfficeHolder"": 0, ""MeanOfTransportation"": 0, ""Building"": 0, ""NaturalPlace"": 0, ""Village"": 0, ""Animal"": 0, ""Plant"": 0, ""Album"": 0, ""Film"": 0, ""WrittenWork"": 0}",5,5,1.0,1
65,Film,Film,Film,The Last Days of Pompeii (1926 film).  For other uses see The Last Days of Pompeii (disambiguation).Gli ultimi giorni di Pompei (English: The Last Days of Pompeii) (1926) is an Italian historical silent drama film. The film was directed by Carmine Gallone and Amleto Palermi based on the 1834 novel The Last Days of Pompeii by Edward George Bulwer-Lytton. Original release prints of the film were entirely colorized by the Pathechrome stencil color process.,"{""Company"": 0, ""EducationalInstitution"": 0, ""Artist"": 0, ""Athlete"": 0, ""OfficeHolder"": 0, ""MeanOfTransportation"": 0, ""Building"": 0, ""NaturalPlace"": 0, ""Village"": 0, ""Animal"": 0, ""Plant"": 0, ""Album"": 0, ""Film"": 5, ""WrittenWork"": 0}",5,5,1.0,1
66,OfficeHolder,OfficeHolder,OfficeHolder,Troy Findley.  Troy Findley (born in Lawrence Kansas) was the 48th Lieutenant Governor of Kansas. He was appointed by Governor Mark Parkinson on May 14 2009 and took office the following day. Findley previously served as chief of staff to Governor Kathleen Sebelius.As lieutenant governor Findley chaired both the Governor’s Energy Cabinet Team and the Governor’s Recovery Act Advisory Group.,"{""Company"": 0, ""EducationalInstitution"": 0, ""Artist"": 0, ""Athlete"": 0, ""OfficeHolder"": 5, ""MeanOfTransportation"": 0, ""Building"": 0, ""NaturalPlace"": 0, ""Village"": 0, ""Animal"": 0, ""Plant"": 0, ""Album"": 0, ""Film"": 0, ""WrittenWork"": 0}",5,5,1.0,1
67,Artist,Artist,Athlete,Ralf Scheepers.  Ralf Scheepers (born 5 February 1965 in Esslingen Germany) is the current vocalist for German power metal outfit Primal Fear. He has a relatively high-pitched tenor-esque singing voice and sometimes uses a shriek reminiscent of Judas Priest's Rob Halford although it is his baritone lows which give him a near four octave range in the modal register. He has also sung in Gamma Ray and Tyran' Pace.,"{""Company"": 0, ""EducationalInstitution"": 0, ""Artist"": 2, ""Athlete"": 3, ""OfficeHolder"": 0, ""MeanOfTransportation"": 0, ""Building"": 0, ""NaturalPlace"": 0, ""Village"": 0, ""Animal"": 0, ""Plant"": 0, ""Album"": 0, ""Film"": 0, ""WrittenWork"": 0}",3,5,0.6,0
68,EducationalInstitution,EducationalInstitution,EducationalInstitution,Big Walnut Middle School.  Big Walnut Middle School is the only middle school currently located in the Big Walnut Local School District (located in Sunbury Ohio). The new middle school hold grades 7-8.,"{""Company"": 0, ""EducationalInstitution"": 4, ""Artist"": 0, ""Athlete"": 0, ""OfficeHolder"": 0, ""MeanOfTransportation"": 0, ""Building"": 0, ""NaturalPlace"": 0, ""Village"": 0, ""Animal"": 0, ""Plant"": 0, ""Album"": 0, ""Film"": 0, ""WrittenWork"": 0}",4,5,0.8,1
69,Plant,Plant,Plant,Calochortus persistens.  Calochortus persistens is a rare species of flowering plant in the lily family known by the common name Siskiyou mariposa lily. It is native to northern California and southern Oregon where it is known from a few populations on two peaks of the Klamath Mountains straddling the state border.,"{""Company"": 0, ""EducationalInstitution"": 0, ""Artist"": 0, ""Athlete"": 0, ""OfficeHolder"": 0, ""MeanOfTransportation"": 0, ""Building"": 0, ""NaturalPlace"": 0, ""Village"": 0, ""Animal"": 0, ""Plant"": 5, ""Album"": 0, ""Film"": 0, ""WrittenWork"": 0}",5,5,1.0,1
70,Artist,Artist,Artist,Lillian Cotton.  Lillian Cotton (1892–1962) was an American artist known for her portraits especially of high-society figures and well-known actors writers and artists of her day.Lillian Cotton was born and raised in Boston Massachusetts. Her father was Nathaniel Hugh Cotton a West Indies shipping merchant born in Barbados and her mother was Harriet Emma Clapp.,"{""Company"": 0, ""EducationalInstitution"": 0, ""Artist"": 5, ""Athlete"": 0, ""OfficeHolder"": 0, ""MeanOfTransportation"": 0, ""Building"": 0, ""NaturalPlace"": 0, ""Village"": 0, ""Animal"": 0, ""Plant"": 0, ""Album"": 0, ""Film"": 0, ""WrittenWork"": 0}",5,5,1.0,1
71,Village,Village,Village,Zow-e Bala.  Zow-e Bala (Persian: زوبالا‎ also Romanized as Zow-e Bālā) is a village in Hezarmasjed Rural District in the Central District of Kalat County Razavi Khorasan Province Iran. At the 2006 census its population was 10 in 4 families.,"{""Company"": 0, ""EducationalInstitution"": 0, ""Artist"": 0, ""Athlete"": 0, ""OfficeHolder"": 0, ""MeanOfTransportation"": 0, ""Building"": 0, ""NaturalPlace"": 0, ""Village"": 5, ""Animal"": 0, ""Plant"": 0, ""Album"": 0, ""Film"": 0, ""WrittenWork"": 0}",5,5,1.0,1
72,WrittenWork,WrittenWork,EducationalInstitution,Progress in Human Geography.  Progress in Human Geography is a bimonthly peer-reviewed academic journal that covers the field of human geography primarily publishing critical reviews of current research. The journal's editor-in-chief is Noel Castree. It was established in 1977 and is currently published by SAGE Publications.,"{""Company"": 0, ""EducationalInstitution"": 5, ""Artist"": 0, ""Athlete"": 0, ""OfficeHolder"": 0, ""MeanOfTransportation"": 0, ""Building"": 0, ""NaturalPlace"": 0, ""Village"": 0, ""Animal"": 0, ""Plant"": 0, ""Album"": 0, ""Film"": 0, ""WrittenWork"": 0}",5,5,1.0,0
73,Album,Album,Album,Oscar Peterson in Russia.  Oscar Peterson in Russia is a 1974 live album by Oscar Peterson accompanied by Niels-Henning Ørsted Pedersen recorded in the Soviet Union.,"{""Company"": 0, ""EducationalInstitution"": 0, ""Artist"": 2, ""Athlete"": 0, ""OfficeHolder"": 0, ""MeanOfTransportation"": 0, ""Building"": 0, ""NaturalPlace"": 0, ""Village"": 0, ""Animal"": 0, ""Plant"": 0, ""Album"": 3, ""Film"": 0, ""WrittenWork"": 0}",3,5,0.6,1
74,Building,Building,Building,Trenton (Cumberland Virginia).  Trenton also known as the “Brick House” is a historic plantation home located near Cumberland Cumberland County Virginia. It was built about 1829 and is a 2 1/2-story brick dwelling with a center-passage double-pile floor plan in the Federal style. It has transitional elements of the Early Classical Revival style. A one-story shed roofed addition was built about 1960. Also on the property are a contributing stable (c. 1930) brick shed/smokehouse (c. 1930) grading building (c.,"{""Company"": 0, ""EducationalInstitution"": 0, ""Artist"": 0, ""Athlete"": 0, ""OfficeHolder"": 0, ""MeanOfTransportation"": 0, ""Building"": 5, ""NaturalPlace"": 0, ""Village"": 0, ""Animal"": 0, ""Plant"": 0, ""Album"": 0, ""Film"": 0, ""WrittenWork"": 0}",5,5,1.0,1
75,Company,Company,NaturalPlace,Merck Sharp & Dohme Federal Credit Union.  Merck Sharp & Dohme Credit Union is a federally insured state chartered 470 million dollar 28000 member natural person credit union operating from two public branches and four Merck & Co. branches in and around Chalfont Pennsylvania.,"{""Company"": 0, ""EducationalInstitution"": 0, ""Artist"": 0, ""Athlete"": 0, ""OfficeHolder"": 0, ""MeanOfTransportation"": 0, ""Building"": 0, ""NaturalPlace"": 5, ""Village"": 0, ""Animal"": 0, ""Plant"": 0, ""Album"": 0, ""Film"": 0, ""WrittenWork"": 0}",5,5,1.0,0
76,Film,Film,Film,Hotel Italia.  Hotel Italia is a gay pornographic film directed by Lucas Kazan in 1999.Every once in a while a video comes along without fanfare that surprises even the most jaded of critics writes Jeremy Spencer in AVN. Hotel Italia shot entirely in Italy and filled with gorgeous men romantic videography and incredible sex is one of those videos.,"{""Company"": 1, ""EducationalInstitution"": 0, ""Artist"": 0, ""Athlete"": 0, ""OfficeHolder"": 0, ""MeanOfTransportation"": 0, ""Building"": 0, ""NaturalPlace"": 0, ""Village"": 0, ""Animal"": 0, ""Plant"": 0, ""Album"": 0, ""Film"": 4, ""WrittenWork"": 0}",4,5,0.8,1
77,Company,Company,Company,Paine Webber.  Paine Webber and Company was an American stock brokerage and asset management firm that was acquired by the Swiss bank UBS AG in 2000. The company was founded in 1880 in Boston Massachusetts by William Alfred Paine and Wallace G. Webber. Operating with two employees they leased premises at 48 Congress Street in May 1881. The company was renamed Paine Webber & Co. when Charles Hamilton Paine became a partner.,"{""Company"": 5, ""EducationalInstitution"": 0, ""Artist"": 0, ""Athlete"": 0, ""OfficeHolder"": 0, ""MeanOfTransportation"": 0, ""Building"": 0, ""NaturalPlace"": 0, ""Village"": 0, ""Animal"": 0, ""Plant"": 0, ""Album"": 0, ""Film"": 0, ""WrittenWork"": 0}",5,5,1.0,1
78,MeanOfTransportation,MeanOfTransportation,Company,Clan (car).  The Clan Crusader was a fibreglass monocoque British sports car based on running gear from the Hillman Imp Sport including its Coventry Climax derived rear-mounted 875 cc engine. It was first made in Washington Co Durham England between 1971 and 1974 but since then several efforts have been made to bring the car back to production. Plans were made by Martin Phaff (of previous Ginetta fame) to re-resurrect the Clan in 2009 but nothing seems to have come of the project so far.,"{""Company"": 5, ""EducationalInstitution"": 0, ""Artist"": 0, ""Athlete"": 0, ""OfficeHolder"": 0, ""MeanOfTransportation"": 0, ""Building"": 0, ""NaturalPlace"": 0, ""Village"": 0, ""Animal"": 0, ""Plant"": 0, ""Album"": 0, ""Film"": 0, ""WrittenWork"": 0}",5,5,1.0,0
79,Athlete,Athlete,Athlete,Robin Martin-Jenkins.  Robin Simon Christopher Martin-Jenkins (born 28 October 1975 Guildford Surrey England) is an English cricketer who played for Sussex CCC and British Universities. He is six feet 5 inches tall. He is the son of Christopher Martin-Jenkins the cricket writer and commentator. Martin-Jenkins was educated at Radley College and was in the same college house at the same time as cricketers Andrew Strauss and Ben Hutton.,"{""Company"": 0, ""EducationalInstitution"": 0, ""Artist"": 0, ""Athlete"": 5, ""OfficeHolder"": 0, ""MeanOfTransportation"": 0, ""Building"": 0, ""NaturalPlace"": 0, ""Village"": 0, ""Animal"": 0, ""Plant"": 0, ""Album"": 0, ""Film"": 0, ""WrittenWork"": 0}",5,5,1.0,1
80,OfficeHolder,OfficeHolder,OfficeHolder,John Cebrowski.  John W. Cebrowski (born October 15 1939) is an American politician from the state of New Hampshire. A Republican he serves in the New Hampshire House of Representatives representing Hillsborough's 7th district.Cebrowski graduated from the Rochester Institute of Technology Rhode Island School of Design and Northwestern University's Kellogg School of Management. He served in the United States Marine Corps from 1962 through 1967 and was deployed during the Vietnam War.,"{""Company"": 0, ""EducationalInstitution"": 0, ""Artist"": 0, ""Athlete"": 0, ""OfficeHolder"": 5, ""MeanOfTransportation"": 0, ""Building"": 0, ""NaturalPlace"": 0, ""Village"": 0, ""Animal"": 0, ""Plant"": 0, ""Album"": 0, ""Film"": 0, ""WrittenWork"": 0}",5,5,1.0,1
81,WrittenWork,WrittenWork,Company,Cochrane Times-Post.  The Cochrane Times-Post is a weekly newspaper published on Friday. The newspaper serves Cochrane Ontario and the surrounding area and has a weekly circulation of approximately 2600 copies.,"{""Company"": 3, ""EducationalInstitution"": 0, ""Artist"": 0, ""Athlete"": 0, ""OfficeHolder"": 2, ""MeanOfTransportation"": 0, ""Building"": 0, ""NaturalPlace"": 0, ""Village"": 0, ""Animal"": 0, ""Plant"": 0, ""Album"": 0, ""Film"": 0, ""WrittenWork"": 0}",3,5,0.6,0
82,MeanOfTransportation,MeanOfTransportation,Company,NASA Helios.  The NASA Helios Prototype was the fourth and final aircraft developed as part of an evolutionary series of solar- and fuel-cell-system-powered unmanned aerial vehicles. AeroVironment Inc. developed the vehicles under NASA's Environmental Research Aircraft and Sensor Technology (ERAST) program.,"{""Company"": 5, ""EducationalInstitution"": 0, ""Artist"": 0, ""Athlete"": 0, ""OfficeHolder"": 0, ""MeanOfTransportation"": 0, ""Building"": 0, ""NaturalPlace"": 0, ""Village"": 0, ""Animal"": 0, ""Plant"": 0, ""Album"": 0, ""Film"": 0, ""WrittenWork"": 0}",5,5,1.0,0
83,Film,Film,Film,Death and the Compass (film).  Death and the Compass is a 1992 film by Alex Cox based on the Jorge Luis Borges short story of the same name. It stars Peter Boyle Miguel Sandoval and Christopher Eccleston. Mexican actress Zaide Silvia Gutiérrez also appears.The film was originally a 55-minute drama made for Spanish TV/BBC in 1992. Producer Karl Braun found further money to expand the film into a feature but the film was not completed for four years.The soundtrack was composed by Dan Wool and Pray for Rain.,"{""Company"": 0, ""EducationalInstitution"": 0, ""Artist"": 0, ""Athlete"": 0, ""OfficeHolder"": 0, ""MeanOfTransportation"": 0, ""Building"": 0, ""NaturalPlace"": 0, ""Village"": 0, ""Animal"": 0, ""Plant"": 0, ""Album"": 0, ""Film"": 5, ""WrittenWork"": 0}",5,5,1.0,1
84,EducationalInstitution,EducationalInstitution,EducationalInstitution,Brockton Preparatory School.  Brockton Preparatory School is an independent co-educational school located in the Lynn Valley neighbourhood of the district municipality of North Vancouver British Columbia Canada. It comprises both a Junior and a Middle School with students from Kindergarten to grade 5 and grades 6 to 10 respectively.,"{""Company"": 0, ""EducationalInstitution"": 5, ""Artist"": 0, ""Athlete"": 0, ""OfficeHolder"": 0, ""MeanOfTransportation"": 0, ""Building"": 0, ""NaturalPlace"": 0, ""Village"": 0, ""Animal"": 0, ""Plant"": 0, ""Album"": 0, ""Film"": 0, ""WrittenWork"": 0}",5,5,1.0,1
85,Film,Film,Film,He Ran All the Way.  He Ran All the Way is a 1951 American crime drama film noir directed by John Berry and featuring John Garfield Shelley Winters and Wallace Ford.The film was Garfield's last as accusations of his involvement with the Communist Party and a refusal to name names while testifying before the HUAC led to his blacklisting in Hollywood.,"{""Company"": 0, ""EducationalInstitution"": 0, ""Artist"": 0, ""Athlete"": 0, ""OfficeHolder"": 0, ""MeanOfTransportation"": 0, ""Building"": 0, ""NaturalPlace"": 0, ""Village"": 0, ""Animal"": 0, ""Plant"": 0, ""Album"": 0, ""Film"": 5, ""WrittenWork"": 0}",5,5,1.0,1
86,Animal,Animal,Animal,Vexillum luigiraybaudii.  Vexillum luigiraybaudii is a species of small sea snail marine gastropod mollusk in the family Costellariidae the ribbed miters.,"{""Company"": 0, ""EducationalInstitution"": 0, ""Artist"": 0, ""Athlete"": 0, ""OfficeHolder"": 0, ""MeanOfTransportation"": 0, ""Building"": 0, ""NaturalPlace"": 1, ""Village"": 0, ""Animal"": 4, ""Plant"": 0, ""Album"": 0, ""Film"": 0, ""WrittenWork"": 0}",4,5,0.8,1
87,Album,Album,Album,Procol Harum Live In Concert with the Edmonton Symphony Orchestra.  Procol Harum Live In Concert with the Edmonton Symphony Orchestra by the UK band Procol Harum was released in 1972; it was recorded at the Northern Alberta Jubilee Auditorium in Edmonton Alberta Canada on 18 November 1971. The album was very successful on the Billboard Top 200 peaking at #5. It is the band's best selling album certified Gold by the RIAA.,"{""Company"": 0, ""EducationalInstitution"": 0, ""Artist"": 0, ""Athlete"": 0, ""OfficeHolder"": 0, ""MeanOfTransportation"": 0, ""Building"": 0, ""NaturalPlace"": 0, ""Village"": 0, ""Animal"": 0, ""Plant"": 0, ""Album"": 5, ""Film"": 0, ""WrittenWork"": 0}",5,5,1.0,1
88,Album,Album,Artist,The Bells Sketch.  The Bells Sketch is the debut EP of London-based producer James Blake. It was released on 8 March 2010 by Hessle Audio. The EP received very positive reviews from music critics.,"{""Company"": 0, ""EducationalInstitution"": 0, ""Artist"": 5, ""Athlete"": 0, ""OfficeHolder"": 0, ""MeanOfTransportation"": 0, ""Building"": 0, ""NaturalPlace"": 0, ""Village"": 0, ""Animal"": 0, ""Plant"": 0, ""Album"": 0, ""Film"": 0, ""WrittenWork"": 0}",5,5,1.0,0
89,Building,Building,OfficeHolder,Pallati i Brigadave.  The Royal Palace or Oborri Mbretëror Shqipetar formerly known as The Palace of Brigades (Albanian: Pallati Mbretëror i Tiranës or Pallati i Brigadave) is a royal palace situated in Tirana Albania. It previously served as the main official residence of King Zog I. It has been used by different Albanian governments for various purposes. In 1945 it officially ceased to serve as a residence because the monarchist regime was substituted with the Communist one.,"{""Company"": 0, ""EducationalInstitution"": 0, ""Artist"": 0, ""Athlete"": 0, ""OfficeHolder"": 3, ""MeanOfTransportation"": 0, ""Building"": 2, ""NaturalPlace"": 0, ""Village"": 0, ""Animal"": 0, ""Plant"": 0, ""Album"": 0, ""Film"": 0, ""WrittenWork"": 0}",3,5,0.6,0
90,Building,Building,OfficeHolder,King Abdullah University Hospital.  King Abdullah University Hospital (Arabic: مستشفى الملك عبد الله الجامعي‎) often abbreviated KAUH is a hospital near Ar Ramtha Jordan. It is the largest medical structure in the north of the country serving approximately one million inhabitants from the Irbid Ajloun Jerash and Mafraq governorates.,"{""Company"": 0, ""EducationalInstitution"": 0, ""Artist"": 0, ""Athlete"": 0, ""OfficeHolder"": 3, ""MeanOfTransportation"": 0, ""Building"": 2, ""NaturalPlace"": 0, ""Village"": 0, ""Animal"": 0, ""Plant"": 0, ""Album"": 0, ""Film"": 0, ""WrittenWork"": 0}",3,5,0.6,0
91,Building,Building,Village,Skei Church.  Skei Church (Norwegian: Skei kirke) is a parish church in the municipality of Steinkjer in Nord-Trøndelag county Norway. It is located in the village of Ogndal. The church is part of the Ogndal parish in the Nord-Innherad deanery in the Diocese of Nidaros. The white wooden church was constructed in 1664 making it the oldest wooden church in Steinkjer.,"{""Company"": 0, ""EducationalInstitution"": 0, ""Artist"": 0, ""Athlete"": 0, ""OfficeHolder"": 0, ""MeanOfTransportation"": 0, ""Building"": 1, ""NaturalPlace"": 0, ""Village"": 4, ""Animal"": 0, ""Plant"": 0, ""Album"": 0, ""Film"": 0, ""WrittenWork"": 0}",4,5,0.8,0
92,EducationalInstitution,EducationalInstitution,OfficeHolder,Armstrong School District (Pennsylvania).  The Armstrong School District is a large public school district which encompasses approximately 437 square miles (1130 km2). The District is one of the 500 public school districts of Pennsylvania.,"{""Company"": 0, ""EducationalInstitution"": 1, ""Artist"": 0, ""Athlete"": 0, ""OfficeHolder"": 3, ""MeanOfTransportation"": 0, ""Building"": 0, ""NaturalPlace"": 0, ""Village"": 0, ""Animal"": 0, ""Plant"": 0, ""Album"": 0, ""Film"": 0, ""WrittenWork"": 0}",3,5,0.6,0
93,WrittenWork,WrittenWork,WrittenWork,Glas (book).  Glas is a 1974 book by Jacques Derrida. It combines a reading of Hegel's philosophical works and of Jean Genet's autobiographical writing. One of Derrida's more inscrutable books its form and content invite a reflection on the nature of literary genre and of writing.,"{""Company"": 0, ""EducationalInstitution"": 0, ""Artist"": 0, ""Athlete"": 0, ""OfficeHolder"": 0, ""MeanOfTransportation"": 0, ""Building"": 0, ""NaturalPlace"": 0, ""Village"": 0, ""Animal"": 0, ""Plant"": 0, ""Album"": 0, ""Film"": 0, ""WrittenWork"": 3}",3,5,0.6,1
94,WrittenWork,WrittenWork,Film,Hype and Glory.  Hype and Glory is a 1990 memoir from William Goldman which details his experiences as a judge at the 1988 Cannes Film Festival and Miss America Pageant. The book includes an interview with Clint Eastwood and a profile on Robert Redford.,"{""Company"": 2, ""EducationalInstitution"": 0, ""Artist"": 0, ""Athlete"": 0, ""OfficeHolder"": 0, ""MeanOfTransportation"": 0, ""Building"": 0, ""NaturalPlace"": 0, ""Village"": 0, ""Animal"": 0, ""Plant"": 0, ""Album"": 0, ""Film"": 3, ""WrittenWork"": 0}",3,5,0.6,0
95,Company,Company,Company,Leisurecorp.  Leisurecorp formerly Istithmar Leisure is a subsidiary of Dubai World established in 2006 that invests in sports and leisure facilities with golf being a particular focus.Among the sites owned by Leisurecorp are PGA European Tour venues Pearl Valley Golf Estates in South Africa and Jumeirah Golf Estates in Dubai. In October 2008 it completed acquisition of the Turnberry Resort in Scotland venue for the 2009 Open Championship.,"{""Company"": 5, ""EducationalInstitution"": 0, ""Artist"": 0, ""Athlete"": 0, ""OfficeHolder"": 0, ""MeanOfTransportation"": 0, ""Building"": 0, ""NaturalPlace"": 0, ""Village"": 0, ""Animal"": 0, ""Plant"": 0, ""Album"": 0, ""Film"": 0, ""WrittenWork"": 0}",5,5,1.0,1
96,Building,Building,Building,Dolwyddelan Castle.  Dolwyddelan Castle (Welsh: Castell Dolwyddelan) is a Welsh castle located near Dolwyddelan in Conwy County in North Wales. It is thought to have been built in the early 13th century by Llywelyn the Great Prince of Gwynedd and North Wales. Though the castle was then only one tower with two floors a second tower was built in the late 13th century and a third floor was added to the first during the late 15th century repairs.,"{""Company"": 0, ""EducationalInstitution"": 0, ""Artist"": 0, ""Athlete"": 0, ""OfficeHolder"": 0, ""MeanOfTransportation"": 0, ""Building"": 5, ""NaturalPlace"": 0, ""Village"": 0, ""Animal"": 0, ""Plant"": 0, ""Album"": 0, ""Film"": 0, ""WrittenWork"": 0}",5,5,1.0,1
97,MeanOfTransportation,MeanOfTransportation,Company,Gudrun Mærsk.  The Gudrun Maersk is a very large container ship capable of carrying 8500 TEU and with a deadweight (DWT) of 115700 metric tons. The ship was built in 2005 and is operated by the Maersk Line.,"{""Company"": 4, ""EducationalInstitution"": 0, ""Artist"": 0, ""Athlete"": 0, ""OfficeHolder"": 0, ""MeanOfTransportation"": 1, ""Building"": 0, ""NaturalPlace"": 0, ""Village"": 0, ""Animal"": 0, ""Plant"": 0, ""Album"": 0, ""Film"": 0, ""WrittenWork"": 0}",4,5,0.8,0
98,EducationalInstitution,EducationalInstitution,EducationalInstitution,University of Toronto Faculty of Law.  The University of Toronto Faculty of Law (U of T Law UToronto Law or Toronto Law) is the law school of the University of Toronto. Originally founded in 1887 the Faculty is one of the oldest law faculties in Canada although it was not until 1958 that the faculty was officially recognized as an accredited institution by the Law Society of Upper Canada.,"{""Company"": 1, ""EducationalInstitution"": 4, ""Artist"": 0, ""Athlete"": 0, ""OfficeHolder"": 0, ""MeanOfTransportation"": 0, ""Building"": 0, ""NaturalPlace"": 0, ""Village"": 0, ""Animal"": 0, ""Plant"": 0, ""Album"": 0, ""Film"": 0, ""WrittenWork"": 0}",4,5,0.8,1
99,MeanOfTransportation,MeanOfTransportation,Company,Riley RM.  The Riley RM Series was the last automobile series developed independently by Riley. RM vehicles were produced from 1945 after the Second World War through the 1952 merger of the Riley's Nuffield Organisation with Austin to form BMC. They were originally made in Coventry but in 1949 production moved to the MG works at Abingdon. The RM models were marketed as the Riley 1½ Litre and the Riley 2½ Litre.There were three types of RM vehicles produced.,"{""Company"": 5, ""EducationalInstitution"": 0, ""Artist"": 0, ""Athlete"": 0, ""OfficeHolder"": 0, ""MeanOfTransportation"": 0, ""Building"": 0, ""NaturalPlace"": 0, ""Village"": 0, ""Animal"": 0, ""Plant"": 0, ""Album"": 0, ""Film"": 0, ""WrittenWork"": 0}",5,5,1.0,0
100,OfficeHolder,OfficeHolder,OfficeHolder,Pat McCrory.  Patrick Lloyd Pat McCrory (born October 17 1956) is an American politician and the 74th Governor of North Carolina. He previously worked for Duke Energy and served a record 14 years as the 53rd Mayor of Charlotte from 1995 to 2009 and as a city councilman from 1989 to 1995. McCrory also received a presidential appointment by president George W. Bush to serve on the United States Homeland Security Advisory Council (HSAC) from 2002-2006.,"{""Company"": 0, ""EducationalInstitution"": 0, ""Artist"": 0, ""Athlete"": 0, ""OfficeHolder"": 5, ""MeanOfTransportation"": 0, ""Building"": 0, ""NaturalPlace"": 0, ""Village"": 0, ""Animal"": 0, ""Plant"": 0, ""Album"": 0, ""Film"": 0, ""WrittenWork"": 0}",5,5,1.0,1
101,Animal,Animal,Animal,Sand devil.  The sand devil or Atlantic angel shark (Squatina dumeril) is a species of angel shark family Squatinidae native to the northwestern Atlantic Ocean. It occurs off the eastern United States in the northern Gulf of Mexico and possibly in parts of the Caribbean Sea. This bottom-dwelling shark is found in shallow inshore waters in summer and fall and deep offshore waters in winter and spring. The sand devil's flattened body and enlarged pectoral and pelvic fins give it a ray-like appearance.,"{""Company"": 0, ""EducationalInstitution"": 0, ""Artist"": 0, ""Athlete"": 0, ""OfficeHolder"": 0, ""MeanOfTransportation"": 0, ""Building"": 0, ""NaturalPlace"": 0, ""Village"": 0, ""Animal"": 5, ""Plant"": 0, ""Album"": 0, ""Film"": 0, ""WrittenWork"": 0}",5,5,1.0,1
102,Film,Film,Film,Barefoot Gen 2.  Barefoot Gen 2 (はだしのゲン2 Hadashi no Gen 2) is a 1986 Japanese action drama anime film following the 1983 Barefoot Gen animated movie loosely based on the Japanese manga series by Keiji Nakazawa.,"{""Company"": 0, ""EducationalInstitution"": 0, ""Artist"": 0, ""Athlete"": 0, ""OfficeHolder"": 0, ""MeanOfTransportation"": 0, ""Building"": 0, ""NaturalPlace"": 0, ""Village"": 0, ""Animal"": 0, ""Plant"": 0, ""Album"": 0, ""Film"": 5, ""WrittenWork"": 0}",5,5,1.0,1
103,Animal,Animal,Animal,Mohnia abyssorum.  Mohnia abyssorum is a species of sea snail a marine gastropod mollusk in the family Buccinidae the true whelks.,"{""Company"": 0, ""EducationalInstitution"": 0, ""Artist"": 0, ""Athlete"": 0, ""OfficeHolder"": 0, ""MeanOfTransportation"": 0, ""Building"": 0, ""NaturalPlace"": 0, ""Village"": 0, ""Animal"": 5, ""Plant"": 0, ""Album"": 0, ""Film"": 0, ""WrittenWork"": 0}",5,5,1.0,1
104,NaturalPlace,NaturalPlace,NaturalPlace,Mura River (Angara).  The Mura (Russian: Мура) is a river in Krasnoyarsk Krai Russia. It is a left tributary of the Angara River.,"{""Company"": 0, ""EducationalInstitution"": 0, ""Artist"": 0, ""Athlete"": 0, ""OfficeHolder"": 0, ""MeanOfTransportation"": 0, ""Building"": 1, ""NaturalPlace"": 4, ""Village"": 0, ""Animal"": 0, ""Plant"": 0, ""Album"": 0, ""Film"": 0, ""WrittenWork"": 0}",4,5,0.8,1
105,Athlete,Athlete,Athlete,Joel Tillema.  Joel Tillema (born 5 September 1989 in The Hague) is a Dutch professional footballer who plays for ADO Den Haag.,"{""Company"": 0, ""EducationalInstitution"": 0, ""Artist"": 0, ""Athlete"": 5, ""OfficeHolder"": 0, ""MeanOfTransportation"": 0, ""Building"": 0, ""NaturalPlace"": 0, ""Village"": 0, ""Animal"": 0, ""Plant"": 0, ""Album"": 0, ""Film"": 0, ""WrittenWork"": 0}",5,5,1.0,1
106,OfficeHolder,OfficeHolder,OfficeHolder,Kamal Rani.  Kamal Rani (born 1958) is a Parliamentarian and a renowned social worker.,"{""Company"": 0, ""EducationalInstitution"": 0, ""Artist"": 0, ""Athlete"": 0, ""OfficeHolder"": 5, ""MeanOfTransportation"": 0, ""Building"": 0, ""NaturalPlace"": 0, ""Village"": 0, ""Animal"": 0, ""Plant"": 0, ""Album"": 0, ""Film"": 0, ""WrittenWork"": 0}",5,5,1.0,1
107,OfficeHolder,OfficeHolder,OfficeHolder,Vitalis Zvinavashe.  Lt. Gen. (Rtd.) Vitalis Zvinavashe (27 September 1943 – 11 March 2009) was a retired former Commander of the Zimbabwe Defence Forces and politician. He was also a member of the Politburo of the ZANU-PF. Zvinavashe had modest academic credentials but was renowned among Zimbabwe’s military circles as a strategist.,"{""Company"": 0, ""EducationalInstitution"": 0, ""Artist"": 0, ""Athlete"": 0, ""OfficeHolder"": 5, ""MeanOfTransportation"": 0, ""Building"": 0, ""NaturalPlace"": 0, ""Village"": 0, ""Animal"": 0, ""Plant"": 0, ""Album"": 0, ""Film"": 0, ""WrittenWork"": 0}",5,5,1.0,1
108,Building,Building,Building,St Mary of the Angels Wellington.  St Mary of the Angels is a Catholic church on the corner of Boulcott Street and O'Reily Avenue in Wellington New Zealand. It is the parish church for Wellington Central.The building is classified as a Category I (places of 'special or outstanding historical or cultural heritage significance or value') historic place by the New Zealand Historic Places Trust.,"{""Company"": 0, ""EducationalInstitution"": 0, ""Artist"": 0, ""Athlete"": 0, ""OfficeHolder"": 0, ""MeanOfTransportation"": 0, ""Building"": 5, ""NaturalPlace"": 0, ""Village"": 0, ""Animal"": 0, ""Plant"": 0, ""Album"": 0, ""Film"": 0, ""WrittenWork"": 0}",5,5,1.0,1
109,Plant,Plant,Plant,Tapeinoglossum.  Tapeinoglossum is a genus of orchids comprising 2 species endemic to New Guinea.,"{""Company"": 0, ""EducationalInstitution"": 0, ""Artist"": 0, ""Athlete"": 0, ""OfficeHolder"": 0, ""MeanOfTransportation"": 0, ""Building"": 0, ""NaturalPlace"": 1, ""Village"": 0, ""Animal"": 1, ""Plant"": 3, ""Album"": 0, ""Film"": 0, ""WrittenWork"": 0}",3,5,0.6,1
110,Plant,Plant,Plant,Clermontia oblongifolia.  Clermontia oblongifolia is a species of flowering plant in the bellflower family known by the common name Oahu clermontia. It is one of several Hawaiian lobelioids in genus Clermontia that are known as ʻoha wai. This plant is native to three of the Hawaiian Islands where one subspecies is not uncommon but the other two are very rare and endangered.The more common subspecies ssp.,"{""Company"": 0, ""EducationalInstitution"": 0, ""Artist"": 0, ""Athlete"": 0, ""OfficeHolder"": 0, ""MeanOfTransportation"": 0, ""Building"": 0, ""NaturalPlace"": 0, ""Village"": 0, ""Animal"": 0, ""Plant"": 5, ""Album"": 0, ""Film"": 0, ""WrittenWork"": 0}",5,5,1.0,1
111,Animal,Animal,Animal,Pogonoscorpius sechellensis.  Pogonoscorpius sechellensis is a species of scorpionfish native to the Indian Ocean from the vicinity of the Seychelles where it has been found at depths down to 68 metres (223 ft). This species reaches a length of 5.1 centimetres (2.0 in) SL. This species is the only known member of its genus.,"{""Company"": 0, ""EducationalInstitution"": 0, ""Artist"": 0, ""Athlete"": 0, ""OfficeHolder"": 0, ""MeanOfTransportation"": 0, ""Building"": 0, ""NaturalPlace"": 0, ""Village"": 0, ""Animal"": 5, ""Plant"": 0, ""Album"": 0, ""Film"": 0, ""WrittenWork"": 0}",5,5,1.0,1
112,NaturalPlace,NaturalPlace,Building,Embalse de Guadalcacín.  Embalse de Guadalcacín is a reservoir in the province of Cádiz Andalusia Spain.,"{""Company"": 0, ""EducationalInstitution"": 0, ""Artist"": 0, ""Athlete"": 0, ""OfficeHolder"": 2, ""MeanOfTransportation"": 0, ""Building"": 3, ""NaturalPlace"": 0, ""Village"": 0, ""Animal"": 0, ""Plant"": 0, ""Album"": 0, ""Film"": 0, ""WrittenWork"": 0}",3,5,0.6,0
113,Plant,Plant,Plant,Isoetes toximontana.  Isoetes toximontana is a plant species native to the Northern Cape and Western Cape regions of South Africa. It is known from only 3 sites. The type locality is on the slopes of Gifberg a mountain forming part of the eastern boundary of the Olifants River Valley. The name Gifberg means poison mountain; this is in reference to a poisonous tree called gifboom Euphorbia virosa that is endemic to the area.,"{""Company"": 0, ""EducationalInstitution"": 0, ""Artist"": 0, ""Athlete"": 0, ""OfficeHolder"": 0, ""MeanOfTransportation"": 0, ""Building"": 0, ""NaturalPlace"": 0, ""Village"": 0, ""Animal"": 0, ""Plant"": 5, ""Album"": 0, ""Film"": 0, ""WrittenWork"": 0}",5,5,1.0,1
114,Artist,Artist,Company,James Salter.  James Salter (born June 10 1925 New York City) is an American novelist and short-story writer. Originally a career officer and pilot in the United States Air Force he abandoned the military profession in 1957 following the successful publication of his first novel The Hunters.After a brief career in film writing and film directing Salter became a writer's writer in 1979 with publication of the novel Solo Faces.,"{""Company"": 2, ""EducationalInstitution"": 0, ""Artist"": 2, ""Athlete"": 0, ""OfficeHolder"": 0, ""MeanOfTransportation"": 0, ""Building"": 0, ""NaturalPlace"": 0, ""Village"": 0, ""Animal"": 0, ""Plant"": 0, ""Album"": 0, ""Film"": 0, ""WrittenWork"": 0}",2,5,0.4,0
115,Artist,Artist,Artist,Ed Bogas.  Ed Bogas born Edgar Noel Bogas and sometimes credited as Edward Bogas is an American musician and composer whose work has been featured in films animations and video games.,"{""Company"": 0, ""EducationalInstitution"": 0, ""Artist"": 5, ""Athlete"": 0, ""OfficeHolder"": 0, ""MeanOfTransportation"": 0, ""Building"": 0, ""NaturalPlace"": 0, ""Village"": 0, ""Animal"": 0, ""Plant"": 0, ""Album"": 0, ""Film"": 0, ""WrittenWork"": 0}",5,5,1.0,1
116,Animal,Animal,Animal,Calliostoma lithocolletum.  Calliostoma lithocolletum is a species of sea snail a marine gastropod mollusk in the family Calliostomatidae.,"{""Company"": 0, ""EducationalInstitution"": 0, ""Artist"": 0, ""Athlete"": 0, ""OfficeHolder"": 0, ""MeanOfTransportation"": 0, ""Building"": 0, ""NaturalPlace"": 1, ""Village"": 0, ""Animal"": 4, ""Plant"": 0, ""Album"": 0, ""Film"": 0, ""WrittenWork"": 0}",4,5,0.8,1
117,Film,Film,Film,She's the One (1996 film).  She's the One is a 1996 comedy-drama film and the second feature film to be written and directed by New York actor and director Edward Burns. It stars Jennifer Aniston and Cameron Diaz and is one of Tom Petty's few movie soundtracks.,"{""Company"": 0, ""EducationalInstitution"": 0, ""Artist"": 0, ""Athlete"": 0, ""OfficeHolder"": 0, ""MeanOfTransportation"": 0, ""Building"": 0, ""NaturalPlace"": 0, ""Village"": 0, ""Animal"": 0, ""Plant"": 0, ""Album"": 0, ""Film"": 5, ""WrittenWork"": 0}",5,5,1.0,1
118,Building,Building,Building,St. John's Church Oakfield Ryde.  St. John's Church Oakfield Ryde is a parish church in the Church of England located in Ryde Isle of Wight.,"{""Company"": 0, ""EducationalInstitution"": 0, ""Artist"": 0, ""Athlete"": 0, ""OfficeHolder"": 0, ""MeanOfTransportation"": 0, ""Building"": 5, ""NaturalPlace"": 0, ""Village"": 0, ""Animal"": 0, ""Plant"": 0, ""Album"": 0, ""Film"": 0, ""WrittenWork"": 0}",5,5,1.0,1
119,Building,Building,Building,Jenkins' Town Lyceum Building.  Jenkins' Town Lyceum Building also known as Jenkintown Library is a historic lyceum and library building located at Jenkintown Montgomery County Pennsylvania. The original building was built in 1839 and expanded in 1909-1910. It is a two-story fieldstone building with a gable roof and a one-story rear wing and addition. It features a two-story columned portico with a flagstone floor.,"{""Company"": 0, ""EducationalInstitution"": 0, ""Artist"": 0, ""Athlete"": 0, ""OfficeHolder"": 0, ""MeanOfTransportation"": 0, ""Building"": 5, ""NaturalPlace"": 0, ""Village"": 0, ""Animal"": 0, ""Plant"": 0, ""Album"": 0, ""Film"": 0, ""WrittenWork"": 0}",5,5,1.0,1
120,Plant,Plant,Plant,Arum maculatum.  Arum maculatum is a common woodland plant species of the Araceae family. It is widespread across temperate northern Europe and is known by an abundance of common names including snakeshead adder's root arum wild arum arum lily lords-and-ladies devils and angels cows and bulls cuckoo-pint Adam and Eve bobbins naked boys starch-root wake robin friar's cowl and jack in the pulpit.,"{""Company"": 0, ""EducationalInstitution"": 0, ""Artist"": 0, ""Athlete"": 0, ""OfficeHolder"": 0, ""MeanOfTransportation"": 0, ""Building"": 0, ""NaturalPlace"": 0, ""Village"": 0, ""Animal"": 0, ""Plant"": 5, ""Album"": 0, ""Film"": 0, ""WrittenWork"": 0}",5,5,1.0,1
121,Company,Company,Company,Paradigm Partners.  Paradigm Partners is a niche consulting firm specializing in complex international federal and state tax and funding incentives for both public and private entities across a host of industries. The company’s staff consists of intellectual property and tax attorneys engineers and PhDs.,"{""Company"": 5, ""EducationalInstitution"": 0, ""Artist"": 0, ""Athlete"": 0, ""OfficeHolder"": 0, ""MeanOfTransportation"": 0, ""Building"": 0, ""NaturalPlace"": 0, ""Village"": 0, ""Animal"": 0, ""Plant"": 0, ""Album"": 0, ""Film"": 0, ""WrittenWork"": 0}",5,5,1.0,1
122,MeanOfTransportation,MeanOfTransportation,OfficeHolder,USS Providence (1776 gundalow).  USS Providence a gundalow was built at Skenesboro New York on Lake Champlain by the Continental Army for Brigadier-General Benedict Arnold's fleet on Lake Champlain in 1776 during the American Revolutionary War.Under the command of Captain Simonds an Army officer she participated in the engagement at Valcour Island between Arnold's fleet and a British squadron on 11 October 1776.,"{""Company"": 0, ""EducationalInstitution"": 0, ""Artist"": 0, ""Athlete"": 0, ""OfficeHolder"": 2, ""MeanOfTransportation"": 0, ""Building"": 2, ""NaturalPlace"": 0, ""Village"": 1, ""Animal"": 0, ""Plant"": 0, ""Album"": 0, ""Film"": 0, ""WrittenWork"": 0}",2,5,0.4,0
123,Village,Village,Village,Badigwad.  Badigwad is a village in Belgaum district in the southern state of Karnataka India.,"{""Company"": 0, ""EducationalInstitution"": 0, ""Artist"": 0, ""Athlete"": 0, ""OfficeHolder"": 0, ""MeanOfTransportation"": 0, ""Building"": 0, ""NaturalPlace"": 0, ""Village"": 5, ""Animal"": 0, ""Plant"": 0, ""Album"": 0, ""Film"": 0, ""WrittenWork"": 0}",5,5,1.0,1
124,Company,Company,Company,Abingdon Motorcycles.  Abingdon Motorcycles was a British motorcycle manufacturer in Tyseley Birmingham between 1903 and 1925. The tool and chain manufacturers Abingdon Engineering was founded in 1856 and started making motorcycles in 1903 when the industry was still very new with engines from a number of manufacturers before the company developed their own Abingdon four-stroke 350 cc single and 794 cc V-twin engines which were used by Ariel and Invicta.,"{""Company"": 5, ""EducationalInstitution"": 0, ""Artist"": 0, ""Athlete"": 0, ""OfficeHolder"": 0, ""MeanOfTransportation"": 0, ""Building"": 0, ""NaturalPlace"": 0, ""Village"": 0, ""Animal"": 0, ""Plant"": 0, ""Album"": 0, ""Film"": 0, ""WrittenWork"": 0}",5,5,1.0,1
125,Plant,Plant,Plant,Thomandersia.  Thomandersia is the sole genus in the Thomandersiaceae an African family of flowering plants. Thomandersia is a genus of shrubs and small trees with six species endemic to Central and West Africa. Synonym: Scytanthus T. Anderson ex Benth. & Hook.f.,"{""Company"": 0, ""EducationalInstitution"": 0, ""Artist"": 0, ""Athlete"": 0, ""OfficeHolder"": 0, ""MeanOfTransportation"": 0, ""Building"": 0, ""NaturalPlace"": 0, ""Village"": 0, ""Animal"": 0, ""Plant"": 5, ""Album"": 0, ""Film"": 0, ""WrittenWork"": 0}",5,5,1.0,1
126,Company,Company,Company,Ata Airlines.  ATA Airlines (Persian: هواپیمایی آتا‎) is an airline based in Tabriz Iran. Operates scheduled domestic services and international services in the Middle East as well as charter services including Europe. Its main base is Tabriz International Airport.,"{""Company"": 5, ""EducationalInstitution"": 0, ""Artist"": 0, ""Athlete"": 0, ""OfficeHolder"": 0, ""MeanOfTransportation"": 0, ""Building"": 0, ""NaturalPlace"": 0, ""Village"": 0, ""Animal"": 0, ""Plant"": 0, ""Album"": 0, ""Film"": 0, ""WrittenWork"": 0}",5,5,1.0,1
127,NaturalPlace,NaturalPlace,NaturalPlace,Querary River.  Querary River is a river of Colombia. It is part of the Amazon River basin and is a tributary of the Rio Negro.,"{""Company"": 0, ""EducationalInstitution"": 0, ""Artist"": 0, ""Athlete"": 0, ""OfficeHolder"": 0, ""MeanOfTransportation"": 0, ""Building"": 0, ""NaturalPlace"": 5, ""Village"": 0, ""Animal"": 0, ""Plant"": 0, ""Album"": 0, ""Film"": 0, ""WrittenWork"": 0}",5,5,1.0,1
128,EducationalInstitution,EducationalInstitution,EducationalInstitution,Burgard Vocational High School.  Burgard Vocational High School is a vocational high school located in Buffalo New York USA. It holds about 800 students from Grades 9 - 12 and teaches according to the Board of Regents. The current Principal is Mr. Brian Wiesinger an the current Assistant Principals are Mr. Robert Maulucci and Ms Lizzy Crispin.,"{""Company"": 0, ""EducationalInstitution"": 4, ""Artist"": 0, ""Athlete"": 0, ""OfficeHolder"": 1, ""MeanOfTransportation"": 0, ""Building"": 0, ""NaturalPlace"": 0, ""Village"": 0, ""Animal"": 0, ""Plant"": 0, ""Album"": 0, ""Film"": 0, ""WrittenWork"": 0}",4,5,0.8,1
129,WrittenWork,WrittenWork,WrittenWork,The Shield of Achilles: War Peace and the Course of History.  The Shield of Achilles: War Peace and the Course of History is an historico-philosophical work by Philip Bobbitt. It was first published in 2002 by Alfred Knopf in the US and Penguin in the UK.,"{""Company"": 0, ""EducationalInstitution"": 0, ""Artist"": 0, ""Athlete"": 0, ""OfficeHolder"": 0, ""MeanOfTransportation"": 0, ""Building"": 0, ""NaturalPlace"": 0, ""Village"": 0, ""Animal"": 0, ""Plant"": 0, ""Album"": 0, ""Film"": 0, ""WrittenWork"": 4}",4,5,0.8,1
130,MeanOfTransportation,MeanOfTransportation,Company,McDonnell Douglas DC-X.  The DC-X short for Delta Clipper or Delta Clipper Experimental was an unmanned prototype of a reusable single stage to orbit launch vehicle built by McDonnell Douglas in conjunction with the United States Department of Defense's Strategic Defense Initiative Organization (SDIO) from 1991 to 1993. Starting 1994 until 1995 testing continued through funding of the US civil space agency NASA.,"{""Company"": 5, ""EducationalInstitution"": 0, ""Artist"": 0, ""Athlete"": 0, ""OfficeHolder"": 0, ""MeanOfTransportation"": 0, ""Building"": 0, ""NaturalPlace"": 0, ""Village"": 0, ""Animal"": 0, ""Plant"": 0, ""Album"": 0, ""Film"": 0, ""WrittenWork"": 0}",5,5,1.0,0
131,OfficeHolder,OfficeHolder,OfficeHolder,Carlos Gomes Júnior.  Carlos Domingos Gomes Júnior (born December 19 1949) is a Guinea-Bissauan politician who was Prime Minister of Guinea-Bissau from 10 May 2004 to 2 November 2005 and again from 25 December 2008 to 10 February 2012. He has been the President of the African Party for the Independence of Guinea and Cape Verde (PAIGC) since 2002 and is widely known as Cadogo.,"{""Company"": 0, ""EducationalInstitution"": 0, ""Artist"": 0, ""Athlete"": 0, ""OfficeHolder"": 5, ""MeanOfTransportation"": 0, ""Building"": 0, ""NaturalPlace"": 0, ""Village"": 0, ""Animal"": 0, ""Plant"": 0, ""Album"": 0, ""Film"": 0, ""WrittenWork"": 0}",5,5,1.0,1
132,OfficeHolder,OfficeHolder,OfficeHolder,Pasqual Enrile y Alcedo.  Pasqual Enrile y Alcedo (1772-1836) a native of Cádiz Spain was the Spanish governor-general of the Philippines from December 23 1830 to March 1 1835. He was among the most illustrious rulers of the archipelago on account of his ability uprightness and zeal for the public welfare. Enrile was especially active in building highways and providing other means of communication to bring the inland and the maritime provinces into communication with each other.,"{""Company"": 1, ""EducationalInstitution"": 0, ""Artist"": 0, ""Athlete"": 0, ""OfficeHolder"": 2, ""MeanOfTransportation"": 0, ""Building"": 2, ""NaturalPlace"": 0, ""Village"": 0, ""Animal"": 0, ""Plant"": 0, ""Album"": 0, ""Film"": 0, ""WrittenWork"": 0}",2,5,0.4,1
133,Album,Album,Album,Be Here.  Be Here is the fourth solo album by New Zealand-born Australian country singer Keith Urban.The album produced three number 1 singles on the Hot Country Songs charts: Days Go By Making Memories of Us and Better Life as well as the number 2 hits You're My Better Half and Tonight I Wanna Cry; Live to Love Another Day also peaked at number 48 on the country charts without being released to radio.,"{""Company"": 0, ""EducationalInstitution"": 0, ""Artist"": 0, ""Athlete"": 0, ""OfficeHolder"": 0, ""MeanOfTransportation"": 0, ""Building"": 0, ""NaturalPlace"": 0, ""Village"": 0, ""Animal"": 0, ""Plant"": 0, ""Album"": 5, ""Film"": 0, ""WrittenWork"": 0}",5,5,1.0,1
134,Building,Building,Building,Fishergate Shopping Centre.  Fishergate Shopping Centre is a shopping centre in the city of Preston in Lancashire England.,"{""Company"": 0, ""EducationalInstitution"": 0, ""Artist"": 0, ""Athlete"": 0, ""OfficeHolder"": 0, ""MeanOfTransportation"": 0, ""Building"": 5, ""NaturalPlace"": 0, ""Village"": 0, ""Animal"": 0, ""Plant"": 0, ""Album"": 0, ""Film"": 0, ""WrittenWork"": 0}",5,5,1.0,1
135,EducationalInstitution,EducationalInstitution,EducationalInstitution,Institute of Asian and African Countries.  The Institute of Asian and African Countries at Lomonosov Moscow State University was founded in 1956 as the Institute of Oriental Languages. Today's name from 1972. It is the leading Russian Centre for Oriental Studies. It employs more than 250 members including 28 professors and 70 assistant professors.,"{""Company"": 0, ""EducationalInstitution"": 5, ""Artist"": 0, ""Athlete"": 0, ""OfficeHolder"": 0, ""MeanOfTransportation"": 0, ""Building"": 0, ""NaturalPlace"": 0, ""Village"": 0, ""Animal"": 0, ""Plant"": 0, ""Album"": 0, ""Film"": 0, ""WrittenWork"": 0}",5,5,1.0,1
136,Plant,Plant,Plant,Guzmania 'Ostara'.  'Ostara' is a hybrid cultivar of the genus Guzmania in the Bromeliad family.,"{""Company"": 0, ""EducationalInstitution"": 0, ""Artist"": 0, ""Athlete"": 0, ""OfficeHolder"": 1, ""MeanOfTransportation"": 0, ""Building"": 0, ""NaturalPlace"": 0, ""Village"": 0, ""Animal"": 0, ""Plant"": 4, ""Album"": 0, ""Film"": 0, ""WrittenWork"": 0}",4,5,0.8,1
137,Village,Village,Village,Tuderk.  Tuderk (Persian: تودرك‎ also Romanized as Tūderk) is a village in Maskun Rural District Jebalbarez District Jiroft County Kerman Province Iran. At the 2006 census its population was 32 in 8 families.,"{""Company"": 0, ""EducationalInstitution"": 0, ""Artist"": 0, ""Athlete"": 0, ""OfficeHolder"": 0, ""MeanOfTransportation"": 0, ""Building"": 0, ""NaturalPlace"": 0, ""Village"": 5, ""Animal"": 0, ""Plant"": 0, ""Album"": 0, ""Film"": 0, ""WrittenWork"": 0}",5,5,1.0,1
138,Film,Film,Film,Knute Rockne All American.  Knute Rockne All American is a 1940 biographical film which tells the story of Knute Rockne Notre Dame football coach. It stars Pat O'Brien portraying the role of Rockne and Ronald Reagan as player George Gipp a.k.a. The Gipper as well as Gale Page Donald Crisp Albert Bassermann Owen Davis Jr. Nick Lukats Kane Richmond William Marshall and William Byrne. It also includes cameos by legendary football coaches Pop Warner Amos Alonzo Stagg William H.,"{""Company"": 0, ""EducationalInstitution"": 0, ""Artist"": 0, ""Athlete"": 0, ""OfficeHolder"": 0, ""MeanOfTransportation"": 0, ""Building"": 0, ""NaturalPlace"": 0, ""Village"": 0, ""Animal"": 0, ""Plant"": 0, ""Album"": 0, ""Film"": 5, ""WrittenWork"": 0}",5,5,1.0,1
139,OfficeHolder,OfficeHolder,OfficeHolder,Granville Leveson-Gower 1st Earl Granville.  Granville Leveson-Gower 1st Earl Granville GCB PC (12 October 1773 – 8 January 1846) known as Lord Granville Leveson-Gower from 1786 to 1814 and as the Viscount Granville from 1814 to 1833 was a British Whig statesman and diplomat]. A recent historian says he was a drab figure the original stuffed-shirt – starch outside sawdust within.,"{""Company"": 0, ""EducationalInstitution"": 0, ""Artist"": 0, ""Athlete"": 0, ""OfficeHolder"": 5, ""MeanOfTransportation"": 0, ""Building"": 0, ""NaturalPlace"": 0, ""Village"": 0, ""Animal"": 0, ""Plant"": 0, ""Album"": 0, ""Film"": 0, ""WrittenWork"": 0}",5,5,1.0,1
140,Album,Album,Album,Love 4 Unity.  Love 4 Unity is the third studio album by the London Boys a British dance pop duo. It was released in 1993. Both Moonraker and Baby Come Back were released as singles in Germany. Baby Come Back peaked at #27 in Austria.This was the last album from the duo although Hallelujah Hits would be released under the name The New London Boys. The album was not successful and the two singles also failed to chart in Germany.Like previous albums songwriting and production were by Ralf René Maué.,"{""Company"": 0, ""EducationalInstitution"": 0, ""Artist"": 0, ""Athlete"": 0, ""OfficeHolder"": 0, ""MeanOfTransportation"": 0, ""Building"": 0, ""NaturalPlace"": 0, ""Village"": 0, ""Animal"": 0, ""Plant"": 0, ""Album"": 5, ""Film"": 0, ""WrittenWork"": 0}",5,5,1.0,1
141,Film,Film,Film,The False Prince (1927 film).  The False Prince (German:Der falsche Prinz) is a 1927 German silent film directed by Heinz Paul and starring Harry Domela Ekkehard Arendt and John Mylong. The film's art direction was by Karl Machus. The film was based on Domela's book recounting his own adventures in post-First World War Germany when he briefly masqueraded as Prince.,"{""Company"": 0, ""EducationalInstitution"": 0, ""Artist"": 0, ""Athlete"": 0, ""OfficeHolder"": 0, ""MeanOfTransportation"": 0, ""Building"": 0, ""NaturalPlace"": 0, ""Village"": 0, ""Animal"": 0, ""Plant"": 0, ""Album"": 0, ""Film"": 5, ""WrittenWork"": 0}",5,5,1.0,1
142,Building,Building,Building,Tempel Synagogue Lviv.  The Tempel Synagogue was a Reform synagogue near Starji Rinok Square (the historic fish market) in Lviv Ukraine. Lviv was one of the first Ukrainian cities to have a Reform Synagogue. Even before the Reform community in Lviv built their synagogue the community received a Torah scroll from a Reform community in Long Beach California.,"{""Company"": 1, ""EducationalInstitution"": 0, ""Artist"": 0, ""Athlete"": 0, ""OfficeHolder"": 1, ""MeanOfTransportation"": 0, ""Building"": 3, ""NaturalPlace"": 0, ""Village"": 0, ""Animal"": 0, ""Plant"": 0, ""Album"": 0, ""Film"": 0, ""WrittenWork"": 0}",3,5,0.6,1
143,Artist,Artist,Artist,Russ Kunkel.  Russell Russ Kunkel (September 1 1948) is an American drummer and producer who has worked as a session musician with many of well-known artists including Bob Dylan James Taylor Neil Young Stevie Nicks Carole King Jackson Browne and Linda Ronstadt. He is widely regarded as the top session drummer of the 1970s and early 1980s.Kunkel was born in Pittsburgh Pennsylvania.,"{""Company"": 0, ""EducationalInstitution"": 0, ""Artist"": 4, ""Athlete"": 1, ""OfficeHolder"": 0, ""MeanOfTransportation"": 0, ""Building"": 0, ""NaturalPlace"": 0, ""Village"": 0, ""Animal"": 0, ""Plant"": 0, ""Album"": 0, ""Film"": 0, ""WrittenWork"": 0}",4,5,0.8,1
144,Plant,Plant,NaturalPlace,Tillandsia hubertiana.  Tillandsia hubertiana is a species of the genus Tillandsia. This species is endemic to Mexico.,"{""Company"": 0, ""EducationalInstitution"": 0, ""Artist"": 0, ""Athlete"": 0, ""OfficeHolder"": 0, ""MeanOfTransportation"": 0, ""Building"": 0, ""NaturalPlace"": 5, ""Village"": 0, ""Animal"": 0, ""Plant"": 0, ""Album"": 0, ""Film"": 0, ""WrittenWork"": 0}",5,5,1.0,0
145,Village,Village,Company,Dhaneswar Khera Buddha image inscription.  The Dhaneswar Khera Buddha image inscription is an epigraphic record on the base of a bronze image of the Buddha recording its dedication by the wife of Harirāja of the Gupta lineage. It has been assigned to the fifth CE.,"{""Company"": 3, ""EducationalInstitution"": 0, ""Artist"": 0, ""Athlete"": 0, ""OfficeHolder"": 1, ""MeanOfTransportation"": 0, ""Building"": 1, ""NaturalPlace"": 0, ""Village"": 0, ""Animal"": 0, ""Plant"": 0, ""Album"": 0, ""Film"": 0, ""WrittenWork"": 0}",3,5,0.6,0
146,Animal,Animal,Animal,Eugoa dissozona.  Eugoa dissozona is a moth of the Arctiidae family. It is found in New Guinea.,"{""Company"": 0, ""EducationalInstitution"": 0, ""Artist"": 0, ""Athlete"": 0, ""OfficeHolder"": 0, ""MeanOfTransportation"": 0, ""Building"": 0, ""NaturalPlace"": 0, ""Village"": 0, ""Animal"": 5, ""Plant"": 0, ""Album"": 0, ""Film"": 0, ""WrittenWork"": 0}",5,5,1.0,1
147,Building,Building,OfficeHolder,Trump International Hotel and Tower (New Orleans).  The Trump International Hotel and Tower was a proposed residential tower located in the Central Business District of New Orleans Louisiana. It was a project of real estate mogul Donald Trump's Trump Organization. Supposedly in the planning stages from summer 2005 on the project was finally declared dead in July 2011 after the location land was foreclosed on and sold at auction.,"{""Company"": 0, ""EducationalInstitution"": 0, ""Artist"": 0, ""Athlete"": 0, ""OfficeHolder"": 3, ""MeanOfTransportation"": 0, ""Building"": 2, ""NaturalPlace"": 0, ""Village"": 0, ""Animal"": 0, ""Plant"": 0, ""Album"": 0, ""Film"": 0, ""WrittenWork"": 0}",3,5,0.6,0
148,Plant,Plant,NaturalPlace,Actinidia deliciosa.  Actinidia deliciosa Fuzzy Kiwifruit or mangüeyo is a fruiting vine native to southern China the fruit of which has been declared the national fruit of that country. Other species of Actinidia are also found in China and range east to Japan and north into southeastern Siberia. This species grows naturally at altitudes between 600 and 2000 m.,"{""Company"": 0, ""EducationalInstitution"": 0, ""Artist"": 0, ""Athlete"": 0, ""OfficeHolder"": 0, ""MeanOfTransportation"": 0, ""Building"": 0, ""NaturalPlace"": 3, ""Village"": 0, ""Animal"": 0, ""Plant"": 2, ""Album"": 0, ""Film"": 0, ""WrittenWork"": 0}",3,5,0.6,0
149,NaturalPlace,NaturalPlace,NaturalPlace,Q'ara Quta (Potosí).  Q'ara Quta (Aymara q'ara bare bald quta lake bare lake hispanicized spellings Khara Kkota) is a Bolivian lake in the Potosí Department Chayanta Province Pocoata Municipality.,"{""Company"": 0, ""EducationalInstitution"": 0, ""Artist"": 0, ""Athlete"": 0, ""OfficeHolder"": 0, ""MeanOfTransportation"": 0, ""Building"": 2, ""NaturalPlace"": 3, ""Village"": 0, ""Animal"": 0, ""Plant"": 0, ""Album"": 0, ""Film"": 0, ""WrittenWork"": 0}",3,5,0.6,1
150,Animal,Animal,Animal,Thitarodes yadongensis.  Thitarodes yadongensis is a species of moths of the family Hepialidae. It is found in China.,"{""Company"": 0, ""EducationalInstitution"": 0, ""Artist"": 0, ""Athlete"": 0, ""OfficeHolder"": 0, ""MeanOfTransportation"": 0, ""Building"": 0, ""NaturalPlace"": 0, ""Village"": 0, ""Animal"": 5, ""Plant"": 0, ""Album"": 0, ""Film"": 0, ""WrittenWork"": 0}",5,5,1.0,1
151,Village,Village,Village,Maqut.  Maqut (Persian: ماقوت‎ also Romanized as Māqūt; also known as Māh-i-Kūt) is a village in Khvor Khvoreh Rural District in the Central District of Bijar County Kurdistan Province Iran. At the 2006 census its population was 100 in 22 families.,"{""Company"": 0, ""EducationalInstitution"": 0, ""Artist"": 0, ""Athlete"": 0, ""OfficeHolder"": 0, ""MeanOfTransportation"": 0, ""Building"": 0, ""NaturalPlace"": 0, ""Village"": 5, ""Animal"": 0, ""Plant"": 0, ""Album"": 0, ""Film"": 0, ""WrittenWork"": 0}",5,5,1.0,1
152,Artist,Artist,Artist,Alexander Stirling Calder.  Alexander Stirling Calder (January 11 1870 in Philadelphia Pennsylvania – January 7 1945) was an American sculptor and teacher. Son of the sculptor Alexander Milne Calder and father of the sculptor Alexander (Sandy) Calder his best-known works are George Washington as President on the Washington Square Arch in New York City the Swann Memorial Fountain in Philadelphia and the Leif Eriksson Memorial in Reykjavík Iceland.,"{""Company"": 0, ""EducationalInstitution"": 0, ""Artist"": 4, ""Athlete"": 0, ""OfficeHolder"": 0, ""MeanOfTransportation"": 0, ""Building"": 0, ""NaturalPlace"": 0, ""Village"": 0, ""Animal"": 0, ""Plant"": 0, ""Album"": 0, ""Film"": 0, ""WrittenWork"": 0}",4,5,0.8,1
153,NaturalPlace,NaturalPlace,NaturalPlace,Tons River.  The Tons is the largest tributary of the Yamuna and flows through Garhwal region in Uttarakhand touching Himachal Pradesh. The Tons thrust is named after this river.Its source lies in the 20720 ft (6315 meters)) high Bandarpunch mountain and is one of the most major perennial Indian Himalayan rivers. In fact it carries more water than the Yamuna itself which its meets below Kalsi near Dehradun Uttarakhand.,"{""Company"": 0, ""EducationalInstitution"": 0, ""Artist"": 0, ""Athlete"": 0, ""OfficeHolder"": 0, ""MeanOfTransportation"": 0, ""Building"": 0, ""NaturalPlace"": 5, ""Village"": 0, ""Animal"": 0, ""Plant"": 0, ""Album"": 0, ""Film"": 0, ""WrittenWork"": 0}",5,5,1.0,1
154,Animal,Animal,Animal,Hagnagora anicata.  Hagnagora anicata is a species of moth of the family Geometridae. It is a species complex with a range that extends from Mexico to Bolivia and east into western Venezuela paralleling the Andes. A population occurs on Jamaica.,"{""Company"": 0, ""EducationalInstitution"": 0, ""Artist"": 0, ""Athlete"": 0, ""OfficeHolder"": 0, ""MeanOfTransportation"": 0, ""Building"": 0, ""NaturalPlace"": 1, ""Village"": 0, ""Animal"": 4, ""Plant"": 0, ""Album"": 0, ""Film"": 0, ""WrittenWork"": 0}",4,5,0.8,1
155,Athlete,Athlete,Athlete,Nichlas Torp.  Nichlas Torp (born April 10 1989 in Jönköping) is a Swedish ice hockey player. He is currently playing with Modo Hockey in the Elitserien. He was drafted by the Montreal Canadiens in the sixth round of the 2007 NHL Entry Draft 163rd overall.,"{""Company"": 0, ""EducationalInstitution"": 0, ""Artist"": 0, ""Athlete"": 5, ""OfficeHolder"": 0, ""MeanOfTransportation"": 0, ""Building"": 0, ""NaturalPlace"": 0, ""Village"": 0, ""Animal"": 0, ""Plant"": 0, ""Album"": 0, ""Film"": 0, ""WrittenWork"": 0}",5,5,1.0,1
156,Athlete,Athlete,Athlete,Umaru Bangura.  Umaru Bangura (born October 7 1987) is a Sierra Leonean international footballer. He is a central defender who can also operate in midfield. Bangura currently plays for Dinamo Minsk in Belarusian Premier League and for the Leone Stars Sierra Leone national football team.,"{""Company"": 0, ""EducationalInstitution"": 0, ""Artist"": 0, ""Athlete"": 5, ""OfficeHolder"": 0, ""MeanOfTransportation"": 0, ""Building"": 0, ""NaturalPlace"": 0, ""Village"": 0, ""Animal"": 0, ""Plant"": 0, ""Album"": 0, ""Film"": 0, ""WrittenWork"": 0}",5,5,1.0,1
157,Album,Album,Album,Step into My World EP.  The Step Into My World EP features the Perfecto remix by Paul Oakenfold and Steve Osborne. It reached top 20 in the UK Singles Charts.,"{""Company"": 0, ""EducationalInstitution"": 0, ""Artist"": 0, ""Athlete"": 0, ""OfficeHolder"": 0, ""MeanOfTransportation"": 0, ""Building"": 0, ""NaturalPlace"": 0, ""Village"": 0, ""Animal"": 0, ""Plant"": 0, ""Album"": 5, ""Film"": 0, ""WrittenWork"": 0}",5,5,1.0,1
158,WrittenWork,WrittenWork,Company,Aesthetic Surgery Journal.  Aesthetic Surgery Journal is a peer-reviewed medical journal that covers the field of plastic surgery. The journal's editor-in-chief is Foad Nahai (Emory University School of Medicine).,"{""Company"": 4, ""EducationalInstitution"": 0, ""Artist"": 0, ""Athlete"": 0, ""OfficeHolder"": 1, ""MeanOfTransportation"": 0, ""Building"": 0, ""NaturalPlace"": 0, ""Village"": 0, ""Animal"": 0, ""Plant"": 0, ""Album"": 0, ""Film"": 0, ""WrittenWork"": 0}",4,5,0.8,0
159,NaturalPlace,NaturalPlace,Building,Lac d'Isabe.  Lac d'Isabe is a lake in Pyrénées Pyrénées-Atlantiques France. At an elevation of 1925 m its surface area is 0.073 km².Lac d'Isabe is in the commune of Laruns in Ossau Valley.,"{""Company"": 0, ""EducationalInstitution"": 0, ""Artist"": 0, ""Athlete"": 0, ""OfficeHolder"": 0, ""MeanOfTransportation"": 0, ""Building"": 3, ""NaturalPlace"": 2, ""Village"": 0, ""Animal"": 0, ""Plant"": 0, ""Album"": 0, ""Film"": 0, ""WrittenWork"": 0}",3,5,0.6,0
160,MeanOfTransportation,MeanOfTransportation,Company,USS Speed (AM-116).  USS Speed (AM-116) was an Auk-class minesweeper acquired by the United States Navy for the dangerous task of removing mines from minefields laid in the water to prevent ships from passing.Speed was laid down at Cleveland Ohio on 17 November 1941 by the American Ship Building Company launched on 18 April 1942 and commissioned on 15 October 1942 Comdr. Ernest L. Posey in command.,"{""Company"": 3, ""EducationalInstitution"": 0, ""Artist"": 0, ""Athlete"": 0, ""OfficeHolder"": 1, ""MeanOfTransportation"": 0, ""Building"": 1, ""NaturalPlace"": 0, ""Village"": 0, ""Animal"": 0, ""Plant"": 0, ""Album"": 0, ""Film"": 0, ""WrittenWork"": 0}",3,5,0.6,0
161,Plant,Plant,Plant,Matthiola longipetala.  Night-scented Stock also known as Evening Stock (syn. Cheiranthus longipetalus Vent. Matthiola bicornis Matthiola longipetala subsp. bicornis and Matthiola oxyceras DC.) is a species of ornamental plant.,"{""Company"": 0, ""EducationalInstitution"": 0, ""Artist"": 0, ""Athlete"": 0, ""OfficeHolder"": 0, ""MeanOfTransportation"": 0, ""Building"": 0, ""NaturalPlace"": 0, ""Village"": 0, ""Animal"": 0, ""Plant"": 5, ""Album"": 0, ""Film"": 0, ""WrittenWork"": 0}",5,5,1.0,1
162,Film,Film,Film,Raakilipattu.  Raakilipaatu (Malayalam: രാക്കിളിപ്പാട്ടു്) is a 2007 Malayalam film directed by Priyadarshan based on the 1999 Marathi film Bindhaast. It stars Jyothika Sharbani Mukherjee Tabu and Lakshmi. The music was composed by Vidyasagar. Originally planned to be made as a bilingual in Tamil and in Malayalam the film released first in 2000 in Tamil only as Snegithiye while the Malayalam version as well as the dubbed Hindi version Friendship released only seven years later.,"{""Company"": 0, ""EducationalInstitution"": 0, ""Artist"": 0, ""Athlete"": 0, ""OfficeHolder"": 0, ""MeanOfTransportation"": 0, ""Building"": 0, ""NaturalPlace"": 0, ""Village"": 0, ""Animal"": 0, ""Plant"": 0, ""Album"": 0, ""Film"": 5, ""WrittenWork"": 0}",5,5,1.0,1
163,Album,Album,Album,The Sermon on Exposition Boulevard.  The Sermon on Exposition Boulevard is an album by American singer-songwriter Rickie Lee Jones released in February 2007 on the independent New West label. It was produced by Lee Cantelon Peter Atanasoff and Rob Schnapf.,"{""Company"": 0, ""EducationalInstitution"": 0, ""Artist"": 0, ""Athlete"": 0, ""OfficeHolder"": 0, ""MeanOfTransportation"": 0, ""Building"": 0, ""NaturalPlace"": 0, ""Village"": 0, ""Animal"": 0, ""Plant"": 0, ""Album"": 5, ""Film"": 0, ""WrittenWork"": 0}",5,5,1.0,1
164,Company,Company,Company,Housing and Commerce Bank.  The Housing and Commerce Bank (HCB) is a bank in Asmara Eritrea.,"{""Company"": 4, ""EducationalInstitution"": 0, ""Artist"": 0, ""Athlete"": 0, ""OfficeHolder"": 1, ""MeanOfTransportation"": 0, ""Building"": 0, ""NaturalPlace"": 0, ""Village"": 0, ""Animal"": 0, ""Plant"": 0, ""Album"": 0, ""Film"": 0, ""WrittenWork"": 0}",4,5,0.8,1
165,Plant,Plant,Plant,Guzmania septata.  Guzmania septata is a species of plant in the Bromeliaceae family. It is endemic to Ecuador. Its natural habitats are subtropical or tropical moist lowland forests and subtropical or tropical moist montane forests. It is threatened by habitat loss.,"{""Company"": 0, ""EducationalInstitution"": 0, ""Artist"": 0, ""Athlete"": 0, ""OfficeHolder"": 0, ""MeanOfTransportation"": 0, ""Building"": 0, ""NaturalPlace"": 0, ""Village"": 0, ""Animal"": 0, ""Plant"": 5, ""Album"": 0, ""Film"": 0, ""WrittenWork"": 0}",5,5,1.0,1
166,NaturalPlace,NaturalPlace,Building,Wind River (Washington).  The Wind River is a tributary of the Columbia River in the U.S. state of Washington. Its entire course of 30 miles (48 km) lies within Skamania County. Crusattes River is an old variant name.,"{""Company"": 0, ""EducationalInstitution"": 0, ""Artist"": 0, ""Athlete"": 0, ""OfficeHolder"": 0, ""MeanOfTransportation"": 0, ""Building"": 3, ""NaturalPlace"": 2, ""Village"": 0, ""Animal"": 0, ""Plant"": 0, ""Album"": 0, ""Film"": 0, ""WrittenWork"": 0}",3,5,0.6,0
167,Athlete,Athlete,Athlete,Shota Horie.  Shota Horie (堀江翔太 Horie Shōta) (born 21 January 1986 in Osaka Japan) is a Japanese rugby union footballer. His preferred position is hooker although he can also play in the back row. He represents Japan at the international level. He has played for the Panasonic Wild Knights in the domestic Japanese Top League competition and in 2013 began playing Super Rugby with the Melbourne Rebels in Australia.,"{""Company"": 0, ""EducationalInstitution"": 0, ""Artist"": 0, ""Athlete"": 5, ""OfficeHolder"": 0, ""MeanOfTransportation"": 0, ""Building"": 0, ""NaturalPlace"": 0, ""Village"": 0, ""Animal"": 0, ""Plant"": 0, ""Album"": 0, ""Film"": 0, ""WrittenWork"": 0}",5,5,1.0,1
168,Building,Building,Building,Grand Hotel Prishtina.  The Grand Hotel Prishtina is a hotel situated in the Mother Theresa Boulevard in downtown Pristina the capital of Kosovo. It was a remarkable icon of the city from its inauguration and well into the nineties until the rapid development of Pristina outburst.Prior to the Kosovo War of 1999 the hotel was owned by the Yugoslav government. Its owner now is Unio Commerce.,"{""Company"": 0, ""EducationalInstitution"": 0, ""Artist"": 0, ""Athlete"": 0, ""OfficeHolder"": 1, ""MeanOfTransportation"": 0, ""Building"": 4, ""NaturalPlace"": 0, ""Village"": 0, ""Animal"": 0, ""Plant"": 0, ""Album"": 0, ""Film"": 0, ""WrittenWork"": 0}",4,5,0.8,1
169,Film,Film,Film,God's Gun.  God's Gun (also known as Diamante Lobo) is a 1975 Italian–Israeli Spaghetti Western filmed in Israel directed by Gianfranco Parolini (credited as Frank Kramer) and starring Lee Van Cleef. Jack Palance plays the head of a malicious group of bandits and Van Cleef plays a double-role of brothers: a priest and a reformed gunfighter determined to stop them.Leif Garrett also plays a vital part in the film as a fatherless kid who brings the reformed gunfighter to town.,"{""Company"": 0, ""EducationalInstitution"": 0, ""Artist"": 0, ""Athlete"": 0, ""OfficeHolder"": 0, ""MeanOfTransportation"": 0, ""Building"": 0, ""NaturalPlace"": 0, ""Village"": 0, ""Animal"": 0, ""Plant"": 0, ""Album"": 0, ""Film"": 5, ""WrittenWork"": 0}",5,5,1.0,1
170,MeanOfTransportation,MeanOfTransportation,OfficeHolder,HNLMS Abraham van der Hulst (1946).  HNLMS Abraham van der Hulst was a Jan van Amstel-class minesweeper of the Royal Netherlands Navy.,"{""Company"": 0, ""EducationalInstitution"": 0, ""Artist"": 0, ""Athlete"": 0, ""OfficeHolder"": 4, ""MeanOfTransportation"": 0, ""Building"": 1, ""NaturalPlace"": 0, ""Village"": 0, ""Animal"": 0, ""Plant"": 0, ""Album"": 0, ""Film"": 0, ""WrittenWork"": 0}",4,5,0.8,0
171,Film,Film,Film,Kaaterskill Falls (film).  Kaaterskill Falls is an independent American film made in 2000 and released in 2001. It is a remake of Roman Polanski's Knife in the Water set and filmed in the Catskill Mountains. Directed by Josh Apter and Peter Olsen.,"{""Company"": 0, ""EducationalInstitution"": 0, ""Artist"": 0, ""Athlete"": 0, ""OfficeHolder"": 0, ""MeanOfTransportation"": 0, ""Building"": 0, ""NaturalPlace"": 0, ""Village"": 0, ""Animal"": 0, ""Plant"": 0, ""Album"": 0, ""Film"": 5, ""WrittenWork"": 0}",5,5,1.0,1
172,WrittenWork,WrittenWork,Company,Missee Lee.  Missee Lee is the tenth book of Arthur Ransome's Swallows and Amazons series of children's books set in 1930s China. The Swallows and Amazons are on a round-the-world trip with Captain Flint aboard the schooner Wild Cat. After the Wild Cat sinks they escape in the Swallow and Amazon but are separated in a storm.,"{""Company"": 4, ""EducationalInstitution"": 0, ""Artist"": 0, ""Athlete"": 0, ""OfficeHolder"": 0, ""MeanOfTransportation"": 0, ""Building"": 0, ""NaturalPlace"": 0, ""Village"": 0, ""Animal"": 0, ""Plant"": 0, ""Album"": 0, ""Film"": 0, ""WrittenWork"": 0}",4,5,0.8,0
173,Film,Film,Film,The Midnight Game.  The Midnight Game is a 2013 supernatural thriller film directed by A.D. Calvo.,"{""Company"": 0, ""EducationalInstitution"": 0, ""Artist"": 0, ""Athlete"": 0, ""OfficeHolder"": 0, ""MeanOfTransportation"": 0, ""Building"": 0, ""NaturalPlace"": 0, ""Village"": 0, ""Animal"": 0, ""Plant"": 0, ""Album"": 0, ""Film"": 5, ""WrittenWork"": 0}",5,5,1.0,1
174,OfficeHolder,OfficeHolder,OfficeHolder,Anouchka van Miltenburg.  Anouchka van Miltenburg (born April 20 1967) is a Dutch politician of the People's Party for Freedom and Democracy (VVD). She has been the President of the House of Representatives since September 25 2012 and a Member of the House of Representatives since January 30 2003.,"{""Company"": 0, ""EducationalInstitution"": 0, ""Artist"": 0, ""Athlete"": 0, ""OfficeHolder"": 5, ""MeanOfTransportation"": 0, ""Building"": 0, ""NaturalPlace"": 0, ""Village"": 0, ""Animal"": 0, ""Plant"": 0, ""Album"": 0, ""Film"": 0, ""WrittenWork"": 0}",5,5,1.0,1
175,Athlete,Athlete,Athlete,Victor Guillen.  Victor Guillen (1892 – 23 July 1968) was a West Indian cricket umpire. He stood in two Test matches between 1935 and 1948.,"{""Company"": 0, ""EducationalInstitution"": 0, ""Artist"": 0, ""Athlete"": 5, ""OfficeHolder"": 0, ""MeanOfTransportation"": 0, ""Building"": 0, ""NaturalPlace"": 0, ""Village"": 0, ""Animal"": 0, ""Plant"": 0, ""Album"": 0, ""Film"": 0, ""WrittenWork"": 0}",5,5,1.0,1
176,Company,Company,EducationalInstitution,Cyberinfrastructure for Network Science Center.  The Cyberinfrastructure for Network Science (CNS) Center was founded in October 2005 by Professor Katy Börner at Indiana University. The Center’s mission is to advance datasets and tools for the study of biomedical social and behavioral science physics and other networks.,"{""Company"": 0, ""EducationalInstitution"": 4, ""Artist"": 0, ""Athlete"": 0, ""OfficeHolder"": 1, ""MeanOfTransportation"": 0, ""Building"": 0, ""NaturalPlace"": 0, ""Village"": 0, ""Animal"": 0, ""Plant"": 0, ""Album"": 0, ""Film"": 0, ""WrittenWork"": 0}",4,5,0.8,0
177,Film,Film,Film,Children of the Damned.  Children of the Damned is a 1964 science fiction film a thematic sequel to the 1960 version of Village of the Damned. It is about a group of children with similar psi-powers to the original seeding but enabling an opposite interpretation of the children being a more good and more pure form of human instead of totally evil and totally alien.,"{""Company"": 0, ""EducationalInstitution"": 0, ""Artist"": 0, ""Athlete"": 0, ""OfficeHolder"": 0, ""MeanOfTransportation"": 0, ""Building"": 0, ""NaturalPlace"": 0, ""Village"": 0, ""Animal"": 0, ""Plant"": 0, ""Album"": 0, ""Film"": 5, ""WrittenWork"": 0}",5,5,1.0,1
178,Animal,Animal,Animal,Stegazopteryx.  Stegazopteryx ivimkaensis is a species of beetle in the family Carabidae the only species in the genus Stegazopteryx.,"{""Company"": 0, ""EducationalInstitution"": 0, ""Artist"": 0, ""Athlete"": 0, ""OfficeHolder"": 0, ""MeanOfTransportation"": 0, ""Building"": 0, ""NaturalPlace"": 0, ""Village"": 0, ""Animal"": 5, ""Plant"": 0, ""Album"": 0, ""Film"": 0, ""WrittenWork"": 0}",5,5,1.0,1
179,Animal,Animal,NaturalPlace,Iuticosaurus.  Iuticosaurus (meaning Jute lizard) is the name given to a genus of dinosaur from the Early Cretaceous of the Isle of Wight. Iuticosaurus was a sauropod specifically a titanosaur.In 1887 Richard Lydekker described two sauropod tail vertebrae found by William D. Fox near Brook Bay on Wight BMNH R146a en BMNH 151 and referred them to the genus Ornithopsis despite indicating their similarity to Titanosaurus because the tail of Ornithopsis was unknown.,"{""Company"": 1, ""EducationalInstitution"": 0, ""Artist"": 0, ""Athlete"": 0, ""OfficeHolder"": 0, ""MeanOfTransportation"": 0, ""Building"": 0, ""NaturalPlace"": 3, ""Village"": 0, ""Animal"": 1, ""Plant"": 0, ""Album"": 0, ""Film"": 0, ""WrittenWork"": 0}",3,5,0.6,0
180,Plant,Plant,Plant,Eustoma russellianum.  Eustoma russellianum is a species of flowering plant in the Gentian family. Its previous binomial name was Eustoma grandiflorum. Common names include Texas bluebells Texas bluebell Bluebell Showy prairie gentian Prairie gentian The Bolero Deep Blue and Lisianthus.,"{""Company"": 0, ""EducationalInstitution"": 0, ""Artist"": 0, ""Athlete"": 0, ""OfficeHolder"": 0, ""MeanOfTransportation"": 0, ""Building"": 0, ""NaturalPlace"": 0, ""Village"": 0, ""Animal"": 0, ""Plant"": 5, ""Album"": 0, ""Film"": 0, ""WrittenWork"": 0}",5,5,1.0,1
181,Film,Film,Company,Four Girls in White.  Four Girls in White is a 1939 Drama directed by S. Sylvan Simon starring Florence Rice and Una Merkel. The comical exploits of four nursing students enrolled in a three-year training course.,"{""Company"": 2, ""EducationalInstitution"": 0, ""Artist"": 0, ""Athlete"": 0, ""OfficeHolder"": 0, ""MeanOfTransportation"": 0, ""Building"": 1, ""NaturalPlace"": 0, ""Village"": 0, ""Animal"": 0, ""Plant"": 0, ""Album"": 0, ""Film"": 2, ""WrittenWork"": 0}",2,5,0.4,0
182,Animal,Animal,Animal,Galomecalpa.  Galomecalpa is a genus of moths belonging to the Tortricidae family.,"{""Company"": 1, ""EducationalInstitution"": 0, ""Artist"": 0, ""Athlete"": 0, ""OfficeHolder"": 0, ""MeanOfTransportation"": 0, ""Building"": 0, ""NaturalPlace"": 0, ""Village"": 0, ""Animal"": 4, ""Plant"": 0, ""Album"": 0, ""Film"": 0, ""WrittenWork"": 0}",4,5,0.8,1
183,MeanOfTransportation,MeanOfTransportation,Company,Adaro Chirta.  The Adaro 1.E.7 Chirta was a Spanish military trainer aircraft built shortly before the outbreak of the Spanish Civil War.,"{""Company"": 2, ""EducationalInstitution"": 0, ""Artist"": 0, ""Athlete"": 0, ""OfficeHolder"": 1, ""MeanOfTransportation"": 0, ""Building"": 1, ""NaturalPlace"": 0, ""Village"": 0, ""Animal"": 0, ""Plant"": 0, ""Album"": 0, ""Film"": 0, ""WrittenWork"": 0}",2,5,0.4,0
184,Building,Building,Building,Kentucky Hotel.  The Kentucky Hotel is a historic hotel building located at Lynchburg Virginia. It is one of Lynchburg's three remaining early 19th century ordinaries. It was probably built before 1800 and is a 2 1⁄2-story structure of brick laid in Flemish bond. In about 1814 two side bays were completed converting the house to a center hall plan.It was listed on the National Register of Historic Places in 1986. It is located in the Fifth Street Historic District.,"{""Company"": 0, ""EducationalInstitution"": 0, ""Artist"": 0, ""Athlete"": 0, ""OfficeHolder"": 0, ""MeanOfTransportation"": 0, ""Building"": 5, ""NaturalPlace"": 0, ""Village"": 0, ""Animal"": 0, ""Plant"": 0, ""Album"": 0, ""Film"": 0, ""WrittenWork"": 0}",5,5,1.0,1
185,OfficeHolder,OfficeHolder,OfficeHolder,Rod Zimmer.  Rod A. A. Zimmer (born December 19 1942) is a former Canadian senator. Zimmer was previously a Winnipeg Manitoba businessman and philanthropist. He was also a significant fundraiser for the Liberal Party of Canada. He resigned suddenly from the Senate on August 2 2013 due to ill health.,"{""Company"": 0, ""EducationalInstitution"": 0, ""Artist"": 0, ""Athlete"": 0, ""OfficeHolder"": 5, ""MeanOfTransportation"": 0, ""Building"": 0, ""NaturalPlace"": 0, ""Village"": 0, ""Animal"": 0, ""Plant"": 0, ""Album"": 0, ""Film"": 0, ""WrittenWork"": 0}",5,5,1.0,1
186,Company,Company,Company,Mitchell Corporation.  Mitchell Corporation (株式会社ミッチェル) is a Japanese video game developer based in the Suginami ward of Tokyo. Roy Ozaki serves as president and Koichi Niida serves as vice-president. Some employees are former Capcom and TAD Corporation employees. The company was originally established on February 1 1960 as an import/export business by the father of Roy Ozaki.,"{""Company"": 5, ""EducationalInstitution"": 0, ""Artist"": 0, ""Athlete"": 0, ""OfficeHolder"": 0, ""MeanOfTransportation"": 0, ""Building"": 0, ""NaturalPlace"": 0, ""Village"": 0, ""Animal"": 0, ""Plant"": 0, ""Album"": 0, ""Film"": 0, ""WrittenWork"": 0}",5,5,1.0,1
187,Film,Film,Company,Cool Dimension: Innocent Assassin.  Cool Dimension: Innocent Assassin is a 2006 Japanese superhero film produced by Geneon Entertainment. It was released in Japan on October 14 2006 and in the United States on October 24 2006.,"{""Company"": 3, ""EducationalInstitution"": 0, ""Artist"": 0, ""Athlete"": 0, ""OfficeHolder"": 0, ""MeanOfTransportation"": 0, ""Building"": 0, ""NaturalPlace"": 0, ""Village"": 0, ""Animal"": 0, ""Plant"": 0, ""Album"": 0, ""Film"": 2, ""WrittenWork"": 0}",3,5,0.6,0
188,Animal,Animal,Animal,Padenia triseparata.  Padenia triseparata is a moth of the Arctiidae family. It was described by Debauche in 1938. It is found on Sulawesi.,"{""Company"": 0, ""EducationalInstitution"": 0, ""Artist"": 0, ""Athlete"": 0, ""OfficeHolder"": 0, ""MeanOfTransportation"": 0, ""Building"": 0, ""NaturalPlace"": 1, ""Village"": 0, ""Animal"": 4, ""Plant"": 0, ""Album"": 0, ""Film"": 0, ""WrittenWork"": 0}",4,5,0.8,1
189,WrittenWork,WrittenWork,WrittenWork,Footfall.  Footfall is a 1985 science fiction novel written by Larry Niven and Jerry Pournelle. It was nominated for both the Hugo and Locus Awards in 1986 and was a No. 1 New York Times Bestseller.,"{""Company"": 1, ""EducationalInstitution"": 0, ""Artist"": 0, ""Athlete"": 0, ""OfficeHolder"": 0, ""MeanOfTransportation"": 0, ""Building"": 0, ""NaturalPlace"": 0, ""Village"": 0, ""Animal"": 0, ""Plant"": 0, ""Album"": 0, ""Film"": 0, ""WrittenWork"": 4}",4,5,0.8,1
190,Artist,Artist,Artist,Fabrizio Santafede.  Fabrizio Santafede (c. 1560–1635) was an Italian painter of the late-Renaissance and early-Baroque periods. He painted in a late-Mannerist style. He was a pupil of his father the painter Francesco Santafede and later a pupil of Francesco Curia and Andrea Sabbatini[citation needed]. Although he was born and died in Naples he traveled extensively including Bologna Florence Rome and Venice in his study of the great masters. He became a merchant of antiquities and paintings himself.,"{""Company"": 0, ""EducationalInstitution"": 0, ""Artist"": 5, ""Athlete"": 0, ""OfficeHolder"": 0, ""MeanOfTransportation"": 0, ""Building"": 0, ""NaturalPlace"": 0, ""Village"": 0, ""Animal"": 0, ""Plant"": 0, ""Album"": 0, ""Film"": 0, ""WrittenWork"": 0}",5,5,1.0,1
191,Artist,Artist,Artist,Frances Leviston.  Frances Leviston (born 1982) is a British poet.Born in Edinburgh Frances Leviston later moved to Sheffield. She studied at St Hilda's College in Oxford University where she read English. Leviston then began an MA in Creative Writing at Sheffield Hallam University. There she won their Ictus Prize in 2004 which led to the publication of her first pamphlet Lighter. She won an Eric Gregory Award for poets under 30 years of age in 2006.,"{""Company"": 0, ""EducationalInstitution"": 0, ""Artist"": 2, ""Athlete"": 0, ""OfficeHolder"": 0, ""MeanOfTransportation"": 0, ""Building"": 0, ""NaturalPlace"": 0, ""Village"": 0, ""Animal"": 0, ""Plant"": 0, ""Album"": 0, ""Film"": 0, ""WrittenWork"": 0}",2,5,0.4,1
192,Plant,Plant,NaturalPlace,Quercus wislizeni.  Quercus wislizeni known by the common names Interior Live Oak and Sierra Live Oak is an evergeen oak highly variable and often shrubby found in areas of California in the United States. It also occurs south into northern Baja California in Mexico. It generally occurs in foothills being most abundant in the lower altitudes of the Sierra Nevada but also widespread in the Pacific Coast Ranges and the San Gabriel Mountains.,"{""Company"": 0, ""EducationalInstitution"": 0, ""Artist"": 0, ""Athlete"": 0, ""OfficeHolder"": 0, ""MeanOfTransportation"": 0, ""Building"": 1, ""NaturalPlace"": 2, ""Village"": 0, ""Animal"": 0, ""Plant"": 2, ""Album"": 0, ""Film"": 0, ""WrittenWork"": 0}",2,5,0.4,0
193,Company,Company,Company,M&M Meat Shops.  M&M Meat Shops (French: Les aliments M&M) is the largest specialty frozen food store chain in Canada. The company is headquartered in Kitchener Ontario and has locations in all ten provinces the Yukon and Northwest Territories; the company formerly had operations in the Midwestern United States under the MyMenu brand that was discontinued in early 2011.,"{""Company"": 5, ""EducationalInstitution"": 0, ""Artist"": 0, ""Athlete"": 0, ""OfficeHolder"": 0, ""MeanOfTransportation"": 0, ""Building"": 0, ""NaturalPlace"": 0, ""Village"": 0, ""Animal"": 0, ""Plant"": 0, ""Album"": 0, ""Film"": 0, ""WrittenWork"": 0}",5,5,1.0,1
194,WrittenWork,WrittenWork,EducationalInstitution,Psychomusicology: Music Mind and Brain.  Psychomusicology: Music Mind and Brain is a peer-reviewed academic journal published by the American Psychological Association. It appears biannually and covers research on music perception cognition; and neuroscience. The current editor-in-chief is Annabel J. Cohen (University of Prince Edward Island). The journal was established in 1981 as Psychomusicology subtitled A Journal of Research in Music Cognition.,"{""Company"": 2, ""EducationalInstitution"": 3, ""Artist"": 0, ""Athlete"": 0, ""OfficeHolder"": 0, ""MeanOfTransportation"": 0, ""Building"": 0, ""NaturalPlace"": 0, ""Village"": 0, ""Animal"": 0, ""Plant"": 0, ""Album"": 0, ""Film"": 0, ""WrittenWork"": 0}",3,5,0.6,0
195,Artist,Artist,Artist,Takashi Okazaki.  Takashi Okazaki (岡崎 能士 Okazaki Takashi) is a Japanese manga artist visual designer and graphic designer most notable for writing and illustrating the manga series Afro Samurai.,"{""Company"": 0, ""EducationalInstitution"": 0, ""Artist"": 5, ""Athlete"": 0, ""OfficeHolder"": 0, ""MeanOfTransportation"": 0, ""Building"": 0, ""NaturalPlace"": 0, ""Village"": 0, ""Animal"": 0, ""Plant"": 0, ""Album"": 0, ""Film"": 0, ""WrittenWork"": 0}",5,5,1.0,1
196,Artist,Artist,Artist,Lakey The Kid.  Lakey The Kid or Lake is a rapper from Queensbridge New York. In 1999 Lake was released from prison after serving a seven-year sentence for according to him shooting a guy in the stomach who is said to have reported him to the police.He had been writing rhymes while in prison and attempted to get into the hip-hop industry once he was released. Lake is famously known as a friend and business partner of fellow Queensbridge rapper Nas.,"{""Company"": 1, ""EducationalInstitution"": 0, ""Artist"": 3, ""Athlete"": 1, ""OfficeHolder"": 0, ""MeanOfTransportation"": 0, ""Building"": 0, ""NaturalPlace"": 0, ""Village"": 0, ""Animal"": 0, ""Plant"": 0, ""Album"": 0, ""Film"": 0, ""WrittenWork"": 0}",3,5,0.6,1
197,Album,Album,Company,Back Once Again.  Back Once Again is the debut EP by the Hilltop Hoods It was released as a 12 vinyl EP in 1997 and is very rare. The title track contains a vocal sample from Bring The Noise by Public Enemy. Hooded Puppets a short-lived live instrumental group comprising Chris Lambert (bass) Kenny Kreuper (drums) and Lee Moore (saxophone) contribute on two tracks on the EP.,"{""Company"": 3, ""EducationalInstitution"": 0, ""Artist"": 0, ""Athlete"": 0, ""OfficeHolder"": 0, ""MeanOfTransportation"": 0, ""Building"": 0, ""NaturalPlace"": 0, ""Village"": 0, ""Animal"": 0, ""Plant"": 0, ""Album"": 2, ""Film"": 0, ""WrittenWork"": 0}",3,5,0.6,0
198,EducationalInstitution,EducationalInstitution,OfficeHolder,Government College Kattappana.  Government College Kattappana is located in Idukki district India. Affiliated with M G University the college offers a Bachelor's degree in arts science and commerce.,"{""Company"": 0, ""EducationalInstitution"": 1, ""Artist"": 0, ""Athlete"": 0, ""OfficeHolder"": 4, ""MeanOfTransportation"": 0, ""Building"": 0, ""NaturalPlace"": 0, ""Village"": 0, ""Animal"": 0, ""Plant"": 0, ""Album"": 0, ""Film"": 0, ""WrittenWork"": 0}",4,5,0.8,0
199,Artist,Artist,Artist,Sharyn Scott.  Sharyn Scott is a British-American singer and songwriter.She is known for singing the English versions of the theme songs in the Tenchi Muyo! series (mostly the songs originally sung by Chisa Yokoyama). Scott was a guest singer at Yokoyama's Los Angeles concert in 1996.,"{""Company"": 0, ""EducationalInstitution"": 0, ""Artist"": 5, ""Athlete"": 0, ""OfficeHolder"": 0, ""MeanOfTransportation"": 0, ""Building"": 0, ""NaturalPlace"": 0, ""Village"": 0, ""Animal"": 0, ""Plant"": 0, ""Album"": 0, ""Film"": 0, ""WrittenWork"": 0}",5,5,1.0,1
200,WrittenWork,WrittenWork,OfficeHolder,Presidential Agent.  Presidential Agent is the fifth novel in Upton Sinclair's Lanny Budd series. First published in 1944 the story covers the period from 1937 to 1938.,"{""Company"": 0, ""EducationalInstitution"": 0, ""Artist"": 0, ""Athlete"": 0, ""OfficeHolder"": 5, ""MeanOfTransportation"": 0, ""Building"": 0, ""NaturalPlace"": 0, ""Village"": 0, ""Animal"": 0, ""Plant"": 0, ""Album"": 0, ""Film"": 0, ""WrittenWork"": 0}",5,5,1.0,0
201,Animal,Animal,Animal,Poecilopeplus martialis.  Poecilopeplus martialis is a species of beetle in the Cerambycidae family. It was described by Rosenberg in 1898.,"{""Company"": 2, ""EducationalInstitution"": 0, ""Artist"": 0, ""Athlete"": 0, ""OfficeHolder"": 0, ""MeanOfTransportation"": 0, ""Building"": 0, ""NaturalPlace"": 0, ""Village"": 0, ""Animal"": 3, ""Plant"": 0, ""Album"": 0, ""Film"": 0, ""WrittenWork"": 0}",3,5,0.6,1
202,Athlete,Athlete,Athlete,Chris Swanepoel.  Chris Swanepoel (born 22 November 1984) is a South African professional golfer.Swanepoel has played on the Sunshine Tour since 2004. He has won three times on tour with his latest win being the Golden Pilsener Zimbabwe Open in April 2012.,"{""Company"": 0, ""EducationalInstitution"": 0, ""Artist"": 0, ""Athlete"": 5, ""OfficeHolder"": 0, ""MeanOfTransportation"": 0, ""Building"": 0, ""NaturalPlace"": 0, ""Village"": 0, ""Animal"": 0, ""Plant"": 0, ""Album"": 0, ""Film"": 0, ""WrittenWork"": 0}",5,5,1.0,1
203,Film,Film,Film,Abraham Lincoln vs. Zombies.  Abraham Lincoln vs. Zombies is a 2012 American action horror B movie directed by Richard Schenkman with a screenplay by Schenkman based upon the story concept of Karl Hirsch and Lauren Proctor.,"{""Company"": 0, ""EducationalInstitution"": 0, ""Artist"": 0, ""Athlete"": 0, ""OfficeHolder"": 0, ""MeanOfTransportation"": 0, ""Building"": 0, ""NaturalPlace"": 0, ""Village"": 0, ""Animal"": 0, ""Plant"": 0, ""Album"": 0, ""Film"": 3, ""WrittenWork"": 0}",3,5,0.6,1
204,Building,Building,Building,San Francesco d'Assisi ad Acilia.  The Church of Saint Francis of Assisi in Acilia (Italian: San Francesco d'Assisi ad Acilia Latin: S. Francisci Assisiensis in Acilia) is a Roman Catholic titular church in Rome built as a parish church. On 21 February 2001 Pope John Paul II granted it a titular church as a seat for Cardinals.The present Cardinal Priest of the Titulus San Francisci Assisiensis in Acilia is Wilfrid Fox Napier.,"{""Company"": 1, ""EducationalInstitution"": 0, ""Artist"": 0, ""Athlete"": 0, ""OfficeHolder"": 1, ""MeanOfTransportation"": 0, ""Building"": 3, ""NaturalPlace"": 0, ""Village"": 0, ""Animal"": 0, ""Plant"": 0, ""Album"": 0, ""Film"": 0, ""WrittenWork"": 0}",3,5,0.6,1
205,Animal,Animal,Animal,Chloroclystis lichenodes.  Chloroclystis lichenodes is a moth in the Geometridae family. It is found in New Zealand where it has been recorded from the North Island the South Island and Stewart Island. The habitat consists of forests.The forewings are dull green with a large pale brown area near the base divided into three distinct patches by fine black lines. The central area of the wing is mottled with black pale brown and dull green. There is a broad irregular band of chocolate-brown near the termen.,"{""Company"": 0, ""EducationalInstitution"": 0, ""Artist"": 0, ""Athlete"": 0, ""OfficeHolder"": 0, ""MeanOfTransportation"": 0, ""Building"": 0, ""NaturalPlace"": 0, ""Village"": 0, ""Animal"": 5, ""Plant"": 0, ""Album"": 0, ""Film"": 0, ""WrittenWork"": 0}",5,5,1.0,1
206,MeanOfTransportation,MeanOfTransportation,OfficeHolder,USS Absegami (SP-371).  USS Absegami (SP-371) was a motorboat acquired on a free lease by the United States Navy during World War I. She was outfitted as an armed patrol craft and assigned to patrol the Delaware River from Philadelphia Pennsylvania to Cape May New Jersey on the Delaware Bay. When the Navy found her excess to their needs she was returned to her former owner.,"{""Company"": 0, ""EducationalInstitution"": 0, ""Artist"": 0, ""Athlete"": 0, ""OfficeHolder"": 3, ""MeanOfTransportation"": 0, ""Building"": 2, ""NaturalPlace"": 0, ""Village"": 0, ""Animal"": 0, ""Plant"": 0, ""Album"": 0, ""Film"": 0, ""WrittenWork"": 0}",3,5,0.6,0
207,Artist,Artist,Artist,Moe Keale.  Wilfred Nalani Moe Keale (December 3 1939 - April 15 2002) was a musician of Hawaiian music a ukulele virtuoso and an American actor. He was uncle to Israel Kamakawiwo'ole.,"{""Company"": 0, ""EducationalInstitution"": 0, ""Artist"": 4, ""Athlete"": 0, ""OfficeHolder"": 0, ""MeanOfTransportation"": 0, ""Building"": 0, ""NaturalPlace"": 0, ""Village"": 0, ""Animal"": 0, ""Plant"": 0, ""Album"": 0, ""Film"": 0, ""WrittenWork"": 0}",4,5,0.8,1
208,Company,Company,Company,Mark VII Limited.  Mark VII Limited (or Mark Seven Limited) was the production company of actor producer and director Jack Webb and was active from 1951 to Webb's death in 1982.,"{""Company"": 5, ""EducationalInstitution"": 0, ""Artist"": 0, ""Athlete"": 0, ""OfficeHolder"": 0, ""MeanOfTransportation"": 0, ""Building"": 0, ""NaturalPlace"": 0, ""Village"": 0, ""Animal"": 0, ""Plant"": 0, ""Album"": 0, ""Film"": 0, ""WrittenWork"": 0}",5,5,1.0,1
209,EducationalInstitution,EducationalInstitution,EducationalInstitution,Monterey Peninsula Unified School District.  Monterey Peninsula Unified School District is a public school district based in Monterey County California United States.,"{""Company"": 0, ""EducationalInstitution"": 5, ""Artist"": 0, ""Athlete"": 0, ""OfficeHolder"": 0, ""MeanOfTransportation"": 0, ""Building"": 0, ""NaturalPlace"": 0, ""Village"": 0, ""Animal"": 0, ""Plant"": 0, ""Album"": 0, ""Film"": 0, ""WrittenWork"": 0}",5,5,1.0,1
210,OfficeHolder,OfficeHolder,OfficeHolder,Margaret Rose Henry.  Margaret Rose Henry (born June 20 1944 in Rayne Louisiana) is an American politician and a Democratic member of the Delaware Senate since 1994 representing District 2.,"{""Company"": 0, ""EducationalInstitution"": 0, ""Artist"": 0, ""Athlete"": 0, ""OfficeHolder"": 5, ""MeanOfTransportation"": 0, ""Building"": 0, ""NaturalPlace"": 0, ""Village"": 0, ""Animal"": 0, ""Plant"": 0, ""Album"": 0, ""Film"": 0, ""WrittenWork"": 0}",5,5,1.0,1
211,Athlete,Athlete,Athlete,Mirtha Brock.  Mirtha Brock Forbes (born April 9 1970) is a retired female track and field athlete from Colombia who competed in the sprint events during her career.,"{""Company"": 0, ""EducationalInstitution"": 0, ""Artist"": 0, ""Athlete"": 5, ""OfficeHolder"": 0, ""MeanOfTransportation"": 0, ""Building"": 0, ""NaturalPlace"": 0, ""Village"": 0, ""Animal"": 0, ""Plant"": 0, ""Album"": 0, ""Film"": 0, ""WrittenWork"": 0}",5,5,1.0,1
212,Village,Village,Village,Advi Hulagabal.  Advi Hulagabal is a village in the southern state of Karnataka India. It is located in the Muddebihal taluk of Bijapur district in Karnataka.,"{""Company"": 0, ""EducationalInstitution"": 0, ""Artist"": 0, ""Athlete"": 0, ""OfficeHolder"": 0, ""MeanOfTransportation"": 0, ""Building"": 0, ""NaturalPlace"": 0, ""Village"": 5, ""Animal"": 0, ""Plant"": 0, ""Album"": 0, ""Film"": 0, ""WrittenWork"": 0}",5,5,1.0,1
213,Athlete,Athlete,Athlete,Geoff Greenidge.  Geoffrey Alan Greenidge (born 26 May 1948 Fontabelle St Michael Barbados) is a former West Indian cricketer who played in five Tests from 1972 to 1973. His international career ended abruptly when he took part in a tour of Rhodesia which was then under white minority rule.Greenidge was the last white player to play for West Indies. For a time it was believed that Brendan Nash had taken this distinction in 2008 but Nash was later revealed to be of mixed race.,"{""Company"": 0, ""EducationalInstitution"": 0, ""Artist"": 0, ""Athlete"": 5, ""OfficeHolder"": 0, ""MeanOfTransportation"": 0, ""Building"": 0, ""NaturalPlace"": 0, ""Village"": 0, ""Animal"": 0, ""Plant"": 0, ""Album"": 0, ""Film"": 0, ""WrittenWork"": 0}",5,5,1.0,1
214,Building,Building,OfficeHolder,Sacred Heart Parish Ipswich.  Sacred Heart Parish - designated for Polish immigrants in Ipswich Massachusetts United States. Founded 1908. It was one of the Polish-American Roman Catholic parishes in New England in the Archdiocese of Boston.The parish closed April 25 1999. The building retains the original structure but the inside has been converted into luxury apartments.,"{""Company"": 1, ""EducationalInstitution"": 0, ""Artist"": 0, ""Athlete"": 0, ""OfficeHolder"": 3, ""MeanOfTransportation"": 0, ""Building"": 1, ""NaturalPlace"": 0, ""Village"": 0, ""Animal"": 0, ""Plant"": 0, ""Album"": 0, ""Film"": 0, ""WrittenWork"": 0}",3,5,0.6,0
215,OfficeHolder,OfficeHolder,OfficeHolder,Sally Kerans.  Sally P. Kerans (born May 26 1960 in Danvers Massachusetts) is an American politician who represented the 13th Essex district in the Massachusetts House of Representatives from 1991–1997.,"{""Company"": 0, ""EducationalInstitution"": 0, ""Artist"": 0, ""Athlete"": 0, ""OfficeHolder"": 5, ""MeanOfTransportation"": 0, ""Building"": 0, ""NaturalPlace"": 0, ""Village"": 0, ""Animal"": 0, ""Plant"": 0, ""Album"": 0, ""Film"": 0, ""WrittenWork"": 0}",5,5,1.0,1
216,Artist,Artist,Company,Jan Jelínek (legionary).  Jan Jelínek (8 April 1893 – 5 July 1974) was a Czech legionnaire and author of a book about legionnaires from the Boskovice region. He wrote about legionnaires in Russian Italian and French from 1931 to 1938.,"{""Company"": 2, ""EducationalInstitution"": 0, ""Artist"": 0, ""Athlete"": 0, ""OfficeHolder"": 0, ""MeanOfTransportation"": 0, ""Building"": 0, ""NaturalPlace"": 0, ""Village"": 0, ""Animal"": 0, ""Plant"": 0, ""Album"": 0, ""Film"": 0, ""WrittenWork"": 0}",2,5,0.4,0
217,MeanOfTransportation,MeanOfTransportation,Company,USS Racine (PF-100).  USS Racine (PF-100) a Tacoma-class frigate was the first ship of the United States Navy to be named for Racine Wisconsin.The first Racine (PF-100) was laid down by the American Ship Building Company in Cleveland Ohio 14 September 1943; launched on 15 March 1944 sponsored by Mrs. Francis H. Wendt; and commissioned on 22 January 1945 at Houston Texas with Lieutenant Commander C. H. Waring USCG in command.,"{""Company"": 4, ""EducationalInstitution"": 0, ""Artist"": 0, ""Athlete"": 0, ""OfficeHolder"": 1, ""MeanOfTransportation"": 0, ""Building"": 0, ""NaturalPlace"": 0, ""Village"": 0, ""Animal"": 0, ""Plant"": 0, ""Album"": 0, ""Film"": 0, ""WrittenWork"": 0}",4,5,0.8,0
218,Film,Film,Film,Kites: The Remix.  Kites: The Remix is the official English-language version of the 2010 film Kites. It was produced and edited by Hollywood director Brett Ratner. The international version is 90 minutes long as opposed to the Hindi version which is 130 minutes long. This new version removes all of the original Hindi songs except for the title track Fire which has an alternative English version that is heard during the end titles.,"{""Company"": 0, ""EducationalInstitution"": 0, ""Artist"": 0, ""Athlete"": 0, ""OfficeHolder"": 0, ""MeanOfTransportation"": 0, ""Building"": 0, ""NaturalPlace"": 0, ""Village"": 0, ""Animal"": 0, ""Plant"": 0, ""Album"": 0, ""Film"": 5, ""WrittenWork"": 0}",5,5,1.0,1
219,Company,Company,OfficeHolder,Magnitizdat.  Magnitizdat (Russian: магнитизда́т IPA: [məɡnʲɪtʲɪzˈdat] from the Russian words for tape recorder магнитофо́н [məɡnʲɪtɐˈfon]) and publishing изда́тельство [ɪˈzdatʲɪlʲstvə]) was the process of re-copying and self-distributing live audio tape recordings in the Soviet Union that were not available commercially.,"{""Company"": 1, ""EducationalInstitution"": 0, ""Artist"": 0, ""Athlete"": 0, ""OfficeHolder"": 4, ""MeanOfTransportation"": 0, ""Building"": 0, ""NaturalPlace"": 0, ""Village"": 0, ""Animal"": 0, ""Plant"": 0, ""Album"": 0, ""Film"": 0, ""WrittenWork"": 0}",4,5,0.8,0
220,Building,Building,Building,St Mary Moorfields.  St Mary Moorfields is a Roman Catholic church in the City of London. The present building located at 4-5 Eldon Street was opened in 1903. However the foundation had a long history prior to this. A chapel was opened in 1686 but was suspended in 1689 in the aftermath of the Revolution of 1688. From 1736 there was a chapel in Ropemaker's Alley but in 1780 it too fell prey to anti-Catholic sentiment when its fabric and furniture were destroyed in the Gordon Riots.,"{""Company"": 0, ""EducationalInstitution"": 0, ""Artist"": 0, ""Athlete"": 0, ""OfficeHolder"": 0, ""MeanOfTransportation"": 0, ""Building"": 5, ""NaturalPlace"": 0, ""Village"": 0, ""Animal"": 0, ""Plant"": 0, ""Album"": 0, ""Film"": 0, ""WrittenWork"": 0}",5,5,1.0,1
221,Company,Company,Company,Cardinal Health.  Cardinal Health Inc. is a Fortune 500 health care services company based in Dublin Ohio. The firm specializes in distribution of pharmaceuticals and medical products serving more than 60000 locations. The firm also manufactures medical and surgical products including gloves surgical apparel and fluid management products. In addition it operates the nation’s largest network of radiopharmacies.,"{""Company"": 5, ""EducationalInstitution"": 0, ""Artist"": 0, ""Athlete"": 0, ""OfficeHolder"": 0, ""MeanOfTransportation"": 0, ""Building"": 0, ""NaturalPlace"": 0, ""Village"": 0, ""Animal"": 0, ""Plant"": 0, ""Album"": 0, ""Film"": 0, ""WrittenWork"": 0}",5,5,1.0,1
222,MeanOfTransportation,MeanOfTransportation,Company,Mastretta Unidiseño.  The Mastretta Unidiseño (previously Unidiseño Mastretta) was a kit-car coupé designed and manufactured by Mexican kit-car maker Unidiseño.,"{""Company"": 5, ""EducationalInstitution"": 0, ""Artist"": 0, ""Athlete"": 0, ""OfficeHolder"": 0, ""MeanOfTransportation"": 0, ""Building"": 0, ""NaturalPlace"": 0, ""Village"": 0, ""Animal"": 0, ""Plant"": 0, ""Album"": 0, ""Film"": 0, ""WrittenWork"": 0}",5,5,1.0,0
223,Village,Village,Village,Lorkhani.  Lorkhani (Persian: لرخاني‎ also Romanized as Lorkhānī) is a village in Gamasiyab Rural District in the Central District of Sahneh County Kermanshah Province Iran. At the 2006 census its population was 179 in 35 families.,"{""Company"": 0, ""EducationalInstitution"": 0, ""Artist"": 0, ""Athlete"": 0, ""OfficeHolder"": 0, ""MeanOfTransportation"": 0, ""Building"": 0, ""NaturalPlace"": 0, ""Village"": 5, ""Animal"": 0, ""Plant"": 0, ""Album"": 0, ""Film"": 0, ""WrittenWork"": 0}",5,5,1.0,1
224,MeanOfTransportation,MeanOfTransportation,Company,BMW 7 Series (F01).  The BMW F01 is the current BMW 7 series that went into production in September 2008. The long-wheelbase model codenamed BMW F02 is 14 cm (5.5 in) longer than the BMW F01.,"{""Company"": 5, ""EducationalInstitution"": 0, ""Artist"": 0, ""Athlete"": 0, ""OfficeHolder"": 0, ""MeanOfTransportation"": 0, ""Building"": 0, ""NaturalPlace"": 0, ""Village"": 0, ""Animal"": 0, ""Plant"": 0, ""Album"": 0, ""Film"": 0, ""WrittenWork"": 0}",5,5,1.0,0
225,Building,Building,Building,Toronto City Hall.  The Toronto City Hall is the home of the municipal government of Toronto Ontario Canada and one of the city's most distinctive landmarks. Designed by Finnish architect Viljo Revell (with Heikki Castrén Bengt Lundsten Seppo Valjus) and landscape architect Richard Strong and engineered by Hannskarl Bandel the building opened in 1965. It was built to replace Old City Hall which was built in 1899.,"{""Company"": 0, ""EducationalInstitution"": 0, ""Artist"": 0, ""Athlete"": 0, ""OfficeHolder"": 0, ""MeanOfTransportation"": 0, ""Building"": 5, ""NaturalPlace"": 0, ""Village"": 0, ""Animal"": 0, ""Plant"": 0, ""Album"": 0, ""Film"": 0, ""WrittenWork"": 0}",5,5,1.0,1
226,Company,Company,Company,Yemeksepeti.  Yemeksepeti is an online food ordering company providing the facility to place food order online from an affiliated network of restaurants without charging the user any extra fees. The company started operations in Turkey and expanded to the to 4 different countries in the GCC region; The United Arab Emirates Kingdom of Saudi Arabia The Sultanate of Oman and The State of Qatar.,"{""Company"": 5, ""EducationalInstitution"": 0, ""Artist"": 0, ""Athlete"": 0, ""OfficeHolder"": 0, ""MeanOfTransportation"": 0, ""Building"": 0, ""NaturalPlace"": 0, ""Village"": 0, ""Animal"": 0, ""Plant"": 0, ""Album"": 0, ""Film"": 0, ""WrittenWork"": 0}",5,5,1.0,1
227,Building,Building,Building,Capalaba Park Shopping Centre.  Capalaba Park Shopping Centre is a regional shopping centre located in Capalaba south-east of Brisbane Australia. The centre was opened to the public in 1981. Stores include Kmart Target Homeart Woolworths and Coles.,"{""Company"": 0, ""EducationalInstitution"": 0, ""Artist"": 0, ""Athlete"": 0, ""OfficeHolder"": 0, ""MeanOfTransportation"": 0, ""Building"": 4, ""NaturalPlace"": 0, ""Village"": 0, ""Animal"": 0, ""Plant"": 0, ""Album"": 0, ""Film"": 0, ""WrittenWork"": 0}",4,5,0.8,1
228,Artist,Artist,Artist,Barrett Martin.  Barrett Martin (born April 14 1967) is an American drummer upright bassist composer producer writer and Zen artist. He was the drummer for the Seattle Washington groups Skin Yard and Screaming Trees as well as the supergroups Mad Season and Tuatara. A multi-instrumentalist and producer he does recording session work in Seattle and Los Angeles and has played on or produced over 75 albums to date.,"{""Company"": 0, ""EducationalInstitution"": 0, ""Artist"": 5, ""Athlete"": 0, ""OfficeHolder"": 0, ""MeanOfTransportation"": 0, ""Building"": 0, ""NaturalPlace"": 0, ""Village"": 0, ""Animal"": 0, ""Plant"": 0, ""Album"": 0, ""Film"": 0, ""WrittenWork"": 0}",5,5,1.0,1
229,EducationalInstitution,EducationalInstitution,EducationalInstitution,Mount Vernon High School (Alexandria Virginia).  Mount Vernon High School is a school in the Fairfax County Public Schools system located in Mount Vernon Virginia. The school was founded in 1939.,"{""Company"": 0, ""EducationalInstitution"": 3, ""Artist"": 0, ""Athlete"": 0, ""OfficeHolder"": 2, ""MeanOfTransportation"": 0, ""Building"": 0, ""NaturalPlace"": 0, ""Village"": 0, ""Animal"": 0, ""Plant"": 0, ""Album"": 0, ""Film"": 0, ""WrittenWork"": 0}",3,5,0.6,1
230,Film,Film,Film,Western Cyclone.  Western Cyclone is a 1943 American film directed by Sam Newfield. The film is also known as Frontier Fighters (cut American reissue title).,"{""Company"": 0, ""EducationalInstitution"": 0, ""Artist"": 0, ""Athlete"": 0, ""OfficeHolder"": 0, ""MeanOfTransportation"": 0, ""Building"": 0, ""NaturalPlace"": 0, ""Village"": 0, ""Animal"": 0, ""Plant"": 0, ""Album"": 0, ""Film"": 5, ""WrittenWork"": 0}",5,5,1.0,1
231,Animal,Animal,Animal,Miomantis rebeli.  Miomantis rebeli is a species of praying mantis in the genus Miomantis in the order Mantodea.,"{""Company"": 0, ""EducationalInstitution"": 0, ""Artist"": 0, ""Athlete"": 0, ""OfficeHolder"": 0, ""MeanOfTransportation"": 0, ""Building"": 0, ""NaturalPlace"": 0, ""Village"": 0, ""Animal"": 5, ""Plant"": 0, ""Album"": 0, ""Film"": 0, ""WrittenWork"": 0}",5,5,1.0,1
232,NaturalPlace,NaturalPlace,NaturalPlace,Galda River.  The Galda River (Hungarian:Gáldi-patak ) is a tributary of the Mureş River in Transylvania Romania.,"{""Company"": 0, ""EducationalInstitution"": 0, ""Artist"": 0, ""Athlete"": 0, ""OfficeHolder"": 0, ""MeanOfTransportation"": 0, ""Building"": 0, ""NaturalPlace"": 5, ""Village"": 0, ""Animal"": 0, ""Plant"": 0, ""Album"": 0, ""Film"": 0, ""WrittenWork"": 0}",5,5,1.0,1
233,Artist,Artist,Athlete,Alan Stafford.  Alan Stafford (born July 16 1976) is an American pornographic actor. He has appeared in over 130 movies since 2006 and won the 2008 AVN Award for Best Male Newcomer. He has also modelled for Playgirl magazine.,"{""Company"": 2, ""EducationalInstitution"": 0, ""Artist"": 0, ""Athlete"": 3, ""OfficeHolder"": 0, ""MeanOfTransportation"": 0, ""Building"": 0, ""NaturalPlace"": 0, ""Village"": 0, ""Animal"": 0, ""Plant"": 0, ""Album"": 0, ""Film"": 0, ""WrittenWork"": 0}",3,5,0.6,0
234,Album,Album,Album,This Gigantic Robot Kills.  This Gigantic Robot Kills is the sixth album by nerdcore musician MC Lars.Lars has stated that he worked with Weird Al Yankovic the Rondo Brothers Nick Rowe and Mike Kennedy of Bloodsimple James Bourne of Busted Daniel Dart of Time Again Donal Finn of Flash Bastard Pierre Bouvier of Simple Plan MC Bat Commander of The Aquabats Suburban Legends Worm Quartet Gabriel Saporta of Cobra Starship Brett Anderson of The Donnas MC Frontalot Amie Miriello of Dirtie Blonde Jesse Dangerously Linus Dotson of Size 14 Parry Gripp of Nerf Herder Jonathan Coulton Aesias Finale Sebastian Reynolds Brendan B.,"{""Company"": 0, ""EducationalInstitution"": 0, ""Artist"": 0, ""Athlete"": 0, ""OfficeHolder"": 0, ""MeanOfTransportation"": 0, ""Building"": 0, ""NaturalPlace"": 0, ""Village"": 0, ""Animal"": 0, ""Plant"": 0, ""Album"": 5, ""Film"": 0, ""WrittenWork"": 0}",5,5,1.0,1
235,OfficeHolder,OfficeHolder,OfficeHolder,Gunnar Uldall.  Gunnar Uldall (born 1940) is a German politician and former state minister of Economy and Labour in Hamburg. He is a member of the Christian Democratic Union (CDU).Uldall was born on 17 November 1940 in Hamburg he is married with 3 children. After his Abitur in 1960 and his conscription to the armed forces (1960–1962) Uldall studied economics at the University of Hamburg and earned his degree in 1966.,"{""Company"": 0, ""EducationalInstitution"": 0, ""Artist"": 0, ""Athlete"": 0, ""OfficeHolder"": 3, ""MeanOfTransportation"": 0, ""Building"": 0, ""NaturalPlace"": 0, ""Village"": 0, ""Animal"": 0, ""Plant"": 0, ""Album"": 0, ""Film"": 0, ""WrittenWork"": 0}",3,5,0.6,1
236,OfficeHolder,OfficeHolder,OfficeHolder,Cheryl Jacques.  Cheryl Ann Jacques (born February 17 1962) is a Massachusetts administrative judge in the Department of Industrial Accidents and former politician who served six terms in the Massachusetts Senate. She also worked as the president of the Human Rights Campaign for 11 months and addressed the 2004 Democratic National Convention in this post.Jacques graduated from Boston College in 1984 and received her J.D.,"{""Company"": 0, ""EducationalInstitution"": 0, ""Artist"": 0, ""Athlete"": 0, ""OfficeHolder"": 4, ""MeanOfTransportation"": 0, ""Building"": 0, ""NaturalPlace"": 0, ""Village"": 0, ""Animal"": 0, ""Plant"": 0, ""Album"": 0, ""Film"": 0, ""WrittenWork"": 0}",4,5,0.8,1
237,Village,Village,Village,Stare Serby.  Stare Serby [ˈstarɛ ˈsɛrbɨ] (German: Lerchenberg 4/1/1938 Alt Lerchenberg) is a village in the administrative district of Gmina Głogów within Głogów County Lower Silesian Voivodeship in south-western Poland. Prior to 1945 it was in Germany.It lies approximately 5 km (3 mi) north-east of Głogów and 89 km (55 mi) north-west of the regional capital Wrocław.The village has an approximate population of 140.,"{""Company"": 0, ""EducationalInstitution"": 0, ""Artist"": 0, ""Athlete"": 0, ""OfficeHolder"": 0, ""MeanOfTransportation"": 0, ""Building"": 0, ""NaturalPlace"": 0, ""Village"": 5, ""Animal"": 0, ""Plant"": 0, ""Album"": 0, ""Film"": 0, ""WrittenWork"": 0}",5,5,1.0,1
238,OfficeHolder,OfficeHolder,OfficeHolder,Tarnya Smith.  Tarnya Lisa Smith (born 17 March 1965) is an Australian Liberal National politician who is the member of the Legislative Assembly of Queensland for Mount Ommaney having defeated Ben Marczyk at the 2012 state election. She was the candidate for the federal seat of Oxley at the 2010 federal election.,"{""Company"": 0, ""EducationalInstitution"": 0, ""Artist"": 0, ""Athlete"": 0, ""OfficeHolder"": 5, ""MeanOfTransportation"": 0, ""Building"": 0, ""NaturalPlace"": 0, ""Village"": 0, ""Animal"": 0, ""Plant"": 0, ""Album"": 0, ""Film"": 0, ""WrittenWork"": 0}",5,5,1.0,1
239,EducationalInstitution,EducationalInstitution,EducationalInstitution,School Without Walls (Washington D.C.).  The School Without Walls Senior High School is a small public magnet high school in the Foggy Bottom area of Washington D.C. It is colloquially referred to by students and faculty as Walls. It is also well known as the top high school in the District of Columbia Public Schools and one of the best in the region.The school was established in 1971 following the model of the Parkway Program in the School District of Philadelphia.,"{""Company"": 0, ""EducationalInstitution"": 3, ""Artist"": 0, ""Athlete"": 0, ""OfficeHolder"": 0, ""MeanOfTransportation"": 0, ""Building"": 0, ""NaturalPlace"": 0, ""Village"": 0, ""Animal"": 0, ""Plant"": 0, ""Album"": 0, ""Film"": 0, ""WrittenWork"": 0}",3,5,0.6,1
240,EducationalInstitution,EducationalInstitution,EducationalInstitution,McMaster School of Nursing.  The McMaster School of Nursing (SON) was established in 1946 and expanded with support from many community hospitals to become one of the unique programmes to incorporate professional and distance education in the field.,"{""Company"": 0, ""EducationalInstitution"": 3, ""Artist"": 0, ""Athlete"": 0, ""OfficeHolder"": 2, ""MeanOfTransportation"": 0, ""Building"": 0, ""NaturalPlace"": 0, ""Village"": 0, ""Animal"": 0, ""Plant"": 0, ""Album"": 0, ""Film"": 0, ""WrittenWork"": 0}",3,5,0.6,1
241,Film,Film,Film,The Land Beyond the Sunset.  The Land Beyond the Sunset is a 1912 short silent drama film which tells the story of a young boy oppressed by his grandmother who goes on an outing in the country with a social welfare group. It stars Martin Fuller Mrs. William Bechtel Walter Edwin and Bigelow Cooper. The movie was written by Dorothy G. Shore and directed by Harold M. Shaw.,"{""Company"": 0, ""EducationalInstitution"": 0, ""Artist"": 0, ""Athlete"": 0, ""OfficeHolder"": 0, ""MeanOfTransportation"": 0, ""Building"": 0, ""NaturalPlace"": 0, ""Village"": 0, ""Animal"": 0, ""Plant"": 0, ""Album"": 0, ""Film"": 5, ""WrittenWork"": 0}",5,5,1.0,1
242,OfficeHolder,OfficeHolder,OfficeHolder,Thomas S. Bocock.  Thomas Stanley Bocock (May 18 1815 – August 5 1891) was a nineteenth-century politician and lawyer from Virginia. After serving as an antebellum United States Congressman he was the Speaker of the Confederate States House of Representatives during most of the American Civil War.,"{""Company"": 0, ""EducationalInstitution"": 0, ""Artist"": 0, ""Athlete"": 0, ""OfficeHolder"": 5, ""MeanOfTransportation"": 0, ""Building"": 0, ""NaturalPlace"": 0, ""Village"": 0, ""Animal"": 0, ""Plant"": 0, ""Album"": 0, ""Film"": 0, ""WrittenWork"": 0}",5,5,1.0,1
243,MeanOfTransportation,MeanOfTransportation,Company,USS Wright (AV-1).  USS Wright (AZ-1/AV-1) was a one-of-a-kind auxiliary ship in the United States Navy named for aviation pioneer Orville Wright.,"{""Company"": 2, ""EducationalInstitution"": 0, ""Artist"": 0, ""Athlete"": 0, ""OfficeHolder"": 2, ""MeanOfTransportation"": 0, ""Building"": 1, ""NaturalPlace"": 0, ""Village"": 0, ""Animal"": 0, ""Plant"": 0, ""Album"": 0, ""Film"": 0, ""WrittenWork"": 0}",2,5,0.4,0
244,WrittenWork,WrittenWork,WrittenWork,A Treatise on Money.  A Treatise on Money is a work on economics by English economist John Maynard Keynes. In the Treatise Keynes drew a distinction between savings and investment arguing that where saving exceeded investment recession would occur. Thus Keynes reasoned that during a depression the best course of action would be to promote spending and to discourage saving.,"{""Company"": 1, ""EducationalInstitution"": 0, ""Artist"": 0, ""Athlete"": 0, ""OfficeHolder"": 0, ""MeanOfTransportation"": 0, ""Building"": 0, ""NaturalPlace"": 0, ""Village"": 0, ""Animal"": 0, ""Plant"": 0, ""Album"": 0, ""Film"": 0, ""WrittenWork"": 4}",4,5,0.8,1
245,Company,Company,Company,Asian Institute of Finance.  Asian Institute of Finance or AIF for short is a non-profit organisation focused on human capital development in the Financial Services Industry (FSI). The institute is located at KL Sentral Kuala Lumpur Malaysia.,"{""Company"": 3, ""EducationalInstitution"": 2, ""Artist"": 0, ""Athlete"": 0, ""OfficeHolder"": 0, ""MeanOfTransportation"": 0, ""Building"": 0, ""NaturalPlace"": 0, ""Village"": 0, ""Animal"": 0, ""Plant"": 0, ""Album"": 0, ""Film"": 0, ""WrittenWork"": 0}",3,5,0.6,1
246,Album,Album,Album,Slush (album).  Slush is the 1997 debut album by OP8 a band formed from Lisa Germano Howe Gelb of Giant Sand and Joey Burns and John Convertino of Calexico and Giant Sand. The album was released on Thirsty Ear and features covers of Sand by Nancy Sinatra and Lee Hazlewood as well as Round and Round by Neil Young. Its generally mainstream jazz-inflected songwriting is at times counterbalanced by odd sonic details including detuned melodic fragments and synthetic noises.,"{""Company"": 0, ""EducationalInstitution"": 0, ""Artist"": 0, ""Athlete"": 0, ""OfficeHolder"": 0, ""MeanOfTransportation"": 0, ""Building"": 0, ""NaturalPlace"": 0, ""Village"": 0, ""Animal"": 0, ""Plant"": 0, ""Album"": 5, ""Film"": 0, ""WrittenWork"": 0}",5,5,1.0,1
247,OfficeHolder,OfficeHolder,OfficeHolder,Aníbal José Torres.  Aníbal José Jossie Torres is a Puerto Rican politician affiliated to the Popular Democratic Party (PPD). Torres has served in several positions of leadership within his party. He served as Secretary of the party during the 2000s before being appointed as Puerto Rico Chief of Staff by elected Governor Aníbal Acevedo Vilá in 2005. After serving four years he returned to his position as Secretary of the PPD before deciding to run for the Senate of Puerto Rico at the 2012 general elections.,"{""Company"": 0, ""EducationalInstitution"": 0, ""Artist"": 0, ""Athlete"": 0, ""OfficeHolder"": 5, ""MeanOfTransportation"": 0, ""Building"": 0, ""NaturalPlace"": 0, ""Village"": 0, ""Animal"": 0, ""Plant"": 0, ""Album"": 0, ""Film"": 0, ""WrittenWork"": 0}",5,5,1.0,1
248,NaturalPlace,NaturalPlace,Building,Santa Fe Baldy.  Santa Fe Baldy is a prominent summit in the Sangre de Cristo Mountains of New Mexico United States located 15 mi (24 km) northeast of Santa Fe. There are no higher mountains in New Mexico south of Santa Fe Baldy. It is prominent as seen from Los Alamos and communities along the Rio Grande in northern New Mexico but is relatively inconspicuous from Santa Fe as its north-south trending main ridge line is seen nearly end-on disguising the size of the mountain.,"{""Company"": 0, ""EducationalInstitution"": 0, ""Artist"": 0, ""Athlete"": 0, ""OfficeHolder"": 0, ""MeanOfTransportation"": 0, ""Building"": 5, ""NaturalPlace"": 0, ""Village"": 0, ""Animal"": 0, ""Plant"": 0, ""Album"": 0, ""Film"": 0, ""WrittenWork"": 0}",5,5,1.0,0
249,Company,Company,Company,Canada West Airlines.  Canada West Airlines was an airline based in Canada. It ceased operations in 2004.,"{""Company"": 4, ""EducationalInstitution"": 0, ""Artist"": 0, ""Athlete"": 0, ""OfficeHolder"": 1, ""MeanOfTransportation"": 0, ""Building"": 0, ""NaturalPlace"": 0, ""Village"": 0, ""Animal"": 0, ""Plant"": 0, ""Album"": 0, ""Film"": 0, ""WrittenWork"": 0}",4,5,0.8,1
250,Building,Building,Village,Kađenica.  The Smoke Cave or Kađenica is a cave-church located in the village of Dljina near Čačak on the right bank of the Zapadna Morava one kilometre upstream from Ovčar Banja Serbia.During the Hadži Prodan's revolt in 1814 people found refuge in the cave. Turks discovered their hiding place and using straw and woods set it on fire suffocating everyone inside. This incident also gave the name to the cave. In 1936 the remains were retrieved fully cremated and buried in two stone sarcophaguses.,"{""Company"": 0, ""EducationalInstitution"": 0, ""Artist"": 0, ""Athlete"": 0, ""OfficeHolder"": 0, ""MeanOfTransportation"": 0, ""Building"": 1, ""NaturalPlace"": 0, ""Village"": 4, ""Animal"": 0, ""Plant"": 0, ""Album"": 0, ""Film"": 0, ""WrittenWork"": 0}",4,5,0.8,0
251,Plant,Plant,NaturalPlace,Pothoidium.  Pothoidium is a monotypic genus of flowering plants in the Araceae family. The single species that comprises the genus is Pothoidium lobbianum. This species is endemic to the Moluccas Sulawesi the Philippines and Taiwan.,"{""Company"": 0, ""EducationalInstitution"": 0, ""Artist"": 0, ""Athlete"": 0, ""OfficeHolder"": 0, ""MeanOfTransportation"": 0, ""Building"": 0, ""NaturalPlace"": 5, ""Village"": 0, ""Animal"": 0, ""Plant"": 0, ""Album"": 0, ""Film"": 0, ""WrittenWork"": 0}",5,5,1.0,0
252,Album,Album,Album,Royal Festival Hall Vol. 1.  Royal Festival Hall Vol. 1 is the twenty-fourth album by Klaus Schulze. It was originally released in 1992. This is the third of seven early-1990s Klaus Schulze albums not to be reissued by Revisited Records.,"{""Company"": 0, ""EducationalInstitution"": 0, ""Artist"": 0, ""Athlete"": 0, ""OfficeHolder"": 0, ""MeanOfTransportation"": 0, ""Building"": 0, ""NaturalPlace"": 0, ""Village"": 0, ""Animal"": 0, ""Plant"": 0, ""Album"": 5, ""Film"": 0, ""WrittenWork"": 0}",5,5,1.0,1
253,Athlete,Athlete,Athlete,Cao Tianbao.  Cao Tianbao (Chinese: 曹添堡; pinyin: Cáo Tiānbǎo; born 3 April 1982 in Shenyang) is a Chinese football striker who currently plays for Changchun Yatai in the Chinese Super League Primarily plays in the position of second striker.,"{""Company"": 0, ""EducationalInstitution"": 0, ""Artist"": 0, ""Athlete"": 5, ""OfficeHolder"": 0, ""MeanOfTransportation"": 0, ""Building"": 0, ""NaturalPlace"": 0, ""Village"": 0, ""Animal"": 0, ""Plant"": 0, ""Album"": 0, ""Film"": 0, ""WrittenWork"": 0}",5,5,1.0,1
254,Film,Film,Film,The Dancing Masters.  The Dancing Masters is a 1943 Laurel and Hardy feature film. The plot involves the team running a ballet school and getting involved with an inventor. A young Robert Mitchum has an uncredited cameo role as a fraudulent insurance salesman.,"{""Company"": 0, ""EducationalInstitution"": 0, ""Artist"": 0, ""Athlete"": 0, ""OfficeHolder"": 0, ""MeanOfTransportation"": 0, ""Building"": 0, ""NaturalPlace"": 0, ""Village"": 0, ""Animal"": 0, ""Plant"": 0, ""Album"": 0, ""Film"": 5, ""WrittenWork"": 0}",5,5,1.0,1
255,Building,Building,Building,San Pietro alla Magione.  San Pietro alla Magione is an ancient church on Via Camollia in Siena Italy.Documents attest to a church at the site since 998. It is built in stone and preceded by a stairs and a Romanesque bell portal. The austere interior was restored in 1957 and contains a Gothic tabernacle from the second half of the 14th century a Madonna with Saints John the Baptist and Peter by Diego Pesco fragments of frescoes (Cruxifixion and Biblical Stories) by Cristoforo di Bindoccio and Meo di Pero.,"{""Company"": 0, ""EducationalInstitution"": 0, ""Artist"": 0, ""Athlete"": 0, ""OfficeHolder"": 0, ""MeanOfTransportation"": 0, ""Building"": 5, ""NaturalPlace"": 0, ""Village"": 0, ""Animal"": 0, ""Plant"": 0, ""Album"": 0, ""Film"": 0, ""WrittenWork"": 0}",5,5,1.0,1
256,Building,Building,Building,Elk Hill (Forest Virginia).  Elk Hill is a historic plantation home located near Forest Bedford County Virginia. It was built about 1797 and consists of a 2 1/2-story three bay brick central section with flanking wings in the Federal style. It has a slate gable roof and a front porch added in 1928 when restored by the architect Preston Craighill. The main block has twin brick exterior chimneys.,"{""Company"": 0, ""EducationalInstitution"": 0, ""Artist"": 0, ""Athlete"": 0, ""OfficeHolder"": 0, ""MeanOfTransportation"": 0, ""Building"": 5, ""NaturalPlace"": 0, ""Village"": 0, ""Animal"": 0, ""Plant"": 0, ""Album"": 0, ""Film"": 0, ""WrittenWork"": 0}",5,5,1.0,1
257,Album,Album,Company,Just a Taste.  Just a Taste is a four track EP from rock band Steelheart. Released in late 2006 it's literally a taste of music to be heard from the following album Good 2b Alive released on September 15 2008 although the EP had its own supporting tour.Although the EP is now available for purchase via the Steelheart online store the tracks are available separately as digital downloads.,"{""Company"": 5, ""EducationalInstitution"": 0, ""Artist"": 0, ""Athlete"": 0, ""OfficeHolder"": 0, ""MeanOfTransportation"": 0, ""Building"": 0, ""NaturalPlace"": 0, ""Village"": 0, ""Animal"": 0, ""Plant"": 0, ""Album"": 0, ""Film"": 0, ""WrittenWork"": 0}",5,5,1.0,0
258,Plant,Plant,Plant,Simira.  Simira is a genus of plant in family Rubiaceae. It contains the following species (which list may be incomplete): Simira standleyi (Little)Steyerm. Simira wurdackii Steyerm.,"{""Company"": 0, ""EducationalInstitution"": 0, ""Artist"": 0, ""Athlete"": 0, ""OfficeHolder"": 0, ""MeanOfTransportation"": 0, ""Building"": 0, ""NaturalPlace"": 0, ""Village"": 0, ""Animal"": 0, ""Plant"": 5, ""Album"": 0, ""Film"": 0, ""WrittenWork"": 0}",5,5,1.0,1
259,Film,Film,Company,The Compulsory Husband.  The Compulsory Husband is a 1930 British comedy film directed by Monty Banks and starring Banks Lillian Manton and Clifford Heatherley. It was based on a novel by John Glyder.,"{""Company"": 3, ""EducationalInstitution"": 0, ""Artist"": 0, ""Athlete"": 0, ""OfficeHolder"": 0, ""MeanOfTransportation"": 0, ""Building"": 0, ""NaturalPlace"": 0, ""Village"": 0, ""Animal"": 0, ""Plant"": 0, ""Album"": 0, ""Film"": 2, ""WrittenWork"": 0}",3,5,0.6,0
260,Plant,Plant,EducationalInstitution,Salvia 'Jean's Purple Passion'.  Salvia 'Jean's Purple Passion' is a Salvia cultivar discovered at Cabrillo College in Aptos California. It was found growing between Salvia gesneriflora 'Tequila' and Salvia mexicana who are presumed to be its parents. It is named for Jean Coria a gardening enthusiast who propagated many species in the genus Salvia for many years at Strybing Arboretum.It has large vibrant violet flowers and grows 6 ft (1.8 m) or more in height.,"{""Company"": 1, ""EducationalInstitution"": 2, ""Artist"": 0, ""Athlete"": 0, ""OfficeHolder"": 0, ""MeanOfTransportation"": 0, ""Building"": 0, ""NaturalPlace"": 0, ""Village"": 0, ""Animal"": 0, ""Plant"": 2, ""Album"": 0, ""Film"": 0, ""WrittenWork"": 0}",2,5,0.4,0
261,NaturalPlace,NaturalPlace,NaturalPlace,Briar Lake.  Briar Lake is a lake of Clare municipality in Nova Scotia Canada.,"{""Company"": 0, ""EducationalInstitution"": 0, ""Artist"": 0, ""Athlete"": 0, ""OfficeHolder"": 0, ""MeanOfTransportation"": 0, ""Building"": 2, ""NaturalPlace"": 3, ""Village"": 0, ""Animal"": 0, ""Plant"": 0, ""Album"": 0, ""Film"": 0, ""WrittenWork"": 0}",3,5,0.6,1
262,Animal,Animal,Animal,Ciconiiformes.  Traditionally the order Ciconiiformes has included a variety of large long-legged wading birds with large bills: storks herons egrets ibises spoonbills and several others. Ciconiiformes are known from the Late Eocene. At present the only family retained in the order is the storks Ciconiidae.,"{""Company"": 0, ""EducationalInstitution"": 0, ""Artist"": 0, ""Athlete"": 0, ""OfficeHolder"": 0, ""MeanOfTransportation"": 0, ""Building"": 0, ""NaturalPlace"": 0, ""Village"": 0, ""Animal"": 5, ""Plant"": 0, ""Album"": 0, ""Film"": 0, ""WrittenWork"": 0}",5,5,1.0,1
263,Film,Film,Film,The Favorite.  For the opera by Donizetti see La favorite. For the stadium in Palermo Italy see La Favorita. For the Canadian early music ensemble see La Favoritte. For the Brazilian soap opera see A Favorita.The Favorite (also titled Intimate Power) is a 1989 film based on the fictional life story of Aimée du Buc de Rivéry that takes place at the dawn of the 19th century. It is the final film of director Jack Smight.,"{""Company"": 0, ""EducationalInstitution"": 0, ""Artist"": 0, ""Athlete"": 0, ""OfficeHolder"": 0, ""MeanOfTransportation"": 0, ""Building"": 0, ""NaturalPlace"": 0, ""Village"": 0, ""Animal"": 0, ""Plant"": 0, ""Album"": 1, ""Film"": 4, ""WrittenWork"": 0}",4,5,0.8,1
264,Artist,Artist,Company,Stephen Gregory (author).  Stephen Gregory is a Welsh author of horror fiction. He was born in Derby England in 1952. He has a degree in law from the University of London and has worked as a teacher in various places including Bangor in Wales Algiers in Algeria and the Sudan. Gregory lived in Hollywood California for a time where he worked as a script writer with William Friedkin at Paramount Pictures.,"{""Company"": 1, ""EducationalInstitution"": 0, ""Artist"": 0, ""Athlete"": 0, ""OfficeHolder"": 0, ""MeanOfTransportation"": 0, ""Building"": 0, ""NaturalPlace"": 0, ""Village"": 0, ""Animal"": 0, ""Plant"": 0, ""Album"": 0, ""Film"": 0, ""WrittenWork"": 0}",1,5,0.2,0
265,Artist,Artist,Artist,John Straley.  John Straley is a poet and author of detective fiction. He currently resides in Sitka Alaska.,"{""Company"": 1, ""EducationalInstitution"": 0, ""Artist"": 2, ""Athlete"": 0, ""OfficeHolder"": 0, ""MeanOfTransportation"": 0, ""Building"": 0, ""NaturalPlace"": 0, ""Village"": 0, ""Animal"": 0, ""Plant"": 0, ""Album"": 0, ""Film"": 0, ""WrittenWork"": 0}",2,5,0.4,1
266,EducationalInstitution,EducationalInstitution,EducationalInstitution,Centro de Enseñanza Técnica y Superior.  The Centro de Enseñanza Técnica y Superior (CETYS) is a Mexican private university commonly referred to as CETYS Universidad.This institution was founded on February 17 1961 with Fernando Macías Rendón as first president in Mexicali Baja California. It originally opened with only a high school program where the first student registered was Eugenio Lagarde Camerón and courses started on September 20.,"{""Company"": 0, ""EducationalInstitution"": 5, ""Artist"": 0, ""Athlete"": 0, ""OfficeHolder"": 0, ""MeanOfTransportation"": 0, ""Building"": 0, ""NaturalPlace"": 0, ""Village"": 0, ""Animal"": 0, ""Plant"": 0, ""Album"": 0, ""Film"": 0, ""WrittenWork"": 0}",5,5,1.0,1
267,Building,Building,Building,David Bachrach House.  The David Bachrach House also known as Gertrude Stein House is a historic home located at Baltimore Maryland United States. It is a late 19th-century Victorian style frame structure consisting of two stories plus a mansard roof in height. It was constructed about 1886 and occupied by David Bachrach (1845-1921) a commercial photographer who figures prominently in the annals of American photographic history.,"{""Company"": 0, ""EducationalInstitution"": 0, ""Artist"": 0, ""Athlete"": 0, ""OfficeHolder"": 0, ""MeanOfTransportation"": 0, ""Building"": 5, ""NaturalPlace"": 0, ""Village"": 0, ""Animal"": 0, ""Plant"": 0, ""Album"": 0, ""Film"": 0, ""WrittenWork"": 0}",5,5,1.0,1
268,Album,Album,Album,Blue Light 'til Dawn.  Blue Light 'til Dawn is a studio album by American jazz singer Cassandra Wilson. Her first album on the Blue Note label it was released in 1993. It contains Wilson's interpretations of songs by various blues and rock artists as well as three original compositions.,"{""Company"": 0, ""EducationalInstitution"": 0, ""Artist"": 0, ""Athlete"": 0, ""OfficeHolder"": 0, ""MeanOfTransportation"": 0, ""Building"": 0, ""NaturalPlace"": 0, ""Village"": 0, ""Animal"": 0, ""Plant"": 0, ""Album"": 5, ""Film"": 0, ""WrittenWork"": 0}",5,5,1.0,1
269,Film,Film,Film,Ammai Duwai.  Ammai Duwai is a 1984 Sri Lankan film directed by Mu. Arukgoda.,"{""Company"": 0, ""EducationalInstitution"": 0, ""Artist"": 0, ""Athlete"": 0, ""OfficeHolder"": 0, ""MeanOfTransportation"": 0, ""Building"": 0, ""NaturalPlace"": 0, ""Village"": 0, ""Animal"": 0, ""Plant"": 0, ""Album"": 0, ""Film"": 5, ""WrittenWork"": 0}",5,5,1.0,1
270,Company,Company,Company,SwoonXO.  SwoonXO is a dating website and Facebook Application that incorporates live interactive environments for users to meet in real time. SwoonXO is privately held company based in San Francisco California.SwoonXO's dating website features are free but it's live interactive component is accessed by purchasing credits on the site.,"{""Company"": 5, ""EducationalInstitution"": 0, ""Artist"": 0, ""Athlete"": 0, ""OfficeHolder"": 0, ""MeanOfTransportation"": 0, ""Building"": 0, ""NaturalPlace"": 0, ""Village"": 0, ""Animal"": 0, ""Plant"": 0, ""Album"": 0, ""Film"": 0, ""WrittenWork"": 0}",5,5,1.0,1
271,Building,Building,Building,All Saints Cathedral Halifax.  All Saints Cathedral is the cathedral church of the Anglican Church of Canada in Halifax Nova Scotia.It is the cathedral for the Diocese of Nova Scotia and Prince Edward Island. There is an additional cathedral St. Peter's in Charlottetown Prince Edward Island owing to the diocese unusually containing two civil provinces.All Saints is located on Martello Street (formerly Tower Road) in the South End of the Halifax Peninsula.,"{""Company"": 1, ""EducationalInstitution"": 0, ""Artist"": 0, ""Athlete"": 0, ""OfficeHolder"": 0, ""MeanOfTransportation"": 0, ""Building"": 4, ""NaturalPlace"": 0, ""Village"": 0, ""Animal"": 0, ""Plant"": 0, ""Album"": 0, ""Film"": 0, ""WrittenWork"": 0}",4,5,0.8,1
272,EducationalInstitution,EducationalInstitution,EducationalInstitution,Alabama School of Mathematics and Science.  The Alabama School of Mathematics and Science (ASMS) is a public residential high school in the Midtown neighborhood of Mobile Alabama. ASMS is a member of the National Consortium for Specialized Secondary Schools of Mathematics Science and Technology. It graduated its first class in 1993.The school was founded in 1989 as a unique public-private partnership.,"{""Company"": 0, ""EducationalInstitution"": 5, ""Artist"": 0, ""Athlete"": 0, ""OfficeHolder"": 0, ""MeanOfTransportation"": 0, ""Building"": 0, ""NaturalPlace"": 0, ""Village"": 0, ""Animal"": 0, ""Plant"": 0, ""Album"": 0, ""Film"": 0, ""WrittenWork"": 0}",5,5,1.0,1
273,MeanOfTransportation,MeanOfTransportation,Company,LIPNUR Kunang.  The LIPNUR Kunang was a single-seat sports plane built in Indonesia that first flew in 1958 in the hope that it would inspire interest in aviation amongst Indonesian youth. The only example that was built was subsequently grounded. It was a single-seat monoplane of conventional layout with fixed tailwheel undercarriage.,"{""Company"": 3, ""EducationalInstitution"": 0, ""Artist"": 0, ""Athlete"": 0, ""OfficeHolder"": 2, ""MeanOfTransportation"": 0, ""Building"": 0, ""NaturalPlace"": 0, ""Village"": 0, ""Animal"": 0, ""Plant"": 0, ""Album"": 0, ""Film"": 0, ""WrittenWork"": 0}",3,5,0.6,0
274,Building,Building,Building,All Saints Church Thornton Hough.  All Saints Church Thornton Hough is in Raby Road Thornton Hough Wirral Merseyside England. It is an active Anglican parish church in the Deanery of Wirral South the archdeaconry of Chester and the diocese of Chester. The church is designated by English Heritage as a Grade II listed building.,"{""Company"": 0, ""EducationalInstitution"": 0, ""Artist"": 0, ""Athlete"": 0, ""OfficeHolder"": 0, ""MeanOfTransportation"": 0, ""Building"": 5, ""NaturalPlace"": 0, ""Village"": 0, ""Animal"": 0, ""Plant"": 0, ""Album"": 0, ""Film"": 0, ""WrittenWork"": 0}",5,5,1.0,1
275,Album,Album,Album,Coming Up (album).  Coming Up is the third album by English alternative rock band Suede released in September 1996 on Nude Records. It was the band's first album since the departure of guitarist Bernard Butler who was replaced by Richard Oakes. Also added to the band was keyboardist Neil Codling. The album was nominated for the 1997 Mercury Prize. A commercial and critical success Coming Up was the album that introduced Suede to a worldwide audience in places such as Europe Canada and Asia.,"{""Company"": 0, ""EducationalInstitution"": 0, ""Artist"": 0, ""Athlete"": 0, ""OfficeHolder"": 0, ""MeanOfTransportation"": 0, ""Building"": 0, ""NaturalPlace"": 0, ""Village"": 0, ""Animal"": 0, ""Plant"": 0, ""Album"": 5, ""Film"": 0, ""WrittenWork"": 0}",5,5,1.0,1
276,EducationalInstitution,EducationalInstitution,EducationalInstitution,Lake Brantley High School.  Lake Brantley High School (LBHS) is located in Altamonte Springs in the U.S. state of Florida an urban community approximately 13 miles (20 km) north of Orlando. It is a public high school serving grade levels 9–12 in Seminole County FL operated by Seminole County Public Schools. The school which opened in 1972 ranked 79th on Newsweek magazine's 2005 list of the top 100 high schools in the United States and 424th in the 2009 Newsweek list.,"{""Company"": 0, ""EducationalInstitution"": 3, ""Artist"": 0, ""Athlete"": 0, ""OfficeHolder"": 0, ""MeanOfTransportation"": 0, ""Building"": 0, ""NaturalPlace"": 0, ""Village"": 0, ""Animal"": 0, ""Plant"": 0, ""Album"": 0, ""Film"": 0, ""WrittenWork"": 0}",3,5,0.6,1
277,Artist,Artist,Artist,Pedro Déniz.  Pedro J. Déniz Acosta (Santa Brígida Las Palmas de Gran Canaria Canary Islands Spain 1964) is an interdisciplinary artist who has developed art projects and experiences ranging from the objectual art to installation art from art photography to video art cultivating art intervention performance art visual poetry and graphic design.,"{""Company"": 0, ""EducationalInstitution"": 0, ""Artist"": 5, ""Athlete"": 0, ""OfficeHolder"": 0, ""MeanOfTransportation"": 0, ""Building"": 0, ""NaturalPlace"": 0, ""Village"": 0, ""Animal"": 0, ""Plant"": 0, ""Album"": 0, ""Film"": 0, ""WrittenWork"": 0}",5,5,1.0,1
278,Company,Company,Company,Turkish Bank.  Turkish Bank Group is a Banking corporation established during 1901 as the Nicosia Savings Box in Cyprus assisted businesses by providing capital and financial support for local tradesmen. Supervised by the custodian Hacı İbrahim Efendi and led by an established businessman of the area Mufti Hafiz Ziyai Efendi.By 1925 it had been turned into a savings bank and by 1974 (as Türk Bankası Ltd./Turkish Bank Ltd.) established branches in London.,"{""Company"": 5, ""EducationalInstitution"": 0, ""Artist"": 0, ""Athlete"": 0, ""OfficeHolder"": 0, ""MeanOfTransportation"": 0, ""Building"": 0, ""NaturalPlace"": 0, ""Village"": 0, ""Animal"": 0, ""Plant"": 0, ""Album"": 0, ""Film"": 0, ""WrittenWork"": 0}",5,5,1.0,1
279,Artist,Artist,Company,Doug McCombs.  Douglas McCombs (born in 1962 in Peoria Illinois) plays bass and guitar with the instrumental rock band Tortoise and leads the instrumental band Brokeback. He is also the longtime bassist for the rock band Eleventh Dream Day. In 1997 he formed Pullman with Bundy K. Brown Chris Brokaw and Curtis Harvey with whom he released two albums.,"{""Company"": 3, ""EducationalInstitution"": 0, ""Artist"": 0, ""Athlete"": 0, ""OfficeHolder"": 0, ""MeanOfTransportation"": 0, ""Building"": 0, ""NaturalPlace"": 0, ""Village"": 0, ""Animal"": 0, ""Plant"": 0, ""Album"": 0, ""Film"": 0, ""WrittenWork"": 0}",3,5,0.6,0
280,NaturalPlace,NaturalPlace,NaturalPlace,Tomaș River.  The Tomaș River is a tributary of the Valea Lungă River in Romania. The lower course of the river crosses the city of Săcele where it is channelized.,"{""Company"": 0, ""EducationalInstitution"": 0, ""Artist"": 0, ""Athlete"": 0, ""OfficeHolder"": 0, ""MeanOfTransportation"": 0, ""Building"": 1, ""NaturalPlace"": 4, ""Village"": 0, ""Animal"": 0, ""Plant"": 0, ""Album"": 0, ""Film"": 0, ""WrittenWork"": 0}",4,5,0.8,1
281,Building,Building,Building,Henan Museum.  The Henan Museum or Henan Provincial Museum (Chinese: 河南博物院; Pinyin: Hénán Bówùyuàn) located in Zhengzhou Henan Province China is a history and art museum. It has a collection of more than 130000 pieces of cultural relics through the ages. In addition to its collection of human history the museum is also home to many relics of natural history including dinosaur bones and fossils.,"{""Company"": 0, ""EducationalInstitution"": 0, ""Artist"": 0, ""Athlete"": 0, ""OfficeHolder"": 1, ""MeanOfTransportation"": 0, ""Building"": 4, ""NaturalPlace"": 0, ""Village"": 0, ""Animal"": 0, ""Plant"": 0, ""Album"": 0, ""Film"": 0, ""WrittenWork"": 0}",4,5,0.8,1
282,OfficeHolder,OfficeHolder,OfficeHolder,Don Meredith (politician).  Don Meredith (born July 13 1964) is an ordained minister in Canada executive director of the GTA Faith Alliance which focuses on the issue of youth violence particularly involving gangs and guns and a member of the Canadian Senate. The GTA Faith Alliance has organized peace rallies in the Malvern and Rexdale communities of Toronto following incidents of violence as well as organizing town hall meetings on related community issues.,"{""Company"": 0, ""EducationalInstitution"": 0, ""Artist"": 0, ""Athlete"": 0, ""OfficeHolder"": 5, ""MeanOfTransportation"": 0, ""Building"": 0, ""NaturalPlace"": 0, ""Village"": 0, ""Animal"": 0, ""Plant"": 0, ""Album"": 0, ""Film"": 0, ""WrittenWork"": 0}",5,5,1.0,1
283,Company,Company,Company,Tofutti.  Tofutti Brands Inc. is a US company founded by New York restaurateur David Mintz that makes a range of soy-based dairy-free foods. Best known for ice cream substitute Tofutti targets some niches such as the lactose-intolerant kosher food allergy sensitive vegetarian and vegan markets. In Canada Tofutti-Cholac Foods has distributed Tofutti products to Canadian supermarkets grocers and health food stores since the late 1980s.,"{""Company"": 5, ""EducationalInstitution"": 0, ""Artist"": 0, ""Athlete"": 0, ""OfficeHolder"": 0, ""MeanOfTransportation"": 0, ""Building"": 0, ""NaturalPlace"": 0, ""Village"": 0, ""Animal"": 0, ""Plant"": 0, ""Album"": 0, ""Film"": 0, ""WrittenWork"": 0}",5,5,1.0,1
284,Village,Village,Village,Melauli.  Melauli is a village development committee in Baitadi District in the Mahakali Zone of western Nepal. At the time of the 1991 Nepal census it had a population of 3391 and had 595 houses in the town.,"{""Company"": 0, ""EducationalInstitution"": 0, ""Artist"": 0, ""Athlete"": 0, ""OfficeHolder"": 0, ""MeanOfTransportation"": 0, ""Building"": 0, ""NaturalPlace"": 0, ""Village"": 5, ""Animal"": 0, ""Plant"": 0, ""Album"": 0, ""Film"": 0, ""WrittenWork"": 0}",5,5,1.0,1
285,Athlete,Athlete,Athlete,Regina Halmich.  Regina Halmich (born 22 November 1976) is a female boxer from Germany. Halmich is among the most successful female boxers of all time and helped popularise female boxing in Europe.,"{""Company"": 0, ""EducationalInstitution"": 0, ""Artist"": 0, ""Athlete"": 5, ""OfficeHolder"": 0, ""MeanOfTransportation"": 0, ""Building"": 0, ""NaturalPlace"": 0, ""Village"": 0, ""Animal"": 0, ""Plant"": 0, ""Album"": 0, ""Film"": 0, ""WrittenWork"": 0}",5,5,1.0,1
286,Company,Company,Company,Dwango (company).  Dwango Co. Ltd (株式会社ドワンゴ) (TYO: 3715) is a telecommunications and media company based in Japan headed by Nobuo Kawakami. Its subsidiaries include Niwango which runs the popular Japanese video sharing site Nico Nico Douga. The company was spun off from a U.S.-based service offering online multiplayer for video games DWANGO which was shut down in 1998. Majority shareholders include Kawakami himself Kadokawa Group Holdings and Avex Group.,"{""Company"": 5, ""EducationalInstitution"": 0, ""Artist"": 0, ""Athlete"": 0, ""OfficeHolder"": 0, ""MeanOfTransportation"": 0, ""Building"": 0, ""NaturalPlace"": 0, ""Village"": 0, ""Animal"": 0, ""Plant"": 0, ""Album"": 0, ""Film"": 0, ""WrittenWork"": 0}",5,5,1.0,1
287,OfficeHolder,OfficeHolder,OfficeHolder,Matt Dolan.  Matthew J. Dolan is a former member of the Ohio House of Representatives representing the 98th District from 2005 to 2010. He resigned in January 2010 to focus on a run for Cuyahoga County Executive. Dolan is the son of Cleveland Indians owner Larry Dolan and nephew of Cablevision billionaire Charles Dolan.On November 2 2010 he lost to Lakewood Mayor Democrat Ed FitzGerald in the race to become Cuyahoga County Executive.,"{""Company"": 0, ""EducationalInstitution"": 0, ""Artist"": 0, ""Athlete"": 0, ""OfficeHolder"": 5, ""MeanOfTransportation"": 0, ""Building"": 0, ""NaturalPlace"": 0, ""Village"": 0, ""Animal"": 0, ""Plant"": 0, ""Album"": 0, ""Film"": 0, ""WrittenWork"": 0}",5,5,1.0,1
288,Village,Village,Village,Jasionowa Huta.  Jasionowa Huta [jaɕɔˈnɔva ˈxuta] is a village in the administrative district of Gmina Nowa Karczma within Kościerzyna County Pomeranian Voivodeship in northern Poland. It lies approximately 4 kilometres (2 mi) north of Nowa Karczma 16 km (10 mi) east of Kościerzyna and 36 km (22 mi) south-west of the regional capital Gdańsk.For details of the history of the region see History of Pomerania.,"{""Company"": 0, ""EducationalInstitution"": 0, ""Artist"": 0, ""Athlete"": 0, ""OfficeHolder"": 0, ""MeanOfTransportation"": 0, ""Building"": 0, ""NaturalPlace"": 0, ""Village"": 5, ""Animal"": 0, ""Plant"": 0, ""Album"": 0, ""Film"": 0, ""WrittenWork"": 0}",5,5,1.0,1
289,Animal,Animal,Animal,Malaysian Partridge.  The Malaysian Partridge or Campbell's Partridge (Arborophila campbelli) is a species of bird in the Phasianidae family. This monotypic species is found in highland forests in Peninsular Malaysia. It is sometimes treated as a subspecies of the Grey-breasted Partridge.,"{""Company"": 0, ""EducationalInstitution"": 0, ""Artist"": 0, ""Athlete"": 0, ""OfficeHolder"": 0, ""MeanOfTransportation"": 0, ""Building"": 0, ""NaturalPlace"": 0, ""Village"": 0, ""Animal"": 5, ""Plant"": 0, ""Album"": 0, ""Film"": 0, ""WrittenWork"": 0}",5,5,1.0,1
290,OfficeHolder,OfficeHolder,OfficeHolder,Saugata Mitra.  Saugata Mitra is the Chief People Officer and Group Head Human Resources at Mother Dairy. He is a member of the Japan India Business Association and a governing body member of Institute of Rural Management Anand. He is a Human Resource professional business analyst and author.,"{""Company"": 0, ""EducationalInstitution"": 0, ""Artist"": 0, ""Athlete"": 0, ""OfficeHolder"": 5, ""MeanOfTransportation"": 0, ""Building"": 0, ""NaturalPlace"": 0, ""Village"": 0, ""Animal"": 0, ""Plant"": 0, ""Album"": 0, ""Film"": 0, ""WrittenWork"": 0}",5,5,1.0,1
291,Athlete,Athlete,Athlete,Tani Fuga.  Tanielu Tani Fuga (born 14 July 1973) is a Samoan rugby union player. Born in Apia he was brought up by his grandparents Iosia and Salavao Fuga and they moved to Auckland in 1986 for him to study. He attended Waitakere College in Auckland and played for the Waitemata club. He played as hooker and after playing for Samoa in 1999 decided to move to the UK as one of his idols Keith Wood played there for Harlequins.,"{""Company"": 0, ""EducationalInstitution"": 0, ""Artist"": 0, ""Athlete"": 4, ""OfficeHolder"": 0, ""MeanOfTransportation"": 0, ""Building"": 0, ""NaturalPlace"": 0, ""Village"": 0, ""Animal"": 0, ""Plant"": 0, ""Album"": 0, ""Film"": 0, ""WrittenWork"": 0}",4,5,0.8,1
292,Animal,Animal,Plant,Cameraria sadlerianella.  Cameraria sadlerianella is a moth of the Gracillariidae family. It is known from the United States (California and Oregon).The length of the forewings is 4.3-4.9 mm.The larvae feed on Quercus sadleriana. They mine the leaves of their host plant. The mine is found on the upperside of the leaf. It is ovoid to triangular. The epidermis is opaque with a yellow tan. The mine is usually located on one side of the midrib with one mine edge oriented adjacent to the midrib.,"{""Company"": 1, ""EducationalInstitution"": 0, ""Artist"": 0, ""Athlete"": 0, ""OfficeHolder"": 0, ""MeanOfTransportation"": 0, ""Building"": 0, ""NaturalPlace"": 0, ""Village"": 0, ""Animal"": 0, ""Plant"": 4, ""Album"": 0, ""Film"": 0, ""WrittenWork"": 0}",4,5,0.8,0
293,Company,Company,OfficeHolder,Maariv.  Maariv or Ma'ariv (Hebrew: מַעֲרִיב [maʔăˈʁiv]) also known as Arvit (Hebrew: עַרְבִית [aʁˈvit]) is a Jewish prayer service held in the evening. It consists primarily of the evening Shema and Amidah.The service usually begins with two verses from Psalms followed by the communal recitation of Barechu. The three paragraphs of the Shema are then said both preceded and followed by two blessings although sometimes a fifth blessing is added at the end.,"{""Company"": 2, ""EducationalInstitution"": 0, ""Artist"": 0, ""Athlete"": 0, ""OfficeHolder"": 3, ""MeanOfTransportation"": 0, ""Building"": 0, ""NaturalPlace"": 0, ""Village"": 0, ""Animal"": 0, ""Plant"": 0, ""Album"": 0, ""Film"": 0, ""WrittenWork"": 0}",3,5,0.6,0
294,Plant,Plant,Plant,Salvia cedrosensis.  Salvia cedrosensis is an evergreen fruticose perennial plant that is endemic to the western (Pacific) coast of Baja California in Mexico growing on the Vizcaino peninsula and Cedros Island.It is found growing along dry riverbeds and canyons in rocky soil. In the wild it grows 60 cm (24 in) tall and wide with small felt-like leaves that are whitish-grey and 2.5 cm (0.98 in). The flowers are violet-blue with a pearly grey calyx and light violet around the edges.,"{""Company"": 0, ""EducationalInstitution"": 0, ""Artist"": 0, ""Athlete"": 0, ""OfficeHolder"": 0, ""MeanOfTransportation"": 0, ""Building"": 0, ""NaturalPlace"": 0, ""Village"": 0, ""Animal"": 0, ""Plant"": 5, ""Album"": 0, ""Film"": 0, ""WrittenWork"": 0}",5,5,1.0,1
295,Album,Album,Album,Phenix (album).  Phenix is an album by jazz saxophonist Cannonball Adderley recorded at the Fantasy Studios in Berkeley California in 1975 featuring performances by Adderley's Quintet with Nat Adderley Michael Wolff Walter Booker and Roy McCurdy with guest percussionist Airto Moreira and sessions featuring past Quintet members George Duke Sam Jones and Louis Hayes.,"{""Company"": 0, ""EducationalInstitution"": 0, ""Artist"": 0, ""Athlete"": 0, ""OfficeHolder"": 0, ""MeanOfTransportation"": 0, ""Building"": 0, ""NaturalPlace"": 0, ""Village"": 0, ""Animal"": 0, ""Plant"": 0, ""Album"": 5, ""Film"": 0, ""WrittenWork"": 0}",5,5,1.0,1
296,Album,Album,Album,Americruiser.  Americicruiser is the second album by American alternative rock group Urge Overkill.,"{""Company"": 0, ""EducationalInstitution"": 0, ""Artist"": 0, ""Athlete"": 0, ""OfficeHolder"": 0, ""MeanOfTransportation"": 0, ""Building"": 0, ""NaturalPlace"": 0, ""Village"": 0, ""Animal"": 0, ""Plant"": 0, ""Album"": 5, ""Film"": 0, ""WrittenWork"": 0}",5,5,1.0,1
297,OfficeHolder,OfficeHolder,OfficeHolder,Justin Marcum.  Justin Jerome Marcum is a Democratic member of the West Virginia House of Delegates representing the 20th district. Marcum has also served as a Mingo County prosecutor and previously worked as a coal miner.,"{""Company"": 0, ""EducationalInstitution"": 0, ""Artist"": 0, ""Athlete"": 0, ""OfficeHolder"": 5, ""MeanOfTransportation"": 0, ""Building"": 0, ""NaturalPlace"": 0, ""Village"": 0, ""Animal"": 0, ""Plant"": 0, ""Album"": 0, ""Film"": 0, ""WrittenWork"": 0}",5,5,1.0,1
298,Athlete,Athlete,Athlete,Ifraim Alija.  Ifraim Alija (Serbo-Croat: Ifrajim Alija) (born 30 August 1985 in SFR Yugoslavia) is a footballer who plays for FC Gossau.He played his only match in Super League 2003–04 season.,"{""Company"": 0, ""EducationalInstitution"": 0, ""Artist"": 0, ""Athlete"": 5, ""OfficeHolder"": 0, ""MeanOfTransportation"": 0, ""Building"": 0, ""NaturalPlace"": 0, ""Village"": 0, ""Animal"": 0, ""Plant"": 0, ""Album"": 0, ""Film"": 0, ""WrittenWork"": 0}",5,5,1.0,1
299,MeanOfTransportation,MeanOfTransportation,OfficeHolder,USS Bagaduce (ATA-194).  The auxiliary ocean tug USS ATA-194 was laid down on 7 November 1944 at Orange Texas by the Levingston Ship Building Co.; launched 4 December 1944; and commissioned at Orange on 14 February 1945 Lieutenant (j.g.) William J. Bryan in command.After shakedown training ATA-194 sailed for the Pacific with equipment in tow. She transited the Panama Canal late in March and arrived at Pearl Harbor on 29 April.,"{""Company"": 0, ""EducationalInstitution"": 0, ""Artist"": 0, ""Athlete"": 0, ""OfficeHolder"": 4, ""MeanOfTransportation"": 0, ""Building"": 1, ""NaturalPlace"": 0, ""Village"": 0, ""Animal"": 0, ""Plant"": 0, ""Album"": 0, ""Film"": 0, ""WrittenWork"": 0}",4,5,0.8,0
300,MeanOfTransportation,MeanOfTransportation,Building,USS Manderson Victory (AK-230).  USS Manderson Victory (AK-230) was a Boulder Victory-class cargo ship acquired by the U.S. Navy during World War II. She served in the Pacific Ocean theatre of operations through the end of the war earning one battle star and then returned to the United States for disposal.,"{""Company"": 0, ""EducationalInstitution"": 0, ""Artist"": 0, ""Athlete"": 0, ""OfficeHolder"": 0, ""MeanOfTransportation"": 0, ""Building"": 5, ""NaturalPlace"": 0, ""Village"": 0, ""Animal"": 0, ""Plant"": 0, ""Album"": 0, ""Film"": 0, ""WrittenWork"": 0}",5,5,1.0,0
301,Album,Album,Company,Twitch (EP).  Twitch is an EP and the first official release by Australian alternative rock band Jebediah released on 5 August 1996. It peaked at No. 61 on the ARIA Singles Chart. It debuted at No. 1 in the Western Australia ARIA chart.,"{""Company"": 5, ""EducationalInstitution"": 0, ""Artist"": 0, ""Athlete"": 0, ""OfficeHolder"": 0, ""MeanOfTransportation"": 0, ""Building"": 0, ""NaturalPlace"": 0, ""Village"": 0, ""Animal"": 0, ""Plant"": 0, ""Album"": 0, ""Film"": 0, ""WrittenWork"": 0}",5,5,1.0,0
302,Village,Village,Village,Sobolewo Wysokie Mazowieckie County.  Sobolewo [sɔbɔˈlɛvɔ] is a village in the administrative district of Gmina Klukowo within Wysokie Mazowieckie County Podlaskie Voivodeship in north-eastern Poland. It lies approximately 4 kilometres (2 mi) north of Klukowo 14 km (9 mi) south of Wysokie Mazowieckie and 58 km (36 mi) south-west of the regional capital Białystok.,"{""Company"": 0, ""EducationalInstitution"": 0, ""Artist"": 0, ""Athlete"": 0, ""OfficeHolder"": 0, ""MeanOfTransportation"": 0, ""Building"": 0, ""NaturalPlace"": 0, ""Village"": 5, ""Animal"": 0, ""Plant"": 0, ""Album"": 0, ""Film"": 0, ""WrittenWork"": 0}",5,5,1.0,1
303,MeanOfTransportation,MeanOfTransportation,Company,Gillig Low Floor.  The Gillig Low Floor is a transit bus manufactured by the Gillig Corporation in Hayward California. The Low Floor was introduced in 1996. They are available in 29' 35' and 40' lengths. A diesel-electric hybrid version was introduced in 2004. Frameless side windows are an option. The Gillig Low Floor is often nicknamed Advantage due to the low-floor design.,"{""Company"": 5, ""EducationalInstitution"": 0, ""Artist"": 0, ""Athlete"": 0, ""OfficeHolder"": 0, ""MeanOfTransportation"": 0, ""Building"": 0, ""NaturalPlace"": 0, ""Village"": 0, ""Animal"": 0, ""Plant"": 0, ""Album"": 0, ""Film"": 0, ""WrittenWork"": 0}",5,5,1.0,0
304,MeanOfTransportation,MeanOfTransportation,Building,USS Phoebe (MSC-199).  USS Phoebe (MSC-199) was an Bluebird-class motor minesweeper acquired by the U.S. Navy for clearing coastal minefields. The second Phoebe to be so-named by the Navy AMS-199 was laid down by the Harbor Boat Building Co. Terminal Island California 26 February 1953 launched 21 August 1954 sponsored by Mrs. Anne Elizabeth Gotch; reclassified MSC-199 on 7 February 1955; and commissioned 29 April 1955 Lt. George D. Ferguson in command.,"{""Company"": 0, ""EducationalInstitution"": 0, ""Artist"": 0, ""Athlete"": 0, ""OfficeHolder"": 2, ""MeanOfTransportation"": 0, ""Building"": 3, ""NaturalPlace"": 0, ""Village"": 0, ""Animal"": 0, ""Plant"": 0, ""Album"": 0, ""Film"": 0, ""WrittenWork"": 0}",3,5,0.6,0
305,Company,Company,Company,Mitsubishi Estate.  Mitsubishi Estate Co. Ltd. (三菱地所株式会社 Mitsubishi Jisho Kabushiki-gaisha MEC) (TYO: 8802) is a Japanese corporation. It is one of the core Mitsubishi companies. Mitsubishi Estate has its headquarters in the Otemachi Building in Ōtemachi Chiyoda Tokyo.,"{""Company"": 5, ""EducationalInstitution"": 0, ""Artist"": 0, ""Athlete"": 0, ""OfficeHolder"": 0, ""MeanOfTransportation"": 0, ""Building"": 0, ""NaturalPlace"": 0, ""Village"": 0, ""Animal"": 0, ""Plant"": 0, ""Album"": 0, ""Film"": 0, ""WrittenWork"": 0}",5,5,1.0,1
306,Artist,Artist,Company,Cyber Sapp.  Keldrick Sapp professionally known as Cyber Sapp is an American record producer and songwriter from Atlanta Georgia who is possibly best known for producing Gucci Mane's single Freaky Gurl. He currently manages Bohagon who is apart of Sapp's BLACK CARTEL label. He has produced for David Banner P$C Bonecrusher Young Red and Lil Ron Slim Thug Paul Wall 4-IZE Killer Mike Soulja Slim and B.G. among others.,"{""Company"": 3, ""EducationalInstitution"": 0, ""Artist"": 2, ""Athlete"": 0, ""OfficeHolder"": 0, ""MeanOfTransportation"": 0, ""Building"": 0, ""NaturalPlace"": 0, ""Village"": 0, ""Animal"": 0, ""Plant"": 0, ""Album"": 0, ""Film"": 0, ""WrittenWork"": 0}",3,5,0.6,0
307,Animal,Animal,Animal,Phalonidia mesomerista.  Phalonidia mesomerista is a species of moth of the Tortricidae family. It is found in Ecuador (Napo Province Carchi Province).,"{""Company"": 0, ""EducationalInstitution"": 0, ""Artist"": 0, ""Athlete"": 0, ""OfficeHolder"": 0, ""MeanOfTransportation"": 0, ""Building"": 0, ""NaturalPlace"": 0, ""Village"": 0, ""Animal"": 5, ""Plant"": 0, ""Album"": 0, ""Film"": 0, ""WrittenWork"": 0}",5,5,1.0,1
308,Animal,Animal,Animal,Saurita mediorubra.  Saurita mediorubra is a moth in the Arctiidae family. It was described by Kaye in 1911. It is found in southern Brazil.The wingspan is about 34 mm. The forewings are semihyaline the apex broadly black with some dark scaling at the tornus. The hindwings the apex and inner margin with some dark scaling.,"{""Company"": 0, ""EducationalInstitution"": 0, ""Artist"": 0, ""Athlete"": 0, ""OfficeHolder"": 0, ""MeanOfTransportation"": 0, ""Building"": 0, ""NaturalPlace"": 0, ""Village"": 0, ""Animal"": 5, ""Plant"": 0, ""Album"": 0, ""Film"": 0, ""WrittenWork"": 0}",5,5,1.0,1
309,Artist,Artist,Artist,Viviane Ndour.  Viviane Ndour (born Viviane Chidid) is a Senegalese pop singer who is the former sister-in-law of Youssou N'Dour. She is known by some as the Queen of Mbalax.,"{""Company"": 0, ""EducationalInstitution"": 0, ""Artist"": 4, ""Athlete"": 0, ""OfficeHolder"": 0, ""MeanOfTransportation"": 0, ""Building"": 0, ""NaturalPlace"": 0, ""Village"": 0, ""Animal"": 0, ""Plant"": 0, ""Album"": 0, ""Film"": 0, ""WrittenWork"": 0}",4,5,0.8,1
310,EducationalInstitution,EducationalInstitution,EducationalInstitution,Camden Catholic High School.  Camden Catholic High School is a four-year comprehensive private coeducational Roman Catholic high school located in Cherry Hill New Jersey serving students from the Camden County area. The school operates under the supervision of the Roman Catholic Diocese of Camden. The school has been accredited by the Middle States Association of Colleges and Schools Commission on Secondary Schools since 1934.,"{""Company"": 0, ""EducationalInstitution"": 5, ""Artist"": 0, ""Athlete"": 0, ""OfficeHolder"": 0, ""MeanOfTransportation"": 0, ""Building"": 0, ""NaturalPlace"": 0, ""Village"": 0, ""Animal"": 0, ""Plant"": 0, ""Album"": 0, ""Film"": 0, ""WrittenWork"": 0}",5,5,1.0,1
311,OfficeHolder,OfficeHolder,OfficeHolder,Tom Hamilton (politician).  Tom Hamilton (born 8 July 1954) is a Unionist politician in Northern Ireland.Born in Belfast Hamilton studied at the Methodist College Belfast then at Stranmillis College. He became a teacher and in 1993 was elected to Ards Borough Council as an Ulster Unionist Party (UUP) member. From 1999 he served as Deputy Mayor then from 2000 to 2001 as Mayor of Ards.Hamilton stood in the Northern Ireland Assembly election 1998 in Strangford.,"{""Company"": 0, ""EducationalInstitution"": 0, ""Artist"": 0, ""Athlete"": 0, ""OfficeHolder"": 5, ""MeanOfTransportation"": 0, ""Building"": 0, ""NaturalPlace"": 0, ""Village"": 0, ""Animal"": 0, ""Plant"": 0, ""Album"": 0, ""Film"": 0, ""WrittenWork"": 0}",5,5,1.0,1
312,MeanOfTransportation,MeanOfTransportation,Building,Bücker Bü 133.  The Bücker Bü 133 Jungmeister (Young master) was an advanced trainer of the Luftwaffe in the 1930s. It was a single-engine single-seat biplane of wood and tubular steel construction and covered in fabric.,"{""Company"": 0, ""EducationalInstitution"": 0, ""Artist"": 0, ""Athlete"": 0, ""OfficeHolder"": 0, ""MeanOfTransportation"": 0, ""Building"": 5, ""NaturalPlace"": 0, ""Village"": 0, ""Animal"": 0, ""Plant"": 0, ""Album"": 0, ""Film"": 0, ""WrittenWork"": 0}",5,5,1.0,0
313,Album,Album,Album,Fiefdom of Angels-Side One.  Fiefdom of Angels: Side One is an EP by Kevin Max released February 27 2012 on the iTunes Store. Three of the five tracks are covers of well-known 1980s rock songs with one Kevin Max original and a Muse cover.,"{""Company"": 2, ""EducationalInstitution"": 0, ""Artist"": 0, ""Athlete"": 0, ""OfficeHolder"": 0, ""MeanOfTransportation"": 0, ""Building"": 0, ""NaturalPlace"": 0, ""Village"": 0, ""Animal"": 0, ""Plant"": 0, ""Album"": 3, ""Film"": 0, ""WrittenWork"": 0}",3,5,0.6,1
314,Company,Company,Company,Western Gas Resources.  Western Gas Resources is a Fortune 1000 company based in Denver Colorado and founded in 1971. Western is an independent natural gas explorer producer gatherer processor transporter and energy marketer.WGR was acquired by Anadarko Petroleum Corporation (NYSE: APC) in June 2006.,"{""Company"": 5, ""EducationalInstitution"": 0, ""Artist"": 0, ""Athlete"": 0, ""OfficeHolder"": 0, ""MeanOfTransportation"": 0, ""Building"": 0, ""NaturalPlace"": 0, ""Village"": 0, ""Animal"": 0, ""Plant"": 0, ""Album"": 0, ""Film"": 0, ""WrittenWork"": 0}",5,5,1.0,1
315,Film,Film,Film,Strays (film).  Strays is a 1997 American drama film directed written produced by and starring Vin Diesel which follows a drug dealer and hustler who is fed up with the repetitive life style he leads and begins looking for meaning in his life. This film marked Diesel's feature film directing debut and takes a hard look at Diesel's own adolescence and upbringing in New York City.,"{""Company"": 0, ""EducationalInstitution"": 0, ""Artist"": 0, ""Athlete"": 0, ""OfficeHolder"": 0, ""MeanOfTransportation"": 0, ""Building"": 0, ""NaturalPlace"": 0, ""Village"": 0, ""Animal"": 0, ""Plant"": 0, ""Album"": 0, ""Film"": 5, ""WrittenWork"": 0}",5,5,1.0,1
316,Artist,Artist,Artist,S-Tone Inc..  S-Tone Inc. is multi-instrumentalist jazz musician Stefano Tirone's main musical project. Originating from Milan Italy Tirone has been a professional musician for over twenty years. The first official S-tone Inc. recording was released in 1992 during the acid jazz era a formative time for Tirone who was heavily influenced by the combination of soul jazz and Latin rhythms of the period. He started playing music in the early 1980s during the new wave period.,"{""Company"": 0, ""EducationalInstitution"": 0, ""Artist"": 5, ""Athlete"": 0, ""OfficeHolder"": 0, ""MeanOfTransportation"": 0, ""Building"": 0, ""NaturalPlace"": 0, ""Village"": 0, ""Animal"": 0, ""Plant"": 0, ""Album"": 0, ""Film"": 0, ""WrittenWork"": 0}",5,5,1.0,1
317,EducationalInstitution,EducationalInstitution,Company,Stockholm Business School.  Stockholm Business School (SBS) is one of the largest academic departments at Stockholm University with around 3500 students and 100 researchers/lecturers. Through close ties with other academic departments and regular collaborations with key business actors the School has become a melting pot for interdisciplinary research and education generating new perspectives on current topics within business and beyond.,"{""Company"": 2, ""EducationalInstitution"": 2, ""Artist"": 0, ""Athlete"": 0, ""OfficeHolder"": 1, ""MeanOfTransportation"": 0, ""Building"": 0, ""NaturalPlace"": 0, ""Village"": 0, ""Animal"": 0, ""Plant"": 0, ""Album"": 0, ""Film"": 0, ""WrittenWork"": 0}",2,5,0.4,0
318,OfficeHolder,OfficeHolder,OfficeHolder,Marcus Roberto.  Marcus Aurelius Roberto (November 26 1930 – February 24 1986) a Democrat was a member of the Ohio General Assembly. Roberto initially won a seat in the Ohio House of Representatives in 1970 replacing Anice Johnson and won reelection in 1972 and 1974. However Roberto sought to move up to the Ohio Senate in 1976. Challenging David W. Johnson Roberto won and took his seat in the Senate in 1977. He was reelected in 1980.,"{""Company"": 0, ""EducationalInstitution"": 0, ""Artist"": 0, ""Athlete"": 0, ""OfficeHolder"": 5, ""MeanOfTransportation"": 0, ""Building"": 0, ""NaturalPlace"": 0, ""Village"": 0, ""Animal"": 0, ""Plant"": 0, ""Album"": 0, ""Film"": 0, ""WrittenWork"": 0}",5,5,1.0,1
319,Animal,Animal,Animal,Odontophrynus occidentalis.  The Escuercito (Odontophrynus occidentalis) is a species of frog in the Leptodactylidae family.It is endemic to Argentina.Its natural habitats are temperate forests temperate shrubland subtropical or tropical dry shrubland rivers rocky areas and pastureland.It is threatened by habitat loss.,"{""Company"": 0, ""EducationalInstitution"": 0, ""Artist"": 0, ""Athlete"": 0, ""OfficeHolder"": 0, ""MeanOfTransportation"": 0, ""Building"": 0, ""NaturalPlace"": 1, ""Village"": 0, ""Animal"": 4, ""Plant"": 0, ""Album"": 0, ""Film"": 0, ""WrittenWork"": 0}",4,5,0.8,1
320,Company,Company,Company,Centennial Broadcasting.  Centennial Broadcasting is a small market radio broadcasting company based in Clemmons North Carolina. The company is led by President and CEO Allen B. Shaw. Shaw began his career in 1959 at the age of 15 at radio station WRWB in Kissimmee Florida.,"{""Company"": 5, ""EducationalInstitution"": 0, ""Artist"": 0, ""Athlete"": 0, ""OfficeHolder"": 0, ""MeanOfTransportation"": 0, ""Building"": 0, ""NaturalPlace"": 0, ""Village"": 0, ""Animal"": 0, ""Plant"": 0, ""Album"": 0, ""Film"": 0, ""WrittenWork"": 0}",5,5,1.0,1
321,NaturalPlace,NaturalPlace,NaturalPlace,Maner River.  The Maner river or Manair or Maneru (Marathi : मानेर)(Telugu: మానేరు) is a tributary to the Godavari River in India. The Lower Maner Dam built across this river provides drinking water to Karimnagar Andhra Pradesh and also to the NTPC power plant at Ramagundam.,"{""Company"": 0, ""EducationalInstitution"": 0, ""Artist"": 0, ""Athlete"": 0, ""OfficeHolder"": 0, ""MeanOfTransportation"": 0, ""Building"": 0, ""NaturalPlace"": 5, ""Village"": 0, ""Animal"": 0, ""Plant"": 0, ""Album"": 0, ""Film"": 0, ""WrittenWork"": 0}",5,5,1.0,1
322,Artist,Artist,Artist,Andrew Young (poet).  Andrew John Young (29 April 1885 – 25 November 1971) was a Scottish poet and clergyman. His status as a poet was recognised quite late and he received the Queen's Gold Medal for Poetry in 1952.,"{""Company"": 0, ""EducationalInstitution"": 0, ""Artist"": 5, ""Athlete"": 0, ""OfficeHolder"": 0, ""MeanOfTransportation"": 0, ""Building"": 0, ""NaturalPlace"": 0, ""Village"": 0, ""Animal"": 0, ""Plant"": 0, ""Album"": 0, ""Film"": 0, ""WrittenWork"": 0}",5,5,1.0,1
323,EducationalInstitution,EducationalInstitution,EducationalInstitution,Dera Natung Government College.  Dera Natung Government College Itanagar is the second institute of higher education in Arunachal Pradesh India. It was established in 1979 and later affiliated to Rajiv Gandhi University.,"{""Company"": 0, ""EducationalInstitution"": 5, ""Artist"": 0, ""Athlete"": 0, ""OfficeHolder"": 0, ""MeanOfTransportation"": 0, ""Building"": 0, ""NaturalPlace"": 0, ""Village"": 0, ""Animal"": 0, ""Plant"": 0, ""Album"": 0, ""Film"": 0, ""WrittenWork"": 0}",5,5,1.0,1
324,Company,Company,Company,Nortel.  Nortel Networks Corporation formerly known as Northern Telecom Limited and sometimes known simply as Nortel was a multinational telecommunications and data networking equipment manufacturer headquartered in Mississauga Ontario Canada. It was founded in Montreal Quebec in 1895.,"{""Company"": 5, ""EducationalInstitution"": 0, ""Artist"": 0, ""Athlete"": 0, ""OfficeHolder"": 0, ""MeanOfTransportation"": 0, ""Building"": 0, ""NaturalPlace"": 0, ""Village"": 0, ""Animal"": 0, ""Plant"": 0, ""Album"": 0, ""Film"": 0, ""WrittenWork"": 0}",5,5,1.0,1
325,Artist,Artist,Company,Timothy Gantz.  Timothy Nolan Gantz (December 23 1945 – January 20 2004) was a classical scholar the author of Early Greek Myth: A Guide to Literary and Artistic Sources 1993. Dr Gantz (A.B. Haverford College 1967 PhD Princeton University 1970) was a long-time Professor of Classics at the University of Georgia from 1970; he directed its Studies Abroad in Rome program from 1985. He died in Athens Georgia. He is survived by his wife Elena and his son Tavish.,"{""Company"": 1, ""EducationalInstitution"": 0, ""Artist"": 1, ""Athlete"": 0, ""OfficeHolder"": 0, ""MeanOfTransportation"": 0, ""Building"": 0, ""NaturalPlace"": 0, ""Village"": 0, ""Animal"": 0, ""Plant"": 0, ""Album"": 0, ""Film"": 0, ""WrittenWork"": 0}",1,5,0.2,0
326,Athlete,Athlete,Athlete,Peter Dorf Pedersen.  Not to be confused with another Danish gymnast Peder Larsen Pedersen the silver medalist at the 1912 Summer OlympicsPeter Dorf Pedersen (January 28 1897 – September 13 1967) was a Danish gymnast who competed in the 1920 Summer Olympics.He was part of the Danish team which was able to win the silver medal in the gymnastics men's team Swedish system event in 1920.,"{""Company"": 0, ""EducationalInstitution"": 0, ""Artist"": 0, ""Athlete"": 5, ""OfficeHolder"": 0, ""MeanOfTransportation"": 0, ""Building"": 0, ""NaturalPlace"": 0, ""Village"": 0, ""Animal"": 0, ""Plant"": 0, ""Album"": 0, ""Film"": 0, ""WrittenWork"": 0}",5,5,1.0,1
327,EducationalInstitution,EducationalInstitution,EducationalInstitution,Wyoming High School (Michigan).  Wyoming High School is a public high school located in Wyoming Michigan and is part of the Wyoming Public Schools District in Kent County Michigan. Wyoming High School was formed from the combination of Wyoming Park High School and Rogers High School,"{""Company"": 1, ""EducationalInstitution"": 2, ""Artist"": 0, ""Athlete"": 0, ""OfficeHolder"": 2, ""MeanOfTransportation"": 0, ""Building"": 0, ""NaturalPlace"": 0, ""Village"": 0, ""Animal"": 0, ""Plant"": 0, ""Album"": 0, ""Film"": 0, ""WrittenWork"": 0}",2,5,0.4,1
328,Company,Company,Company,National Accident Helpline.  National Accident Helpline is an injury claims management company in the United Kingdom. It is a private for-profit company. The company and its panel of solicitors deduct their fees from clients on a no win no fee basis removing the financial risk from making a claim.,"{""Company"": 5, ""EducationalInstitution"": 0, ""Artist"": 0, ""Athlete"": 0, ""OfficeHolder"": 0, ""MeanOfTransportation"": 0, ""Building"": 0, ""NaturalPlace"": 0, ""Village"": 0, ""Animal"": 0, ""Plant"": 0, ""Album"": 0, ""Film"": 0, ""WrittenWork"": 0}",5,5,1.0,1
329,Building,Building,Village,Kirants Monastery.  Kirants Monastery is an 8th-century Armenian monastery located about 10 kilometers southwest of Kirants village in the Tavush Province of Armenia. The story behind Kirants is extraordinary. This church unlike all other monasteries built in Armenia is constructed mostly by brick and mortar. Kir is the word for mortar. -ants brings meaning that the previous word has passed the level or is not level or uneven. The village had a one very rich man who had one very beautiful daughter.,"{""Company"": 0, ""EducationalInstitution"": 0, ""Artist"": 0, ""Athlete"": 0, ""OfficeHolder"": 0, ""MeanOfTransportation"": 0, ""Building"": 0, ""NaturalPlace"": 0, ""Village"": 5, ""Animal"": 0, ""Plant"": 0, ""Album"": 0, ""Film"": 0, ""WrittenWork"": 0}",5,5,1.0,0
330,NaturalPlace,NaturalPlace,Building,Agassizhorn.  The Agassizhorn is a mountain of the Bernese Alps located on the border between the Swiss cantons of Bern and Valais. It lies just north-west of the Finsteraarhorn the main summit of the range. The Agassizhorn is the tripoint between the valleys of the Lower Grindelwald Glacier and the Unteraar Glacier (Bern) and the Fiescher Glacier (Valais).The mountain was named after the Swiss geologist and explorer Louis Agassiz.,"{""Company"": 0, ""EducationalInstitution"": 0, ""Artist"": 0, ""Athlete"": 0, ""OfficeHolder"": 0, ""MeanOfTransportation"": 0, ""Building"": 4, ""NaturalPlace"": 0, ""Village"": 0, ""Animal"": 0, ""Plant"": 0, ""Album"": 0, ""Film"": 0, ""WrittenWork"": 0}",4,5,0.8,0
331,Building,Building,Building,Burgruine Waxenegg.  Burgruine Waxenegg is a castle in Styria Austria.,"{""Company"": 0, ""EducationalInstitution"": 0, ""Artist"": 0, ""Athlete"": 0, ""OfficeHolder"": 0, ""MeanOfTransportation"": 0, ""Building"": 5, ""NaturalPlace"": 0, ""Village"": 0, ""Animal"": 0, ""Plant"": 0, ""Album"": 0, ""Film"": 0, ""WrittenWork"": 0}",5,5,1.0,1
332,Artist,Artist,Artist,JC Jacinto.  JC Jacinto is a Filipino visual artist and a freelancer. His works have been featured in various galleries all over Manila Philippines. While still studying at University of the Philippines he has been qualified as a finalist in the Maningning Art Competition 2006 39th and 40th Shell National Student’s Competition 2006 and 2007 and the PLDT Visual Art National Competition 2007.,"{""Company"": 0, ""EducationalInstitution"": 0, ""Artist"": 5, ""Athlete"": 0, ""OfficeHolder"": 0, ""MeanOfTransportation"": 0, ""Building"": 0, ""NaturalPlace"": 0, ""Village"": 0, ""Animal"": 0, ""Plant"": 0, ""Album"": 0, ""Film"": 0, ""WrittenWork"": 0}",5,5,1.0,1
333,Animal,Animal,Animal,Sumba Buttonquail.  The Sumba Buttonquail (Turnix everetti) is a species of bird in the Turnicidae family. The scientific name commemorates British colonial administrator and zoological collector Alfred Hart Everett.,"{""Company"": 0, ""EducationalInstitution"": 0, ""Artist"": 0, ""Athlete"": 0, ""OfficeHolder"": 0, ""MeanOfTransportation"": 0, ""Building"": 0, ""NaturalPlace"": 0, ""Village"": 0, ""Animal"": 5, ""Plant"": 0, ""Album"": 0, ""Film"": 0, ""WrittenWork"": 0}",5,5,1.0,1
334,EducationalInstitution,EducationalInstitution,EducationalInstitution,Kerala Agricultural University.  Kerala Agricultural University (KAU) is the primary and the principal instrumentality of the Kerala state in providing human resources and skills and technology required for the sustainable development of its agriculture defined broadly encompassing all production activities based on land and water including crop production (agriculture) forestry and fisheries through conducting interfacing and integrating education research and extension in these spheres of economic endeavour.,"{""Company"": 0, ""EducationalInstitution"": 5, ""Artist"": 0, ""Athlete"": 0, ""OfficeHolder"": 0, ""MeanOfTransportation"": 0, ""Building"": 0, ""NaturalPlace"": 0, ""Village"": 0, ""Animal"": 0, ""Plant"": 0, ""Album"": 0, ""Film"": 0, ""WrittenWork"": 0}",5,5,1.0,1
335,Company,Company,Company,Abakan-Avia.  JSC Abakan-Avia (Russian: ЗАО «Авиакомпания «Абакан-Авиа») is an national airline of Khakassia based in Abakan Russia. It operates cargo trunk services within Russia and the Commonwealth of Independent States as well as relief flights for the United Nations. Its main bases are Abakan Airport (ABA) and El Obeid Airport Sudan.,"{""Company"": 3, ""EducationalInstitution"": 0, ""Artist"": 0, ""Athlete"": 0, ""OfficeHolder"": 2, ""MeanOfTransportation"": 0, ""Building"": 0, ""NaturalPlace"": 0, ""Village"": 0, ""Animal"": 0, ""Plant"": 0, ""Album"": 0, ""Film"": 0, ""WrittenWork"": 0}",3,5,0.6,1
336,Animal,Animal,Animal,Plesiolena.  Plesiolena is a small genus of spiders in the Actinopodidae family with only two species.,"{""Company"": 0, ""EducationalInstitution"": 0, ""Artist"": 0, ""Athlete"": 0, ""OfficeHolder"": 0, ""MeanOfTransportation"": 0, ""Building"": 0, ""NaturalPlace"": 0, ""Village"": 0, ""Animal"": 5, ""Plant"": 0, ""Album"": 0, ""Film"": 0, ""WrittenWork"": 0}",5,5,1.0,1
337,MeanOfTransportation,MeanOfTransportation,OfficeHolder,SS Gneisenau (1935).  SS Gneisenau was a 18160 GRT Norddeutscher Lloyd ocean liner that was launched and completed in 1935. Like several other German ships of the same name she was named after the Prussian Generalfeldmarschall and military reformer August Neidhardt von Gneisenau (1760–1831).Gneisenau was the second of three sister ships built for NDL.,"{""Company"": 1, ""EducationalInstitution"": 0, ""Artist"": 0, ""Athlete"": 0, ""OfficeHolder"": 3, ""MeanOfTransportation"": 0, ""Building"": 1, ""NaturalPlace"": 0, ""Village"": 0, ""Animal"": 0, ""Plant"": 0, ""Album"": 0, ""Film"": 0, ""WrittenWork"": 0}",3,5,0.6,0
338,WrittenWork,WrittenWork,Company,Bionyt.  BioNyt Videnskabens Verden (BioNews Science World) is a Danish language popular science magazine published by Foreningen af Yngre Biologer - Biologisk Forum.,"{""Company"": 4, ""EducationalInstitution"": 0, ""Artist"": 0, ""Athlete"": 0, ""OfficeHolder"": 0, ""MeanOfTransportation"": 0, ""Building"": 0, ""NaturalPlace"": 0, ""Village"": 0, ""Animal"": 0, ""Plant"": 0, ""Album"": 0, ""Film"": 0, ""WrittenWork"": 0}",4,5,0.8,0
339,Athlete,Athlete,Athlete,Archibald McFarlane.  Archibald E. McFarlane (fl. 1890s) was a Scottish footballer who made 61 appearances in the Football League for Lincoln City. He played at right back. He also played in the Midland League for Glossop North End for Gravesend United and in the Southern League for Sheppey United.,"{""Company"": 0, ""EducationalInstitution"": 0, ""Artist"": 0, ""Athlete"": 5, ""OfficeHolder"": 0, ""MeanOfTransportation"": 0, ""Building"": 0, ""NaturalPlace"": 0, ""Village"": 0, ""Animal"": 0, ""Plant"": 0, ""Album"": 0, ""Film"": 0, ""WrittenWork"": 0}",5,5,1.0,1
340,Village,Village,Village,Batyń.  Batyń [ˈbatɨɲ] (formerly German Battin) is a village in the administrative district of Gmina Rąbino within Świdwin County West Pomeranian Voivodeship in north-western Poland. It lies approximately 5 kilometres (3 mi) north-west of Rąbino 14 km (9 mi) north-east of Świdwin and 101 km (63 mi) north-east of the regional capital Szczecin.Before 1945 the area was part of Germany. For the history of the region see History of Pomerania.The village has a population of 250.,"{""Company"": 1, ""EducationalInstitution"": 0, ""Artist"": 0, ""Athlete"": 0, ""OfficeHolder"": 0, ""MeanOfTransportation"": 0, ""Building"": 0, ""NaturalPlace"": 0, ""Village"": 4, ""Animal"": 0, ""Plant"": 0, ""Album"": 0, ""Film"": 0, ""WrittenWork"": 0}",4,5,0.8,1
341,Film,Film,Film,Mr. Turner (film).  Mr. Turner is an upcoming British biographical drama film written and directed by Mike Leigh and starring Timothy Spall Lesley Manville and Roger Ashton-Griffiths. The film concerns the life and career of British artist J. M. W. Turner (played by Spall). It has been selected to compete for the Palme d'Or in the main competition section at the 2014 Cannes Film Festival.,"{""Company"": 0, ""EducationalInstitution"": 0, ""Artist"": 0, ""Athlete"": 0, ""OfficeHolder"": 0, ""MeanOfTransportation"": 0, ""Building"": 0, ""NaturalPlace"": 0, ""Village"": 0, ""Animal"": 0, ""Plant"": 0, ""Album"": 0, ""Film"": 5, ""WrittenWork"": 0}",5,5,1.0,1
342,Album,Album,Album,Reflector (Pablo Cruise album).  Reflector is the sixth studio album by the California soft rock group Pablo Cruise. The album charted slightly higher than its immediate predecessor but still managed only to reach #34 in the US. Two singles were released from the album; Cool Love and Slip Away reaching #13 and #75 respectively in the US. Produced by established and well-known R&B producer Tom Dowd fans remarked that the album had a different feel to it.Two changes in members were made before the album was released.,"{""Company"": 0, ""EducationalInstitution"": 0, ""Artist"": 0, ""Athlete"": 0, ""OfficeHolder"": 0, ""MeanOfTransportation"": 0, ""Building"": 0, ""NaturalPlace"": 0, ""Village"": 0, ""Animal"": 0, ""Plant"": 0, ""Album"": 5, ""Film"": 0, ""WrittenWork"": 0}",5,5,1.0,1
343,Village,Village,Village,Podbale.  Podbale [pɔdˈbalɛ] is a village in the administrative district of Gmina Jadów within Wołomin County Masovian Voivodeship in east-central Poland. It lies approximately 36 kilometres (22 mi) east of Wołomin and 57 km (35 mi) north-east of Warsaw.,"{""Company"": 0, ""EducationalInstitution"": 0, ""Artist"": 0, ""Athlete"": 0, ""OfficeHolder"": 0, ""MeanOfTransportation"": 0, ""Building"": 0, ""NaturalPlace"": 0, ""Village"": 5, ""Animal"": 0, ""Plant"": 0, ""Album"": 0, ""Film"": 0, ""WrittenWork"": 0}",5,5,1.0,1
344,Village,Village,Village,Miechcin.  Miechcin [ˈmjɛxt͡ɕin] is a village in the administrative district of Gmina Poniec within Gostyń County Greater Poland Voivodeship in west-central Poland. It lies approximately 5 kilometres (3 mi) west of Poniec 22 km (14 mi) south-west of Gostyń and 72 km (45 mi) south of the regional capital Poznań.,"{""Company"": 0, ""EducationalInstitution"": 0, ""Artist"": 0, ""Athlete"": 0, ""OfficeHolder"": 0, ""MeanOfTransportation"": 0, ""Building"": 0, ""NaturalPlace"": 0, ""Village"": 5, ""Animal"": 0, ""Plant"": 0, ""Album"": 0, ""Film"": 0, ""WrittenWork"": 0}",5,5,1.0,1
345,Artist,Artist,EducationalInstitution,Viriato Díaz Pérez.  Viriato Díaz Pérez was of the most important teachers that Paraguay had in almost half a century.,"{""Company"": 1, ""EducationalInstitution"": 2, ""Artist"": 0, ""Athlete"": 0, ""OfficeHolder"": 1, ""MeanOfTransportation"": 0, ""Building"": 0, ""NaturalPlace"": 0, ""Village"": 0, ""Animal"": 0, ""Plant"": 0, ""Album"": 0, ""Film"": 0, ""WrittenWork"": 0}",2,5,0.4,0
346,EducationalInstitution,EducationalInstitution,EducationalInstitution,List of high schools in the Peoria Unified School District.  This is a list of the high schools in the Peoria Unified School District in order of completion.,"{""Company"": 0, ""EducationalInstitution"": 5, ""Artist"": 0, ""Athlete"": 0, ""OfficeHolder"": 0, ""MeanOfTransportation"": 0, ""Building"": 0, ""NaturalPlace"": 0, ""Village"": 0, ""Animal"": 0, ""Plant"": 0, ""Album"": 0, ""Film"": 0, ""WrittenWork"": 0}",5,5,1.0,1
347,WrittenWork,WrittenWork,Company,The Carnivorous Carnival.  The Carnivorous Carnival is the ninth novel in the children's novel series A Series of Unfortunate Events by Lemony Snicket.,"{""Company"": 3, ""EducationalInstitution"": 0, ""Artist"": 0, ""Athlete"": 0, ""OfficeHolder"": 0, ""MeanOfTransportation"": 0, ""Building"": 0, ""NaturalPlace"": 0, ""Village"": 0, ""Animal"": 0, ""Plant"": 0, ""Album"": 1, ""Film"": 1, ""WrittenWork"": 0}",3,5,0.6,0
348,Animal,Animal,Animal,Hemprich's Hornbill.  The Hemprich's Hornbill (Tockus hemprichii) is a species of hornbill in the Bucerotidae family.It is found in Djibouti Eritrea Ethiopia Kenya Somalia Sudan and Uganda.,"{""Company"": 0, ""EducationalInstitution"": 0, ""Artist"": 0, ""Athlete"": 0, ""OfficeHolder"": 0, ""MeanOfTransportation"": 0, ""Building"": 0, ""NaturalPlace"": 0, ""Village"": 0, ""Animal"": 5, ""Plant"": 0, ""Album"": 0, ""Film"": 0, ""WrittenWork"": 0}",5,5,1.0,1
349,Artist,Artist,OfficeHolder,Dorian Leljak.  Dorian Leljak is a Serbian pianist holding a professorship at the Academy of Arts in Novi Sad where he was trained under Arbo Valdma and the presidency of the European Piano Teachers Association's Vojvodina branch. Leljak is to serve as a juror at the XVIII Cleveland International Piano Competition.,"{""Company"": 1, ""EducationalInstitution"": 0, ""Artist"": 1, ""Athlete"": 0, ""OfficeHolder"": 2, ""MeanOfTransportation"": 0, ""Building"": 0, ""NaturalPlace"": 0, ""Village"": 0, ""Animal"": 0, ""Plant"": 0, ""Album"": 0, ""Film"": 0, ""WrittenWork"": 0}",2,5,0.4,0
350,Building,Building,Company,Broad Street Market.  The Broad Street Market founded in 1860 is located in the Midtown neighborhood of Harrisburg Pennsylvania in the United States. Originally established on Broad Street (now Verbeke Street) by the Verbeke family it is today one of the oldest continuously operating farmers markets in the country.,"{""Company"": 3, ""EducationalInstitution"": 0, ""Artist"": 0, ""Athlete"": 0, ""OfficeHolder"": 0, ""MeanOfTransportation"": 0, ""Building"": 2, ""NaturalPlace"": 0, ""Village"": 0, ""Animal"": 0, ""Plant"": 0, ""Album"": 0, ""Film"": 0, ""WrittenWork"": 0}",3,5,0.6,0
351,Village,Village,Village,Kożuszki Lublin Voivodeship.  Kożuszki [kɔˈʐuʂkʲi] is a village in the administrative district of Gmina Międzyrzec Podlaski within Biała Podlaska County Lublin Voivodeship in eastern Poland. It lies approximately 15 kilometres (9 mi) north-west of Międzyrzec Podlaski 30 km (19 mi) west of Biała Podlaska and 95 km (59 mi) north of the regional capital Lublin.,"{""Company"": 0, ""EducationalInstitution"": 0, ""Artist"": 0, ""Athlete"": 0, ""OfficeHolder"": 0, ""MeanOfTransportation"": 0, ""Building"": 0, ""NaturalPlace"": 0, ""Village"": 5, ""Animal"": 0, ""Plant"": 0, ""Album"": 0, ""Film"": 0, ""WrittenWork"": 0}",5,5,1.0,1
352,NaturalPlace,NaturalPlace,NaturalPlace,Scoresby Bay.  Scoresby Bay is an Arctic waterway in Qikiqtaaluk Region Nunavut Canada. It is located in Nares Strait by eastern Ellesmere Island's Darling Peninsula west of Nunatami Greenland.The bay is named in honor of William Scoresby an English Arctic explorer and scientist.,"{""Company"": 0, ""EducationalInstitution"": 0, ""Artist"": 0, ""Athlete"": 0, ""OfficeHolder"": 0, ""MeanOfTransportation"": 0, ""Building"": 1, ""NaturalPlace"": 4, ""Village"": 0, ""Animal"": 0, ""Plant"": 0, ""Album"": 0, ""Film"": 0, ""WrittenWork"": 0}",4,5,0.8,1
353,Company,Company,Company,Feral Brewing Company.  The Feral Brewing Company is an award winning microbrewery located in the Swan Valley Western Australia an area more well known for its wineries than breweries.,"{""Company"": 5, ""EducationalInstitution"": 0, ""Artist"": 0, ""Athlete"": 0, ""OfficeHolder"": 0, ""MeanOfTransportation"": 0, ""Building"": 0, ""NaturalPlace"": 0, ""Village"": 0, ""Animal"": 0, ""Plant"": 0, ""Album"": 0, ""Film"": 0, ""WrittenWork"": 0}",5,5,1.0,1
354,NaturalPlace,NaturalPlace,NaturalPlace,Ferguson Lake (Kivalliq Region).  Ferguson Lake is a lake in Kivalliq Region Nunavut Canada. It is located 150 km (93 mi) north of the tree line midway between Yathkyed Lake and Qamanirjuaq Lake. The lake's outflow is to the east into the Ferguson River which flows eastward through several lakes emptying into northwestern Hudson Bay between Rankin Inlet and Whale Cove.,"{""Company"": 0, ""EducationalInstitution"": 0, ""Artist"": 0, ""Athlete"": 0, ""OfficeHolder"": 0, ""MeanOfTransportation"": 0, ""Building"": 0, ""NaturalPlace"": 5, ""Village"": 0, ""Animal"": 0, ""Plant"": 0, ""Album"": 0, ""Film"": 0, ""WrittenWork"": 0}",5,5,1.0,1
355,Artist,Artist,Artist,Rebekah Del Rio.  Rebekah Del Rio (born 10 July 1967) is a Latin American singer/songwriter from San Diego California. After recording the song Llorando a Spanish-language version of Roy Orbison's Crying she moved to Nashville in 1994. There she was signed to Irving Azoff's label Giant Records and recorded her first album Nobody's Angel. The title track was released on a compilation album and made it to #2 on the singles charts in the Netherlands.,"{""Company"": 0, ""EducationalInstitution"": 0, ""Artist"": 5, ""Athlete"": 0, ""OfficeHolder"": 0, ""MeanOfTransportation"": 0, ""Building"": 0, ""NaturalPlace"": 0, ""Village"": 0, ""Animal"": 0, ""Plant"": 0, ""Album"": 0, ""Film"": 0, ""WrittenWork"": 0}",5,5,1.0,1
356,OfficeHolder,OfficeHolder,Company,Yolande James.  Yolande James (born November 21 1977 in Montreal Quebec) is a former Quebec provincial politician. She was the first black female MNA and the youngest as well as the first black cabinet minister in Quebec history. A member of the Quebec Liberal Party she represented the multicultural riding of Nelligan in the Island of Montreal from 2004 to 2014.,"{""Company"": 3, ""EducationalInstitution"": 0, ""Artist"": 0, ""Athlete"": 0, ""OfficeHolder"": 2, ""MeanOfTransportation"": 0, ""Building"": 0, ""NaturalPlace"": 0, ""Village"": 0, ""Animal"": 0, ""Plant"": 0, ""Album"": 0, ""Film"": 0, ""WrittenWork"": 0}",3,5,0.6,0
357,OfficeHolder,OfficeHolder,OfficeHolder,S. S. Ramasami Padayachi.  S. S. Ramasami Padayachi (September 16 1918 -April 3 1992) was a politician from the Indian state of Tamil Nadu. He was the founder of the Tamil political party Tamilnadu Toilers' Party which is considered to be a predecessor of Pattali Makkal Katchi.,"{""Company"": 1, ""EducationalInstitution"": 0, ""Artist"": 0, ""Athlete"": 0, ""OfficeHolder"": 4, ""MeanOfTransportation"": 0, ""Building"": 0, ""NaturalPlace"": 0, ""Village"": 0, ""Animal"": 0, ""Plant"": 0, ""Album"": 0, ""Film"": 0, ""WrittenWork"": 0}",4,5,0.8,1
358,Company,Company,Company,Hargray.  Hargray is a telecommunications provider based on Hilton Head Island South Carolina. It operates throughout the Lowcountry region of South Carolina and the Savannah region of Georgia. Hargray offers land line telephone service internet cable television and resells cellular phone service through Cricket.,"{""Company"": 5, ""EducationalInstitution"": 0, ""Artist"": 0, ""Athlete"": 0, ""OfficeHolder"": 0, ""MeanOfTransportation"": 0, ""Building"": 0, ""NaturalPlace"": 0, ""Village"": 0, ""Animal"": 0, ""Plant"": 0, ""Album"": 0, ""Film"": 0, ""WrittenWork"": 0}",5,5,1.0,1
359,Athlete,Athlete,Athlete,Bill Bainbridge.  William Bill Bainbridge (born 9 March 1922) is an English ex-footballer who played as a forward for several clubs in the Football League including Manchester United Bury and Tranmere Rovers.Born in Gateshead County Durham Bainbridge began his career with Ashington but his career was immediately interrupted by the Second World War. During the war Bainbridge played for Hartlepools United.,"{""Company"": 0, ""EducationalInstitution"": 0, ""Artist"": 0, ""Athlete"": 5, ""OfficeHolder"": 0, ""MeanOfTransportation"": 0, ""Building"": 0, ""NaturalPlace"": 0, ""Village"": 0, ""Animal"": 0, ""Plant"": 0, ""Album"": 0, ""Film"": 0, ""WrittenWork"": 0}",5,5,1.0,1
360,Athlete,Athlete,Athlete,Gu Cao.  Gu Cao (Chinese: 顾操; born 31 May 1988 in Shanghai) is a Chinese football player who currently plays for Chinese Super League side Henan Jianye.,"{""Company"": 0, ""EducationalInstitution"": 0, ""Artist"": 0, ""Athlete"": 5, ""OfficeHolder"": 0, ""MeanOfTransportation"": 0, ""Building"": 0, ""NaturalPlace"": 0, ""Village"": 0, ""Animal"": 0, ""Plant"": 0, ""Album"": 0, ""Film"": 0, ""WrittenWork"": 0}",5,5,1.0,1
361,Animal,Animal,Animal,Kaempfer's Tody-Tyrant.  Kaempfer's Tody-Tyrant (Hemitriccus kaempferi) is a rare species of bird in the family Tyrannidae. It is endemic to the Atlantic forest in southeastern Brazil. It was known only from two specimens until the 1990s when it was finally observed in life. It is protected under Brazilian law and it is on the United States' Endangered Species List.Kaempfer's Tody-Tyrant is 10 centimeters long and olive green in color.,"{""Company"": 0, ""EducationalInstitution"": 0, ""Artist"": 0, ""Athlete"": 0, ""OfficeHolder"": 0, ""MeanOfTransportation"": 0, ""Building"": 0, ""NaturalPlace"": 0, ""Village"": 0, ""Animal"": 5, ""Plant"": 0, ""Album"": 0, ""Film"": 0, ""WrittenWork"": 0}",5,5,1.0,1
362,Plant,Plant,Plant,Ulmus glabra 'Escaillard'.  The Wych Elm Ulmus glabra cultivar 'Escaillard' was listed without description by the Andre Leroy nursery at Angers France in 1849.,"{""Company"": 0, ""EducationalInstitution"": 0, ""Artist"": 0, ""Athlete"": 0, ""OfficeHolder"": 0, ""MeanOfTransportation"": 0, ""Building"": 1, ""NaturalPlace"": 1, ""Village"": 0, ""Animal"": 0, ""Plant"": 3, ""Album"": 0, ""Film"": 0, ""WrittenWork"": 0}",3,5,0.6,1
363,Building,Building,OfficeHolder,Castle Craig Hospital.  Castle Craig Hospital is a drug and alcohol addictions rehab residential clinic located in Peeblesshire Scotland. It is the largest addiction treatment hospital in the UK and since its founding in 1988 it has treated over 10000 patients. It is based in 50 acres of private parkland near the town of Peebles.,"{""Company"": 0, ""EducationalInstitution"": 0, ""Artist"": 0, ""Athlete"": 0, ""OfficeHolder"": 3, ""MeanOfTransportation"": 0, ""Building"": 2, ""NaturalPlace"": 0, ""Village"": 0, ""Animal"": 0, ""Plant"": 0, ""Album"": 0, ""Film"": 0, ""WrittenWork"": 0}",3,5,0.6,0
364,Village,Village,Village,Pallehena.  Pallehena is a village in Sri Lanka. It is located within Central Province.,"{""Company"": 0, ""EducationalInstitution"": 0, ""Artist"": 0, ""Athlete"": 0, ""OfficeHolder"": 0, ""MeanOfTransportation"": 0, ""Building"": 0, ""NaturalPlace"": 0, ""Village"": 5, ""Animal"": 0, ""Plant"": 0, ""Album"": 0, ""Film"": 0, ""WrittenWork"": 0}",5,5,1.0,1
365,Athlete,Athlete,Athlete,Andrew Barker (cricketer).  Andrew Hunter Barker (born 7 August 1945) is a former English cricketer. Barker was a left-handed batsman who bowled slow left-arm orthodox. He was born at Salisbury Wiltshire. He was educated at Charterhouse School and later Oxford University.In 1963 Barker joined Wiltshire. He made his Minor Counties Championship debut for the county against Berkshire. From 1963 to 1973 he represented the county in 27 Minor Counties Championship matches the last of which came against Berkshire.,"{""Company"": 0, ""EducationalInstitution"": 0, ""Artist"": 0, ""Athlete"": 5, ""OfficeHolder"": 0, ""MeanOfTransportation"": 0, ""Building"": 0, ""NaturalPlace"": 0, ""Village"": 0, ""Animal"": 0, ""Plant"": 0, ""Album"": 0, ""Film"": 0, ""WrittenWork"": 0}",5,5,1.0,1
366,Company,Company,Company,Teichiku Records.  Teichiku Records is a Japanese record label run by the Teichiku Entertainment company that specialises in enka kayōkyoku and similar music. Teichiku is an abbreviation for Teikoku Chikuonki (帝国蓄音機 imperial records) the former name of the company. Teichiku Entertainment also runs the record labels Imperial Records Takumi Note and Union Records (ユニオンレコード yunion rekōdo).It is a division of JVC Kenwood Holdings Victor Entertainment's parent.,"{""Company"": 5, ""EducationalInstitution"": 0, ""Artist"": 0, ""Athlete"": 0, ""OfficeHolder"": 0, ""MeanOfTransportation"": 0, ""Building"": 0, ""NaturalPlace"": 0, ""Village"": 0, ""Animal"": 0, ""Plant"": 0, ""Album"": 0, ""Film"": 0, ""WrittenWork"": 0}",5,5,1.0,1
367,MeanOfTransportation,MeanOfTransportation,Company,Costa neoRomantica.  Costa neoRomantica (formerly Costa Romantica) is a cruise ship for Costa Crociere completed 1993 as a sister ship to Costa Classica and was refurbished in 2003. Her public rooms are decorated with rare woods Carrara marble and millions of dollars in original works of art. There is also a full luxury spa aboard. Her decks are named for well-known European cities: Monte Carlo Madrid Vienna Verona Paris London Copenhagen and Amsterdam.,"{""Company"": 2, ""EducationalInstitution"": 0, ""Artist"": 0, ""Athlete"": 0, ""OfficeHolder"": 2, ""MeanOfTransportation"": 0, ""Building"": 1, ""NaturalPlace"": 0, ""Village"": 0, ""Animal"": 0, ""Plant"": 0, ""Album"": 0, ""Film"": 0, ""WrittenWork"": 0}",2,5,0.4,0
368,Animal,Animal,Animal,Nastus fausti.  Nastus fausti is a weevil that has been investigated as a potential biocontrol agent for giant hogweeds (Heracleum mantegazzianum Sommier et Levier Heracleum sosnowskyi Manden and Heracleum persicum Desf. ex Fischer. in Europe.During experimentation the weevils were found to not be specific against the target species and could not be recommended as a biocontrol agent.,"{""Company"": 0, ""EducationalInstitution"": 0, ""Artist"": 0, ""Athlete"": 0, ""OfficeHolder"": 0, ""MeanOfTransportation"": 0, ""Building"": 0, ""NaturalPlace"": 0, ""Village"": 0, ""Animal"": 5, ""Plant"": 0, ""Album"": 0, ""Film"": 0, ""WrittenWork"": 0}",5,5,1.0,1
369,Plant,Plant,Plant,Bulbophyllum incurvum.  Bulbophyllum incurvum is a species of orchid in the genus Bulbophyllum.,"{""Company"": 0, ""EducationalInstitution"": 0, ""Artist"": 0, ""Athlete"": 0, ""OfficeHolder"": 0, ""MeanOfTransportation"": 0, ""Building"": 0, ""NaturalPlace"": 0, ""Village"": 0, ""Animal"": 0, ""Plant"": 5, ""Album"": 0, ""Film"": 0, ""WrittenWork"": 0}",5,5,1.0,1
370,Film,Film,Film,On the Town (film).  On the Town is a 1949 musical film with music by Leonard Bernstein and Roger Edens and book and lyrics by Betty Comden and Adolph Green.,"{""Company"": 0, ""EducationalInstitution"": 0, ""Artist"": 0, ""Athlete"": 0, ""OfficeHolder"": 0, ""MeanOfTransportation"": 0, ""Building"": 0, ""NaturalPlace"": 0, ""Village"": 0, ""Animal"": 0, ""Plant"": 0, ""Album"": 0, ""Film"": 5, ""WrittenWork"": 0}",5,5,1.0,1
371,NaturalPlace,NaturalPlace,Building,Wechsel Pass.  Wechsel Pass (elevation 980 m 3215 ft) is a mountain pass in the Austrian Alps located between the Bundesländer of Lower Austria and Styria.Along with Semmering Pass Wechsel Pass is one of the most important connections between Lower Austria and Styria. Until the A2 Autobahn was built in the 1980s it was the major highway between Vienna and Graz.,"{""Company"": 0, ""EducationalInstitution"": 0, ""Artist"": 0, ""Athlete"": 0, ""OfficeHolder"": 0, ""MeanOfTransportation"": 0, ""Building"": 5, ""NaturalPlace"": 0, ""Village"": 0, ""Animal"": 0, ""Plant"": 0, ""Album"": 0, ""Film"": 0, ""WrittenWork"": 0}",5,5,1.0,0
372,Village,Village,Village,Opravdići.  Opravdići (Cyrillic: Оправдићи) is a village in the municipality of Bratunac Bosnia and Herzegovina.,"{""Company"": 0, ""EducationalInstitution"": 0, ""Artist"": 0, ""Athlete"": 0, ""OfficeHolder"": 0, ""MeanOfTransportation"": 0, ""Building"": 0, ""NaturalPlace"": 0, ""Village"": 5, ""Animal"": 0, ""Plant"": 0, ""Album"": 0, ""Film"": 0, ""WrittenWork"": 0}",5,5,1.0,1
373,Film,Film,Film,Shining Stars: The Official Story Of Earth Wind & Fire.  Shining Stars: The Official Story Of Earth Wind & Fire is a 2001 biography of the band Earth Wind & Fire. The film was released on August 21 2001 and was directed by Kathryn Arnold and produced by Stephanie Bennett. It was made with the band's input and features both concert footage and interviews with the members of the group.,"{""Company"": 0, ""EducationalInstitution"": 0, ""Artist"": 0, ""Athlete"": 0, ""OfficeHolder"": 0, ""MeanOfTransportation"": 0, ""Building"": 0, ""NaturalPlace"": 0, ""Village"": 0, ""Animal"": 0, ""Plant"": 0, ""Album"": 0, ""Film"": 5, ""WrittenWork"": 0}",5,5,1.0,1
374,MeanOfTransportation,MeanOfTransportation,OfficeHolder,USS McCormick (DD-223).  USS McCormick (DD-223/AG-118) was a Clemson-class destroyer in the United States Navy during World War II. She was named for Lieutenant junior grade Alexander McCormick Jr.McCormick was laid down 11 August 1919 by William Cramp & Sons; launched 14 February 1920; sponsored by Miss Katherine McCormick sister of Lieutenant (jg.) McCormick; and commissioned 30 August 1920 Lieutenant Commander L. C. Scheibla in command.,"{""Company"": 1, ""EducationalInstitution"": 0, ""Artist"": 0, ""Athlete"": 0, ""OfficeHolder"": 4, ""MeanOfTransportation"": 0, ""Building"": 0, ""NaturalPlace"": 0, ""Village"": 0, ""Animal"": 0, ""Plant"": 0, ""Album"": 0, ""Film"": 0, ""WrittenWork"": 0}",4,5,0.8,0
375,Artist,Artist,Artist,Mark Grist.  Mark Grist is a poet and battle rapper based in Peterborough UK who rose to prominence when his Don't Flop rap battle against Mancunian MC Blizzard became an internet sensation.His poem Girls Who Read produced by Roundhouse London and published on their YouTube channel has also gained significant fame on the internet.,"{""Company"": 0, ""EducationalInstitution"": 0, ""Artist"": 5, ""Athlete"": 0, ""OfficeHolder"": 0, ""MeanOfTransportation"": 0, ""Building"": 0, ""NaturalPlace"": 0, ""Village"": 0, ""Animal"": 0, ""Plant"": 0, ""Album"": 0, ""Film"": 0, ""WrittenWork"": 0}",5,5,1.0,1
376,Athlete,Athlete,Athlete,Frank Naleway.  Frank Naleway (July 5 1902 - January 28 1949) nicknamed Chick was a Major League Baseball player for the Chicago White Sox in 1924. He played in just one game for the White Sox at shortstop going 0-for-2 at the plate with one walk.,"{""Company"": 0, ""EducationalInstitution"": 0, ""Artist"": 0, ""Athlete"": 5, ""OfficeHolder"": 0, ""MeanOfTransportation"": 0, ""Building"": 0, ""NaturalPlace"": 0, ""Village"": 0, ""Animal"": 0, ""Plant"": 0, ""Album"": 0, ""Film"": 0, ""WrittenWork"": 0}",5,5,1.0,1
377,Film,Film,Film,Kandukondain Kandukondain.  Kandukondain Kandukondain (Tamil: கண்டுகொண்டேன் கண்டுகொண்டேன்; English: I Have Seen It) is a 2000 Tamil musical and romantic film based on Jane Austen's novel Sense and Sensibility. Directed and co-written by Rajiv Menon the film features an ensemble cast of Mammootty Ajith Kumar Aishwarya Rai Abbas and Tabu.,"{""Company"": 0, ""EducationalInstitution"": 0, ""Artist"": 0, ""Athlete"": 0, ""OfficeHolder"": 0, ""MeanOfTransportation"": 0, ""Building"": 0, ""NaturalPlace"": 0, ""Village"": 0, ""Animal"": 0, ""Plant"": 0, ""Album"": 0, ""Film"": 5, ""WrittenWork"": 0}",5,5,1.0,1
378,Animal,Animal,Animal,Sandburrower.  The sandburrowers or simply burrowers are a family Creediidae of fishes in the order Perciformes.They are native to coastal waters the Indian and Pacific Oceans. They are very small fishes; with the exception of the larger Donaldson's sandburrower Limnichthys donaldsoni most species reach only 3 to 7 cm in length. They live in shallow waters close to the shore burrowing into sandy areas swept by currents or by surf.,"{""Company"": 0, ""EducationalInstitution"": 0, ""Artist"": 0, ""Athlete"": 0, ""OfficeHolder"": 0, ""MeanOfTransportation"": 0, ""Building"": 0, ""NaturalPlace"": 0, ""Village"": 0, ""Animal"": 5, ""Plant"": 0, ""Album"": 0, ""Film"": 0, ""WrittenWork"": 0}",5,5,1.0,1
379,Village,Village,Village,Khenavin.  Khenavin (Persian: خناوين‎ also Romanized as Khenāvīn and Khanāvīn) is a village in Shepiran Rural District Kuhsar District Salmas County West Azerbaijan Province Iran. At the 2006 census its population was 424 in 70 families.,"{""Company"": 0, ""EducationalInstitution"": 0, ""Artist"": 0, ""Athlete"": 0, ""OfficeHolder"": 0, ""MeanOfTransportation"": 0, ""Building"": 0, ""NaturalPlace"": 0, ""Village"": 5, ""Animal"": 0, ""Plant"": 0, ""Album"": 0, ""Film"": 0, ""WrittenWork"": 0}",5,5,1.0,1
380,MeanOfTransportation,MeanOfTransportation,OfficeHolder,USS Durant (DER-389).  USS Durant (DE-389/WDE-489/DER-389) was an Edsall-class destroyer escort in the United States Navy which served briefly in the United States Coast Guard. She was named for Pharmacist's Mate Third Class Kenneth W. Durant.,"{""Company"": 0, ""EducationalInstitution"": 0, ""Artist"": 0, ""Athlete"": 0, ""OfficeHolder"": 5, ""MeanOfTransportation"": 0, ""Building"": 0, ""NaturalPlace"": 0, ""Village"": 0, ""Animal"": 0, ""Plant"": 0, ""Album"": 0, ""Film"": 0, ""WrittenWork"": 0}",5,5,1.0,0
381,Artist,Artist,Artist,Rob Gardner (musician).  Rob Gardner is an American musician best known as the drummer for the original lineups of L.A. Guns and Guns N' Roses and was also briefly the drummer for Hollywood Rose.,"{""Company"": 0, ""EducationalInstitution"": 0, ""Artist"": 4, ""Athlete"": 0, ""OfficeHolder"": 0, ""MeanOfTransportation"": 0, ""Building"": 0, ""NaturalPlace"": 0, ""Village"": 0, ""Animal"": 0, ""Plant"": 0, ""Album"": 0, ""Film"": 0, ""WrittenWork"": 0}",4,5,0.8,1
382,MeanOfTransportation,MeanOfTransportation,Building,Adventure (1834).  The Adventure was a wooden Sloop built in 1834 at Brisbane Water that was wrecked whilst in a storm with the exact position where it was lost on New South Wales coast being unsure during July 1836.,"{""Company"": 0, ""EducationalInstitution"": 0, ""Artist"": 0, ""Athlete"": 0, ""OfficeHolder"": 1, ""MeanOfTransportation"": 0, ""Building"": 2, ""NaturalPlace"": 0, ""Village"": 0, ""Animal"": 0, ""Plant"": 0, ""Album"": 0, ""Film"": 0, ""WrittenWork"": 0}",2,5,0.4,0
383,Animal,Animal,Animal,Glyphipterix oxymachaera.  Glyphipterix oxymachaera is a species of sedge moths in the genus Glyphipterix. It was described by Edward Meyrick in 1880. It is found in New Zealand.,"{""Company"": 0, ""EducationalInstitution"": 0, ""Artist"": 0, ""Athlete"": 0, ""OfficeHolder"": 0, ""MeanOfTransportation"": 0, ""Building"": 0, ""NaturalPlace"": 2, ""Village"": 0, ""Animal"": 3, ""Plant"": 0, ""Album"": 0, ""Film"": 0, ""WrittenWork"": 0}",3,5,0.6,1
384,EducationalInstitution,EducationalInstitution,Company,Azrieli College of Engineering Jerusalem.  Azrieli College of Engineering Jerusalem (Hebrew: עזריאלי-המכללה להנדסה ירושלים‎) is an Israeli academic college that trains engineers. It is located in the Ramat Beit HaKerem neighborhood of Jerusalem between Jerusalem's two major high-tech industrial areas Har Hotzvim and the Jerusalem Technology Park.,"{""Company"": 2, ""EducationalInstitution"": 2, ""Artist"": 0, ""Athlete"": 0, ""OfficeHolder"": 1, ""MeanOfTransportation"": 0, ""Building"": 0, ""NaturalPlace"": 0, ""Village"": 0, ""Animal"": 0, ""Plant"": 0, ""Album"": 0, ""Film"": 0, ""WrittenWork"": 0}",2,5,0.4,0
385,Building,Building,OfficeHolder,Stamford Hospital.  Stamford Hospital is a private nonprofit Level II trauma center and community academic hospital in Stamford Connecticut. The hospital is a branch of the NewYork-Presbyterian Healthcare System and a major teaching affiliate of Columbia University College of Physicians and Surgeons.,"{""Company"": 0, ""EducationalInstitution"": 0, ""Artist"": 0, ""Athlete"": 0, ""OfficeHolder"": 5, ""MeanOfTransportation"": 0, ""Building"": 0, ""NaturalPlace"": 0, ""Village"": 0, ""Animal"": 0, ""Plant"": 0, ""Album"": 0, ""Film"": 0, ""WrittenWork"": 0}",5,5,1.0,0
386,Company,Company,OfficeHolder,Space Coast Area Transit.  Space Coast Area Transit is the municipal bus system serving the Brevard County Florida area.,"{""Company"": 0, ""EducationalInstitution"": 0, ""Artist"": 0, ""Athlete"": 0, ""OfficeHolder"": 4, ""MeanOfTransportation"": 0, ""Building"": 1, ""NaturalPlace"": 0, ""Village"": 0, ""Animal"": 0, ""Plant"": 0, ""Album"": 0, ""Film"": 0, ""WrittenWork"": 0}",4,5,0.8,0
387,OfficeHolder,OfficeHolder,OfficeHolder,Siti Mwinyi.  Siti Mwinyi served as the second First Lady of Tanzania from 1985 to 1995.,"{""Company"": 0, ""EducationalInstitution"": 0, ""Artist"": 0, ""Athlete"": 0, ""OfficeHolder"": 5, ""MeanOfTransportation"": 0, ""Building"": 0, ""NaturalPlace"": 0, ""Village"": 0, ""Animal"": 0, ""Plant"": 0, ""Album"": 0, ""Film"": 0, ""WrittenWork"": 0}",5,5,1.0,1
388,NaturalPlace,NaturalPlace,Building,Beardown Tors.  Beardown Tors is the 14th highest summit of Dartmoor. Despite its modest height at only 513m it is one of the more interesting summits on Dartmoor.Beardown Tors is in Dartmoor England.,"{""Company"": 0, ""EducationalInstitution"": 0, ""Artist"": 0, ""Athlete"": 0, ""OfficeHolder"": 0, ""MeanOfTransportation"": 0, ""Building"": 4, ""NaturalPlace"": 1, ""Village"": 0, ""Animal"": 0, ""Plant"": 0, ""Album"": 0, ""Film"": 0, ""WrittenWork"": 0}",4,5,0.8,0
389,EducationalInstitution,EducationalInstitution,EducationalInstitution,Cotton Center High School.  Cotton Center High School or Cotton Center School is a 1A public school located in unincorporated Cotton Center Texas (USA) a small farming community in the southern panhandle portion of the state. The school is part of the Cotton Center Independent School District which encompasses west central Hale County. In 2011 the school was rated Academically Unacceptable by the Texas Education Agency.,"{""Company"": 0, ""EducationalInstitution"": 5, ""Artist"": 0, ""Athlete"": 0, ""OfficeHolder"": 0, ""MeanOfTransportation"": 0, ""Building"": 0, ""NaturalPlace"": 0, ""Village"": 0, ""Animal"": 0, ""Plant"": 0, ""Album"": 0, ""Film"": 0, ""WrittenWork"": 0}",5,5,1.0,1
390,Film,Film,Film,The Good Son (film).  The Good Son is a 1993 American psychological thriller film directed by Joseph Ruben and written by English novelist Ian McEwan. The film stars Macaulay Culkin and Elijah Wood.,"{""Company"": 0, ""EducationalInstitution"": 0, ""Artist"": 0, ""Athlete"": 0, ""OfficeHolder"": 0, ""MeanOfTransportation"": 0, ""Building"": 0, ""NaturalPlace"": 0, ""Village"": 0, ""Animal"": 0, ""Plant"": 0, ""Album"": 0, ""Film"": 5, ""WrittenWork"": 0}",5,5,1.0,1
391,Building,Building,Building,Forrest Chase.  Forrest Chase is a major shopping centre in Forrest Place located in Perth Western Australia.,"{""Company"": 1, ""EducationalInstitution"": 0, ""Artist"": 0, ""Athlete"": 0, ""OfficeHolder"": 0, ""MeanOfTransportation"": 0, ""Building"": 4, ""NaturalPlace"": 0, ""Village"": 0, ""Animal"": 0, ""Plant"": 0, ""Album"": 0, ""Film"": 0, ""WrittenWork"": 0}",4,5,0.8,1
392,Album,Album,Album,It's Goin' Down (album).  It's Goin' Down is the second studio album released by Ralph Tresvant. The album was released in 1994 by MCA Records. Tresvant's sophomore set had him take on more of a hands-on role as opposed to his debut. This time around he wrote and produced the majority of the album save for three songs written and produced by his longtime producers Jimmy Jam & Terry Lewis. Two songs were released from the album: Who's The Mack and When I Need Somebody.,"{""Company"": 0, ""EducationalInstitution"": 0, ""Artist"": 0, ""Athlete"": 0, ""OfficeHolder"": 0, ""MeanOfTransportation"": 0, ""Building"": 0, ""NaturalPlace"": 0, ""Village"": 0, ""Animal"": 0, ""Plant"": 0, ""Album"": 5, ""Film"": 0, ""WrittenWork"": 0}",5,5,1.0,1
393,EducationalInstitution,EducationalInstitution,EducationalInstitution,Suva Adventist College.  Suva Adventist College is a coeducational Christian secondary school in Suva Fiji established in 1993.,"{""Company"": 0, ""EducationalInstitution"": 5, ""Artist"": 0, ""Athlete"": 0, ""OfficeHolder"": 0, ""MeanOfTransportation"": 0, ""Building"": 0, ""NaturalPlace"": 0, ""Village"": 0, ""Animal"": 0, ""Plant"": 0, ""Album"": 0, ""Film"": 0, ""WrittenWork"": 0}",5,5,1.0,1
394,Plant,Plant,Plant,Palaquium impressionervium.  Palaquium impressionervium is a species of plant in the Sapotaceae family. It is found in Malaysia and Thailand. It is threatened by habitat loss.,"{""Company"": 0, ""EducationalInstitution"": 0, ""Artist"": 0, ""Athlete"": 0, ""OfficeHolder"": 0, ""MeanOfTransportation"": 0, ""Building"": 0, ""NaturalPlace"": 0, ""Village"": 0, ""Animal"": 0, ""Plant"": 5, ""Album"": 0, ""Film"": 0, ""WrittenWork"": 0}",5,5,1.0,1
395,Plant,Plant,Plant,Dipterygeae.  The tribe Dipterygeae is one of the subdivisions of the plant family Fabaceae. It was recently recircumscribed to include the following genera: Dipteryx Schreb. Monopteryx Spruce ex Benth. Pterodon Vogel Taralea Aubl.This clade does not currently have a node-based phylogenetic definition.,"{""Company"": 0, ""EducationalInstitution"": 0, ""Artist"": 0, ""Athlete"": 0, ""OfficeHolder"": 0, ""MeanOfTransportation"": 0, ""Building"": 0, ""NaturalPlace"": 0, ""Village"": 0, ""Animal"": 0, ""Plant"": 5, ""Album"": 0, ""Film"": 0, ""WrittenWork"": 0}",5,5,1.0,1
396,Artist,Artist,Artist,Tameka Cottle.  Tameka Harris (née Cottle; born July 14 1975) is an American singer-songwriter from Jonesboro Georgia. She is perhaps best known as a member of the multi-platinum R&B female group Xscape and her marriage with American rapper T.I.. She received a Grammy Award for her writing contributions on the TLC hit No Scrubs. She acquired the nickname Tiny due to her small stature of 4'11.,"{""Company"": 0, ""EducationalInstitution"": 0, ""Artist"": 4, ""Athlete"": 0, ""OfficeHolder"": 0, ""MeanOfTransportation"": 0, ""Building"": 0, ""NaturalPlace"": 0, ""Village"": 0, ""Animal"": 0, ""Plant"": 0, ""Album"": 0, ""Film"": 0, ""WrittenWork"": 0}",4,5,0.8,1
397,Plant,Plant,Plant,Byblis lamellata.  Byblis lamellata is a carnivorous plant in the Byblidaceae family. It is endemic to Australia.,"{""Company"": 0, ""EducationalInstitution"": 0, ""Artist"": 0, ""Athlete"": 0, ""OfficeHolder"": 0, ""MeanOfTransportation"": 0, ""Building"": 0, ""NaturalPlace"": 0, ""Village"": 0, ""Animal"": 0, ""Plant"": 5, ""Album"": 0, ""Film"": 0, ""WrittenWork"": 0}",5,5,1.0,1
398,WrittenWork,WrittenWork,Company,City of Bones (Connelly novel).  City of Bones is the twelfth novel by American crime author Michael Connelly and the eighth featuring the Los Angeles detective Hieronymus Harry Bosch. It was named a Notable Book of the Year by the New York Times.,"{""Company"": 1, ""EducationalInstitution"": 0, ""Artist"": 0, ""Athlete"": 0, ""OfficeHolder"": 1, ""MeanOfTransportation"": 0, ""Building"": 0, ""NaturalPlace"": 0, ""Village"": 0, ""Animal"": 0, ""Plant"": 0, ""Album"": 0, ""Film"": 0, ""WrittenWork"": 0}",1,5,0.2,0
399,Athlete,Athlete,Athlete,Bris Lord.  Bristol Robotham Lord (born September 21 1883 in Upland Pennsylvania – November 13 1964 in Annapolis Maryland) was a professional baseball player who played outfielder in the Major Leagues from 1905-1913. He played for the Cleveland Naps Philadelphia Athletics and Boston Braves.Lord is best known for the deal that sent him to the A's in 1910.,"{""Company"": 0, ""EducationalInstitution"": 0, ""Artist"": 0, ""Athlete"": 5, ""OfficeHolder"": 0, ""MeanOfTransportation"": 0, ""Building"": 0, ""NaturalPlace"": 0, ""Village"": 0, ""Animal"": 0, ""Plant"": 0, ""Album"": 0, ""Film"": 0, ""WrittenWork"": 0}",5,5,1.0,1
400,Animal,Animal,Animal,Babia (genus).  The genus Babia comprises a number of species of leaf beetles in the subfamily Cryptocephalinae though historically they were often treated within a subfamily Clytrinae. The number of species in the genus is at least 12 but as there are almost as many described members which are subspecies (a rank which is not universally accepted) this number may be greater in some classifications.,"{""Company"": 0, ""EducationalInstitution"": 0, ""Artist"": 0, ""Athlete"": 0, ""OfficeHolder"": 0, ""MeanOfTransportation"": 0, ""Building"": 0, ""NaturalPlace"": 0, ""Village"": 0, ""Animal"": 5, ""Plant"": 0, ""Album"": 0, ""Film"": 0, ""WrittenWork"": 0}",5,5,1.0,1
401,Plant,Plant,Plant,Burmeistera brachyandra.  Burmeistera brachyandra is a species of plant in the Campanulaceae family. It is endemic to Ecuador. Its natural habitats are subtropical or tropical moist lowland forests and subtropical or tropical moist montane forests.,"{""Company"": 0, ""EducationalInstitution"": 0, ""Artist"": 0, ""Athlete"": 0, ""OfficeHolder"": 0, ""MeanOfTransportation"": 0, ""Building"": 0, ""NaturalPlace"": 0, ""Village"": 0, ""Animal"": 0, ""Plant"": 5, ""Album"": 0, ""Film"": 0, ""WrittenWork"": 0}",5,5,1.0,1
402,WrittenWork,WrittenWork,Company,Ledfeather.  Ledfeather is a 2008 novel by Native American author Stephen Graham Jones published by FC2 (Fiction Collective Two).,"{""Company"": 4, ""EducationalInstitution"": 0, ""Artist"": 0, ""Athlete"": 0, ""OfficeHolder"": 0, ""MeanOfTransportation"": 0, ""Building"": 0, ""NaturalPlace"": 0, ""Village"": 0, ""Animal"": 0, ""Plant"": 0, ""Album"": 0, ""Film"": 0, ""WrittenWork"": 1}",4,5,0.8,0
403,Album,Album,Album,Jukebox (JLS album).  Jukebox is the third studio album by English boy band JLS released on 11 November 2011 through Epic Records. The album's release was preceded by the lead single She Makes Me Wanna which debuted at number one on the UK Singles Chart in July 2011 and the second single Take a Chance on Me released on 4 November 2011. The single charted at number 2 in the charts.,"{""Company"": 0, ""EducationalInstitution"": 0, ""Artist"": 0, ""Athlete"": 0, ""OfficeHolder"": 0, ""MeanOfTransportation"": 0, ""Building"": 0, ""NaturalPlace"": 0, ""Village"": 0, ""Animal"": 0, ""Plant"": 0, ""Album"": 5, ""Film"": 0, ""WrittenWork"": 0}",5,5,1.0,1
404,WrittenWork,WrittenWork,Building,The Land of Foam.  The Land of Foam also known as At the Edge of Oikoumene (Russian: На краю Ойкумены Na krayu Oikumeny) and Great Arc (Великая Дуга Velikaya Duga) is a novel written by the Soviet writer Ivan Yefremov in 1946.,"{""Company"": 1, ""EducationalInstitution"": 0, ""Artist"": 0, ""Athlete"": 0, ""OfficeHolder"": 0, ""MeanOfTransportation"": 0, ""Building"": 4, ""NaturalPlace"": 0, ""Village"": 0, ""Animal"": 0, ""Plant"": 0, ""Album"": 0, ""Film"": 0, ""WrittenWork"": 0}",4,5,0.8,0
405,MeanOfTransportation,MeanOfTransportation,Company,DB HBR 5.  The HBR 5 model (1954–1959) was Deutsch and Bonnet's (DB) most successful project to date with several hundred of the cars produced between 1954 and 1959. Another small series of lowered and lightened cars called Super Rallye occurred in 1960 and 1961. Around 660 of the Mille Miles Coach and HBR 4/5s were built in total.,"{""Company"": 3, ""EducationalInstitution"": 0, ""Artist"": 0, ""Athlete"": 0, ""OfficeHolder"": 1, ""MeanOfTransportation"": 0, ""Building"": 0, ""NaturalPlace"": 0, ""Village"": 0, ""Animal"": 0, ""Plant"": 0, ""Album"": 0, ""Film"": 0, ""WrittenWork"": 0}",3,5,0.6,0
406,OfficeHolder,OfficeHolder,OfficeHolder,Chas Vincent.  Chas V. Vincent (24 July 1977) is a Senator in the Montana Legislature. He is a Republican from District 1 representing Libby Montana. Vincent is a graduate of the University of Montana.,"{""Company"": 0, ""EducationalInstitution"": 0, ""Artist"": 0, ""Athlete"": 0, ""OfficeHolder"": 5, ""MeanOfTransportation"": 0, ""Building"": 0, ""NaturalPlace"": 0, ""Village"": 0, ""Animal"": 0, ""Plant"": 0, ""Album"": 0, ""Film"": 0, ""WrittenWork"": 0}",5,5,1.0,1
407,Village,Village,Village,Gamshad.  Gamshad (Persian: گمشاد‎ also Romanized as Gamshād) is a village in Qorqori Rural District Qorqori District Hirmand County Sistan and Baluchestan Province Iran. At the 2006 census its population was 789 in 155 families.,"{""Company"": 0, ""EducationalInstitution"": 0, ""Artist"": 0, ""Athlete"": 0, ""OfficeHolder"": 0, ""MeanOfTransportation"": 0, ""Building"": 0, ""NaturalPlace"": 0, ""Village"": 5, ""Animal"": 0, ""Plant"": 0, ""Album"": 0, ""Film"": 0, ""WrittenWork"": 0}",5,5,1.0,1
408,Building,Building,OfficeHolder,East Lake Community Library.  The East Lake Community Library is one of 15 branch libraries formerly in the Minneapolis Public Library System and now one of 41 branch libraries in the Hennepin County Library System in Minneapolis Minnesota United States. Three different buildings have housed the library since 1924.,"{""Company"": 0, ""EducationalInstitution"": 0, ""Artist"": 0, ""Athlete"": 0, ""OfficeHolder"": 3, ""MeanOfTransportation"": 0, ""Building"": 2, ""NaturalPlace"": 0, ""Village"": 0, ""Animal"": 0, ""Plant"": 0, ""Album"": 0, ""Film"": 0, ""WrittenWork"": 0}",3,5,0.6,0
409,Building,Building,Building,Rose Hill Farm (Winchester Virginia).  Rose Hill Farm is a historic home and farm located near Winchester Frederick County Virginia. It is a vernacular Federal style 2 1/2 story brick and stucco structure built about 1819. The earliest section was built about 1797 and began as a three-room-plan 1 1/2-story log structure built upon a limestone foundation. About 1850 the house was enhanced with vernacular Greek Revival-style elements. Also on the property are a contributing summer kitchen (c.,"{""Company"": 0, ""EducationalInstitution"": 0, ""Artist"": 0, ""Athlete"": 0, ""OfficeHolder"": 0, ""MeanOfTransportation"": 0, ""Building"": 5, ""NaturalPlace"": 0, ""Village"": 0, ""Animal"": 0, ""Plant"": 0, ""Album"": 0, ""Film"": 0, ""WrittenWork"": 0}",5,5,1.0,1
410,Company,Company,Company,Park City Group.  Park City Group Inc. (NASDAQ:PCYG) was established in 2002 and now is headquartered in Salt Lake City Utah. The company focuses on software-as-a-service (SaaS) for the suppliers and retailers in the whole supply chain reducing out-of-stocks optimizing inventory and improving profits and operational efficiencies. In the year of 2009 the company acquired Prescient Applied Intelligence to form The New Park City Group.,"{""Company"": 5, ""EducationalInstitution"": 0, ""Artist"": 0, ""Athlete"": 0, ""OfficeHolder"": 0, ""MeanOfTransportation"": 0, ""Building"": 0, ""NaturalPlace"": 0, ""Village"": 0, ""Animal"": 0, ""Plant"": 0, ""Album"": 0, ""Film"": 0, ""WrittenWork"": 0}",5,5,1.0,1
411,WrittenWork,WrittenWork,Company,Hit-Girl (comics).  Hit-Girl is a creator-owned comic book series written by Mark Millar and illustrated by John Romita Jr. It is published by Marvel Comics under the company's Icon imprint.It takes place chronologically between the Kick-Ass comic book series and the Kick-Ass 2 comic book series.,"{""Company"": 5, ""EducationalInstitution"": 0, ""Artist"": 0, ""Athlete"": 0, ""OfficeHolder"": 0, ""MeanOfTransportation"": 0, ""Building"": 0, ""NaturalPlace"": 0, ""Village"": 0, ""Animal"": 0, ""Plant"": 0, ""Album"": 0, ""Film"": 0, ""WrittenWork"": 0}",5,5,1.0,0
412,MeanOfTransportation,MeanOfTransportation,Company,Gdecouv'R 582.  The Gdecouv'R 582 is a French ultralight trike designed by Jean-Michel Geay and produced by Gdecouv'R of Fontaine-lès-Dijon. The aircraft is supplied as a complete ready-to-fly-aircraft.,"{""Company"": 4, ""EducationalInstitution"": 0, ""Artist"": 0, ""Athlete"": 0, ""OfficeHolder"": 1, ""MeanOfTransportation"": 0, ""Building"": 0, ""NaturalPlace"": 0, ""Village"": 0, ""Animal"": 0, ""Plant"": 0, ""Album"": 0, ""Film"": 0, ""WrittenWork"": 0}",4,5,0.8,0
413,OfficeHolder,OfficeHolder,OfficeHolder,Frank Fagan.  Frank F. Fagan CM is the current Lieutenant Governor of Newfoundland and Labrador. Appointed on the recommendation of Prime Minister Stephen Harper on February 2 2013 Fagan was sworn in on 19 March 2013 succeeding John Crosbie.A telecommunications executive with Bell Aliant Fagan retired in 2008.,"{""Company"": 0, ""EducationalInstitution"": 0, ""Artist"": 0, ""Athlete"": 0, ""OfficeHolder"": 5, ""MeanOfTransportation"": 0, ""Building"": 0, ""NaturalPlace"": 0, ""Village"": 0, ""Animal"": 0, ""Plant"": 0, ""Album"": 0, ""Film"": 0, ""WrittenWork"": 0}",5,5,1.0,1
414,NaturalPlace,NaturalPlace,NaturalPlace,Seeon Lakes.  Seeon Lakes (German: Seeoner Seen) is a small group of kettle lakes in Bavaria Germany. It is located 4 kilometres (2.5 mi) north of Lake Chiemsee in the district of Traunstein. The lakes are protected as the nature reserve (German: Naturschutzgebiet) Seeoner Seen. On the main lake Seeoner See is a field station for limnological research from the University of Munich Faculty of Biology.,"{""Company"": 0, ""EducationalInstitution"": 0, ""Artist"": 0, ""Athlete"": 0, ""OfficeHolder"": 0, ""MeanOfTransportation"": 0, ""Building"": 0, ""NaturalPlace"": 5, ""Village"": 0, ""Animal"": 0, ""Plant"": 0, ""Album"": 0, ""Film"": 0, ""WrittenWork"": 0}",5,5,1.0,1
415,Building,Building,Building,Haus Church.  Haus Church (Norwegian: Haus kyrkje) is a parish church in Osterøy municipality in Hordaland county Norway. It is located in the village of Hausvik on the western shore of the island of Osterøy. The church is part of the Osterøy parish in the Arna og Åsane deanery in the Diocese of Bjørgvin. The white wooden church was built in 1874 by the builder Ole Vangberg. The church which seats about 460 people was consecrated on 19 May 1874.,"{""Company"": 0, ""EducationalInstitution"": 0, ""Artist"": 0, ""Athlete"": 0, ""OfficeHolder"": 0, ""MeanOfTransportation"": 0, ""Building"": 4, ""NaturalPlace"": 0, ""Village"": 1, ""Animal"": 0, ""Plant"": 0, ""Album"": 0, ""Film"": 0, ""WrittenWork"": 0}",4,5,0.8,1
416,Album,Album,Album,La Historia Continúa... Parte III.  La Historia Continúa... Parte III (Eng.: The History Continues... Vol. 3) is a compilation album released by Marco Antonio Solís. This album became his seventh number-one set on the Billboard Top Latin Albums. The album was released in a standard CD presentation and in a CD/DVD combo including the music videos for the singles Sin Lado Izquierdo Mi Mayor Necesidad Tu Amor o Tu Desprecio and Casas de Cartón.,"{""Company"": 0, ""EducationalInstitution"": 0, ""Artist"": 0, ""Athlete"": 0, ""OfficeHolder"": 0, ""MeanOfTransportation"": 0, ""Building"": 0, ""NaturalPlace"": 0, ""Village"": 0, ""Animal"": 0, ""Plant"": 0, ""Album"": 5, ""Film"": 0, ""WrittenWork"": 0}",5,5,1.0,1
417,Plant,Plant,Plant,Convolvulaceae.  Convolvulaceae known commonly as the bindweed or morning glory family is a family of about 60 genera and more than 1650 species of mostly herbaceous vines but also trees shrubs and herbs.,"{""Company"": 0, ""EducationalInstitution"": 0, ""Artist"": 0, ""Athlete"": 0, ""OfficeHolder"": 0, ""MeanOfTransportation"": 0, ""Building"": 0, ""NaturalPlace"": 1, ""Village"": 0, ""Animal"": 0, ""Plant"": 4, ""Album"": 0, ""Film"": 0, ""WrittenWork"": 0}",4,5,0.8,1
418,EducationalInstitution,EducationalInstitution,EducationalInstitution,Shenyang International School.  Shenyang International School (沈阳 国际 学校 Shěn-yáng guó-jì xué-xiào) (SYIS) was founded in 1998 and offers a North American college-preparatory education program from K3(3 year old class) through 12th grade. It is part of International Schools of China (ISC) which offers academically excellent programs that meet the intellectual physical and emotional needs of students.,"{""Company"": 2, ""EducationalInstitution"": 3, ""Artist"": 0, ""Athlete"": 0, ""OfficeHolder"": 0, ""MeanOfTransportation"": 0, ""Building"": 0, ""NaturalPlace"": 0, ""Village"": 0, ""Animal"": 0, ""Plant"": 0, ""Album"": 0, ""Film"": 0, ""WrittenWork"": 0}",3,5,0.6,1
419,Village,Village,Village,Askland.  Askland is a village in Aust-Agder Norway.,"{""Company"": 0, ""EducationalInstitution"": 0, ""Artist"": 0, ""Athlete"": 0, ""OfficeHolder"": 0, ""MeanOfTransportation"": 0, ""Building"": 0, ""NaturalPlace"": 0, ""Village"": 5, ""Animal"": 0, ""Plant"": 0, ""Album"": 0, ""Film"": 0, ""WrittenWork"": 0}",5,5,1.0,1
420,Village,Village,Village,Chadwela.  Chadwela is a village development committee in Sunsari District in the Kosi Zone of south-eastern Nepal. At the time of the 1991 Nepal census it had a population of 5132 people living in 926 individual households.,"{""Company"": 0, ""EducationalInstitution"": 0, ""Artist"": 0, ""Athlete"": 0, ""OfficeHolder"": 0, ""MeanOfTransportation"": 0, ""Building"": 0, ""NaturalPlace"": 0, ""Village"": 5, ""Animal"": 0, ""Plant"": 0, ""Album"": 0, ""Film"": 0, ""WrittenWork"": 0}",5,5,1.0,1
421,Building,Building,Building,St. John African Methodist Episcopal Church (Topeka Kansas).  St. John African Methodist Episcopal Church is a historic church at 701 SW Topeka Boulevard in Topeka Kansas United States. It was built in 1908 and added to the National Register in 2008.,"{""Company"": 0, ""EducationalInstitution"": 0, ""Artist"": 0, ""Athlete"": 0, ""OfficeHolder"": 0, ""MeanOfTransportation"": 0, ""Building"": 5, ""NaturalPlace"": 0, ""Village"": 0, ""Animal"": 0, ""Plant"": 0, ""Album"": 0, ""Film"": 0, ""WrittenWork"": 0}",5,5,1.0,1
422,Animal,Animal,Animal,Hylobius warreni.  Warren's rootcollar weevil Hylobius warreni is a species of weevil that is widely distributed throughout the boreal forests of Canada.,"{""Company"": 0, ""EducationalInstitution"": 0, ""Artist"": 0, ""Athlete"": 0, ""OfficeHolder"": 0, ""MeanOfTransportation"": 0, ""Building"": 0, ""NaturalPlace"": 0, ""Village"": 0, ""Animal"": 5, ""Plant"": 0, ""Album"": 0, ""Film"": 0, ""WrittenWork"": 0}",5,5,1.0,1
423,Village,Village,NaturalPlace,Tirupati (rural).  Tirupati (rural) is a Mandal in Chittoor district in the state of Andhra Pradesh in India.,"{""Company"": 0, ""EducationalInstitution"": 0, ""Artist"": 0, ""Athlete"": 0, ""OfficeHolder"": 0, ""MeanOfTransportation"": 0, ""Building"": 2, ""NaturalPlace"": 3, ""Village"": 0, ""Animal"": 0, ""Plant"": 0, ""Album"": 0, ""Film"": 0, ""WrittenWork"": 0}",3,5,0.6,0
424,EducationalInstitution,EducationalInstitution,Company,VU University Amsterdam.  VU University Amsterdam (Dutch: Vrije Universiteit Amsterdam) or VU is a university in Amsterdam the Netherlands founded in 1880. VU is one of two large publicly funded research universities in the city the other being the University of Amsterdam (UvA).The literal translation of the Dutch name Vrije Universiteit is Free [as in liberated] University. Both within and outside the University the institution is commonly referred to as the VU (pronounced somewhat like 'vew' as in 'new').,"{""Company"": 4, ""EducationalInstitution"": 1, ""Artist"": 0, ""Athlete"": 0, ""OfficeHolder"": 0, ""MeanOfTransportation"": 0, ""Building"": 0, ""NaturalPlace"": 0, ""Village"": 0, ""Animal"": 0, ""Plant"": 0, ""Album"": 0, ""Film"": 0, ""WrittenWork"": 0}",4,5,0.8,0
425,Plant,Plant,Plant,Pinguicula ramosa.  Pinguicula ramosa is a species of butterwort a carnivorous plant endemic to the mountains of Nikkō National Park in Japan. It belongs to the section micranthus and is closely related to Pinguicula variegata. It is unique in the genus for having a forked flower stalk.,"{""Company"": 0, ""EducationalInstitution"": 0, ""Artist"": 0, ""Athlete"": 0, ""OfficeHolder"": 0, ""MeanOfTransportation"": 0, ""Building"": 0, ""NaturalPlace"": 0, ""Village"": 0, ""Animal"": 0, ""Plant"": 5, ""Album"": 0, ""Film"": 0, ""WrittenWork"": 0}",5,5,1.0,1
426,Company,Company,Company,Jagjaguwar.  Jagjaguwar is an indie rock record label based in Bloomington Indiana.,"{""Company"": 5, ""EducationalInstitution"": 0, ""Artist"": 0, ""Athlete"": 0, ""OfficeHolder"": 0, ""MeanOfTransportation"": 0, ""Building"": 0, ""NaturalPlace"": 0, ""Village"": 0, ""Animal"": 0, ""Plant"": 0, ""Album"": 0, ""Film"": 0, ""WrittenWork"": 0}",5,5,1.0,1
427,Album,Album,Album,The Silver Lining (Earshot album).  The Silver Lining is the third studio album by alternative metal band Earshot released on August 26 2008. It is the band's first release in four years and first release outside of Warner Bros. Records. It contains just one officially released single MisSunderstood.,"{""Company"": 0, ""EducationalInstitution"": 0, ""Artist"": 0, ""Athlete"": 0, ""OfficeHolder"": 0, ""MeanOfTransportation"": 0, ""Building"": 0, ""NaturalPlace"": 0, ""Village"": 0, ""Animal"": 0, ""Plant"": 0, ""Album"": 5, ""Film"": 0, ""WrittenWork"": 0}",5,5,1.0,1
428,Village,Village,Village,Maków Warmian-Masurian Voivodeship.  Maków [ˈmakuf] (German Makohlen) is a village in the administrative district of Gmina Kiwity within Lidzbark County Warmian-Masurian Voivodeship in northern Poland.,"{""Company"": 0, ""EducationalInstitution"": 0, ""Artist"": 0, ""Athlete"": 0, ""OfficeHolder"": 0, ""MeanOfTransportation"": 0, ""Building"": 0, ""NaturalPlace"": 0, ""Village"": 5, ""Animal"": 0, ""Plant"": 0, ""Album"": 0, ""Film"": 0, ""WrittenWork"": 0}",5,5,1.0,1
429,Athlete,Athlete,Athlete,Amantle Montsho.  Amantle Montsho (born July 4 1983 in Maun Ngamiland Botswana) is a female sprinter from Botswana who specializes in the 400 metres. She represented her country at the 2004 and 2008 Summer Olympics reaching the final at the latter edition.,"{""Company"": 0, ""EducationalInstitution"": 0, ""Artist"": 0, ""Athlete"": 5, ""OfficeHolder"": 0, ""MeanOfTransportation"": 0, ""Building"": 0, ""NaturalPlace"": 0, ""Village"": 0, ""Animal"": 0, ""Plant"": 0, ""Album"": 0, ""Film"": 0, ""WrittenWork"": 0}",5,5,1.0,1
430,Building,Building,Building,St. Bernard's Church Gibraltar.  St. Bernard's Church is one of eight Roman Catholic churches in the British Overseas Territory of Gibraltar.,"{""Company"": 0, ""EducationalInstitution"": 0, ""Artist"": 0, ""Athlete"": 0, ""OfficeHolder"": 1, ""MeanOfTransportation"": 0, ""Building"": 4, ""NaturalPlace"": 0, ""Village"": 0, ""Animal"": 0, ""Plant"": 0, ""Album"": 0, ""Film"": 0, ""WrittenWork"": 0}",4,5,0.8,1
431,Company,Company,Company,Proenza Schouler.  Proenza Schouler /proʊˌɛnzə ˈskuːlər/ is a New York based womenswear and accessories brand founded in 2002 by designers Jack McCollough and Lazaro Hernandez. The duo met while studying at Parsons School of Design collaborating on their senior thesis which would eventually become their first collection as Proenza Schouler. The collection was bought in its entirety by Barneys New York.,"{""Company"": 5, ""EducationalInstitution"": 0, ""Artist"": 0, ""Athlete"": 0, ""OfficeHolder"": 0, ""MeanOfTransportation"": 0, ""Building"": 0, ""NaturalPlace"": 0, ""Village"": 0, ""Animal"": 0, ""Plant"": 0, ""Album"": 0, ""Film"": 0, ""WrittenWork"": 0}",5,5,1.0,1
432,Animal,Animal,Animal,Amquia.  Amquia is an extinct genus from a well-known class of fossil marine arthropods the trilobites. It lived from 501-490 million years ago during the Dresbachian faunal stage of the late Cambrian Period.,"{""Company"": 1, ""EducationalInstitution"": 0, ""Artist"": 0, ""Athlete"": 0, ""OfficeHolder"": 0, ""MeanOfTransportation"": 0, ""Building"": 1, ""NaturalPlace"": 0, ""Village"": 0, ""Animal"": 3, ""Plant"": 0, ""Album"": 0, ""Film"": 0, ""WrittenWork"": 0}",3,5,0.6,1
433,Building,Building,Building,Westfield Broward.  Westfield Broward (previously known as the Broward Mall) is a one-level 1000000-square-foot (93000 m2) shopping mall in Plantation Florida a suburb of Fort Lauderdale. It is managed and co-owned by the Westfield Group. The center features 125 retail and service shops four department stores and a variety of casual dining venues.,"{""Company"": 0, ""EducationalInstitution"": 0, ""Artist"": 0, ""Athlete"": 0, ""OfficeHolder"": 0, ""MeanOfTransportation"": 0, ""Building"": 2, ""NaturalPlace"": 0, ""Village"": 0, ""Animal"": 0, ""Plant"": 2, ""Album"": 0, ""Film"": 0, ""WrittenWork"": 0}",2,5,0.4,1
434,MeanOfTransportation,MeanOfTransportation,OfficeHolder,HMAS Duchess (D154).  HMAS Duchess was a Daring-class destroyer that served in the Royal Navy as HMS Duchess from 1952 to 1964 and in the Royal Australian Navy (RAN) from 1964 to 1980.Commissioned into the Royal Navy in 1952 Duchess operated with the British Home Fleet and in the Mediterranean was involved in the 1956 Suez Crisis and served as part of the Far East Strategic Reserve. Following the Melbourne-Voyager collision Duchess was loaned to the RAN in 1964 as a temporary replacement for HMAS Voyager.,"{""Company"": 2, ""EducationalInstitution"": 0, ""Artist"": 0, ""Athlete"": 0, ""OfficeHolder"": 3, ""MeanOfTransportation"": 0, ""Building"": 0, ""NaturalPlace"": 0, ""Village"": 0, ""Animal"": 0, ""Plant"": 0, ""Album"": 0, ""Film"": 0, ""WrittenWork"": 0}",3,5,0.6,0
435,EducationalInstitution,EducationalInstitution,Company,Platanos College.  Platanos College (formerly Stockwell Park School) is a coeducational secondary school with academy status located in the Stockwell area of the London Borough of Lambeth England.The school converted to academy status on 1 February 2011 and was previously a foundation school administered by Lambeth London Borough Council. The school continues to coordinate with Lambeth London Borough Council for admissions.Platanos College offers GCSEs and BTECs as programmes of study for pupils.,"{""Company"": 5, ""EducationalInstitution"": 0, ""Artist"": 0, ""Athlete"": 0, ""OfficeHolder"": 0, ""MeanOfTransportation"": 0, ""Building"": 0, ""NaturalPlace"": 0, ""Village"": 0, ""Animal"": 0, ""Plant"": 0, ""Album"": 0, ""Film"": 0, ""WrittenWork"": 0}",5,5,1.0,0
436,Company,Company,Company,Sallsell.  Sallsell Inc. (Arabic: سلسل) is a centralized network of online Arab countries for posting local online classified advertisements. It is a company launched in September 2009. Sallsell's website is currently available for 18 countries including: Saudi Arabia Egypt UAE (United Arab Emirates) Qatar Bahrain Morocco Algeria Tunisia Libya Jordan Syria Lebanon Palestine Sudan Yemen Oman Kuwait and Iraq.,"{""Company"": 5, ""EducationalInstitution"": 0, ""Artist"": 0, ""Athlete"": 0, ""OfficeHolder"": 0, ""MeanOfTransportation"": 0, ""Building"": 0, ""NaturalPlace"": 0, ""Village"": 0, ""Animal"": 0, ""Plant"": 0, ""Album"": 0, ""Film"": 0, ""WrittenWork"": 0}",5,5,1.0,1
437,Film,Film,Film,Sacred Silence.  Pianese Nunzio 14 anni a maggio is a 1996 Italian film directed by Antonio Capuano that deals with a Catholic priest his pederastic relationship with a Napolitan street boy and the domination of daily life in Southern Italy by the Camorra. The title translates as Pianese Nunzio 14 in May and the movie was released in the USA with the title Sacred Silence.,"{""Company"": 0, ""EducationalInstitution"": 0, ""Artist"": 0, ""Athlete"": 0, ""OfficeHolder"": 0, ""MeanOfTransportation"": 0, ""Building"": 0, ""NaturalPlace"": 0, ""Village"": 0, ""Animal"": 0, ""Plant"": 0, ""Album"": 0, ""Film"": 5, ""WrittenWork"": 0}",5,5,1.0,1
438,Artist,Artist,Artist,Freya Clausen.  Freya Christine Clausen also known by her mononym Freya (born 17 November 1978) is a Danish singer/songwriter and television personality based in Copenhagen. She worked as an MTV VJ then moved to VH1 in 2010. She has released two solo albums Tea with the Queen and Chasing My Tale.Since 2010 she has hosted the pan-Scandinavian TV channel Star!'s broadcasts from Stockholm Fashion Week by Berns.,"{""Company"": 0, ""EducationalInstitution"": 0, ""Artist"": 3, ""Athlete"": 0, ""OfficeHolder"": 0, ""MeanOfTransportation"": 0, ""Building"": 0, ""NaturalPlace"": 0, ""Village"": 0, ""Animal"": 0, ""Plant"": 0, ""Album"": 0, ""Film"": 0, ""WrittenWork"": 0}",3,5,0.6,1
439,Company,Company,Company,Liu·Jo.  Liu Jo S.p.A. (stylized as LIU•JO) is an Italian fashion company founded by Marchi brothers in 1995 in Carpi (Modena) Italy.,"{""Company"": 5, ""EducationalInstitution"": 0, ""Artist"": 0, ""Athlete"": 0, ""OfficeHolder"": 0, ""MeanOfTransportation"": 0, ""Building"": 0, ""NaturalPlace"": 0, ""Village"": 0, ""Animal"": 0, ""Plant"": 0, ""Album"": 0, ""Film"": 0, ""WrittenWork"": 0}",5,5,1.0,1
440,Athlete,Athlete,Athlete,George Beavan.  George David Beavan (born 12 January 1990) is an English footballer who plays as a defender for Billericay Town in the Isthmian League Premier Division.,"{""Company"": 0, ""EducationalInstitution"": 0, ""Artist"": 0, ""Athlete"": 5, ""OfficeHolder"": 0, ""MeanOfTransportation"": 0, ""Building"": 0, ""NaturalPlace"": 0, ""Village"": 0, ""Animal"": 0, ""Plant"": 0, ""Album"": 0, ""Film"": 0, ""WrittenWork"": 0}",5,5,1.0,1
441,Athlete,Athlete,Athlete,Craig Clemons.  Craig Clemons (born June 1 1949 in Sidney Ohio) is a former American football safety in the National Football League. He was drafted by the Chicago Bears 12th overall in the 1972 NFL Draft. He played college football at Iowa. After the 1971 college football season Clemons earned First Team All-American and First Team All-Big Ten honors.,"{""Company"": 0, ""EducationalInstitution"": 0, ""Artist"": 0, ""Athlete"": 5, ""OfficeHolder"": 0, ""MeanOfTransportation"": 0, ""Building"": 0, ""NaturalPlace"": 0, ""Village"": 0, ""Animal"": 0, ""Plant"": 0, ""Album"": 0, ""Film"": 0, ""WrittenWork"": 0}",5,5,1.0,1
442,WrittenWork,WrittenWork,WrittenWork,Dossouye.  Dossouye is a sword and sorcery novel written by Charles R. Saunders and published independently in 2008 by Sword & Soul Media via the online press Lulu.,"{""Company"": 1, ""EducationalInstitution"": 0, ""Artist"": 0, ""Athlete"": 0, ""OfficeHolder"": 0, ""MeanOfTransportation"": 0, ""Building"": 0, ""NaturalPlace"": 0, ""Village"": 0, ""Animal"": 0, ""Plant"": 0, ""Album"": 0, ""Film"": 0, ""WrittenWork"": 4}",4,5,0.8,1
443,Building,Building,Building,Jones House (Pontiac Illinois).  The Jones House is a historic brick home in the Illinois city of Pontiac. The house is listed on the U.S. National Register of Historic Places and is the second oldest brick house in Pontiac.,"{""Company"": 0, ""EducationalInstitution"": 0, ""Artist"": 0, ""Athlete"": 0, ""OfficeHolder"": 0, ""MeanOfTransportation"": 0, ""Building"": 5, ""NaturalPlace"": 0, ""Village"": 0, ""Animal"": 0, ""Plant"": 0, ""Album"": 0, ""Film"": 0, ""WrittenWork"": 0}",5,5,1.0,1
444,OfficeHolder,OfficeHolder,OfficeHolder,Vasanthi Stanley.  Vasanthi Stanley is a Member of the Parliament of India representing Tamil Nadu in the Rajya Sabha the upper house of the Indian Parliament from the Dravida Munnetra Kazhagam party.She is a journalist and a writer,"{""Company"": 0, ""EducationalInstitution"": 0, ""Artist"": 0, ""Athlete"": 0, ""OfficeHolder"": 5, ""MeanOfTransportation"": 0, ""Building"": 0, ""NaturalPlace"": 0, ""Village"": 0, ""Animal"": 0, ""Plant"": 0, ""Album"": 0, ""Film"": 0, ""WrittenWork"": 0}",5,5,1.0,1
445,Building,Building,NaturalPlace,Oracabessa Bay Fish Sanctuary.  The Oracabessa Bay Fish Sanctuary was established in 2010 to protect Oracabessa’s marine ecosystem. Its mission is to increase biodiversity in Oracabessa Bay to improve livelihoods in the local community. Through investments by the Oracabessa Foundation Seacology and GEF the Fish Sanctuary has reintroduced Sea turtles and thousands of new coral into the Oracabessa Bay area.,"{""Company"": 0, ""EducationalInstitution"": 0, ""Artist"": 0, ""Athlete"": 0, ""OfficeHolder"": 0, ""MeanOfTransportation"": 0, ""Building"": 0, ""NaturalPlace"": 5, ""Village"": 0, ""Animal"": 0, ""Plant"": 0, ""Album"": 0, ""Film"": 0, ""WrittenWork"": 0}",5,5,1.0,0
446,WrittenWork,WrittenWork,Company,Fox at the Front.  Fox at the Front is a 2003 alternate history novel written by Douglas Niles and Michael Dobson. It is a sequel to the 2000 novel Fox on the Rhine.,"{""Company"": 5, ""EducationalInstitution"": 0, ""Artist"": 0, ""Athlete"": 0, ""OfficeHolder"": 0, ""MeanOfTransportation"": 0, ""Building"": 0, ""NaturalPlace"": 0, ""Village"": 0, ""Animal"": 0, ""Plant"": 0, ""Album"": 0, ""Film"": 0, ""WrittenWork"": 0}",5,5,1.0,0
447,Village,Village,Village,Qahqah.  Qahqah (Persian: قهقه‎; also known as Qahqaheh) is a village in Tus Rural District in the Central District of Mashhad County Razavi Khorasan Province Iran. At the 2006 census its existence was noted but its population was not reported.,"{""Company"": 0, ""EducationalInstitution"": 0, ""Artist"": 0, ""Athlete"": 0, ""OfficeHolder"": 0, ""MeanOfTransportation"": 0, ""Building"": 0, ""NaturalPlace"": 0, ""Village"": 5, ""Animal"": 0, ""Plant"": 0, ""Album"": 0, ""Film"": 0, ""WrittenWork"": 0}",5,5,1.0,1
448,Film,Film,Film,Louder Than a Bomb (film).  Louder Than a Bomb is a documentary film about Louder Than a Bomb an annual youth poetry slam in Chicago. The film was directed and produced by Greg Jacobs and Jon Siskel. It follows the stories of several high school teams and individuals leading up to Louder Than a Bomb 2008 and their experiences at the slam. It opened theatrically in New York City on July 30 2010 and opened in Los Angeles on August 6 2010 at the 14th Annual DocuWeeks.,"{""Company"": 0, ""EducationalInstitution"": 0, ""Artist"": 0, ""Athlete"": 0, ""OfficeHolder"": 0, ""MeanOfTransportation"": 0, ""Building"": 0, ""NaturalPlace"": 0, ""Village"": 0, ""Animal"": 0, ""Plant"": 0, ""Album"": 0, ""Film"": 5, ""WrittenWork"": 0}",5,5,1.0,1
449,Plant,Plant,NaturalPlace,Nidularium innocentii var. lineatum.  Nidularium innocentii var. lineatum is a species of the genus Nidularium. This species is endemic to Brazil.,"{""Company"": 0, ""EducationalInstitution"": 0, ""Artist"": 0, ""Athlete"": 0, ""OfficeHolder"": 0, ""MeanOfTransportation"": 0, ""Building"": 1, ""NaturalPlace"": 4, ""Village"": 0, ""Animal"": 0, ""Plant"": 0, ""Album"": 0, ""Film"": 0, ""WrittenWork"": 0}",4,5,0.8,0
450,Village,Village,Village,Budwity.  Budwity [budˈvitɨ] (German: Bauditten) is a village in the administrative district of Gmina Małdyty within Ostróda County Warmian-Masurian Voivodeship in northern Poland. It lies approximately 5 kilometres (3 mi) west of Małdyty 32 km (20 mi) north-west of Ostróda and 57 km (35 mi) west of the regional capital Olsztyn.,"{""Company"": 0, ""EducationalInstitution"": 0, ""Artist"": 0, ""Athlete"": 0, ""OfficeHolder"": 0, ""MeanOfTransportation"": 0, ""Building"": 0, ""NaturalPlace"": 0, ""Village"": 5, ""Animal"": 0, ""Plant"": 0, ""Album"": 0, ""Film"": 0, ""WrittenWork"": 0}",5,5,1.0,1
451,MeanOfTransportation,MeanOfTransportation,OfficeHolder,Rogožarski AZR.  The Rogožarski AŽR (Serbian Cyrillic:Рогожарски АЖР) was a single-engined two-seat biplane aircraft designed as a trainer in Yugoslavia before World War II. It was designed and built at the Rogožarski factory in Belgrade.,"{""Company"": 0, ""EducationalInstitution"": 0, ""Artist"": 0, ""Athlete"": 0, ""OfficeHolder"": 4, ""MeanOfTransportation"": 0, ""Building"": 1, ""NaturalPlace"": 0, ""Village"": 0, ""Animal"": 0, ""Plant"": 0, ""Album"": 0, ""Film"": 0, ""WrittenWork"": 0}",4,5,0.8,0
452,Company,Company,Company,SITE Design Group.  SITE Design Group is a consulting firm specializing in landscape architecture and urban planning. The firm is known for creating award-winning skateparks such as the Etnies Skatepark of Lake Forest. SITE Design Group created the Mat Hoffman Action Sports Park of Oklahoma City with BMX professional Mat Hoffman and a backyard skatepark for professional skateboarder Tony Hawk. The Solana Beach California firm operates in a worldwide capacity and has overseen the creation of over 100 parks.,"{""Company"": 5, ""EducationalInstitution"": 0, ""Artist"": 0, ""Athlete"": 0, ""OfficeHolder"": 0, ""MeanOfTransportation"": 0, ""Building"": 0, ""NaturalPlace"": 0, ""Village"": 0, ""Animal"": 0, ""Plant"": 0, ""Album"": 0, ""Film"": 0, ""WrittenWork"": 0}",5,5,1.0,1
453,OfficeHolder,OfficeHolder,OfficeHolder,Katherine B. Forrest.  Katherine Bolan Forrest (born February 13 1964) is an American lawyer and judge serving on the United States District Court for the Southern District of New York.,"{""Company"": 0, ""EducationalInstitution"": 0, ""Artist"": 0, ""Athlete"": 0, ""OfficeHolder"": 5, ""MeanOfTransportation"": 0, ""Building"": 0, ""NaturalPlace"": 0, ""Village"": 0, ""Animal"": 0, ""Plant"": 0, ""Album"": 0, ""Film"": 0, ""WrittenWork"": 0}",5,5,1.0,1
454,WrittenWork,WrittenWork,Company,Focaal.  Focaal - Journal of Global and Historical Anthropology is a peer-reviewed academic journal published by Berghahn Books and edited by Luisa Steur focused on the conjunction of anthropology and history as well on the incorporation of local research settings in the wider spatial networks of globalization or empire.,"{""Company"": 4, ""EducationalInstitution"": 1, ""Artist"": 0, ""Athlete"": 0, ""OfficeHolder"": 0, ""MeanOfTransportation"": 0, ""Building"": 0, ""NaturalPlace"": 0, ""Village"": 0, ""Animal"": 0, ""Plant"": 0, ""Album"": 0, ""Film"": 0, ""WrittenWork"": 0}",4,5,0.8,0
455,OfficeHolder,OfficeHolder,OfficeHolder,George Miller (California politician).  George Miller III (born May 17 1945) is the U.S. Representative for California's 11th congressional district serving in Congress since 1975. He is a member of the Democratic Party. From 2007 to 2011 Miller served as chairman of the Education and Labor Committee. On January 13 2014 Miller announced that he will retire from Congress at the end of his current term.,"{""Company"": 0, ""EducationalInstitution"": 0, ""Artist"": 0, ""Athlete"": 0, ""OfficeHolder"": 5, ""MeanOfTransportation"": 0, ""Building"": 0, ""NaturalPlace"": 0, ""Village"": 0, ""Animal"": 0, ""Plant"": 0, ""Album"": 0, ""Film"": 0, ""WrittenWork"": 0}",5,5,1.0,1
456,Company,Company,Company,Trango Virtual Processors.  Trango Virtual Processors was founded in 2004 by Pierre Coulombeau and Fabrice Devaux as a subsidiary of ELSYS Design group to develop a real-time mobile hypervisor. Trango was acquired by VMware in October 2008.,"{""Company"": 5, ""EducationalInstitution"": 0, ""Artist"": 0, ""Athlete"": 0, ""OfficeHolder"": 0, ""MeanOfTransportation"": 0, ""Building"": 0, ""NaturalPlace"": 0, ""Village"": 0, ""Animal"": 0, ""Plant"": 0, ""Album"": 0, ""Film"": 0, ""WrittenWork"": 0}",5,5,1.0,1
457,Village,Village,Village,Skrajne.  Skrajne [ˈskrai̯nɛ] is a village in the administrative district of Gmina Drużbice within Bełchatów County Łódź Voivodeship in central Poland. It lies approximately 5 kilometres (3 mi) north-west of Drużbice 15 km (9 mi) north of Bełchatów and 33 km (21 mi) south of the regional capital Łódź.,"{""Company"": 0, ""EducationalInstitution"": 0, ""Artist"": 0, ""Athlete"": 0, ""OfficeHolder"": 0, ""MeanOfTransportation"": 0, ""Building"": 0, ""NaturalPlace"": 0, ""Village"": 5, ""Animal"": 0, ""Plant"": 0, ""Album"": 0, ""Film"": 0, ""WrittenWork"": 0}",5,5,1.0,1
458,Album,Album,Album,Antiphon (album).  Antiphon is the fourth studio album by American folk rock band Midlake released on November 5 2013 on Bella Union Records in Europe and ATO Records in North America. Recorded following the departure of vocalist guitarist and primary songwriter Tim Smith Antiphon is the first album to feature guitarist Eric Pulido on lead vocals alongside new members Jesse Chandler (keyboards flute) and Joey McClellan (guitar).,"{""Company"": 0, ""EducationalInstitution"": 0, ""Artist"": 0, ""Athlete"": 0, ""OfficeHolder"": 0, ""MeanOfTransportation"": 0, ""Building"": 0, ""NaturalPlace"": 0, ""Village"": 0, ""Animal"": 0, ""Plant"": 0, ""Album"": 5, ""Film"": 0, ""WrittenWork"": 0}",5,5,1.0,1
459,Building,Building,Building,Osbyholm Castle.  Osbyholm Castle (Swedish: Osbyholms slott) is a castle in Hörby Municipality Scania in southern Sweden.,"{""Company"": 0, ""EducationalInstitution"": 0, ""Artist"": 0, ""Athlete"": 0, ""OfficeHolder"": 0, ""MeanOfTransportation"": 0, ""Building"": 5, ""NaturalPlace"": 0, ""Village"": 0, ""Animal"": 0, ""Plant"": 0, ""Album"": 0, ""Film"": 0, ""WrittenWork"": 0}",5,5,1.0,1
460,MeanOfTransportation,MeanOfTransportation,OfficeHolder,HMAS Balikpapan (L 126).  HMAS Balikpapan (L 126) was the lead ship of the Balikpapan class of heavy landing craft (LCH). Ordered in 1969 Balikpapan entered service with the Australian Army Water Transport Squadron in late 1971. After this the decision to place all seagoing Army vessels under the control of the Royal Australian Navy (RAN) saw Balikpapan transferred and commissioned in 1974; the last of the eight-vessel class to enter RAN service.,"{""Company"": 0, ""EducationalInstitution"": 0, ""Artist"": 0, ""Athlete"": 0, ""OfficeHolder"": 5, ""MeanOfTransportation"": 0, ""Building"": 0, ""NaturalPlace"": 0, ""Village"": 0, ""Animal"": 0, ""Plant"": 0, ""Album"": 0, ""Film"": 0, ""WrittenWork"": 0}",5,5,1.0,0
461,Animal,Animal,Animal,Paraplatyptilia baueri.  Paraplatyptilia baueri is a moth of the Pterophoridae family. It is found in North America including California.,"{""Company"": 0, ""EducationalInstitution"": 0, ""Artist"": 0, ""Athlete"": 0, ""OfficeHolder"": 0, ""MeanOfTransportation"": 0, ""Building"": 0, ""NaturalPlace"": 0, ""Village"": 0, ""Animal"": 5, ""Plant"": 0, ""Album"": 0, ""Film"": 0, ""WrittenWork"": 0}",5,5,1.0,1
462,EducationalInstitution,EducationalInstitution,EducationalInstitution,Southern Nazarene University.  Southern Nazarene University (SNU) is a Christian liberal arts college located in Bethany Oklahoma United States.,"{""Company"": 0, ""EducationalInstitution"": 5, ""Artist"": 0, ""Athlete"": 0, ""OfficeHolder"": 0, ""MeanOfTransportation"": 0, ""Building"": 0, ""NaturalPlace"": 0, ""Village"": 0, ""Animal"": 0, ""Plant"": 0, ""Album"": 0, ""Film"": 0, ""WrittenWork"": 0}",5,5,1.0,1
463,WrittenWork,WrittenWork,Company,The Shield Ring.  The Shield Ring is a historical novel for children written by Rosemary Sutcliff and published in 1956.,"{""Company"": 2, ""EducationalInstitution"": 0, ""Artist"": 0, ""Athlete"": 0, ""OfficeHolder"": 0, ""MeanOfTransportation"": 0, ""Building"": 0, ""NaturalPlace"": 0, ""Village"": 0, ""Animal"": 0, ""Plant"": 0, ""Album"": 0, ""Film"": 0, ""WrittenWork"": 2}",2,5,0.4,0
464,EducationalInstitution,EducationalInstitution,EducationalInstitution,Stamford American International School.  Stamford American International School (SAIS) is a co-educational international school centrally located at 279 Upper Serangoon Road (1 Woodleigh Lane) in Singapore. The school is owned and operated by Cognita and enrolled its first students in August 2009. The school is centrally located next to the Woodleigh MRT and a short drive from most expat communities.,"{""Company"": 1, ""EducationalInstitution"": 4, ""Artist"": 0, ""Athlete"": 0, ""OfficeHolder"": 0, ""MeanOfTransportation"": 0, ""Building"": 0, ""NaturalPlace"": 0, ""Village"": 0, ""Animal"": 0, ""Plant"": 0, ""Album"": 0, ""Film"": 0, ""WrittenWork"": 0}",4,5,0.8,1
465,Film,Film,Film,Plughead Rewired: Circuitry Man II.  Plughead Rewired: Circuitry Man II is a 1994 post-apocalyptic sci-fi film sequel starring Jim Metzler. This film is the sequel to the 1990 cult classic movie Circuitry Man.,"{""Company"": 0, ""EducationalInstitution"": 0, ""Artist"": 0, ""Athlete"": 0, ""OfficeHolder"": 0, ""MeanOfTransportation"": 0, ""Building"": 0, ""NaturalPlace"": 0, ""Village"": 0, ""Animal"": 0, ""Plant"": 0, ""Album"": 0, ""Film"": 5, ""WrittenWork"": 0}",5,5,1.0,1
466,Company,Company,Company,Electromagnetic Geoservices.  Electromagnetic Geoservices ASA (EMGS) is a Norwegian geophysical services company using proprietary marine electromagnetic technology to support oil and gas companies in their search for offshore hydrocarbons. The administrative and research headquarters are located in Trondheim.The company was established on February 1 2002 by the founders Terje Eidesmo Ståle Johansen and Svein Ellingsrud.,"{""Company"": 5, ""EducationalInstitution"": 0, ""Artist"": 0, ""Athlete"": 0, ""OfficeHolder"": 0, ""MeanOfTransportation"": 0, ""Building"": 0, ""NaturalPlace"": 0, ""Village"": 0, ""Animal"": 0, ""Plant"": 0, ""Album"": 0, ""Film"": 0, ""WrittenWork"": 0}",5,5,1.0,1
467,Film,Film,Film,The Keeper (2009 film).  The Keeper is a 2009 action film starring Steven Seagal and directed by Keoni Waxman.,"{""Company"": 0, ""EducationalInstitution"": 0, ""Artist"": 0, ""Athlete"": 0, ""OfficeHolder"": 0, ""MeanOfTransportation"": 0, ""Building"": 0, ""NaturalPlace"": 0, ""Village"": 0, ""Animal"": 0, ""Plant"": 0, ""Album"": 0, ""Film"": 5, ""WrittenWork"": 0}",5,5,1.0,1
468,OfficeHolder,OfficeHolder,OfficeHolder,Jean Tremblay.  Jean Tremblay (born November 29 1948) is a politician from the Saguenay–Lac-Saint-Jean region (Quebec Canada). Notary by profession and a businessman he became mayor of Chicoutimi in 1997. After the municipal reorganization in Quebec he became the first magistrate of the city of Saguenay on 1 January 2002. Its mandate is renewed in the elections of November 2005 with 72% of the vote and again in November 2009 with 78% of support. In the election of 2013 he was elected with 63% of the vote.,"{""Company"": 0, ""EducationalInstitution"": 0, ""Artist"": 0, ""Athlete"": 0, ""OfficeHolder"": 5, ""MeanOfTransportation"": 0, ""Building"": 0, ""NaturalPlace"": 0, ""Village"": 0, ""Animal"": 0, ""Plant"": 0, ""Album"": 0, ""Film"": 0, ""WrittenWork"": 0}",5,5,1.0,1
469,Film,Film,Film,Fly Away Home.  Fly Away Home is a 1996 family drama film directed by Carroll Ballard the director of The Black Stallion (1979). The film stars Anna Paquin Jeff Daniels and Dana Delany. The film was released on September 13 1996 by Columbia Pictures.The story follows a young girl from New Zealand who survives a car crash that results in the death of her mother. The young girl is sent to live with her father on an Ontario farm where she adopts a brood of baby Canada geese.,"{""Company"": 0, ""EducationalInstitution"": 0, ""Artist"": 0, ""Athlete"": 0, ""OfficeHolder"": 0, ""MeanOfTransportation"": 0, ""Building"": 0, ""NaturalPlace"": 0, ""Village"": 0, ""Animal"": 0, ""Plant"": 0, ""Album"": 0, ""Film"": 5, ""WrittenWork"": 0}",5,5,1.0,1
470,Building,Building,Building,Hawaii State Library.  The Hawaiʻi State Library is a historic building in Honolulu Hawaii that serves as the seat of the Hawaiʻi State Public Library System the only statewide library system and one of the largest in the United States. The Hawaiʻi State Library building is located in downtown Honolulu adjacent to ʻIolani Palace and the Hawaiʻi State Capitol. Originally funded by Andrew Carnegie the building was designed by architect Henry D. Whitfield.,"{""Company"": 0, ""EducationalInstitution"": 0, ""Artist"": 0, ""Athlete"": 0, ""OfficeHolder"": 0, ""MeanOfTransportation"": 0, ""Building"": 5, ""NaturalPlace"": 0, ""Village"": 0, ""Animal"": 0, ""Plant"": 0, ""Album"": 0, ""Film"": 0, ""WrittenWork"": 0}",5,5,1.0,1
471,Building,Building,Building,Blackstone Boulevard-Cole Avenue-Grotto Avenue Historic District.  Blackstone Boulevard-Cole Avenue-Grotto Avenue Historic District is a historic district roughly bounded by Blackstone Boulevard Cole Avenue Grotto Avenue President and Rochambeau Avenues in Providence Rhode Island.The district features late Victorian and revival architecture. The area was added to the National Register of Historic Places in 2009.,"{""Company"": 0, ""EducationalInstitution"": 0, ""Artist"": 0, ""Athlete"": 0, ""OfficeHolder"": 0, ""MeanOfTransportation"": 0, ""Building"": 5, ""NaturalPlace"": 0, ""Village"": 0, ""Animal"": 0, ""Plant"": 0, ""Album"": 0, ""Film"": 0, ""WrittenWork"": 0}",5,5,1.0,1
472,Plant,Plant,Plant,Camptacra.  Camptacra is a genus of flowering plants in the daisy family Asteraceae.,"{""Company"": 1, ""EducationalInstitution"": 0, ""Artist"": 0, ""Athlete"": 0, ""OfficeHolder"": 0, ""MeanOfTransportation"": 0, ""Building"": 0, ""NaturalPlace"": 0, ""Village"": 0, ""Animal"": 0, ""Plant"": 4, ""Album"": 0, ""Film"": 0, ""WrittenWork"": 0}",4,5,0.8,1
473,Film,Film,Film,Great Expectations (2007 film).  Great Expectations: A Journey through the History of Visionary Architecture is a 2007 documentary by director Jesper Wachtmeister.,"{""Company"": 0, ""EducationalInstitution"": 0, ""Artist"": 0, ""Athlete"": 0, ""OfficeHolder"": 0, ""MeanOfTransportation"": 0, ""Building"": 0, ""NaturalPlace"": 0, ""Village"": 0, ""Animal"": 0, ""Plant"": 0, ""Album"": 0, ""Film"": 5, ""WrittenWork"": 0}",5,5,1.0,1
474,Building,Building,Building,John Valentine House.  The John Valentine House now replaced by the Sigma Tau Gamma Fraternity House was a Prairie School style building in Muncie Indiana. It was designed by Barry Byrne and was built in 1918. The Sigma Tau Gamma fraternity house at Ball State University 1101 Riverside Avenue in Muncie occupies the site of the John Valentine House. The house was designed by Barry Byrne and was listed on the National Register of Historic Places in 1983.,"{""Company"": 0, ""EducationalInstitution"": 0, ""Artist"": 0, ""Athlete"": 0, ""OfficeHolder"": 2, ""MeanOfTransportation"": 0, ""Building"": 3, ""NaturalPlace"": 0, ""Village"": 0, ""Animal"": 0, ""Plant"": 0, ""Album"": 0, ""Film"": 0, ""WrittenWork"": 0}",3,5,0.6,1
475,OfficeHolder,OfficeHolder,OfficeHolder,Ogtay Asadov.  Ogtay Asadov Sabir oglu (Azerbaijani: Oqtay Əsədov Sabir oğlu; born January 3 1955) is an Azerbaijani politician serving as the Speaker of the National Assembly of Azerbaijan.,"{""Company"": 0, ""EducationalInstitution"": 0, ""Artist"": 0, ""Athlete"": 0, ""OfficeHolder"": 5, ""MeanOfTransportation"": 0, ""Building"": 0, ""NaturalPlace"": 0, ""Village"": 0, ""Animal"": 0, ""Plant"": 0, ""Album"": 0, ""Film"": 0, ""WrittenWork"": 0}",5,5,1.0,1
476,Athlete,Athlete,Athlete,Harry Digweed.  Harry Digweed (1878 – 1965) was an English footballer who played in the Football League for Burton United and the Southern League for Plymouth Argyle and Portsmouth. He was a half back.,"{""Company"": 0, ""EducationalInstitution"": 0, ""Artist"": 0, ""Athlete"": 5, ""OfficeHolder"": 0, ""MeanOfTransportation"": 0, ""Building"": 0, ""NaturalPlace"": 0, ""Village"": 0, ""Animal"": 0, ""Plant"": 0, ""Album"": 0, ""Film"": 0, ""WrittenWork"": 0}",5,5,1.0,1
477,OfficeHolder,OfficeHolder,OfficeHolder,Guy Powles.  Sir Guy Richardson Powles ONZ KBE CMG ED (5 April 1905 - 24 October 1994) was a New Zealand diplomat the last Governor of Western Samoa and architect of Samoan independence and New Zealand's first Ombudsman.,"{""Company"": 0, ""EducationalInstitution"": 0, ""Artist"": 0, ""Athlete"": 0, ""OfficeHolder"": 5, ""MeanOfTransportation"": 0, ""Building"": 0, ""NaturalPlace"": 0, ""Village"": 0, ""Animal"": 0, ""Plant"": 0, ""Album"": 0, ""Film"": 0, ""WrittenWork"": 0}",5,5,1.0,1
478,Building,Building,Building,Brattle Hall.  Brattle Hall is a historic building at 40 Brattle Street in Harvard Square Cambridge Massachusetts. The Colonial Revival building was constructed in 1889 for the Cambridge Social Union to a design by Longfellow Alden & Harlow. The Union was established as a social club in 1871 and moved into the adjacent William Brattle House in 1889. The hall was built to house the organization's library and to provide a space for larger meetings and social functions.,"{""Company"": 0, ""EducationalInstitution"": 0, ""Artist"": 0, ""Athlete"": 0, ""OfficeHolder"": 0, ""MeanOfTransportation"": 0, ""Building"": 5, ""NaturalPlace"": 0, ""Village"": 0, ""Animal"": 0, ""Plant"": 0, ""Album"": 0, ""Film"": 0, ""WrittenWork"": 0}",5,5,1.0,1
479,EducationalInstitution,EducationalInstitution,EducationalInstitution,De Lisle College.  De Lisle College (formerly De Lisle Roman Catholic Comprehensive School then De Lisle Catholic Science College and sometimes called De Lisle School) is a co-educational secondary school with academy status in Loughborough Leicestershire England. At the time of its 2000 Ofsted inspection it had 1223 pupils including 160 in the sixth form. It was designated as a science specialist school in 2003.,"{""Company"": 2, ""EducationalInstitution"": 3, ""Artist"": 0, ""Athlete"": 0, ""OfficeHolder"": 0, ""MeanOfTransportation"": 0, ""Building"": 0, ""NaturalPlace"": 0, ""Village"": 0, ""Animal"": 0, ""Plant"": 0, ""Album"": 0, ""Film"": 0, ""WrittenWork"": 0}",3,5,0.6,1
480,NaturalPlace,NaturalPlace,Building,Slimnic River (Vișa).  The Slimnic River is a tributary of the Vișa River in Romania.,"{""Company"": 0, ""EducationalInstitution"": 0, ""Artist"": 0, ""Athlete"": 0, ""OfficeHolder"": 0, ""MeanOfTransportation"": 0, ""Building"": 3, ""NaturalPlace"": 2, ""Village"": 0, ""Animal"": 0, ""Plant"": 0, ""Album"": 0, ""Film"": 0, ""WrittenWork"": 0}",3,5,0.6,0
481,Company,Company,Company,Telme Clothing.  Telmé Clothing a New Jersey-based apparel company was created by Kevin Shane a graduate of Babson College and The Peddie School.,"{""Company"": 5, ""EducationalInstitution"": 0, ""Artist"": 0, ""Athlete"": 0, ""OfficeHolder"": 0, ""MeanOfTransportation"": 0, ""Building"": 0, ""NaturalPlace"": 0, ""Village"": 0, ""Animal"": 0, ""Plant"": 0, ""Album"": 0, ""Film"": 0, ""WrittenWork"": 0}",5,5,1.0,1
482,MeanOfTransportation,MeanOfTransportation,Company,Airmass Sunburst.  The Airmass Sunburst is an American ultralight aircraft that was designed by John Massey and produced by Airmass Inc. in the early 1980s. The aircraft was supplied as a kit for amateur construction.,"{""Company"": 5, ""EducationalInstitution"": 0, ""Artist"": 0, ""Athlete"": 0, ""OfficeHolder"": 0, ""MeanOfTransportation"": 0, ""Building"": 0, ""NaturalPlace"": 0, ""Village"": 0, ""Animal"": 0, ""Plant"": 0, ""Album"": 0, ""Film"": 0, ""WrittenWork"": 0}",5,5,1.0,0
483,Building,Building,Building,St Paul's Church Scotforth.  St Paul's Church Scotforth is in Scotforth a suburb of Lancaster Lancashire England. It has been designated by English Heritage as a Grade II listed building. It is an active Anglican parish church in the deanery of Lancaster the archdeaconry of Lancaster and Morecambe and the diocese of Blackburn. The architectural historian Nikolaus Pevsner described it as a strange building and an anachronism almost beyond belief.,"{""Company"": 0, ""EducationalInstitution"": 0, ""Artist"": 0, ""Athlete"": 0, ""OfficeHolder"": 0, ""MeanOfTransportation"": 0, ""Building"": 5, ""NaturalPlace"": 0, ""Village"": 0, ""Animal"": 0, ""Plant"": 0, ""Album"": 0, ""Film"": 0, ""WrittenWork"": 0}",5,5,1.0,1
484,Album,Album,Film,The Girl with the Dragon Tattoo (soundtrack).  The Girl with the Dragon Tattoo is an ambient soundtrack by Trent Reznor (from Nine Inch Nails) and Atticus Ross for David Fincher's film of the same name. It was released on December 9 2011. This is the second soundtrack that Reznor and Ross have worked on together the previous being the Oscar-winning The Social Network also for Fincher.,"{""Company"": 0, ""EducationalInstitution"": 0, ""Artist"": 0, ""Athlete"": 0, ""OfficeHolder"": 0, ""MeanOfTransportation"": 0, ""Building"": 0, ""NaturalPlace"": 0, ""Village"": 0, ""Animal"": 0, ""Plant"": 0, ""Album"": 0, ""Film"": 5, ""WrittenWork"": 0}",5,5,1.0,0
485,WrittenWork,WrittenWork,Company,From Earth to Heaven.  From Earth to Heaven is a collection of seventeen scientific essays by Isaac Asimov. It was the fifth of a series of books collecting essays from The Magazine of Fantasy and Science Fiction. It was first published by Doubleday & Company in 1966.,"{""Company"": 3, ""EducationalInstitution"": 0, ""Artist"": 2, ""Athlete"": 0, ""OfficeHolder"": 0, ""MeanOfTransportation"": 0, ""Building"": 0, ""NaturalPlace"": 0, ""Village"": 0, ""Animal"": 0, ""Plant"": 0, ""Album"": 0, ""Film"": 0, ""WrittenWork"": 0}",3,5,0.6,0
486,Building,Building,OfficeHolder,Nokomis Community Library.  Nokomis Community Library is a branch library serving the Nokomis East area of Minneapolis Minnesota. One of 41 libraries in the Hennepin County Library System Nokomis was designed by Buetow and Associates Inc and opened in 1968 as a replacement for the nearby Longfellow Community Library.,"{""Company"": 0, ""EducationalInstitution"": 0, ""Artist"": 0, ""Athlete"": 0, ""OfficeHolder"": 4, ""MeanOfTransportation"": 0, ""Building"": 1, ""NaturalPlace"": 0, ""Village"": 0, ""Animal"": 0, ""Plant"": 0, ""Album"": 0, ""Film"": 0, ""WrittenWork"": 0}",4,5,0.8,0
487,Artist,Artist,Artist,Lynda Barry.  Lynda Jean Barry (born January 2 1956) is an American cartoonist and author. Barry is best known for her weekly comic strip Ernie Pook's Comeek. She garnered attention with her 1988 illustrated novel The Good Times are Killing Me about an interracial friendship between two young girls which was made into a play. Her second illustrated novel Cruddy appeared in 1999. Three years later she published One! Hundred! Demons! a graphic novel she terms Autobiofictionalography.,"{""Company"": 0, ""EducationalInstitution"": 0, ""Artist"": 5, ""Athlete"": 0, ""OfficeHolder"": 0, ""MeanOfTransportation"": 0, ""Building"": 0, ""NaturalPlace"": 0, ""Village"": 0, ""Animal"": 0, ""Plant"": 0, ""Album"": 0, ""Film"": 0, ""WrittenWork"": 0}",5,5,1.0,1
488,Village,Village,Village,Brnjaci.  Brnjaci is a village in the municipality of Kiseljak Bosnia and Herzegovina.,"{""Company"": 0, ""EducationalInstitution"": 0, ""Artist"": 0, ""Athlete"": 0, ""OfficeHolder"": 0, ""MeanOfTransportation"": 0, ""Building"": 0, ""NaturalPlace"": 0, ""Village"": 5, ""Animal"": 0, ""Plant"": 0, ""Album"": 0, ""Film"": 0, ""WrittenWork"": 0}",5,5,1.0,1
489,NaturalPlace,NaturalPlace,Building,Øljunuten.  Øljunuten is a mountain of Buskerud in southern Norway.,"{""Company"": 0, ""EducationalInstitution"": 0, ""Artist"": 0, ""Athlete"": 0, ""OfficeHolder"": 0, ""MeanOfTransportation"": 0, ""Building"": 1, ""NaturalPlace"": 1, ""Village"": 0, ""Animal"": 0, ""Plant"": 0, ""Album"": 0, ""Film"": 0, ""WrittenWork"": 0}",1,5,0.2,0
490,Athlete,Athlete,Athlete,Jean Paul Pineda.  Jean Paul Jesús Pineda Cortés (born 24 April 1989) is a Chilean footballer that currently plays for Chilean Primera División club Cobresal as striker.,"{""Company"": 0, ""EducationalInstitution"": 0, ""Artist"": 0, ""Athlete"": 5, ""OfficeHolder"": 0, ""MeanOfTransportation"": 0, ""Building"": 0, ""NaturalPlace"": 0, ""Village"": 0, ""Animal"": 0, ""Plant"": 0, ""Album"": 0, ""Film"": 0, ""WrittenWork"": 0}",5,5,1.0,1
491,Film,Film,Film,Pasumpon.  Pasumpon is a 1995 Indian Tamil drama film directed by P. Bharathiraja starring Prabhu Sivaji Ganesan Sivakumar Raadhika Sarathkumar and Saranya Ponvannan in lead roles. The film produced by V. Mohan and V. Natarajan had musical score by Vidyasagar and was released on 14 April 1995.,"{""Company"": 0, ""EducationalInstitution"": 0, ""Artist"": 0, ""Athlete"": 0, ""OfficeHolder"": 0, ""MeanOfTransportation"": 0, ""Building"": 0, ""NaturalPlace"": 0, ""Village"": 0, ""Animal"": 0, ""Plant"": 0, ""Album"": 0, ""Film"": 5, ""WrittenWork"": 0}",5,5,1.0,1
492,MeanOfTransportation,MeanOfTransportation,Company,Honda Civic GX.  The Honda Civic GX is the only car factory-built to run on compressed natural gas (CNG) in the U.S. available to non-fleet customers. The GX is based on the Honda Civic and is available for fleet sales in all 50 states in the US. It was previously available for retail sales in four states (California New York Utah and Oklahoma) but as of October 18 2011 the Civic GX is available to retail consumers in 35 states throughout the U.S.,"{""Company"": 5, ""EducationalInstitution"": 0, ""Artist"": 0, ""Athlete"": 0, ""OfficeHolder"": 0, ""MeanOfTransportation"": 0, ""Building"": 0, ""NaturalPlace"": 0, ""Village"": 0, ""Animal"": 0, ""Plant"": 0, ""Album"": 0, ""Film"": 0, ""WrittenWork"": 0}",5,5,1.0,0
493,MeanOfTransportation,MeanOfTransportation,Company,TSS Fairstar.  TSS (twin-screw steamer) Fairstar (Fairstar the Fun Ship) was a popular Australian based cruise ship operating out of Sydney for 22 years. Originally completed in 1957 as the British troopship Oxfordshire was converted to become the Fairstar in 1964 for immigrant voyages and from December 1974 was permanently engaged in cruising.,"{""Company"": 3, ""EducationalInstitution"": 0, ""Artist"": 0, ""Athlete"": 0, ""OfficeHolder"": 2, ""MeanOfTransportation"": 0, ""Building"": 0, ""NaturalPlace"": 0, ""Village"": 0, ""Animal"": 0, ""Plant"": 0, ""Album"": 0, ""Film"": 0, ""WrittenWork"": 0}",3,5,0.6,0
494,Animal,Animal,Animal,Stichopogon.  Stichopogon is a genus of small robber flies of the subfamily Dasypogoninae.,"{""Company"": 0, ""EducationalInstitution"": 0, ""Artist"": 0, ""Athlete"": 0, ""OfficeHolder"": 0, ""MeanOfTransportation"": 0, ""Building"": 0, ""NaturalPlace"": 0, ""Village"": 0, ""Animal"": 5, ""Plant"": 0, ""Album"": 0, ""Film"": 0, ""WrittenWork"": 0}",5,5,1.0,1
495,Company,Company,Company,Pxmart.  Pxmart Co. Ltd. (T: 全聯實業股份有限公司 S: 全联实业股份有限公司 P: Quánlián Shíyè Gǔfènyǒuxiàngōngsī) operating as Pxmart (T:全聯社 S: 全聯社 P: Quánlián Shè) is a supermarket chain in Taiwan. It is often known as Chuan Lian center (T: 全聯福利中心 S: 全联福利中心 P: Quánlián Fúlì Zhōngxīn). The corporate headquarters is in Zhongzheng District Taipei. As of 2011 the chaiperson is Lin Ming-hsiung (林敏雄 Lín Mǐnxióng). As of 2008 Pxmart is Taiwan's largest hard discounter chain.,"{""Company"": 5, ""EducationalInstitution"": 0, ""Artist"": 0, ""Athlete"": 0, ""OfficeHolder"": 0, ""MeanOfTransportation"": 0, ""Building"": 0, ""NaturalPlace"": 0, ""Village"": 0, ""Animal"": 0, ""Plant"": 0, ""Album"": 0, ""Film"": 0, ""WrittenWork"": 0}",5,5,1.0,1
496,NaturalPlace,NaturalPlace,Building,Ōu Mountains.  The Ōu Mountains (奥羽山脈 Ōu-sanmyaku) are a mountain range in the Tōhoku region of Honshū Japan. The range is the longest range in Japan and stretch 500 km (311 mi) south from the Natsudomari Peninsula of Aomori Prefecture to the Nasu volcanoes at the northern boundary of the Kantō region. Though long the range is only about 35 kilometres (22 mi) wide.,"{""Company"": 0, ""EducationalInstitution"": 0, ""Artist"": 0, ""Athlete"": 0, ""OfficeHolder"": 0, ""MeanOfTransportation"": 0, ""Building"": 3, ""NaturalPlace"": 2, ""Village"": 0, ""Animal"": 0, ""Plant"": 0, ""Album"": 0, ""Film"": 0, ""WrittenWork"": 0}",3,5,0.6,0
497,Building,Building,Building,Winthrop Building.  Winthrop Building is an historic steel frame skyscraper at 7 Water Street (intersection with Washington Street) in Boston Massachusetts.The early skyscraper was built in 1894 on the site of Puritan Governor John Winthrop's second house (mansion house) in downtown Boston. The building was added to the National Historic Register in 1974. Famous tenants include Landscape Architect Fletcher Steele in the 1920s. The building formerly housed Lourie & Cutler PC.,"{""Company"": 0, ""EducationalInstitution"": 0, ""Artist"": 0, ""Athlete"": 0, ""OfficeHolder"": 0, ""MeanOfTransportation"": 0, ""Building"": 5, ""NaturalPlace"": 0, ""Village"": 0, ""Animal"": 0, ""Plant"": 0, ""Album"": 0, ""Film"": 0, ""WrittenWork"": 0}",5,5,1.0,1
498,Album,Album,Album,Warm Strangers.  Warm Strangers is singer-songwriter Vienna Teng's second album.,"{""Company"": 0, ""EducationalInstitution"": 0, ""Artist"": 0, ""Athlete"": 0, ""OfficeHolder"": 0, ""MeanOfTransportation"": 0, ""Building"": 0, ""NaturalPlace"": 0, ""Village"": 0, ""Animal"": 0, ""Plant"": 0, ""Album"": 5, ""Film"": 0, ""WrittenWork"": 0}",5,5,1.0,1
499,WrittenWork,WrittenWork,WrittenWork,The Letters of J. R. R. Tolkien.  The Letters of J. R. R. Tolkien (ISBN 0-618-05699-8) is a selection of J. R. R. Tolkien's letters published in 1981 edited by Tolkien's biographer Humphrey Carpenter assisted by Christopher Tolkien. The selection contains 354 letters dating between October 1914 when Tolkien was an undergraduate at Oxford and August 29 1973 four days before his death.,"{""Company"": 0, ""EducationalInstitution"": 0, ""Artist"": 0, ""Athlete"": 0, ""OfficeHolder"": 0, ""MeanOfTransportation"": 0, ""Building"": 0, ""NaturalPlace"": 0, ""Village"": 0, ""Animal"": 0, ""Plant"": 0, ""Album"": 0, ""Film"": 0, ""WrittenWork"": 5}",5,5,1.0,1
500,Athlete,Athlete,Athlete,Herb Thomas (baseball).  Herbert Mark Thomas (May 26 1902 in Sampson City Florida – December 4 1991 in Starke Florida) was a right-handed minor and major league baseball player and minor league manager. Although his major league career lasted only three seasons 1924 1925 and 1927 for two different teams the Boston Braves and New York Giants his minor league career spanned 17 seasons. He played professionally in three different decades.,"{""Company"": 0, ""EducationalInstitution"": 0, ""Artist"": 0, ""Athlete"": 5, ""OfficeHolder"": 0, ""MeanOfTransportation"": 0, ""Building"": 0, ""NaturalPlace"": 0, ""Village"": 0, ""Animal"": 0, ""Plant"": 0, ""Album"": 0, ""Film"": 0, ""WrittenWork"": 0}",5,5,1.0,1
501,Album,Album,Artist,Kicking a Couple Around.  Kicking a Couple Around is the third EP by Bill Callahan (also known as Smog) released on Drag City in April 1996 and re-released in Europe on Domino in 2001. Your New Friend was originally recorded during a 1994 John Peel radio session.,"{""Company"": 0, ""EducationalInstitution"": 0, ""Artist"": 5, ""Athlete"": 0, ""OfficeHolder"": 0, ""MeanOfTransportation"": 0, ""Building"": 0, ""NaturalPlace"": 0, ""Village"": 0, ""Animal"": 0, ""Plant"": 0, ""Album"": 0, ""Film"": 0, ""WrittenWork"": 0}",5,5,1.0,0
502,WrittenWork,WrittenWork,WrittenWork,Ghost Force (novel).  Ghost Force is a 2006 publication the most recent novel in a series of works by British author Patrick Robinson. It contains characters found in previous Robinson novels.,"{""Company"": 2, ""EducationalInstitution"": 0, ""Artist"": 0, ""Athlete"": 0, ""OfficeHolder"": 0, ""MeanOfTransportation"": 0, ""Building"": 0, ""NaturalPlace"": 0, ""Village"": 0, ""Animal"": 0, ""Plant"": 0, ""Album"": 0, ""Film"": 0, ""WrittenWork"": 3}",3,5,0.6,1
503,EducationalInstitution,EducationalInstitution,EducationalInstitution,Parle Tilak Vidyalaya English Medium School.  Parle Tilak Vidyalaya English Medium School ('P. T. V. E. M. S.') is an English medium school located in Vile Parle East in Mumbai India. The school has Primary and Secondary Sections. The school produces merit list rankers in the Maharashtra State Secondary Board examinations year after year[citation needed]. The school is part of the Parle Tilak Vidyalaya Association which runs a number of schools and colleges mainly in Vile Parle Andheri and Mulund.,"{""Company"": 0, ""EducationalInstitution"": 3, ""Artist"": 0, ""Athlete"": 0, ""OfficeHolder"": 1, ""MeanOfTransportation"": 0, ""Building"": 1, ""NaturalPlace"": 0, ""Village"": 0, ""Animal"": 0, ""Plant"": 0, ""Album"": 0, ""Film"": 0, ""WrittenWork"": 0}",3,5,0.6,1
504,Athlete,Athlete,Athlete,Ladislav Martan.  Ladislav Martan (born 2 October 1989) is a Czech football striker currently playing for 1. FC Slovácko.,"{""Company"": 0, ""EducationalInstitution"": 0, ""Artist"": 0, ""Athlete"": 5, ""OfficeHolder"": 0, ""MeanOfTransportation"": 0, ""Building"": 0, ""NaturalPlace"": 0, ""Village"": 0, ""Animal"": 0, ""Plant"": 0, ""Album"": 0, ""Film"": 0, ""WrittenWork"": 0}",5,5,1.0,1
505,MeanOfTransportation,MeanOfTransportation,OfficeHolder,HMS Astute (P447).  HMS Astute (P447) was an Amphion-class submarine. Her keel was laid down by Vickers at Barrow-in-Furness. She was launched in 1944 and commissioned in 1945.In 1953 she took part in the Fleet Review to celebrate the Coronation of Queen Elizabeth II.Astute was scrapped on 1 October 1970 at Dunston on Tyne.,"{""Company"": 0, ""EducationalInstitution"": 0, ""Artist"": 0, ""Athlete"": 0, ""OfficeHolder"": 1, ""MeanOfTransportation"": 0, ""Building"": 0, ""NaturalPlace"": 0, ""Village"": 0, ""Animal"": 0, ""Plant"": 0, ""Album"": 0, ""Film"": 0, ""WrittenWork"": 0}",1,5,0.2,0
506,Athlete,Athlete,Athlete,Terron Armstead.  Terron Armstead (born July 23 1991) is an American football offensive tackle for the New Orleans Saints of the National Football League (NFL). Armstead played college football for the University of Arkansas at Pine Bluff. The New Orleans Saints chose him in the third round of the 2013 NFL Draft.,"{""Company"": 0, ""EducationalInstitution"": 0, ""Artist"": 0, ""Athlete"": 5, ""OfficeHolder"": 0, ""MeanOfTransportation"": 0, ""Building"": 0, ""NaturalPlace"": 0, ""Village"": 0, ""Animal"": 0, ""Plant"": 0, ""Album"": 0, ""Film"": 0, ""WrittenWork"": 0}",5,5,1.0,1
507,EducationalInstitution,EducationalInstitution,OfficeHolder,Airlink International Aviation School.  Air Link International Aviation is a college for aviation professionals located in Pasay City Metro Manila Philippines.Founded in 1982 by Captain Geronimo Amuraoa Philippine Airlines pilot the college has around 2500 students. The main campus features 28 aircraft both single and twin engined and a hangar next to a classroom building. There is also a remote resort where students can rest and recreate during multi-day training sessions.,"{""Company"": 2, ""EducationalInstitution"": 0, ""Artist"": 0, ""Athlete"": 0, ""OfficeHolder"": 3, ""MeanOfTransportation"": 0, ""Building"": 0, ""NaturalPlace"": 0, ""Village"": 0, ""Animal"": 0, ""Plant"": 0, ""Album"": 0, ""Film"": 0, ""WrittenWork"": 0}",3,5,0.6,0
508,Building,Building,Building,Church Hill Farm.  Church Hill Farm is a historic home and farm complex located at Peters Township in Franklin County Pennsylvania. The house is a three-part two story stone and frame dwelling. It has two three-bay stone sections dated to the 1820s or 1830s with a two-story frame addition dated between 1840 and 1900. Also on the property are a contributing barn out kitchen corn crib and wagon shed.It was listed on the National Register of Historic Places in 1980.,"{""Company"": 0, ""EducationalInstitution"": 0, ""Artist"": 0, ""Athlete"": 0, ""OfficeHolder"": 0, ""MeanOfTransportation"": 0, ""Building"": 5, ""NaturalPlace"": 0, ""Village"": 0, ""Animal"": 0, ""Plant"": 0, ""Album"": 0, ""Film"": 0, ""WrittenWork"": 0}",5,5,1.0,1
509,Village,Village,Village,Adampur Mouchri.  Adampur Mouchri is a village near the town of Khatauli in Muzaffarnagar district Uttar Pradesh India.The village is located 8 kilometres (5.0 mi) from Khatauli.There is one primary school in Adampur Mouchri and two nursery schools.Adampur Mouchri consists two major castes which are Gurjar and Saini. The total population of the village is near about 1000 people distributed among 60 to 70 residences.,"{""Company"": 0, ""EducationalInstitution"": 0, ""Artist"": 0, ""Athlete"": 0, ""OfficeHolder"": 0, ""MeanOfTransportation"": 0, ""Building"": 0, ""NaturalPlace"": 0, ""Village"": 5, ""Animal"": 0, ""Plant"": 0, ""Album"": 0, ""Film"": 0, ""WrittenWork"": 0}",5,5,1.0,1
510,Village,Village,Village,Nadzów.  Nadzów [ˈnad͡zuf] is a village in the administrative district of Gmina Pałecznica within Proszowice County Lesser Poland Voivodeship in southern Poland. It lies approximately 6 kilometres (4 mi) south of Pałecznica 6 km (4 mi) north of Proszowice and 35 km (22 mi) north-east of the regional capital Kraków.,"{""Company"": 0, ""EducationalInstitution"": 0, ""Artist"": 0, ""Athlete"": 0, ""OfficeHolder"": 0, ""MeanOfTransportation"": 0, ""Building"": 0, ""NaturalPlace"": 0, ""Village"": 5, ""Animal"": 0, ""Plant"": 0, ""Album"": 0, ""Film"": 0, ""WrittenWork"": 0}",5,5,1.0,1
511,Animal,Animal,Animal,Brown-banded water snake.  The brown-banded water snake Helicops angulatus is an aquatic snake found in tropical South America and Trinidad and Tobago.,"{""Company"": 0, ""EducationalInstitution"": 0, ""Artist"": 0, ""Athlete"": 0, ""OfficeHolder"": 0, ""MeanOfTransportation"": 0, ""Building"": 0, ""NaturalPlace"": 0, ""Village"": 0, ""Animal"": 5, ""Plant"": 0, ""Album"": 0, ""Film"": 0, ""WrittenWork"": 0}",5,5,1.0,1
512,Album,Album,Album,Back to Life (Sandra album).  Back to Life is the ninth studio album by German singer Sandra released in 2009.The album was recorded in New York and while working on it Sandra was collaborating with Thomas Anders (famous for his work with Modern Talking) and Toby Gad (famous for his work with Beyoncé Knowles Fergie Shakira and others). The album contains 15 songs most of which were written by Toby Gad.,"{""Company"": 0, ""EducationalInstitution"": 0, ""Artist"": 0, ""Athlete"": 0, ""OfficeHolder"": 0, ""MeanOfTransportation"": 0, ""Building"": 0, ""NaturalPlace"": 0, ""Village"": 0, ""Animal"": 0, ""Plant"": 0, ""Album"": 5, ""Film"": 0, ""WrittenWork"": 0}",5,5,1.0,1
513,Company,Company,Company,Bank of America.  The Bank of America Corporation is an American multinational banking and financial services corporation headquartered in Charlotte North Carolina. It is the second largest bank holding company in the United States by assets. As of 2010 Bank of America is the fifth-largest company in the United States by total revenue and the third-largest non-oil company in the U.S. (after Walmart and General Electric).,"{""Company"": 5, ""EducationalInstitution"": 0, ""Artist"": 0, ""Athlete"": 0, ""OfficeHolder"": 0, ""MeanOfTransportation"": 0, ""Building"": 0, ""NaturalPlace"": 0, ""Village"": 0, ""Animal"": 0, ""Plant"": 0, ""Album"": 0, ""Film"": 0, ""WrittenWork"": 0}",5,5,1.0,1
514,MeanOfTransportation,MeanOfTransportation,OfficeHolder,HMS Blenheim (1761).  HMS Blenheim was a 90-gun second rate ship of the line of the Royal Navy launched on 5 July 1761 at Woolwich.,"{""Company"": 0, ""EducationalInstitution"": 0, ""Artist"": 0, ""Athlete"": 0, ""OfficeHolder"": 4, ""MeanOfTransportation"": 0, ""Building"": 1, ""NaturalPlace"": 0, ""Village"": 0, ""Animal"": 0, ""Plant"": 0, ""Album"": 0, ""Film"": 0, ""WrittenWork"": 0}",4,5,0.8,0
515,Building,Building,OfficeHolder,Sam Rayburn House Museum.  The Sam Rayburn House Museum is located in the North Texas town of Bonham in the county of Fannin in the U.S. state of Texas. It was home to Sam Rayburn a famously effective Speaker of the United States House of Representatives.The house was built in 1916. All the furnishings are original and remain as they were when the Rayburns lived there.,"{""Company"": 0, ""EducationalInstitution"": 0, ""Artist"": 0, ""Athlete"": 0, ""OfficeHolder"": 3, ""MeanOfTransportation"": 0, ""Building"": 2, ""NaturalPlace"": 0, ""Village"": 0, ""Animal"": 0, ""Plant"": 0, ""Album"": 0, ""Film"": 0, ""WrittenWork"": 0}",3,5,0.6,0
516,Company,Company,Company,Visco Corporation.  Visco Corporation (株式会社ビスコ) is a Japanese software company located in Kita-ku Kyoto Japan. It was founded in 1982 by Tetsuo Akiyama (秋山　哲雄 Akiyama Tetsuo) and later became corporate on August 8 1983 while revealing itself as Visco in Kanamecho Toshima Tokyo Japan. They originally developed video games for several platforms from the arcades and NES to the Nintendo 64 and Neo Geo in the past.,"{""Company"": 5, ""EducationalInstitution"": 0, ""Artist"": 0, ""Athlete"": 0, ""OfficeHolder"": 0, ""MeanOfTransportation"": 0, ""Building"": 0, ""NaturalPlace"": 0, ""Village"": 0, ""Animal"": 0, ""Plant"": 0, ""Album"": 0, ""Film"": 0, ""WrittenWork"": 0}",5,5,1.0,1
517,NaturalPlace,NaturalPlace,NaturalPlace,Icui River.  The Icui River is a tributary of the Bega River in Romania.,"{""Company"": 0, ""EducationalInstitution"": 0, ""Artist"": 0, ""Athlete"": 0, ""OfficeHolder"": 0, ""MeanOfTransportation"": 0, ""Building"": 0, ""NaturalPlace"": 5, ""Village"": 0, ""Animal"": 0, ""Plant"": 0, ""Album"": 0, ""Film"": 0, ""WrittenWork"": 0}",5,5,1.0,1
518,Company,Company,Company,Krstarica.  Krstarica (English: Cruiser) is one of the most visited web portals in Serbia. It was founded in March 1999.Includes search engine up-to-date daily news from Serbia directory of the local sites grouped by the topics and variety of content.Krstarica has 1.6 million visitors per month.,"{""Company"": 4, ""EducationalInstitution"": 0, ""Artist"": 0, ""Athlete"": 0, ""OfficeHolder"": 0, ""MeanOfTransportation"": 0, ""Building"": 1, ""NaturalPlace"": 0, ""Village"": 0, ""Animal"": 0, ""Plant"": 0, ""Album"": 0, ""Film"": 0, ""WrittenWork"": 0}",4,5,0.8,1
519,MeanOfTransportation,MeanOfTransportation,Company,John M. Osborn.  The John M Osborn’s short career as a wooden steam barge lasted just two years. The Osborn sank with the loss of five lives when she was rammed by the larger steel hulled Alberta who was called a “steel monster and terror of the lakes. The Osborn’s wreck was discovered 100 years after her sinking. The wreck was illegally salvaged in the 1980s. Many of the Osborn’s artifacts became the property of the State of Michigan after they were seized from Great Lakes Shipwreck Museum.,"{""Company"": 4, ""EducationalInstitution"": 0, ""Artist"": 0, ""Athlete"": 0, ""OfficeHolder"": 0, ""MeanOfTransportation"": 0, ""Building"": 1, ""NaturalPlace"": 0, ""Village"": 0, ""Animal"": 0, ""Plant"": 0, ""Album"": 0, ""Film"": 0, ""WrittenWork"": 0}",4,5,0.8,0
520,Plant,Plant,Plant,Topobea pascoensis.  Topobea pascoensis is a species of plant in the Melastomataceae family. It is endemic to Peru.,"{""Company"": 0, ""EducationalInstitution"": 0, ""Artist"": 0, ""Athlete"": 0, ""OfficeHolder"": 0, ""MeanOfTransportation"": 0, ""Building"": 0, ""NaturalPlace"": 0, ""Village"": 0, ""Animal"": 0, ""Plant"": 5, ""Album"": 0, ""Film"": 0, ""WrittenWork"": 0}",5,5,1.0,1
521,Animal,Animal,Animal,Rocky Mountain toad.  The Rocky Mountain Toad or Western Woodhouse's toad (Bufo woodhousii woodhousii) is a subspecies in the Woodhouse's toad subgroup. It can be identified by its light middorsal stripe prominent cranial crests and elongate parotoid glands. The spots contain one to several warts. The belly is usually white or yellowish with dark flecks between the forelegs,"{""Company"": 0, ""EducationalInstitution"": 0, ""Artist"": 0, ""Athlete"": 0, ""OfficeHolder"": 0, ""MeanOfTransportation"": 0, ""Building"": 0, ""NaturalPlace"": 0, ""Village"": 0, ""Animal"": 5, ""Plant"": 0, ""Album"": 0, ""Film"": 0, ""WrittenWork"": 0}",5,5,1.0,1
522,Company,Company,Company,Hiwatt.  Hiwatt is a British company who manufacture amplifiers for electric guitars and electric basses. Starting in the late 1960s together with Marshall and Vox Hiwatt contributed to the sonic image popularly termed British sound.,"{""Company"": 5, ""EducationalInstitution"": 0, ""Artist"": 0, ""Athlete"": 0, ""OfficeHolder"": 0, ""MeanOfTransportation"": 0, ""Building"": 0, ""NaturalPlace"": 0, ""Village"": 0, ""Animal"": 0, ""Plant"": 0, ""Album"": 0, ""Film"": 0, ""WrittenWork"": 0}",5,5,1.0,1
523,Building,Building,Building,Church of St Petrock Timberscombe.  The Church of St Petrock in Timberscombe Somerset England has a 15th-century tower the rest of the building dating from 1708. It has been designated by English Heritage as a Grade I listed building.The church is dedicated to Saint Petroc who probably visited the parish in the 6th century.The chancel dates from around 1450 however sections of the nave walls may survive from an earlier building. Above the south doorway is a mural of David which dates from the Protestant Reformation.,"{""Company"": 0, ""EducationalInstitution"": 0, ""Artist"": 0, ""Athlete"": 0, ""OfficeHolder"": 0, ""MeanOfTransportation"": 0, ""Building"": 5, ""NaturalPlace"": 0, ""Village"": 0, ""Animal"": 0, ""Plant"": 0, ""Album"": 0, ""Film"": 0, ""WrittenWork"": 0}",5,5,1.0,1
524,OfficeHolder,OfficeHolder,OfficeHolder,Bob Wooley.  Bob Wooley (born in Eunice New Mexico) is an American politician and a Republican member of the New Mexico House of Representatives representing District 66 since his January 14 2011 appointment by Governor of New Mexico Susana Martinez to fill the vacancy caused by the resignation of Keith Gardner.,"{""Company"": 0, ""EducationalInstitution"": 0, ""Artist"": 0, ""Athlete"": 0, ""OfficeHolder"": 5, ""MeanOfTransportation"": 0, ""Building"": 0, ""NaturalPlace"": 0, ""Village"": 0, ""Animal"": 0, ""Plant"": 0, ""Album"": 0, ""Film"": 0, ""WrittenWork"": 0}",5,5,1.0,1
525,Building,Building,Building,Santa Maria dei Miracoli Brescia.  The church of Santa Maria dei Miracoli is located on Corso Vittorio Emanuele in Brescia. The church was initially established to house an icon revered for miraculous powers. The church plan with its cylindrical anterior dome was designed by Ludovico Beretta in 1480-1490. However the most striking element is the elaborately decorated marble reliefs in the façade screen and portico were designed by Giovanni Antonio Amadeo and completed with the help of a large number of sculptors.,"{""Company"": 0, ""EducationalInstitution"": 0, ""Artist"": 0, ""Athlete"": 0, ""OfficeHolder"": 0, ""MeanOfTransportation"": 0, ""Building"": 5, ""NaturalPlace"": 0, ""Village"": 0, ""Animal"": 0, ""Plant"": 0, ""Album"": 0, ""Film"": 0, ""WrittenWork"": 0}",5,5,1.0,1
526,NaturalPlace,NaturalPlace,Building,Portjengrat.  The Portjengrat (also known as Pizzo d'Andolla) is a mountain of the Pennine Alps located on the border between Switzerland and Italy. It lies south of the Weissmies and the Zwischbergen Pass where the international border diverges away from the main Alpine watershed. The summit of the Portjengrat has an elevation of 3654 metres above sea level and is the tripoint between the valleys of Saas Divedro (both in Valais) and Antrona (in Piedmont).,"{""Company"": 0, ""EducationalInstitution"": 0, ""Artist"": 0, ""Athlete"": 0, ""OfficeHolder"": 0, ""MeanOfTransportation"": 0, ""Building"": 5, ""NaturalPlace"": 0, ""Village"": 0, ""Animal"": 0, ""Plant"": 0, ""Album"": 0, ""Film"": 0, ""WrittenWork"": 0}",5,5,1.0,0
527,Company,Company,Company,A. Schilling & Company.  A. Schilling & Company was an American foodstuffs company founded in San Francisco California in 1881 by August Schilling and George F. Volkmann both natives of Bremen Germany who had migrated to America and were then both aged 27. It dealt in coffee tea baking powder extracts and spices and was merged into McCormick & Company in 1946. McCormick continued to use the Schilling name for its Western division until the 1990s.,"{""Company"": 5, ""EducationalInstitution"": 0, ""Artist"": 0, ""Athlete"": 0, ""OfficeHolder"": 0, ""MeanOfTransportation"": 0, ""Building"": 0, ""NaturalPlace"": 0, ""Village"": 0, ""Animal"": 0, ""Plant"": 0, ""Album"": 0, ""Film"": 0, ""WrittenWork"": 0}",5,5,1.0,1
528,Artist,Artist,Artist,Miki Inoue.  Miki Inoue (井上 美紀 Inoue Miki born 8 December 1967) is a Japanese voice actress affiliated with Aoni Production. Her hometown is Wakayama Wakayama Prefecture.,"{""Company"": 1, ""EducationalInstitution"": 0, ""Artist"": 4, ""Athlete"": 0, ""OfficeHolder"": 0, ""MeanOfTransportation"": 0, ""Building"": 0, ""NaturalPlace"": 0, ""Village"": 0, ""Animal"": 0, ""Plant"": 0, ""Album"": 0, ""Film"": 0, ""WrittenWork"": 0}",4,5,0.8,1
529,Animal,Animal,Animal,Crinodessus.  Crinodessus amyae is a species of beetle in the family Dytiscidae the only known species in the genus Crinodessus.,"{""Company"": 0, ""EducationalInstitution"": 0, ""Artist"": 0, ""Athlete"": 0, ""OfficeHolder"": 0, ""MeanOfTransportation"": 0, ""Building"": 0, ""NaturalPlace"": 0, ""Village"": 0, ""Animal"": 5, ""Plant"": 0, ""Album"": 0, ""Film"": 0, ""WrittenWork"": 0}",5,5,1.0,1
530,Building,Building,Building,Fire Stations of Oahu.  The Honolulu Fire Department (HFD) operates their 44 Fire Stations on the Island of Oahu and in and around Honolulu. Seven current or former stations are on the National Register of Historic Places of which five are still in use today as fire stations.By the 1920s the accepted style for most public architecture in Honolulu Hawaii was Spanish Mission Revival or more broadly Mediterranean Revival.,"{""Company"": 0, ""EducationalInstitution"": 0, ""Artist"": 0, ""Athlete"": 0, ""OfficeHolder"": 1, ""MeanOfTransportation"": 0, ""Building"": 4, ""NaturalPlace"": 0, ""Village"": 0, ""Animal"": 0, ""Plant"": 0, ""Album"": 0, ""Film"": 0, ""WrittenWork"": 0}",4,5,0.8,1
531,NaturalPlace,NaturalPlace,NaturalPlace,Barren Mountain.  Barren Mountain is a mountain standing approximately 1437 metres (4715 ft) AHD  situated as one of the highest points on the Dorrigo Plateau that is part of the Great Dividing Range located in the Northern Tablelands and New England regions of New South Wales Australia.,"{""Company"": 0, ""EducationalInstitution"": 0, ""Artist"": 0, ""Athlete"": 0, ""OfficeHolder"": 0, ""MeanOfTransportation"": 0, ""Building"": 0, ""NaturalPlace"": 5, ""Village"": 0, ""Animal"": 0, ""Plant"": 0, ""Album"": 0, ""Film"": 0, ""WrittenWork"": 0}",5,5,1.0,1
532,OfficeHolder,OfficeHolder,OfficeHolder,Lawal Haruna.  Wing Commander (retired) Lawal Ningi Haruna was military governor of Borno State Nigeria from August 1998 to May 1999 during the transitional regime of General Abdulsalami Abubakar handing over to the elected civilian governor Mala Kachalla in May 1999.Group Captain Haruna was appointed administrator of Borno State in August 1998.He had to deal with controversy over the question of teaching Christian Religious Knowledge in public schools which was opposed by Muslim leaders in the predominantly Muslim state.On 3 November 1998 he announced that separate Muslim and Christian instruction would start in schools with sufficient numbers of Christian pupils as provided by the constitution.,"{""Company"": 0, ""EducationalInstitution"": 0, ""Artist"": 0, ""Athlete"": 0, ""OfficeHolder"": 5, ""MeanOfTransportation"": 0, ""Building"": 0, ""NaturalPlace"": 0, ""Village"": 0, ""Animal"": 0, ""Plant"": 0, ""Album"": 0, ""Film"": 0, ""WrittenWork"": 0}",5,5,1.0,1
533,Village,Village,Village,Karilepa.  Karilepa is a village in Padise Parish Harju County in northern Estonia.,"{""Company"": 0, ""EducationalInstitution"": 0, ""Artist"": 0, ""Athlete"": 0, ""OfficeHolder"": 0, ""MeanOfTransportation"": 0, ""Building"": 0, ""NaturalPlace"": 0, ""Village"": 5, ""Animal"": 0, ""Plant"": 0, ""Album"": 0, ""Film"": 0, ""WrittenWork"": 0}",5,5,1.0,1
534,EducationalInstitution,EducationalInstitution,Company,Pamplin College of Business.  The Pamplin College of Business is one of Virginia Tech’s eight colleges. The college is named after Robert B. Pamplin and his son Robert B. Pamplin Jr. who have donated over $28 million to their alma mater. The college is consistently ranked as one of the top business schools in the country. In 2011-2012 the college consisted of 152 faculty members and 4168 students.,"{""Company"": 5, ""EducationalInstitution"": 0, ""Artist"": 0, ""Athlete"": 0, ""OfficeHolder"": 0, ""MeanOfTransportation"": 0, ""Building"": 0, ""NaturalPlace"": 0, ""Village"": 0, ""Animal"": 0, ""Plant"": 0, ""Album"": 0, ""Film"": 0, ""WrittenWork"": 0}",5,5,1.0,0
535,Company,Company,Company,Marvel Illustrated.  Marvel Illustrated is a Marvel Comics publishing imprint specializing in comic book adaptations of classic literature. Each novel's story is told in the form of a limited series the issues of which are later collected as a trade paperback.,"{""Company"": 5, ""EducationalInstitution"": 0, ""Artist"": 0, ""Athlete"": 0, ""OfficeHolder"": 0, ""MeanOfTransportation"": 0, ""Building"": 0, ""NaturalPlace"": 0, ""Village"": 0, ""Animal"": 0, ""Plant"": 0, ""Album"": 0, ""Film"": 0, ""WrittenWork"": 0}",5,5,1.0,1
536,NaturalPlace,NaturalPlace,NaturalPlace,Jaffna Lagoon.  Jaffna lagoon is a large lagoon off Jaffna District and Kilinochchi District northern Sri Lanka.The lagoon is surrounded by the densely populated Jaffna peninsula containing palmyra palms coconut plantations and rice paddies. There are numerous fishing villages and some salt pans.The lagoon has extensive mudflats sea grass beds and some mangroves. The lagoon attracts a wide variety of water birds including American Flamingoes ducks gulls terns and other shorebirds.,"{""Company"": 0, ""EducationalInstitution"": 0, ""Artist"": 0, ""Athlete"": 0, ""OfficeHolder"": 0, ""MeanOfTransportation"": 0, ""Building"": 0, ""NaturalPlace"": 5, ""Village"": 0, ""Animal"": 0, ""Plant"": 0, ""Album"": 0, ""Film"": 0, ""WrittenWork"": 0}",5,5,1.0,1
537,Village,Village,Village,Gachi Kohgiluyeh and Boyer-Ahmad.  Gachi (Persian: گچي‎ also Romanized as Gachī; also known as Gachchī) is a village in Doshman Ziari Rural District in the Central District of Kohgiluyeh County Kohgiluyeh and Boyer-Ahmad Province Iran. At the 2006 census its population was 389 in 67 families.,"{""Company"": 0, ""EducationalInstitution"": 0, ""Artist"": 0, ""Athlete"": 0, ""OfficeHolder"": 0, ""MeanOfTransportation"": 0, ""Building"": 0, ""NaturalPlace"": 0, ""Village"": 5, ""Animal"": 0, ""Plant"": 0, ""Album"": 0, ""Film"": 0, ""WrittenWork"": 0}",5,5,1.0,1
538,MeanOfTransportation,MeanOfTransportation,OfficeHolder,SS Donegal.  SS Donegal was a Midland Railway passenger ferry that served in the First World War as an ambulance ship. She was completed in 1904 and sunk by enemy action in April 1917.,"{""Company"": 1, ""EducationalInstitution"": 0, ""Artist"": 0, ""Athlete"": 0, ""OfficeHolder"": 2, ""MeanOfTransportation"": 0, ""Building"": 2, ""NaturalPlace"": 0, ""Village"": 0, ""Animal"": 0, ""Plant"": 0, ""Album"": 0, ""Film"": 0, ""WrittenWork"": 0}",2,5,0.4,0
539,Artist,Artist,Artist,Radney Foster.  Radney Foster (born July 20 1959 Del Rio Texas United States) is an American singer-songwriter and music producer. Initially a songwriter in Nashville Tennessee Foster made his recording debut as part of the Foster & Lloyd duo recording three studio albums and with nine singles on the country charts.Foster began his solo career in 1992 and his album Del Rio TX 1959 produced four consecutive Top 40 hits.,"{""Company"": 1, ""EducationalInstitution"": 0, ""Artist"": 4, ""Athlete"": 0, ""OfficeHolder"": 0, ""MeanOfTransportation"": 0, ""Building"": 0, ""NaturalPlace"": 0, ""Village"": 0, ""Animal"": 0, ""Plant"": 0, ""Album"": 0, ""Film"": 0, ""WrittenWork"": 0}",4,5,0.8,1
540,Village,Village,Village,Darreh Chah Jam.  Darreh Chah (Persian: دره چاه‎ also Romanized as Darreh Chāh; also known as Dar Chāh) is a village in Kuri Rural District in the Central District of Jam County Bushehr Province Iran. At the 2006 census its population was 135 in 30 families.,"{""Company"": 0, ""EducationalInstitution"": 0, ""Artist"": 0, ""Athlete"": 0, ""OfficeHolder"": 0, ""MeanOfTransportation"": 0, ""Building"": 0, ""NaturalPlace"": 0, ""Village"": 5, ""Animal"": 0, ""Plant"": 0, ""Album"": 0, ""Film"": 0, ""WrittenWork"": 0}",5,5,1.0,1
541,MeanOfTransportation,MeanOfTransportation,Company,USS Medea (AKA-31).  USS Medea (AKA-31) was an Artemis-class attack cargo ship named after the minor planet 212 Medea which in turn was named for a mythical enchantress who helped Jason win the Golden Fleece. USS Medea served as a commissioned ship for 15 months. Medea (AKA-31) was laid down under Maritime Commission contract 5 August 1944 by Walsh–Kaiser Co. Inc. Providence RI; launched 30 November 1944; sponsored by Mrs. A. C. Clarke; and commissioned 10 January 1945 Lt. Comdr. Wesley A.,"{""Company"": 3, ""EducationalInstitution"": 0, ""Artist"": 0, ""Athlete"": 0, ""OfficeHolder"": 2, ""MeanOfTransportation"": 0, ""Building"": 0, ""NaturalPlace"": 0, ""Village"": 0, ""Animal"": 0, ""Plant"": 0, ""Album"": 0, ""Film"": 0, ""WrittenWork"": 0}",3,5,0.6,0
542,EducationalInstitution,EducationalInstitution,EducationalInstitution,Holy Family Academy (Philippines).  Holy Family Academy (HFA) formerly the Colegio dela Sagrada Familia is a Catholic private school established in 1906 and located in Angeles City Philippines. It has both elementary and high school departments as well as kindergarten and preparatory school (known in the school as prep) classes for younger students.,"{""Company"": 0, ""EducationalInstitution"": 5, ""Artist"": 0, ""Athlete"": 0, ""OfficeHolder"": 0, ""MeanOfTransportation"": 0, ""Building"": 0, ""NaturalPlace"": 0, ""Village"": 0, ""Animal"": 0, ""Plant"": 0, ""Album"": 0, ""Film"": 0, ""WrittenWork"": 0}",5,5,1.0,1
543,MeanOfTransportation,MeanOfTransportation,Company,Ferrari Testarossa.  The Ferrari Testarossa (Type F110) is a 12-cylinder mid-engine sports car manufactured by Ferrari which went into production in 1984 as the successor to the Ferrari Berlinetta Boxer. The Pininfarina-designed car was originally produced from 1984 to 1991 with two model revisions following the ending of Testarossa production and the introduction of the 512 TR and F512 M which were produced from 1992 to 1996.,"{""Company"": 5, ""EducationalInstitution"": 0, ""Artist"": 0, ""Athlete"": 0, ""OfficeHolder"": 0, ""MeanOfTransportation"": 0, ""Building"": 0, ""NaturalPlace"": 0, ""Village"": 0, ""Animal"": 0, ""Plant"": 0, ""Album"": 0, ""Film"": 0, ""WrittenWork"": 0}",5,5,1.0,0
544,Album,Album,Album,Apocadelic.  Apocadelic is the debut album by British boy band Point Break released in 2000. The singles released were Do We Rock? Stand Tough Freakytime You and What About Us?.,"{""Company"": 0, ""EducationalInstitution"": 0, ""Artist"": 0, ""Athlete"": 0, ""OfficeHolder"": 0, ""MeanOfTransportation"": 0, ""Building"": 0, ""NaturalPlace"": 0, ""Village"": 0, ""Animal"": 0, ""Plant"": 0, ""Album"": 5, ""Film"": 0, ""WrittenWork"": 0}",5,5,1.0,1
545,Building,Building,Building,Burg Kaisersberg.  Burg Kaisersberg is a castle in Styria Austria.,"{""Company"": 0, ""EducationalInstitution"": 0, ""Artist"": 0, ""Athlete"": 0, ""OfficeHolder"": 0, ""MeanOfTransportation"": 0, ""Building"": 5, ""NaturalPlace"": 0, ""Village"": 0, ""Animal"": 0, ""Plant"": 0, ""Album"": 0, ""Film"": 0, ""WrittenWork"": 0}",5,5,1.0,1
546,WrittenWork,WrittenWork,Company,La Gazette du Maroc.  La Gazette du Maroc is a francophone newspaper published in Casablanca Morocco.,"{""Company"": 2, ""EducationalInstitution"": 0, ""Artist"": 0, ""Athlete"": 0, ""OfficeHolder"": 0, ""MeanOfTransportation"": 0, ""Building"": 0, ""NaturalPlace"": 0, ""Village"": 0, ""Animal"": 0, ""Plant"": 0, ""Album"": 0, ""Film"": 0, ""WrittenWork"": 0}",2,5,0.4,0
547,Artist,Artist,Artist,Chief Stockton.  Chief Stockton (born December 15 1986) is a half Native American–Caucasian producer and recording artist. He originally started off in a four-person hip hop group titled GPD later diverging to a two-person group called Black N Mild; Chief Stockton was the mild of the group. In Black N Mild Chief Stockton was then known as Big Chief.,"{""Company"": 0, ""EducationalInstitution"": 0, ""Artist"": 5, ""Athlete"": 0, ""OfficeHolder"": 0, ""MeanOfTransportation"": 0, ""Building"": 0, ""NaturalPlace"": 0, ""Village"": 0, ""Animal"": 0, ""Plant"": 0, ""Album"": 0, ""Film"": 0, ""WrittenWork"": 0}",5,5,1.0,1
548,Village,Village,Village,Pietrzejowice.  Pietrzejowice [pjɛtʂɛjɔˈvit͡sɛ] is a village in the administrative district of Gmina Kocmyrzów-Luborzyca within Kraków County Lesser Poland Voivodeship in southern Poland. It lies approximately 19 km (12 mi) north-east of the regional capital Kraków.,"{""Company"": 0, ""EducationalInstitution"": 0, ""Artist"": 0, ""Athlete"": 0, ""OfficeHolder"": 0, ""MeanOfTransportation"": 0, ""Building"": 0, ""NaturalPlace"": 0, ""Village"": 5, ""Animal"": 0, ""Plant"": 0, ""Album"": 0, ""Film"": 0, ""WrittenWork"": 0}",5,5,1.0,1
549,WrittenWork,WrittenWork,Company,The Good Companions.  The Good Companions is a novel by the English author J. B. Priestley.Written in 1929 (in Deal Kent) it focuses on the trials and tribulations of a concert party in England between World War I and World War II. It is arguably Priestley's most famous novel and the work which established him as a national figure. It won the James Tait Black Memorial Prize and was adapted twice into film.,"{""Company"": 5, ""EducationalInstitution"": 0, ""Artist"": 0, ""Athlete"": 0, ""OfficeHolder"": 0, ""MeanOfTransportation"": 0, ""Building"": 0, ""NaturalPlace"": 0, ""Village"": 0, ""Animal"": 0, ""Plant"": 0, ""Album"": 0, ""Film"": 0, ""WrittenWork"": 0}",5,5,1.0,0
550,Plant,Plant,Company,Kunzea ambigua.  Kunzea ambigua commonly known as the White Kunzea Poverty Bush or Tick Bush is a common shrub of the myrtaceae family found mainly on sandstone soils in eastern Australia. Growing up to 5 m (16 ft) high and wide it bears small white flowers in spring. Used in native gardening it attracts native insects. It is also used in amenities planting and sand dune stabilization.,"{""Company"": 2, ""EducationalInstitution"": 0, ""Artist"": 0, ""Athlete"": 0, ""OfficeHolder"": 0, ""MeanOfTransportation"": 0, ""Building"": 0, ""NaturalPlace"": 2, ""Village"": 0, ""Animal"": 0, ""Plant"": 1, ""Album"": 0, ""Film"": 0, ""WrittenWork"": 0}",2,5,0.4,0
551,Album,Album,Album,Great White Whale.  Great White Whale is the debut album by the Canadian rock band Secret and Whisper. The album was in the works for about a year and was released on February 12 2008. A music video was shot in Pittsburgh for the album's first single XOXOXO. The album reached number 17 on iTunes's top 100 albums in its first week on sale.,"{""Company"": 0, ""EducationalInstitution"": 0, ""Artist"": 0, ""Athlete"": 0, ""OfficeHolder"": 0, ""MeanOfTransportation"": 0, ""Building"": 0, ""NaturalPlace"": 0, ""Village"": 0, ""Animal"": 0, ""Plant"": 0, ""Album"": 5, ""Film"": 0, ""WrittenWork"": 0}",5,5,1.0,1
552,MeanOfTransportation,MeanOfTransportation,OfficeHolder,Discoverer Clear Leader.  Discoverer Clear Leader is a double hulled dynamically positioned drillship capable of operating in moderate environments and water depths up to 12000 feet (3657m) using an 18.75 in (47.6 cm) 15000 psi blowout preventer (BOP) and a 21 in (53 cm) outside diameter (OD) marine riser. The Marshall Islands-flagged vessel is owned by Transocean and is operating in the Gulf of Mexico of the United States.,"{""Company"": 0, ""EducationalInstitution"": 0, ""Artist"": 0, ""Athlete"": 0, ""OfficeHolder"": 5, ""MeanOfTransportation"": 0, ""Building"": 0, ""NaturalPlace"": 0, ""Village"": 0, ""Animal"": 0, ""Plant"": 0, ""Album"": 0, ""Film"": 0, ""WrittenWork"": 0}",5,5,1.0,0
553,Plant,Plant,Plant,Psidium pedicellatum.  Psidium pedicellatum is a species of plant in the Myrtaceae family. It is a fruiting shrub or small tree endemic to Ecuador.,"{""Company"": 0, ""EducationalInstitution"": 0, ""Artist"": 0, ""Athlete"": 0, ""OfficeHolder"": 0, ""MeanOfTransportation"": 0, ""Building"": 0, ""NaturalPlace"": 0, ""Village"": 0, ""Animal"": 0, ""Plant"": 5, ""Album"": 0, ""Film"": 0, ""WrittenWork"": 0}",5,5,1.0,1
554,Film,Film,Film,His Daughter.  His Daughter is a 1911 short silent drama film directed by D. W. Griffith starring Edwin August and featuring Blanche Sweet.,"{""Company"": 0, ""EducationalInstitution"": 0, ""Artist"": 0, ""Athlete"": 0, ""OfficeHolder"": 0, ""MeanOfTransportation"": 0, ""Building"": 0, ""NaturalPlace"": 0, ""Village"": 0, ""Animal"": 0, ""Plant"": 0, ""Album"": 0, ""Film"": 5, ""WrittenWork"": 0}",5,5,1.0,1
555,Athlete,Athlete,Athlete,Katarzyna Niewiadoma.  Katarzyna Niewiadoma (born 29 September 1994) is a Polish racing cyclist for Rabobank-Liv/giant.Niewiadoma started racing bikes with local club WLKS Krakus BBC Czaja and soon emerged as one of the most promising women riders in Poland. In 2013 she won two national U-23 champion titles finishing 4th in both elite time-trial and elite road race.,"{""Company"": 0, ""EducationalInstitution"": 0, ""Artist"": 0, ""Athlete"": 5, ""OfficeHolder"": 0, ""MeanOfTransportation"": 0, ""Building"": 0, ""NaturalPlace"": 0, ""Village"": 0, ""Animal"": 0, ""Plant"": 0, ""Album"": 0, ""Film"": 0, ""WrittenWork"": 0}",5,5,1.0,1
556,Artist,Artist,Artist,Baby Huey (singer).  James Ramey (August 17 1944 – October 28 1970) better known as Baby Huey was an American rock and soul singer. He was the frontman for the band Baby Huey & the Babysitters whose single LP for Curtom Records in 1971 was influential in the development of hip hop music.,"{""Company"": 0, ""EducationalInstitution"": 0, ""Artist"": 5, ""Athlete"": 0, ""OfficeHolder"": 0, ""MeanOfTransportation"": 0, ""Building"": 0, ""NaturalPlace"": 0, ""Village"": 0, ""Animal"": 0, ""Plant"": 0, ""Album"": 0, ""Film"": 0, ""WrittenWork"": 0}",5,5,1.0,1
557,Album,Album,Album,If Heaven Was A Mile Away.  If Heaven Was A Mile Away (A Tribute J Dilla) is a mixtape from the rapper Termanology with production from J Dilla as a tribute to the recently deceased producer.,"{""Company"": 0, ""EducationalInstitution"": 0, ""Artist"": 0, ""Athlete"": 0, ""OfficeHolder"": 0, ""MeanOfTransportation"": 0, ""Building"": 0, ""NaturalPlace"": 0, ""Village"": 0, ""Animal"": 0, ""Plant"": 0, ""Album"": 5, ""Film"": 0, ""WrittenWork"": 0}",5,5,1.0,1
558,EducationalInstitution,EducationalInstitution,EducationalInstitution,The Chinese Foundation Secondary School.  The Chinese Foundation Secondary School (CFSS Chinese: 中華基金中學) is a co-educational secondary school located at Siu Sai Wan in Hong Kong. It is a Direct Subsidy Scheme school. The current principal is Au Kwong Wing.	CFSS offers many[citation needed] extracurricular clubs including four sports.,"{""Company"": 0, ""EducationalInstitution"": 5, ""Artist"": 0, ""Athlete"": 0, ""OfficeHolder"": 0, ""MeanOfTransportation"": 0, ""Building"": 0, ""NaturalPlace"": 0, ""Village"": 0, ""Animal"": 0, ""Plant"": 0, ""Album"": 0, ""Film"": 0, ""WrittenWork"": 0}",5,5,1.0,1
559,OfficeHolder,OfficeHolder,OfficeHolder,Kazuhiro Haraguchi.  Kazuhiro Haraguchi (原口 一博 Haraguchi Kazuhiro born July 2 1959) is a Japanese politician of the Democratic Party of Japan (DPJ) a member of the House of Representatives in the Diet (national legislature). A native of Saga Saga and graduate of the University of Tokyo he was elected to the assembly of Saga Prefecture (District #1) for the first time in 1987 as a member of the Liberal Democratic Party serving there for two times.,"{""Company"": 0, ""EducationalInstitution"": 0, ""Artist"": 0, ""Athlete"": 0, ""OfficeHolder"": 4, ""MeanOfTransportation"": 0, ""Building"": 0, ""NaturalPlace"": 0, ""Village"": 0, ""Animal"": 0, ""Plant"": 0, ""Album"": 0, ""Film"": 0, ""WrittenWork"": 0}",4,5,0.8,1
560,MeanOfTransportation,MeanOfTransportation,Company,SS Kokai Maru (1939).  The Kokai Maru was a 3871 gross ton passenger cargo ship built by Hakodate Dock Company Hakodate Hokkaidō for Simatani Kisen Kabushiki Kaisha in 1939. She was requisitioned in 1941 by the Imperial Japanese Navy during World War II. On 10 March 1942 during the invasion of Lae-Salamaua Kokai Maru was damaged by SBD’s from the United States Navy aircraft carriers USS Lexington and USS Yorktown off Lae New Guinea.,"{""Company"": 5, ""EducationalInstitution"": 0, ""Artist"": 0, ""Athlete"": 0, ""OfficeHolder"": 0, ""MeanOfTransportation"": 0, ""Building"": 0, ""NaturalPlace"": 0, ""Village"": 0, ""Animal"": 0, ""Plant"": 0, ""Album"": 0, ""Film"": 0, ""WrittenWork"": 0}",5,5,1.0,0
561,Village,Village,Village,Dębowa Podkarpackie Voivodeship.  Dębowa [dɛmˈbɔva] is a village in the administrative district of Gmina Jodłowa within Dębica County Subcarpathian Voivodeship in south-eastern Poland. It lies approximately 4 kilometres (2 mi) south-east of Jodłowa 23 km (14 mi) south of Dębica and 53 km (33 mi) south-west of the regional capital Rzeszów.,"{""Company"": 0, ""EducationalInstitution"": 0, ""Artist"": 0, ""Athlete"": 0, ""OfficeHolder"": 0, ""MeanOfTransportation"": 0, ""Building"": 0, ""NaturalPlace"": 0, ""Village"": 5, ""Animal"": 0, ""Plant"": 0, ""Album"": 0, ""Film"": 0, ""WrittenWork"": 0}",5,5,1.0,1
562,Animal,Animal,Animal,Trichopodus cantoris.  Trichopodus cantoris is a species of gourami native to Asia.,"{""Company"": 1, ""EducationalInstitution"": 0, ""Artist"": 0, ""Athlete"": 0, ""OfficeHolder"": 0, ""MeanOfTransportation"": 0, ""Building"": 0, ""NaturalPlace"": 0, ""Village"": 0, ""Animal"": 4, ""Plant"": 0, ""Album"": 0, ""Film"": 0, ""WrittenWork"": 0}",4,5,0.8,1
563,EducationalInstitution,EducationalInstitution,Company,Buckeye Trail High School.  Buckeye Trail High School is a public high school in Lore City Ohio. It is the only high school in the East Guernsey Local School District. Their mascot is a Warrior and the school colors are blue and white. They are members of the Ohio Valley Athletic Conference.,"{""Company"": 2, ""EducationalInstitution"": 0, ""Artist"": 0, ""Athlete"": 0, ""OfficeHolder"": 0, ""MeanOfTransportation"": 0, ""Building"": 2, ""NaturalPlace"": 0, ""Village"": 0, ""Animal"": 0, ""Plant"": 0, ""Album"": 0, ""Film"": 0, ""WrittenWork"": 0}",2,5,0.4,0
564,Album,Album,Album,Soul Food Taqueria.  Soul Food Taqueria is the third studio album by former professional skateboarder and Quannum Projects-member Tommy Guerrero released April 8 2003 on Mo' Wax Records. Recording sessions for the album took place during 2002 and 2003 at the Function 8 record label's studio in San Francisco California.,"{""Company"": 0, ""EducationalInstitution"": 0, ""Artist"": 0, ""Athlete"": 0, ""OfficeHolder"": 0, ""MeanOfTransportation"": 0, ""Building"": 0, ""NaturalPlace"": 0, ""Village"": 0, ""Animal"": 0, ""Plant"": 0, ""Album"": 5, ""Film"": 0, ""WrittenWork"": 0}",5,5,1.0,1
565,Athlete,Athlete,Athlete,Mike Sojourner.  Michael Mike Sojourner (born October 16 1953 in Germantown Pennsylvania) is a retired American professional basketball player.A 6'9 (2.05 m) power forward / center from the University of Utah Sojourner played three seasons (1974–1977) in the National Basketball Association as a member of the Atlanta Hawks where he played his entire professional career.,"{""Company"": 0, ""EducationalInstitution"": 0, ""Artist"": 0, ""Athlete"": 5, ""OfficeHolder"": 0, ""MeanOfTransportation"": 0, ""Building"": 0, ""NaturalPlace"": 0, ""Village"": 0, ""Animal"": 0, ""Plant"": 0, ""Album"": 0, ""Film"": 0, ""WrittenWork"": 0}",5,5,1.0,1
566,Village,Village,Village,Kuriany Poland.  Kuriany [kuˈrjanɨ] is a village in the administrative district of Gmina Zabłudów within Białystok County Podlaskie Voivodeship in north-eastern Poland. It lies approximately 9 kilometres (6 mi) north-west of Zabłudów and 8 km (5 mi) south-east of the regional capital Białystok.The village has a population of 600.,"{""Company"": 0, ""EducationalInstitution"": 0, ""Artist"": 0, ""Athlete"": 0, ""OfficeHolder"": 0, ""MeanOfTransportation"": 0, ""Building"": 0, ""NaturalPlace"": 0, ""Village"": 5, ""Animal"": 0, ""Plant"": 0, ""Album"": 0, ""Film"": 0, ""WrittenWork"": 0}",5,5,1.0,1
567,MeanOfTransportation,MeanOfTransportation,Company,HMAS St Giles.  HMAS St Giles (FY86) was a tugboat which was operated by the Royal Navy (RN) Royal Australian Navy (RAN) and the Australian shipping firms J. & A. Brown and the Waratah Tug and Salvage Company. She was built by Ferguson Shipbuilders Glasgow for the RN in 1919 was sold to J. & A. Brown in 1925 transferred to the Waratah Tug and Salvage Co Pty Ltd in 1931 and was commissioned into the RAN between 1940 and 1942 and 1945 and 1946 before being scrapped in 1956.,"{""Company"": 3, ""EducationalInstitution"": 0, ""Artist"": 0, ""Athlete"": 0, ""OfficeHolder"": 2, ""MeanOfTransportation"": 0, ""Building"": 0, ""NaturalPlace"": 0, ""Village"": 0, ""Animal"": 0, ""Plant"": 0, ""Album"": 0, ""Film"": 0, ""WrittenWork"": 0}",3,5,0.6,0
568,Village,Village,Village,Qurd ol Duran-e Kord.  Qurd ol Duran-e Kord (Persian: قوردالدرن كرد‎ also Romanized as Qūrd ol Dūran-e Kord; also kown as Kūrt Kandī and Qūrd ol Dūran) is a village in Yowla Galdi Rural District in the Central District of Showt County West Azerbaijan Province Iran. At the 2006 census its population was 265 in 47 families.,"{""Company"": 0, ""EducationalInstitution"": 0, ""Artist"": 0, ""Athlete"": 0, ""OfficeHolder"": 0, ""MeanOfTransportation"": 0, ""Building"": 0, ""NaturalPlace"": 0, ""Village"": 5, ""Animal"": 0, ""Plant"": 0, ""Album"": 0, ""Film"": 0, ""WrittenWork"": 0}",5,5,1.0,1
569,MeanOfTransportation,MeanOfTransportation,Company,Curtiss XO-30.  The Curtiss XO-30 was a projected 1920s American twin-engined observation monoplane designed by the Curtiss Aeroplane and Motor Company for the United States Army Air Service a prototype was cancelled and not built.,"{""Company"": 5, ""EducationalInstitution"": 0, ""Artist"": 0, ""Athlete"": 0, ""OfficeHolder"": 0, ""MeanOfTransportation"": 0, ""Building"": 0, ""NaturalPlace"": 0, ""Village"": 0, ""Animal"": 0, ""Plant"": 0, ""Album"": 0, ""Film"": 0, ""WrittenWork"": 0}",5,5,1.0,0
570,EducationalInstitution,EducationalInstitution,Company,Art Institute of Portland.  The Art Institute of Portland (AiPD) is a college in Portland Oregon United States that grants bachelor and associate degrees in advertising apparel accessory design apparel design design management design studies digital film and video game art and design graphic design industrial design interactive media design interior design media arts and animation photography and design visual and game programming and visual effects and motion graphics.,"{""Company"": 5, ""EducationalInstitution"": 0, ""Artist"": 0, ""Athlete"": 0, ""OfficeHolder"": 0, ""MeanOfTransportation"": 0, ""Building"": 0, ""NaturalPlace"": 0, ""Village"": 0, ""Animal"": 0, ""Plant"": 0, ""Album"": 0, ""Film"": 0, ""WrittenWork"": 0}",5,5,1.0,0
571,MeanOfTransportation,MeanOfTransportation,Company,Brandenburg-class battleship.  The four Brandenburg-class pre-dreadnought battleships were Germany's first ocean-going battleships. They were also the first German warship of any type to be fitted with wireless communications. The class comprised Brandenburg Kurfürst Friedrich Wilhelm Weissenburg and Wörth. All were laid down in 1890 and completed by 1893 except for Weissenburg which was completed in 1894.,"{""Company"": 2, ""EducationalInstitution"": 0, ""Artist"": 0, ""Athlete"": 0, ""OfficeHolder"": 1, ""MeanOfTransportation"": 0, ""Building"": 2, ""NaturalPlace"": 0, ""Village"": 0, ""Animal"": 0, ""Plant"": 0, ""Album"": 0, ""Film"": 0, ""WrittenWork"": 0}",2,5,0.4,0
572,NaturalPlace,NaturalPlace,Building,Western Port.  Western Port often incorrectly referred to as Western Port Bay is a large tidal bay in southern Victoria Australia opening into Bass Strait. It is the second largest bay in Victoria. Geographically it is dominated by the two large islands; French Island and Phillip Island. Contrary to its name it lies to the east of the larger Port Phillip and is separated from it by the Mornington Peninsula.,"{""Company"": 0, ""EducationalInstitution"": 0, ""Artist"": 0, ""Athlete"": 0, ""OfficeHolder"": 0, ""MeanOfTransportation"": 0, ""Building"": 3, ""NaturalPlace"": 2, ""Village"": 0, ""Animal"": 0, ""Plant"": 0, ""Album"": 0, ""Film"": 0, ""WrittenWork"": 0}",3,5,0.6,0
573,Plant,Plant,Plant,Anthurium balslevii.  Anthurium balslevii is a species of plant in the Araceae family. It is endemic to Ecuador. Its natural habitat is subtropical or tropical moist lowland forests. It is threatened by habitat loss.,"{""Company"": 0, ""EducationalInstitution"": 0, ""Artist"": 0, ""Athlete"": 0, ""OfficeHolder"": 0, ""MeanOfTransportation"": 0, ""Building"": 0, ""NaturalPlace"": 0, ""Village"": 0, ""Animal"": 0, ""Plant"": 5, ""Album"": 0, ""Film"": 0, ""WrittenWork"": 0}",5,5,1.0,1
574,Athlete,Athlete,Athlete,Joseph Fargis.  Joseph Halpin Fargis IV (born April 2 1948) is an American show jumping champion. In 1984 Fargis participated in the 1984 Summer Olympics held in Los Angeles where he won a gold medal in individual jumping with the American-bred Thoroughbred bay mare Touch of Class. He participated on the American winning team in the Team Jumping in 1984 and again in 1988 in Seoul where he finished second while riding the Irish bred liver chesnut mare Mill Pearl.,"{""Company"": 0, ""EducationalInstitution"": 0, ""Artist"": 0, ""Athlete"": 5, ""OfficeHolder"": 0, ""MeanOfTransportation"": 0, ""Building"": 0, ""NaturalPlace"": 0, ""Village"": 0, ""Animal"": 0, ""Plant"": 0, ""Album"": 0, ""Film"": 0, ""WrittenWork"": 0}",5,5,1.0,1
575,WrittenWork,WrittenWork,WrittenWork,The Golden Hour (novel).  The Golden Hour is a children's novel by Maiya Williams. It was first published in 2004 and is the first of the Golden Hour time travel series. It tells the story of Rowan Popplewell and his sister Nina who while emotionally disturbed by the death of their mother travel back in time to the French Revolution.,"{""Company"": 0, ""EducationalInstitution"": 0, ""Artist"": 0, ""Athlete"": 0, ""OfficeHolder"": 0, ""MeanOfTransportation"": 0, ""Building"": 0, ""NaturalPlace"": 0, ""Village"": 0, ""Animal"": 0, ""Plant"": 0, ""Album"": 0, ""Film"": 0, ""WrittenWork"": 5}",5,5,1.0,1
576,Village,Village,Village,Mieh Kumeh.  Mieh Kumeh (Persian: ميه كومي‎ also Romanized as Mīeh Kūmeh) is a village in Chelevand Rural District Lavandevil District Astara County Gilan Province Iran. At the 2006 census its population was 243 in 57 families.,"{""Company"": 0, ""EducationalInstitution"": 0, ""Artist"": 0, ""Athlete"": 0, ""OfficeHolder"": 0, ""MeanOfTransportation"": 0, ""Building"": 0, ""NaturalPlace"": 0, ""Village"": 5, ""Animal"": 0, ""Plant"": 0, ""Album"": 0, ""Film"": 0, ""WrittenWork"": 0}",5,5,1.0,1
577,NaturalPlace,NaturalPlace,Building,Vomperbach.  The Vomperbach rises in the Karwendel mountain range and flows first from West to East. Above the village of Vomp - which it passes through - it changes its course and flows from North to South into the Inn River. It has a length of 15 kilometers.,"{""Company"": 0, ""EducationalInstitution"": 0, ""Artist"": 0, ""Athlete"": 0, ""OfficeHolder"": 0, ""MeanOfTransportation"": 0, ""Building"": 4, ""NaturalPlace"": 0, ""Village"": 1, ""Animal"": 0, ""Plant"": 0, ""Album"": 0, ""Film"": 0, ""WrittenWork"": 0}",4,5,0.8,0
578,MeanOfTransportation,MeanOfTransportation,Company,Rogers Sportaire.  The Rogers Sportaire is an American homebuilt aircraft that was designed David M. Rogers and produced by Rogers Aircraft of Riverside California introduced in 1959. The aircraft was supplied in the form of plans for amateur construction but plans are no longer available. Only one was built.,"{""Company"": 3, ""EducationalInstitution"": 0, ""Artist"": 0, ""Athlete"": 0, ""OfficeHolder"": 2, ""MeanOfTransportation"": 0, ""Building"": 0, ""NaturalPlace"": 0, ""Village"": 0, ""Animal"": 0, ""Plant"": 0, ""Album"": 0, ""Film"": 0, ""WrittenWork"": 0}",3,5,0.6,0
579,OfficeHolder,OfficeHolder,OfficeHolder,Michael H. Rayner.  Michael Harold Rayner was acting Auditor General of Canada from 1980 to 1981. He grew up in numerous places including Ottawa Halifax Nova Scotia and Victoria British Columbia with two brothers and three sisters. His Father was Vice-Admiral Herbert Rayner a hero of World War II in command of the HMCS Huron earned the Distinguished Service Cross. Rayner became a chartered accountant in 1969 graduating from Carleton University with a degree in political science.,"{""Company"": 1, ""EducationalInstitution"": 0, ""Artist"": 0, ""Athlete"": 0, ""OfficeHolder"": 4, ""MeanOfTransportation"": 0, ""Building"": 0, ""NaturalPlace"": 0, ""Village"": 0, ""Animal"": 0, ""Plant"": 0, ""Album"": 0, ""Film"": 0, ""WrittenWork"": 0}",4,5,0.8,1
580,Album,Album,Company,Music from Nashville My Home Town.  Music From Nashville My Home Town is the title of a 1966 recording by Chet Atkins. It was re-released on CD in 2006 combined with Chet. Both were originally released on RCA's budget label Camden.Prancin' Filly was written by Atkins' father James A. Atkins.,"{""Company"": 2, ""EducationalInstitution"": 0, ""Artist"": 2, ""Athlete"": 0, ""OfficeHolder"": 0, ""MeanOfTransportation"": 0, ""Building"": 0, ""NaturalPlace"": 0, ""Village"": 0, ""Animal"": 0, ""Plant"": 0, ""Album"": 1, ""Film"": 0, ""WrittenWork"": 0}",2,5,0.4,0
581,OfficeHolder,OfficeHolder,Company,Buddy Temple.  Arthur Buddy Temple III (born February 26 1942) is a businessman from Lufkin Texas who served as a Democrat in the Texas House of Representatives and on the Texas Railroad Commission. He failed in a bid for his party's gubernatorial nomination in 1982.Temple was born to the wealthy lumberman Arthur Temple Jr. (1920-2006)and the former Mary MacQuiston (born 1919) in Texarkana Arkansas. He was reared in Lufkin the seat of Angelina County in East Texas.,"{""Company"": 4, ""EducationalInstitution"": 0, ""Artist"": 0, ""Athlete"": 0, ""OfficeHolder"": 1, ""MeanOfTransportation"": 0, ""Building"": 0, ""NaturalPlace"": 0, ""Village"": 0, ""Animal"": 0, ""Plant"": 0, ""Album"": 0, ""Film"": 0, ""WrittenWork"": 0}",4,5,0.8,0
582,Building,Building,Building,Woodrums' Building.  Woodrums' Building also known as Woodrum Home Outfitting Co. building is a historic commercial building located at Charleston West Virginia United States. It is a six-story commercial building located in the central business district of Charleston. The property consists of an original commercial structure built in 1916 and a rear addition built in 1937.It was listed on the National Register of Historic Places in 1996.,"{""Company"": 0, ""EducationalInstitution"": 0, ""Artist"": 0, ""Athlete"": 0, ""OfficeHolder"": 0, ""MeanOfTransportation"": 0, ""Building"": 5, ""NaturalPlace"": 0, ""Village"": 0, ""Animal"": 0, ""Plant"": 0, ""Album"": 0, ""Film"": 0, ""WrittenWork"": 0}",5,5,1.0,1
583,Artist,Artist,Artist,David Bisbal.  David Bisbal Ferré (born in Almería Spain on June 5 1979) is a Grammy-winning Spanish pop singer. He gained his initial fame as a runner up on the interactive reality television show Operación Triunfo.He has since released four studio albums all of which topped the Spanish Albums Chart in addition to recording a number of live albums.,"{""Company"": 0, ""EducationalInstitution"": 0, ""Artist"": 5, ""Athlete"": 0, ""OfficeHolder"": 0, ""MeanOfTransportation"": 0, ""Building"": 0, ""NaturalPlace"": 0, ""Village"": 0, ""Animal"": 0, ""Plant"": 0, ""Album"": 0, ""Film"": 0, ""WrittenWork"": 0}",5,5,1.0,1
584,OfficeHolder,OfficeHolder,OfficeHolder,Abraham Lincoln.  Abraham Lincoln /ˈeɪbrəhæm ˈlɪŋkən/ (February 12 1809 – April 15 1865) was the 16th President of the United States serving from March 1861 until his assassination in April 1865. Lincoln led the United States through its Civil War—its bloodiest war and its greatest moral constitutional and political crisis.,"{""Company"": 0, ""EducationalInstitution"": 0, ""Artist"": 1, ""Athlete"": 0, ""OfficeHolder"": 4, ""MeanOfTransportation"": 0, ""Building"": 0, ""NaturalPlace"": 0, ""Village"": 0, ""Animal"": 0, ""Plant"": 0, ""Album"": 0, ""Film"": 0, ""WrittenWork"": 0}",4,5,0.8,1
585,Artist,Artist,Artist,Andranik Madadian.  Andranik Madadian (Persian: آندرانیک مددیان‎ Armenian: Անդրանիկ Մադադյան) better known by his stage name Andy (Persian: اندی‎ Armenian: Էնդի) (born 1958) is a famous Armenian-Iranian singer-songwriter. He is a naturalized American and currently lives in Los Angeles California.,"{""Company"": 0, ""EducationalInstitution"": 0, ""Artist"": 4, ""Athlete"": 0, ""OfficeHolder"": 0, ""MeanOfTransportation"": 0, ""Building"": 0, ""NaturalPlace"": 1, ""Village"": 0, ""Animal"": 0, ""Plant"": 0, ""Album"": 0, ""Film"": 0, ""WrittenWork"": 0}",4,5,0.8,1
586,Athlete,Athlete,Athlete,Pauline Hill.  Pauline Hill (nee Dennert May 8 1926 - September 17 2012) played for the Muskegon Lassies of the All-American Girls Professional Baseball League in 1947. The right-handed left fielder appeared in three games collecting zero hits in four at-bats. She was nicknamed Denny.Her obituary lists her as being born on April 8 1926 while AAGPBL.org lists her as being born on May 8 1926.,"{""Company"": 0, ""EducationalInstitution"": 0, ""Artist"": 0, ""Athlete"": 5, ""OfficeHolder"": 0, ""MeanOfTransportation"": 0, ""Building"": 0, ""NaturalPlace"": 0, ""Village"": 0, ""Animal"": 0, ""Plant"": 0, ""Album"": 0, ""Film"": 0, ""WrittenWork"": 0}",5,5,1.0,1
587,Company,Company,Company,Success (company).  Success Corporation (株式会社サクセス Kabushiki-Gaisha Sakusesu) is a Japanese video game and online game developer and publisher based in Shinagawa Tokyo and founded on June 7 1978. They are best known for their Cotton series of shooter games Zoo Keeper and others. Their most recently published titles include Metal Saga for PlayStation 2 and Minon: Everyday Hero for the Wii console.,"{""Company"": 5, ""EducationalInstitution"": 0, ""Artist"": 0, ""Athlete"": 0, ""OfficeHolder"": 0, ""MeanOfTransportation"": 0, ""Building"": 0, ""NaturalPlace"": 0, ""Village"": 0, ""Animal"": 0, ""Plant"": 0, ""Album"": 0, ""Film"": 0, ""WrittenWork"": 0}",5,5,1.0,1
588,Building,Building,Building,All Saints Episcopal Church (Valley City North Dakota).  All Saints' Episcopal Church built in 1881 is an historic Episcopal church building located at 516 N. Central Ave. in Valley City Barnes County North Dakota. Designed in the Late Gothic Revival style of architecture by an unknown architect it was built of local fieldstone with concrete mortar and a wooden shake roof.,"{""Company"": 0, ""EducationalInstitution"": 0, ""Artist"": 0, ""Athlete"": 0, ""OfficeHolder"": 0, ""MeanOfTransportation"": 0, ""Building"": 5, ""NaturalPlace"": 0, ""Village"": 0, ""Animal"": 0, ""Plant"": 0, ""Album"": 0, ""Film"": 0, ""WrittenWork"": 0}",5,5,1.0,1
589,Company,Company,Company,Pueblo Bridge Co..  The Pueblo Bridge Co. is a firm that built a large number of bridges in the United States. Several are listed on the U.S. National Register of Historic Places.Works (attribution) include:Avondale Bridge built in 1913 Cty. Rd. 327 Avondale CO (Pueblo Bridge Co.) NRHP-listedBridge over Fountain Creek Rt. 24 Manitou Springs CO (Pueblo Bridge & Construction Co.) NRHP-listedEWZ Bridge over East Channel of Laramie River Cty. Rd.,"{""Company"": 5, ""EducationalInstitution"": 0, ""Artist"": 0, ""Athlete"": 0, ""OfficeHolder"": 0, ""MeanOfTransportation"": 0, ""Building"": 0, ""NaturalPlace"": 0, ""Village"": 0, ""Animal"": 0, ""Plant"": 0, ""Album"": 0, ""Film"": 0, ""WrittenWork"": 0}",5,5,1.0,1
590,Album,Album,Album,We're All Nighters.  We're All Nighters is a CD made by Liam Lynch.,"{""Company"": 2, ""EducationalInstitution"": 0, ""Artist"": 0, ""Athlete"": 0, ""OfficeHolder"": 0, ""MeanOfTransportation"": 0, ""Building"": 0, ""NaturalPlace"": 0, ""Village"": 0, ""Animal"": 0, ""Plant"": 0, ""Album"": 3, ""Film"": 0, ""WrittenWork"": 0}",3,5,0.6,1
591,NaturalPlace,NaturalPlace,NaturalPlace,Chiuzbaia River.  The Chiuzbaia River or Valea Sfântului Ion River is a tributary of the Săsar River in Romania. Its source is located at the junction of headwaters Valea Lazului and Măgura,"{""Company"": 0, ""EducationalInstitution"": 0, ""Artist"": 0, ""Athlete"": 0, ""OfficeHolder"": 0, ""MeanOfTransportation"": 0, ""Building"": 0, ""NaturalPlace"": 5, ""Village"": 0, ""Animal"": 0, ""Plant"": 0, ""Album"": 0, ""Film"": 0, ""WrittenWork"": 0}",5,5,1.0,1
592,Artist,Artist,Artist,Kevin Sharkey.  Kevin Sharkey (born 1961) (Irish: Caoimhín Ó Searcaigh) is an Irish artist.,"{""Company"": 0, ""EducationalInstitution"": 0, ""Artist"": 5, ""Athlete"": 0, ""OfficeHolder"": 0, ""MeanOfTransportation"": 0, ""Building"": 0, ""NaturalPlace"": 0, ""Village"": 0, ""Animal"": 0, ""Plant"": 0, ""Album"": 0, ""Film"": 0, ""WrittenWork"": 0}",5,5,1.0,1
593,Building,Building,Building,Trinity Episcopal Church (Wheaton Illinois).  Trinity Episcopal Church is a historical Gothic Revival Episcopal church in Wheaton Illinois.,"{""Company"": 0, ""EducationalInstitution"": 0, ""Artist"": 0, ""Athlete"": 0, ""OfficeHolder"": 0, ""MeanOfTransportation"": 0, ""Building"": 5, ""NaturalPlace"": 0, ""Village"": 0, ""Animal"": 0, ""Plant"": 0, ""Album"": 0, ""Film"": 0, ""WrittenWork"": 0}",5,5,1.0,1
594,Plant,Plant,Plant,Bulbophyllum endotrachys.  Bulbophyllum endotrachys is a species of orchid in the genus Bulbophyllum.,"{""Company"": 0, ""EducationalInstitution"": 0, ""Artist"": 0, ""Athlete"": 0, ""OfficeHolder"": 0, ""MeanOfTransportation"": 0, ""Building"": 0, ""NaturalPlace"": 0, ""Village"": 0, ""Animal"": 1, ""Plant"": 4, ""Album"": 0, ""Film"": 0, ""WrittenWork"": 0}",4,5,0.8,1
595,EducationalInstitution,EducationalInstitution,EducationalInstitution,Information Resources Management College.  The National Defense University Information Resources Management College (NDU iCollege) is a U.S. Department of Defense graduate school working to inform leaders of the United States from the government and the private sector. A unit of the National Defense University (NDU) it is located at Fort McNair Washington DC.,"{""Company"": 0, ""EducationalInstitution"": 4, ""Artist"": 0, ""Athlete"": 0, ""OfficeHolder"": 1, ""MeanOfTransportation"": 0, ""Building"": 0, ""NaturalPlace"": 0, ""Village"": 0, ""Animal"": 0, ""Plant"": 0, ""Album"": 0, ""Film"": 0, ""WrittenWork"": 0}",4,5,0.8,1
596,MeanOfTransportation,MeanOfTransportation,OfficeHolder,USS The Sullivans (DDG-68).  USS The Sullivans (DDG-68) an Arleigh Burke-class Aegis guided missile destroyer is the second ship of the United States Navy to be named for the five Sullivan brothers — George Francis Joseph Madison and Albert Sullivan aged 20 to 27 – who lost their lives when their ship USS Juneau was sunk by a Japanese submarine in November 1942 in the Naval Battle of Guadalcanal (the first ship named for them was DD-537).,"{""Company"": 2, ""EducationalInstitution"": 0, ""Artist"": 0, ""Athlete"": 0, ""OfficeHolder"": 3, ""MeanOfTransportation"": 0, ""Building"": 0, ""NaturalPlace"": 0, ""Village"": 0, ""Animal"": 0, ""Plant"": 0, ""Album"": 0, ""Film"": 0, ""WrittenWork"": 0}",3,5,0.6,0
597,Village,Village,Village,Jalayer Shazand.  Jalayer (Persian: جلاير‎ also Romanized as Jalāyer) is a village in Nahr-e Mian Rural District Zalian District Shazand County Markazi Province Iran. At the 2006 census its population was 1359 in 302 families.,"{""Company"": 0, ""EducationalInstitution"": 0, ""Artist"": 0, ""Athlete"": 0, ""OfficeHolder"": 0, ""MeanOfTransportation"": 0, ""Building"": 0, ""NaturalPlace"": 0, ""Village"": 5, ""Animal"": 0, ""Plant"": 0, ""Album"": 0, ""Film"": 0, ""WrittenWork"": 0}",5,5,1.0,1
598,Athlete,Athlete,Athlete,Abhijit Das.  Abhijit Das (born 10 July 1987) is an Indian professional footballer who plays as a goalkeeper for United S.C. in the I-League.,"{""Company"": 0, ""EducationalInstitution"": 0, ""Artist"": 0, ""Athlete"": 5, ""OfficeHolder"": 0, ""MeanOfTransportation"": 0, ""Building"": 0, ""NaturalPlace"": 0, ""Village"": 0, ""Animal"": 0, ""Plant"": 0, ""Album"": 0, ""Film"": 0, ""WrittenWork"": 0}",5,5,1.0,1
599,OfficeHolder,OfficeHolder,EducationalInstitution,Winnie Monsod.  Solita Collas-Monsod popularly known as Mareng Winnie (born July 29 1940) is a Filipino broadcaster host economist and writer. She had been the 5th Director-General of the National Economic and Development Authority and concurrently socio-economic planning secretary of the Philippines from 1986 to 1989.Educated at the Wharton School of the University of Pennsylvania she holds the rank of Professor Emeritus at the University of the Philippines School of Economics.,"{""Company"": 0, ""EducationalInstitution"": 5, ""Artist"": 0, ""Athlete"": 0, ""OfficeHolder"": 0, ""MeanOfTransportation"": 0, ""Building"": 0, ""NaturalPlace"": 0, ""Village"": 0, ""Animal"": 0, ""Plant"": 0, ""Album"": 0, ""Film"": 0, ""WrittenWork"": 0}",5,5,1.0,0
600,Athlete,Athlete,Athlete,Conrad Byrne.  Conrad Con Augustus Byrne was a New Zealand rugby footballer who was part of the professional 1907-1908 New Zealand rugby tour of Great Britain.,"{""Company"": 0, ""EducationalInstitution"": 0, ""Artist"": 0, ""Athlete"": 5, ""OfficeHolder"": 0, ""MeanOfTransportation"": 0, ""Building"": 0, ""NaturalPlace"": 0, ""Village"": 0, ""Animal"": 0, ""Plant"": 0, ""Album"": 0, ""Film"": 0, ""WrittenWork"": 0}",5,5,1.0,1
601,MeanOfTransportation,MeanOfTransportation,OfficeHolder,L&YR Class 30.  The L&YR Class 30 was a class of 0-8-0 steam locomotives of the Lancashire and Yorkshire Railway. The class was designed by John Aspinall and introduced in 1900.,"{""Company"": 2, ""EducationalInstitution"": 0, ""Artist"": 0, ""Athlete"": 0, ""OfficeHolder"": 3, ""MeanOfTransportation"": 0, ""Building"": 0, ""NaturalPlace"": 0, ""Village"": 0, ""Animal"": 0, ""Plant"": 0, ""Album"": 0, ""Film"": 0, ""WrittenWork"": 0}",3,5,0.6,0
602,Animal,Animal,Animal,Batrachedra acrodeta.  Batrachedra acrodeta is a moth in the Batrachedridae family. It is found on Samoa.,"{""Company"": 0, ""EducationalInstitution"": 0, ""Artist"": 0, ""Athlete"": 0, ""OfficeHolder"": 0, ""MeanOfTransportation"": 0, ""Building"": 0, ""NaturalPlace"": 1, ""Village"": 0, ""Animal"": 4, ""Plant"": 0, ""Album"": 0, ""Film"": 0, ""WrittenWork"": 0}",4,5,0.8,1
603,Plant,Plant,Plant,Cypripedium macranthos.  The Large-flowered Cypripedium (Cypripedium macranthos) is a species of orchid.,"{""Company"": 0, ""EducationalInstitution"": 0, ""Artist"": 0, ""Athlete"": 0, ""OfficeHolder"": 0, ""MeanOfTransportation"": 0, ""Building"": 0, ""NaturalPlace"": 0, ""Village"": 0, ""Animal"": 0, ""Plant"": 5, ""Album"": 0, ""Film"": 0, ""WrittenWork"": 0}",5,5,1.0,1
604,Athlete,Athlete,Athlete,Rowley Douglas.  Rowley Douglas (born 27 January 1977) is a coxswain and Olympic champion for Great Britain.Douglas won a gold medal in coxed eights at the 2000 Summer Olympics in Sydney as a member of the British rowing team.,"{""Company"": 0, ""EducationalInstitution"": 0, ""Artist"": 1, ""Athlete"": 4, ""OfficeHolder"": 0, ""MeanOfTransportation"": 0, ""Building"": 0, ""NaturalPlace"": 0, ""Village"": 0, ""Animal"": 0, ""Plant"": 0, ""Album"": 0, ""Film"": 0, ""WrittenWork"": 0}",4,5,0.8,1
605,Building,Building,Building,Mynderse-Frederick House.  Mynderse-Frederick House is a historic home and tavern located at Guilderland in Albany County New York. It was built about 1800 and is a two story frame house with rear ell in the Colonial style. It has a gable roof and features a recessed entrance with pilasters transom and sidelights. It was adapted for use as a tavern in the 1840s and is now used as a local history museum.It was listed on the National Register of Historic Places in 1982.,"{""Company"": 0, ""EducationalInstitution"": 0, ""Artist"": 0, ""Athlete"": 0, ""OfficeHolder"": 1, ""MeanOfTransportation"": 0, ""Building"": 4, ""NaturalPlace"": 0, ""Village"": 0, ""Animal"": 0, ""Plant"": 0, ""Album"": 0, ""Film"": 0, ""WrittenWork"": 0}",4,5,0.8,1
606,MeanOfTransportation,MeanOfTransportation,Company,Dassault Falcon 900.  The Dassault Falcon 900 is a French-built corporate jet aircraft made by Dassault Aviation. It and its larger sibling the Falcon 7X are the only trijets in production. Both aircraft are notable in featuring an S-duct central engine.,"{""Company"": 5, ""EducationalInstitution"": 0, ""Artist"": 0, ""Athlete"": 0, ""OfficeHolder"": 0, ""MeanOfTransportation"": 0, ""Building"": 0, ""NaturalPlace"": 0, ""Village"": 0, ""Animal"": 0, ""Plant"": 0, ""Album"": 0, ""Film"": 0, ""WrittenWork"": 0}",5,5,1.0,0
607,Animal,Animal,Athlete,Magician (horse).  Magician (foaled 24 April 2010) is an Irish Thoroughbred racehorse. After showing unremarkable form as a two-year-old in 2012 he established himself as a top-class performer in May 2013 with wins in the Dee Stakes and the Irish 2000 Guineas. After a long break he returned in November to win the Breeders' Cup Turf and a month later was voted Cartier Champion Three-year-old Colt.,"{""Company"": 0, ""EducationalInstitution"": 0, ""Artist"": 0, ""Athlete"": 5, ""OfficeHolder"": 0, ""MeanOfTransportation"": 0, ""Building"": 0, ""NaturalPlace"": 0, ""Village"": 0, ""Animal"": 0, ""Plant"": 0, ""Album"": 0, ""Film"": 0, ""WrittenWork"": 0}",5,5,1.0,0
608,Athlete,Athlete,Athlete,Steven Godfroid.  Steven Emmanuel Godfroid Kunduma (born 16 March 1990) is a Rwandan international footballer who plays for Belgian club Saint-Gilloise as a midfielder.,"{""Company"": 0, ""EducationalInstitution"": 0, ""Artist"": 0, ""Athlete"": 5, ""OfficeHolder"": 0, ""MeanOfTransportation"": 0, ""Building"": 0, ""NaturalPlace"": 0, ""Village"": 0, ""Animal"": 0, ""Plant"": 0, ""Album"": 0, ""Film"": 0, ""WrittenWork"": 0}",5,5,1.0,1
609,Artist,Artist,Artist,Pedro Suárez-Vértiz.  Pedro Martín José María Suárez-Vértiz Alva (born February 13 1969 in Callao Peru) is a Peruvian singer-songwriter-guitarist. He founded the popular rock band Arena Hash with his brother Patricio Arturo Pomar and Christian Meier in 1987; a few years later the band broke up and Vértiz began his solo career. He is the winner of Orgullosamente Latino 2004 (Proudly Latin 2004) and winner of the Best Latin Soloist of the Year in Mexico.,"{""Company"": 1, ""EducationalInstitution"": 0, ""Artist"": 4, ""Athlete"": 0, ""OfficeHolder"": 0, ""MeanOfTransportation"": 0, ""Building"": 0, ""NaturalPlace"": 0, ""Village"": 0, ""Animal"": 0, ""Plant"": 0, ""Album"": 0, ""Film"": 0, ""WrittenWork"": 0}",4,5,0.8,1
610,Album,Album,Album,Airborne (Don Felder album).  Airborne is an album by former Eagles guitarist Don Felder. Until 2012 (Road to Forever) it remained his only solo album. It features Carlos Vega Joe Vitale Russ Kunkel Tris Imboden Timothy B.,"{""Company"": 0, ""EducationalInstitution"": 0, ""Artist"": 0, ""Athlete"": 0, ""OfficeHolder"": 0, ""MeanOfTransportation"": 0, ""Building"": 0, ""NaturalPlace"": 0, ""Village"": 0, ""Animal"": 0, ""Plant"": 0, ""Album"": 5, ""Film"": 0, ""WrittenWork"": 0}",5,5,1.0,1
611,Building,Building,Building,Van Vleck House and Barn.  The Van Vleck House was built in Jackson Wyoming in 1910-1011. The log house and barn are the only remaining residential structures in the vicinity of the Town Square.The Van Vleck House was built by Roy Van Vleck operator of the first mercantile or general store in Jackson. Roy and his new wife Genevieve Lawton Van Vleck lived in the cabin from 1911 to 1960. The Van Vleck house was notable at the time for possessing its own well which served much of the surrounding population.,"{""Company"": 2, ""EducationalInstitution"": 0, ""Artist"": 0, ""Athlete"": 0, ""OfficeHolder"": 0, ""MeanOfTransportation"": 0, ""Building"": 3, ""NaturalPlace"": 0, ""Village"": 0, ""Animal"": 0, ""Plant"": 0, ""Album"": 0, ""Film"": 0, ""WrittenWork"": 0}",3,5,0.6,1
612,MeanOfTransportation,MeanOfTransportation,OfficeHolder,Mesquito.  The Mesquito is a new sounding rocket vehicle developed for the NASA Sounding Rocket Program on Wallops Island Virginia. The skeeter (from similarity of name to mosquito) was developed to provide rocket-borne measurements of the mesospheric region of the upper atmosphere.,"{""Company"": 1, ""EducationalInstitution"": 0, ""Artist"": 0, ""Athlete"": 0, ""OfficeHolder"": 4, ""MeanOfTransportation"": 0, ""Building"": 0, ""NaturalPlace"": 0, ""Village"": 0, ""Animal"": 0, ""Plant"": 0, ""Album"": 0, ""Film"": 0, ""WrittenWork"": 0}",4,5,0.8,0
613,Album,Album,Album,Road Trips Volume 4 Number 2.  Road Trips Volume 4 Number 2 is a live album by the rock band the Grateful Dead. The 14th of the Road Trips series of archival releases it was recorded on March 31 and April 1 1988 at the Brendan Byrne Arena in East Rutherford New Jersey. It was released as a three disc CD on February 1 2011.Road Trips Volume 4 Number 2 subtitled April Fools' '88 includes the complete April 1 concert along with the second set encore and two songs from the first set of the March 31 concert.,"{""Company"": 0, ""EducationalInstitution"": 0, ""Artist"": 0, ""Athlete"": 0, ""OfficeHolder"": 0, ""MeanOfTransportation"": 0, ""Building"": 0, ""NaturalPlace"": 0, ""Village"": 0, ""Animal"": 0, ""Plant"": 0, ""Album"": 4, ""Film"": 1, ""WrittenWork"": 0}",4,5,0.8,1
614,Company,Company,Company,Herley Industries.  Herley Industries based in Lancaster Pennsylvania is an American company that specializes in supplying microwave and millimeter wave products to defense and aerospace industries. They provide solutions for radars flight instrumentation weapon sensors electronic warfare systems and guidance systems for contractors the U.S. government as well as governments and militaries worldwide.,"{""Company"": 5, ""EducationalInstitution"": 0, ""Artist"": 0, ""Athlete"": 0, ""OfficeHolder"": 0, ""MeanOfTransportation"": 0, ""Building"": 0, ""NaturalPlace"": 0, ""Village"": 0, ""Animal"": 0, ""Plant"": 0, ""Album"": 0, ""Film"": 0, ""WrittenWork"": 0}",5,5,1.0,1
615,Artist,Artist,Artist,Jim Aikin.  Jim Aikin (born in 1948 as James Douglas Aikin) is an American science fiction writer based in Livermore California. He is also a music technology writer an interactive fiction writer freelance editor and writer cellist and teacher. He frequently writes articles for various music industry magazines including Electronic Musician Keyboard Magazine and Mix.Aikin sold his first fiction story to Fantasy & Science Fiction where it appeared in the February 1981 issue.,"{""Company"": 2, ""EducationalInstitution"": 0, ""Artist"": 3, ""Athlete"": 0, ""OfficeHolder"": 0, ""MeanOfTransportation"": 0, ""Building"": 0, ""NaturalPlace"": 0, ""Village"": 0, ""Animal"": 0, ""Plant"": 0, ""Album"": 0, ""Film"": 0, ""WrittenWork"": 0}",3,5,0.6,1
616,Athlete,Athlete,Athlete,ReShard Lee.  ReShard Lee (born October 12 1980 in Brunswick Georgia) is an American football running back in the National Football League who is currently a free agent. He played college football for Middle Tennessee State University.ReShard Lee signed as an undrafted free agent in 2003 with the Dallas Cowboys but after needing arthroscopic surgery was released with an injury settlement. He was re-signed by the Dallas Cowboys in 2004 but was released before the start of the 2005 season.,"{""Company"": 0, ""EducationalInstitution"": 0, ""Artist"": 0, ""Athlete"": 5, ""OfficeHolder"": 0, ""MeanOfTransportation"": 0, ""Building"": 0, ""NaturalPlace"": 0, ""Village"": 0, ""Animal"": 0, ""Plant"": 0, ""Album"": 0, ""Film"": 0, ""WrittenWork"": 0}",5,5,1.0,1
617,MeanOfTransportation,MeanOfTransportation,OfficeHolder,Aurora Australis (icebreaker).  Aurora Australis is an Australian icebreaker. Built by Carrington Slipways and launched in 1989 the vessel is owned by P&O Maritime Services but is regularly chartered by the Australian Antarctic Division (AAD) for research cruises in Antarctic waters and to support Australian bases in Antarctica.,"{""Company"": 1, ""EducationalInstitution"": 0, ""Artist"": 0, ""Athlete"": 0, ""OfficeHolder"": 3, ""MeanOfTransportation"": 0, ""Building"": 1, ""NaturalPlace"": 0, ""Village"": 0, ""Animal"": 0, ""Plant"": 0, ""Album"": 0, ""Film"": 0, ""WrittenWork"": 0}",3,5,0.6,0
618,Plant,Plant,Plant,Bulbophyllum gracile.  Bulbophyllum gracile is a species of orchid in the genus Bulbophyllum.,"{""Company"": 1, ""EducationalInstitution"": 0, ""Artist"": 0, ""Athlete"": 0, ""OfficeHolder"": 1, ""MeanOfTransportation"": 0, ""Building"": 0, ""NaturalPlace"": 0, ""Village"": 0, ""Animal"": 1, ""Plant"": 2, ""Album"": 0, ""Film"": 0, ""WrittenWork"": 0}",2,5,0.4,1
619,Building,Building,Building,St Peter's Church Allexton.  St Peter's Church Allexton is a redundant Anglican church in the village of Allexton Leicestershire England. It has been designated by English Heritage as a Grade II* listed building and is under the care of the Churches Conservation Trust. Its most important feature is the Norman north arcade dating from about 1160.,"{""Company"": 0, ""EducationalInstitution"": 0, ""Artist"": 0, ""Athlete"": 0, ""OfficeHolder"": 0, ""MeanOfTransportation"": 0, ""Building"": 5, ""NaturalPlace"": 0, ""Village"": 0, ""Animal"": 0, ""Plant"": 0, ""Album"": 0, ""Film"": 0, ""WrittenWork"": 0}",5,5,1.0,1
620,Village,Village,Village,Savar-e Pain.  Savar-e Pain (Persian: سوارپائين‎ also Romanized as Savār-e Pā’īn) is a village in Zavkuh Rural District Pishkamar District Kalaleh County Golestan Province Iran. At the 2006 census its population was 493 in 106 families.,"{""Company"": 0, ""EducationalInstitution"": 0, ""Artist"": 0, ""Athlete"": 0, ""OfficeHolder"": 0, ""MeanOfTransportation"": 0, ""Building"": 0, ""NaturalPlace"": 0, ""Village"": 5, ""Animal"": 0, ""Plant"": 0, ""Album"": 0, ""Film"": 0, ""WrittenWork"": 0}",5,5,1.0,1
621,Album,Album,Company,Breaking the Silence EP.  Breaking the Silence is the first EP to be released by the Christian hard rock band The Letter Black. It was released on September 22 2009 on Tooth & Nail Records.,"{""Company"": 5, ""EducationalInstitution"": 0, ""Artist"": 0, ""Athlete"": 0, ""OfficeHolder"": 0, ""MeanOfTransportation"": 0, ""Building"": 0, ""NaturalPlace"": 0, ""Village"": 0, ""Animal"": 0, ""Plant"": 0, ""Album"": 0, ""Film"": 0, ""WrittenWork"": 0}",5,5,1.0,0
622,Artist,Artist,Artist,John D Morton.  John D Morton (born March 27 1953) is an American musician songwriter multi-instrumentalist poet writer and visual artist born in the Cleveland suburb of Lakewood Ohio best known as the leader and founder of protopunk band electric eels in 1972.,"{""Company"": 0, ""EducationalInstitution"": 0, ""Artist"": 5, ""Athlete"": 0, ""OfficeHolder"": 0, ""MeanOfTransportation"": 0, ""Building"": 0, ""NaturalPlace"": 0, ""Village"": 0, ""Animal"": 0, ""Plant"": 0, ""Album"": 0, ""Film"": 0, ""WrittenWork"": 0}",5,5,1.0,1
623,Company,Company,Company,Eighting.  Eighting Co. Ltd. (also called 8ing/Raizing Eighting/Raizing Raizing (ライジング) Eighting (エイティング) or 8ing) is a Japanese video game developer and publisher. It is known for its shoot 'em ups and its licensed fighting games.,"{""Company"": 5, ""EducationalInstitution"": 0, ""Artist"": 0, ""Athlete"": 0, ""OfficeHolder"": 0, ""MeanOfTransportation"": 0, ""Building"": 0, ""NaturalPlace"": 0, ""Village"": 0, ""Animal"": 0, ""Plant"": 0, ""Album"": 0, ""Film"": 0, ""WrittenWork"": 0}",5,5,1.0,1
624,Album,Album,Album,Dreamers Like Us.  Dreamers Like Us is a studio album by Canadian country music group The Higgins. It was released on June 8 2010 by Open Road Recordings. The first single was Free Like Love.,"{""Company"": 0, ""EducationalInstitution"": 0, ""Artist"": 0, ""Athlete"": 0, ""OfficeHolder"": 0, ""MeanOfTransportation"": 0, ""Building"": 0, ""NaturalPlace"": 0, ""Village"": 0, ""Animal"": 0, ""Plant"": 0, ""Album"": 5, ""Film"": 0, ""WrittenWork"": 0}",5,5,1.0,1
625,OfficeHolder,OfficeHolder,OfficeHolder,Gilbert Saboya Sunyé.  Gilbert Saboya Sunyé (born 28 July 1966) is an Andorran economist and politician who is current Minister of Foreign Affairs to the Principality of Andorra.,"{""Company"": 0, ""EducationalInstitution"": 0, ""Artist"": 0, ""Athlete"": 0, ""OfficeHolder"": 4, ""MeanOfTransportation"": 0, ""Building"": 0, ""NaturalPlace"": 0, ""Village"": 0, ""Animal"": 0, ""Plant"": 0, ""Album"": 0, ""Film"": 0, ""WrittenWork"": 0}",4,5,0.8,1
626,Plant,Plant,NaturalPlace,Grammatophyllum speciosum.  Grammatophyllum speciosum also called giant orchid tiger orchid sugar cane orchid or queen of the orchids is the world's largest orchid.,"{""Company"": 0, ""EducationalInstitution"": 0, ""Artist"": 0, ""Athlete"": 0, ""OfficeHolder"": 0, ""MeanOfTransportation"": 0, ""Building"": 0, ""NaturalPlace"": 3, ""Village"": 0, ""Animal"": 0, ""Plant"": 2, ""Album"": 0, ""Film"": 0, ""WrittenWork"": 0}",3,5,0.6,0
627,OfficeHolder,OfficeHolder,OfficeHolder,Tom Anselmi.  Tom Anselmi (born c. 1956) is a Canadian sports executive who most recently served as the President and COO for Maple Leaf Sports & Entertainment. He is trained in landscape architecture and engineering. Anselmi is an alumnus of Ryerson University and University of Saskatchewan.,"{""Company"": 0, ""EducationalInstitution"": 0, ""Artist"": 0, ""Athlete"": 0, ""OfficeHolder"": 5, ""MeanOfTransportation"": 0, ""Building"": 0, ""NaturalPlace"": 0, ""Village"": 0, ""Animal"": 0, ""Plant"": 0, ""Album"": 0, ""Film"": 0, ""WrittenWork"": 0}",5,5,1.0,1
628,Company,Company,Company,Murse World.  Murse World is an American company headquartered in West Hollywood CA that sells scrubs and accessories such as stethoscopes for use by male nurses and other medical professionals. Murse World is an online store that resells merchandise directly to consumers via its own website.,"{""Company"": 5, ""EducationalInstitution"": 0, ""Artist"": 0, ""Athlete"": 0, ""OfficeHolder"": 0, ""MeanOfTransportation"": 0, ""Building"": 0, ""NaturalPlace"": 0, ""Village"": 0, ""Animal"": 0, ""Plant"": 0, ""Album"": 0, ""Film"": 0, ""WrittenWork"": 0}",5,5,1.0,1
629,WrittenWork,WrittenWork,Company,Pathophysiology (journal).  Pathophysiology is an Elsevier journal established in 1994. It is the official journal of the International Society for Pathophysiology. It was established by Toshikazu Yoshikawa who was also its first editor-in-chief.,"{""Company"": 4, ""EducationalInstitution"": 0, ""Artist"": 0, ""Athlete"": 0, ""OfficeHolder"": 0, ""MeanOfTransportation"": 0, ""Building"": 0, ""NaturalPlace"": 0, ""Village"": 0, ""Animal"": 0, ""Plant"": 0, ""Album"": 0, ""Film"": 0, ""WrittenWork"": 0}",4,5,0.8,0
630,Village,Village,Village,Sanjud.  Sanjud (Persian: سانجود‎ also Romanized as Sānjūd; also known as Sāyenjūd) is a village in Safa Khaneh Rural District in the Central District of Shahin Dezh County West Azerbaijan Province Iran. At the 2006 census its population was 444 in 100 families.,"{""Company"": 0, ""EducationalInstitution"": 0, ""Artist"": 0, ""Athlete"": 0, ""OfficeHolder"": 0, ""MeanOfTransportation"": 0, ""Building"": 0, ""NaturalPlace"": 0, ""Village"": 5, ""Animal"": 0, ""Plant"": 0, ""Album"": 0, ""Film"": 0, ""WrittenWork"": 0}",5,5,1.0,1
631,Athlete,Athlete,Athlete,Dilshod Mukhtarov.  Dilshod Mukhtarov (Uzbek: Дильшод Мухтаров; born January 4 1975 in Tashkent) is an Uzbekistani sport shooter. Mukhtarov made his official debut at the 2000 Summer Olympics in Sydney where he finished ninth in the men's 10 m air pistol with a score of 379 points tying his position with Russia's Vladimir Goncharov.,"{""Company"": 0, ""EducationalInstitution"": 0, ""Artist"": 0, ""Athlete"": 5, ""OfficeHolder"": 0, ""MeanOfTransportation"": 0, ""Building"": 0, ""NaturalPlace"": 0, ""Village"": 0, ""Animal"": 0, ""Plant"": 0, ""Album"": 0, ""Film"": 0, ""WrittenWork"": 0}",5,5,1.0,1
632,Plant,Plant,NaturalPlace,Strobilanthes callosus.  Strobilanthes callosus Nees (Synonym: Carvia callosa (Nees) Bremek) is a shrub found mainly in the low hills of the western ghats all along the west coast of India. Its standardized Hindi language name is Maruadona (मरुआदोना) by which it is called in the state of Madhya Pradesh where it is also found.,"{""Company"": 0, ""EducationalInstitution"": 0, ""Artist"": 0, ""Athlete"": 0, ""OfficeHolder"": 0, ""MeanOfTransportation"": 0, ""Building"": 1, ""NaturalPlace"": 2, ""Village"": 0, ""Animal"": 0, ""Plant"": 2, ""Album"": 0, ""Film"": 0, ""WrittenWork"": 0}",2,5,0.4,0
633,Artist,Artist,Artist,David Guillas.  David Space Beaver Guillas (born February 27 1979) is a Canadian guitarist. Formerly of Giant Sons and Rough Music he is currently a member of hardcore punk band Propagandhi.,"{""Company"": 0, ""EducationalInstitution"": 0, ""Artist"": 4, ""Athlete"": 1, ""OfficeHolder"": 0, ""MeanOfTransportation"": 0, ""Building"": 0, ""NaturalPlace"": 0, ""Village"": 0, ""Animal"": 0, ""Plant"": 0, ""Album"": 0, ""Film"": 0, ""WrittenWork"": 0}",4,5,0.8,1
634,Animal,Animal,Animal,Gould's Frogmouth.  The Gould's Frogmouth (Batrachostomus stellatus) is a species of bird in the Podargidae family.It is found in Brunei Indonesia Malaysia Singapore and Thailand.Its natural habitat is subtropical or tropical moist lowland forests.It is threatened by habitat loss.The common name commemorates the English ornithologist and bird artist John Gould (1804-1881).,"{""Company"": 0, ""EducationalInstitution"": 0, ""Artist"": 2, ""Athlete"": 0, ""OfficeHolder"": 0, ""MeanOfTransportation"": 0, ""Building"": 0, ""NaturalPlace"": 0, ""Village"": 0, ""Animal"": 3, ""Plant"": 0, ""Album"": 0, ""Film"": 0, ""WrittenWork"": 0}",3,5,0.6,1
635,Building,Building,Building,First Presbyterian Manse (Niagara Falls New York).  First Presbyterian Manse also known as the Lavinia E. Porter House is a historic home located at Niagara Falls in Niagara County New York. It was built about 1849 and is a two-story stucco covered square brick dwelling in the Italianate style. It has a projecting full-height entrance and a rear addition. It has a low pitched gable roof with deep overhanging eaves and decorative brackets. The house was last renovated in 1927-1931. The home is associated with Lavinia E.,"{""Company"": 0, ""EducationalInstitution"": 0, ""Artist"": 0, ""Athlete"": 0, ""OfficeHolder"": 0, ""MeanOfTransportation"": 0, ""Building"": 5, ""NaturalPlace"": 0, ""Village"": 0, ""Animal"": 0, ""Plant"": 0, ""Album"": 0, ""Film"": 0, ""WrittenWork"": 0}",5,5,1.0,1
636,OfficeHolder,OfficeHolder,OfficeHolder,Steve Doyle (Wisconsin politician).  Steve Doyle (born May 21 1958) is a lawyer and Democratic member of the Wisconsin State Assembly first elected to represent the 94th district in 2011. He was reelected in 2012. He represents suburban La Crosse County including Onalaska Holmen West Salem and Shelby.,"{""Company"": 0, ""EducationalInstitution"": 0, ""Artist"": 0, ""Athlete"": 0, ""OfficeHolder"": 5, ""MeanOfTransportation"": 0, ""Building"": 0, ""NaturalPlace"": 0, ""Village"": 0, ""Animal"": 0, ""Plant"": 0, ""Album"": 0, ""Film"": 0, ""WrittenWork"": 0}",5,5,1.0,1
637,Album,Album,Album,The Frequency E.P..  The Frequency E.P. is an extended play album by PlayRadioPlay!. It debuted to the public on April 27 2007 and at number 6 on Billboard's Electronic chart.,"{""Company"": 0, ""EducationalInstitution"": 0, ""Artist"": 0, ""Athlete"": 0, ""OfficeHolder"": 0, ""MeanOfTransportation"": 0, ""Building"": 0, ""NaturalPlace"": 0, ""Village"": 0, ""Animal"": 0, ""Plant"": 0, ""Album"": 5, ""Film"": 0, ""WrittenWork"": 0}",5,5,1.0,1
638,Film,Film,Film,Kiss (2013 film).  Kiss: Keep It Simple Stupid is a Telugu romantic comedy film. Released on 12 September 2013 the film stars Adivi Sesh and Priya Banerjee. The film is directed by Sesh and produced by Saikiran Adivi.,"{""Company"": 0, ""EducationalInstitution"": 0, ""Artist"": 0, ""Athlete"": 0, ""OfficeHolder"": 0, ""MeanOfTransportation"": 0, ""Building"": 0, ""NaturalPlace"": 0, ""Village"": 0, ""Animal"": 0, ""Plant"": 0, ""Album"": 0, ""Film"": 5, ""WrittenWork"": 0}",5,5,1.0,1
639,MeanOfTransportation,MeanOfTransportation,OfficeHolder,USS Ability (AFDL-7).  The third USS Ability (AFDL-7) was a small auxiliary floating dry dock in the service of the United States Navy.She was laid down in 1943 at Eureka California by Chicago Bridge & Iron Company and launched in April 1944 as the unnamed one-section steel floating dry dock AFDL-7. The non-self-propelled floating dry dock was then towed from Eureka Calif. to Pearl Harbor Hawaii and approximately three weeks later to Kwajelein Marshall Islands.,"{""Company"": 0, ""EducationalInstitution"": 0, ""Artist"": 0, ""Athlete"": 0, ""OfficeHolder"": 3, ""MeanOfTransportation"": 0, ""Building"": 2, ""NaturalPlace"": 0, ""Village"": 0, ""Animal"": 0, ""Plant"": 0, ""Album"": 0, ""Film"": 0, ""WrittenWork"": 0}",3,5,0.6,0
640,EducationalInstitution,EducationalInstitution,EducationalInstitution,Iceni Academy.  The Iceni Academy (formerly Hockwold and Methwold Community School) is an academy and sixth form for pupils aged 4 to 18 located over two sites in Norfolk England.The school was first formed as Hockwold and Methwold Community School in September 2011 from the merger of Hockwold Primary School and Methwold High school.,"{""Company"": 0, ""EducationalInstitution"": 5, ""Artist"": 0, ""Athlete"": 0, ""OfficeHolder"": 0, ""MeanOfTransportation"": 0, ""Building"": 0, ""NaturalPlace"": 0, ""Village"": 0, ""Animal"": 0, ""Plant"": 0, ""Album"": 0, ""Film"": 0, ""WrittenWork"": 0}",5,5,1.0,1
641,WrittenWork,WrittenWork,Company,Boots on the Ground by Dusk.  Boots On The Ground By Dusk: Searching for Answers in the Death of Pat Tillman published byBlurb Inc. is the updated paperback release of the original hardcover book published in 2008 by Rodale Inc.In the book Pat Tillman's mother Mary recounts what the family has gone though in the years following his death.,"{""Company"": 3, ""EducationalInstitution"": 0, ""Artist"": 0, ""Athlete"": 0, ""OfficeHolder"": 0, ""MeanOfTransportation"": 0, ""Building"": 0, ""NaturalPlace"": 0, ""Village"": 0, ""Animal"": 0, ""Plant"": 0, ""Album"": 0, ""Film"": 1, ""WrittenWork"": 1}",3,5,0.6,0
642,Animal,Animal,Animal,Philophlaeus.  Philophlaeus is a genus of beetles in the family Carabidae containing the following species: Philophlaeus angulatus Chaudoir 1869 Philophlaeus australasiae Chaudoir 1869 Philophlaeus australis (Dejean 1826) Philophlaeus bivittatus Sloane 1920 Philophlaeus brunnipennis W.J.Macleay 1871 Philophlaeus confertus Blackburn 1892 Philophlaeus discorufus Sloane 1898 Philophlaeus distinguendus Chaudoir 1869 Philophlaeus eucalypti Germar 1848 Philophlaeus fuscipennis Germar 1848 Philophlaeus immaculatus Chaudoir 1869 Philophlaeus intermedius Chaudoir 1869 Philophlaeus laticollis Blackburn 1892 Philophlaeus luculentus (Newman 1842) Philophlaeus maculatus W.J.Macleay 1871 Philophlaeus moestus (Chaudoir 1869) Philophlaeus monticola Blackburn 1892 Philophlaeus myrmecophilus Lea 1912 Philophlaeus obtusus Chaudoir 1869 Philophlaeus occidentalis Blackburn 1890 Philophlaeus opaciceps Blackburn 1890 Philophlaeus ornatus Blackburn 1892 Philophlaeus planus (Newman 1840) Philophlaeus puberulus Chaudoir 1869 Philophlaeus pygmaeus Blackburn 1892 Philophlaeus quadripennis Chaudoir 1869 Philophlaeus rectangulus Chaudoir 1869 Philophlaeus simsoni Sloane 1920 Philophlaeus sydneyensis Blackburn 1892 Philophlaeus unicolor Chaudoir 1869 Philophlaeus vittatus W.J.Macleay 1871↑,"{""Company"": 0, ""EducationalInstitution"": 0, ""Artist"": 0, ""Athlete"": 0, ""OfficeHolder"": 0, ""MeanOfTransportation"": 0, ""Building"": 0, ""NaturalPlace"": 0, ""Village"": 0, ""Animal"": 5, ""Plant"": 0, ""Album"": 0, ""Film"": 0, ""WrittenWork"": 0}",5,5,1.0,1
643,Album,Album,Album,Liquid Acrobat as Regards the Air.  Liquid Acrobat as Regards the Air is the ninth album by the Incredible String Band. It features Mike Heron Robin Williamson Licorice McKechnie and Malcolm Le Maistre. The album was the band's first almost entirely electric recording; a new feature that was to define the change in the band's sound throughout their final period through 1974. The album did well on the charts and was the most financially successful of the band's output.[citation needed],"{""Company"": 0, ""EducationalInstitution"": 0, ""Artist"": 0, ""Athlete"": 0, ""OfficeHolder"": 0, ""MeanOfTransportation"": 0, ""Building"": 0, ""NaturalPlace"": 0, ""Village"": 0, ""Animal"": 0, ""Plant"": 0, ""Album"": 5, ""Film"": 0, ""WrittenWork"": 0}",5,5,1.0,1
644,Artist,Artist,Artist,Jeannie Pepper.  Jeannie Pepper (born July 9 1958 in Chicago Illinois) is a pornographic actress. She began in the business in 1982 at age 24 and has appeared in over 200 adult films. She was still an active actress as recently as 2007 participating in the mature adult genre.Pepper was inducted into the AVN Hall of Fame in 1997 the first African American woman to be recognized with that honor. She was inducted into the XRCO Hall of Fame in 2008.,"{""Company"": 1, ""EducationalInstitution"": 0, ""Artist"": 4, ""Athlete"": 0, ""OfficeHolder"": 0, ""MeanOfTransportation"": 0, ""Building"": 0, ""NaturalPlace"": 0, ""Village"": 0, ""Animal"": 0, ""Plant"": 0, ""Album"": 0, ""Film"": 0, ""WrittenWork"": 0}",4,5,0.8,1
645,WrittenWork,WrittenWork,WrittenWork,Cyberella.  Cyberella is a comic book series first published in 1996 as part of the short-lived DC Comics imprint Helix. The title was initially scheduled to be an on-going monthly but owing to poor sales figures for both it and the Helix line generally was cancelled after twelve issues in 1997. Written by Howard Chaykin and drawn by Don Cameron the title has been variously described as a techno-satire and a populist cyberpunk dystopia.,"{""Company"": 0, ""EducationalInstitution"": 0, ""Artist"": 0, ""Athlete"": 0, ""OfficeHolder"": 0, ""MeanOfTransportation"": 0, ""Building"": 0, ""NaturalPlace"": 0, ""Village"": 0, ""Animal"": 0, ""Plant"": 0, ""Album"": 1, ""Film"": 0, ""WrittenWork"": 4}",4,5,0.8,1
646,OfficeHolder,OfficeHolder,OfficeHolder,John Samuel Peters.  John Samuel Peters (September 21 1772 – March 30 1858) was an American politician a Whig and the 26th Governor of Connecticut.,"{""Company"": 0, ""EducationalInstitution"": 0, ""Artist"": 0, ""Athlete"": 0, ""OfficeHolder"": 5, ""MeanOfTransportation"": 0, ""Building"": 0, ""NaturalPlace"": 0, ""Village"": 0, ""Animal"": 0, ""Plant"": 0, ""Album"": 0, ""Film"": 0, ""WrittenWork"": 0}",5,5,1.0,1
647,Animal,Animal,Animal,Ceriomicrodon.  Ceriomicrodon is a genus of hoverflies. The only one known species Ceriomicrodon petiolatus lives in Mato Grosso Brazil. Only three specimens have ever been collected. Its biology is poorly known but the larvae are assumed to feed as scavengers in the nests of ants.,"{""Company"": 0, ""EducationalInstitution"": 0, ""Artist"": 0, ""Athlete"": 0, ""OfficeHolder"": 0, ""MeanOfTransportation"": 0, ""Building"": 0, ""NaturalPlace"": 0, ""Village"": 0, ""Animal"": 5, ""Plant"": 0, ""Album"": 0, ""Film"": 0, ""WrittenWork"": 0}",5,5,1.0,1
648,Animal,Animal,Animal,Acylita monosticta.  Acylita monosticta is a species of moth of the Noctuidae family. It is found in Brazil. Its wingspan is about 24 mm.,"{""Company"": 0, ""EducationalInstitution"": 0, ""Artist"": 0, ""Athlete"": 0, ""OfficeHolder"": 0, ""MeanOfTransportation"": 0, ""Building"": 0, ""NaturalPlace"": 0, ""Village"": 0, ""Animal"": 5, ""Plant"": 0, ""Album"": 0, ""Film"": 0, ""WrittenWork"": 0}",5,5,1.0,1
649,WrittenWork,WrittenWork,Company,Rilindja Demokratike.  Rilindja Demokratike (English: Democratic Rebirth and short RD) is a Albanian newspaper founded and continuously published in Tirana. Rilindja Demokratike is the official newspaper of the Democratic Party of Albania. Its chief editor is Bledi Kasmi.,"{""Company"": 5, ""EducationalInstitution"": 0, ""Artist"": 0, ""Athlete"": 0, ""OfficeHolder"": 0, ""MeanOfTransportation"": 0, ""Building"": 0, ""NaturalPlace"": 0, ""Village"": 0, ""Animal"": 0, ""Plant"": 0, ""Album"": 0, ""Film"": 0, ""WrittenWork"": 0}",5,5,1.0,0
650,Film,Film,Film,Prison Train.  Prison Train is a 1938 American crime drama film directed by Gordon Wiles. Released by Equity Pictures Corporation the film stars Fred Keating and Dorothy Comingore. Burlesque dancer Faith Bacon also appears in the film. It was her first and last film role.,"{""Company"": 0, ""EducationalInstitution"": 0, ""Artist"": 0, ""Athlete"": 0, ""OfficeHolder"": 0, ""MeanOfTransportation"": 0, ""Building"": 0, ""NaturalPlace"": 0, ""Village"": 0, ""Animal"": 0, ""Plant"": 0, ""Album"": 0, ""Film"": 5, ""WrittenWork"": 0}",5,5,1.0,1
651,Animal,Animal,Animal,Linosta.  Linosta is a genus of moths of the Crambidae family and only genus in the Linostinae subfamily.,"{""Company"": 2, ""EducationalInstitution"": 0, ""Artist"": 0, ""Athlete"": 0, ""OfficeHolder"": 0, ""MeanOfTransportation"": 0, ""Building"": 0, ""NaturalPlace"": 0, ""Village"": 0, ""Animal"": 3, ""Plant"": 0, ""Album"": 0, ""Film"": 0, ""WrittenWork"": 0}",3,5,0.6,1
652,NaturalPlace,NaturalPlace,NaturalPlace,Labour Day Lake.  Labour Day Lake is a lake located on Vancouver Island at the head of the Cameron River,"{""Company"": 0, ""EducationalInstitution"": 0, ""Artist"": 0, ""Athlete"": 0, ""OfficeHolder"": 0, ""MeanOfTransportation"": 0, ""Building"": 0, ""NaturalPlace"": 5, ""Village"": 0, ""Animal"": 0, ""Plant"": 0, ""Album"": 0, ""Film"": 0, ""WrittenWork"": 0}",5,5,1.0,1
653,Film,Film,Film,Killer Image (1992 film).  Killer Image is a 1992 independent Canadian suspense film directed by David Winning. It starred Michael Ironside as Luther Kane and John Pyper-Ferguson as Max Oliver. The story centers on two brothers one a powerful senator one a ruthless killer. A photographer captures images of the politician in a compromising position and is murdered. Now his brother has discovered the film and wants vengeance.,"{""Company"": 0, ""EducationalInstitution"": 0, ""Artist"": 0, ""Athlete"": 0, ""OfficeHolder"": 0, ""MeanOfTransportation"": 0, ""Building"": 0, ""NaturalPlace"": 0, ""Village"": 0, ""Animal"": 0, ""Plant"": 0, ""Album"": 0, ""Film"": 5, ""WrittenWork"": 0}",5,5,1.0,1
654,Athlete,Athlete,Athlete,Marcos Ramirez (boxer).  Marcos Ramírez (born March 31 1981 in Des Moines Iowa) is a professional boxer fighting in the Featherweight division. Ramírez is a former WBO NABO and the IBF Latino Featherweight Champion.,"{""Company"": 0, ""EducationalInstitution"": 0, ""Artist"": 0, ""Athlete"": 5, ""OfficeHolder"": 0, ""MeanOfTransportation"": 0, ""Building"": 0, ""NaturalPlace"": 0, ""Village"": 0, ""Animal"": 0, ""Plant"": 0, ""Album"": 0, ""Film"": 0, ""WrittenWork"": 0}",5,5,1.0,1
655,Plant,Plant,Plant,Trollius europaeus.  Trollius europaeus (globe-flower) is a perennial plant of the family Ranunculaceae. The plant is native to Europe and Western Asia and is a protected species in Bulgaria.,"{""Company"": 0, ""EducationalInstitution"": 0, ""Artist"": 0, ""Athlete"": 0, ""OfficeHolder"": 0, ""MeanOfTransportation"": 0, ""Building"": 0, ""NaturalPlace"": 0, ""Village"": 0, ""Animal"": 0, ""Plant"": 5, ""Album"": 0, ""Film"": 0, ""WrittenWork"": 0}",5,5,1.0,1
656,Animal,Animal,Animal,Empyelocera xanthostoma.  Empyelocera xanthostoma is a species of ulidiid or picture-winged fly in the genus Empyelocera of the family Tephritidae.,"{""Company"": 0, ""EducationalInstitution"": 0, ""Artist"": 0, ""Athlete"": 0, ""OfficeHolder"": 0, ""MeanOfTransportation"": 0, ""Building"": 0, ""NaturalPlace"": 0, ""Village"": 0, ""Animal"": 5, ""Plant"": 0, ""Album"": 0, ""Film"": 0, ""WrittenWork"": 0}",5,5,1.0,1
657,Animal,Animal,Animal,Recilia trifasciatus.  Recilia trifasciatus is a species of bug from the Cicadellidae family that can be found on Canary Islands and countries like Iran and Burkina Faso.,"{""Company"": 1, ""EducationalInstitution"": 0, ""Artist"": 0, ""Athlete"": 0, ""OfficeHolder"": 0, ""MeanOfTransportation"": 0, ""Building"": 0, ""NaturalPlace"": 0, ""Village"": 0, ""Animal"": 4, ""Plant"": 0, ""Album"": 0, ""Film"": 0, ""WrittenWork"": 0}",4,5,0.8,1
658,Artist,Artist,Company,Stella Gibbons.  Stella Dorothea Gibbons (5 January 1902 – 19 December 1989) was an English author journalist and poet. She established her reputation with her first novel Cold Comfort Farm (1932) which won the literary Prix Femina Étranger and has been reprinted many times. Although she was active as a writer for half a century none of her later 22 novels or other literary works—which included a sequel to Cold Comfort Farm—achieved the same critical or popular success.,"{""Company"": 1, ""EducationalInstitution"": 0, ""Artist"": 1, ""Athlete"": 0, ""OfficeHolder"": 0, ""MeanOfTransportation"": 0, ""Building"": 0, ""NaturalPlace"": 0, ""Village"": 0, ""Animal"": 0, ""Plant"": 0, ""Album"": 0, ""Film"": 0, ""WrittenWork"": 0}",1,5,0.2,0
659,Plant,Plant,Plant,Bidens laevis.  Bidens laevis is a species of flowering plant in the daisy family known by the common names bur-marigold and smooth beggarticks. It is native to the southern half of the United States where it grows in wetlands including estuaries and riverbanks. It is similar in appearance to its relative Bidens cernua and the two are sometimes confused. This is an annual or perennial herb growing over 20 centimeters tall and sometimes much taller exceeding one meter in height and sometimes approaching two.,"{""Company"": 0, ""EducationalInstitution"": 0, ""Artist"": 0, ""Athlete"": 0, ""OfficeHolder"": 0, ""MeanOfTransportation"": 0, ""Building"": 0, ""NaturalPlace"": 0, ""Village"": 0, ""Animal"": 0, ""Plant"": 5, ""Album"": 0, ""Film"": 0, ""WrittenWork"": 0}",5,5,1.0,1
660,NaturalPlace,NaturalPlace,NaturalPlace,Oued Saoura.  Oued Saoura is an intermittent river or wadi formed from the confluence of the Oued Guir and Oued Zouzfana at Igli forming the Saoura valley. While in the past the flow of the river was steady and plentiful in recent years it has diminished due to the construction of the Djorf Torba dam on the Oued Guir.,"{""Company"": 0, ""EducationalInstitution"": 0, ""Artist"": 0, ""Athlete"": 0, ""OfficeHolder"": 0, ""MeanOfTransportation"": 0, ""Building"": 2, ""NaturalPlace"": 3, ""Village"": 0, ""Animal"": 0, ""Plant"": 0, ""Album"": 0, ""Film"": 0, ""WrittenWork"": 0}",3,5,0.6,1
661,NaturalPlace,NaturalPlace,Building,Uhlberg.  Uhlberg is a mountain of Baden-Württemberg Germany.,"{""Company"": 0, ""EducationalInstitution"": 0, ""Artist"": 0, ""Athlete"": 0, ""OfficeHolder"": 0, ""MeanOfTransportation"": 0, ""Building"": 3, ""NaturalPlace"": 1, ""Village"": 0, ""Animal"": 0, ""Plant"": 0, ""Album"": 0, ""Film"": 0, ""WrittenWork"": 0}",3,5,0.6,0
662,Album,Album,Album,As Time Goes By (Bobby Vinton and George Burns album).  As Time Goes By was a duet album recorded by Bobby Vinton and George Burns; it was Vinton's thirty-seventh and final studio album. The first three songs are recorded by Vinton and Burns as duets.,"{""Company"": 0, ""EducationalInstitution"": 0, ""Artist"": 0, ""Athlete"": 0, ""OfficeHolder"": 0, ""MeanOfTransportation"": 0, ""Building"": 0, ""NaturalPlace"": 0, ""Village"": 0, ""Animal"": 0, ""Plant"": 0, ""Album"": 5, ""Film"": 0, ""WrittenWork"": 0}",5,5,1.0,1
663,Plant,Plant,Plant,Amanoa bracteosa.  Amanoa bracteosa is a species of plant in the Phyllanthaceae family. It is found in Ivory Coast Ghana Liberia and Sierra Leone. It is threatened by habitat loss.,"{""Company"": 0, ""EducationalInstitution"": 0, ""Artist"": 0, ""Athlete"": 0, ""OfficeHolder"": 0, ""MeanOfTransportation"": 0, ""Building"": 0, ""NaturalPlace"": 0, ""Village"": 0, ""Animal"": 0, ""Plant"": 5, ""Album"": 0, ""Film"": 0, ""WrittenWork"": 0}",5,5,1.0,1
664,Artist,Artist,Artist,Yuka Hirata.  Yuka Hirata (平田 裕香 Hirata Yuka September 15 1983–) is a Japanese actress tarento and gravure idol from Hokkaidō. She portrayed Mere (メレ Mere) in the Super Sentai Series Juken Sentai Gekiranger. She has also appeared in Food Fight an episode of Carlos and several idol videos.In 2010 she appeared in the live-action film Wonderful World with voice actors Mamoru Miyano Tomokazu Sugita Tomokazu Seki Showtaro Morikubo and Daisuke Namikawa.,"{""Company"": 0, ""EducationalInstitution"": 0, ""Artist"": 5, ""Athlete"": 0, ""OfficeHolder"": 0, ""MeanOfTransportation"": 0, ""Building"": 0, ""NaturalPlace"": 0, ""Village"": 0, ""Animal"": 0, ""Plant"": 0, ""Album"": 0, ""Film"": 0, ""WrittenWork"": 0}",5,5,1.0,1
665,Film,Film,Film,Busman's Holiday (film).  Busman's Holiday is a 1936 British comedy film directed by Maclean Rogers and starring Wally Patch Gus McNaughton and Muriel George. A bus conductor and his driver manage to round up a gang of criminals. It was made at Nettlefold Studios as a quota quickie for distribution by RKO Pictures. It is also known by the alternative title Bow Bells.,"{""Company"": 0, ""EducationalInstitution"": 0, ""Artist"": 0, ""Athlete"": 0, ""OfficeHolder"": 0, ""MeanOfTransportation"": 0, ""Building"": 0, ""NaturalPlace"": 0, ""Village"": 0, ""Animal"": 0, ""Plant"": 0, ""Album"": 0, ""Film"": 5, ""WrittenWork"": 0}",5,5,1.0,1
666,Building,Building,Building,Iglesia de Santa María de la Oliva (Villaviciosa).  Iglesia de Santa María de la Oliva (Villaviciosa) is a church in Asturias Spain.,"{""Company"": 0, ""EducationalInstitution"": 0, ""Artist"": 0, ""Athlete"": 0, ""OfficeHolder"": 0, ""MeanOfTransportation"": 0, ""Building"": 4, ""NaturalPlace"": 0, ""Village"": 0, ""Animal"": 0, ""Plant"": 0, ""Album"": 0, ""Film"": 0, ""WrittenWork"": 0}",4,5,0.8,1
667,Building,Building,Building,Holme Avenue Bridge.  The Holme Avenue Bridge is a closed-spandrel concrete arch bridge that carries Holme Avenue across Wooden Bridge Run (a tributary of Pennypack Creek) in Philadelphia Pennsylvania.The total length of the bridge is 101.1 feet (30.8 m). The width of its deck is 83.8 feet (25.5 m).Built in 1921 it remains in use today.,"{""Company"": 0, ""EducationalInstitution"": 0, ""Artist"": 0, ""Athlete"": 0, ""OfficeHolder"": 0, ""MeanOfTransportation"": 0, ""Building"": 5, ""NaturalPlace"": 0, ""Village"": 0, ""Animal"": 0, ""Plant"": 0, ""Album"": 0, ""Film"": 0, ""WrittenWork"": 0}",5,5,1.0,1
668,Film,Film,Film,Mourning Wife.  Mourning Wife (喪服の女　崩れる Mofuku no onna: Kuzureru) aka An Affair with a Woman in Mourning is a 2001 Japanese Pink film directed by Daisuke Gotō. It won the Silver Prize at the Pink Grand Prix ceremony. Personnel awards also went to Mayuko Sasaki for Best Actress 2nd place and Masahide Iioka for Cinematography.,"{""Company"": 0, ""EducationalInstitution"": 0, ""Artist"": 0, ""Athlete"": 0, ""OfficeHolder"": 0, ""MeanOfTransportation"": 0, ""Building"": 0, ""NaturalPlace"": 0, ""Village"": 0, ""Animal"": 0, ""Plant"": 0, ""Album"": 0, ""Film"": 5, ""WrittenWork"": 0}",5,5,1.0,1
669,MeanOfTransportation,MeanOfTransportation,OfficeHolder,New South Wales Z23 class locomotive.  The Z23 class (formally O.446 class) was a class of steam locomotives built for the New South Wales Government Railways in Australia.,"{""Company"": 0, ""EducationalInstitution"": 0, ""Artist"": 0, ""Athlete"": 0, ""OfficeHolder"": 5, ""MeanOfTransportation"": 0, ""Building"": 0, ""NaturalPlace"": 0, ""Village"": 0, ""Animal"": 0, ""Plant"": 0, ""Album"": 0, ""Film"": 0, ""WrittenWork"": 0}",5,5,1.0,0
670,OfficeHolder,OfficeHolder,OfficeHolder,William McOvat Cottingham.  William McOvat Cottingham (January 8 1905 – March 20 1983) was a Canadian provincial politician. He was the Union Nationale member of the Legislative Assembly of Quebec for Argenteuil from 1948 to 1966. He was the Minister of Mines from 1954 to 1960. He was also mayor of Saint-Jérusalem-d'Argenteuil (Lachute) Quebec from 1951 to 1953.,"{""Company"": 0, ""EducationalInstitution"": 0, ""Artist"": 0, ""Athlete"": 0, ""OfficeHolder"": 5, ""MeanOfTransportation"": 0, ""Building"": 0, ""NaturalPlace"": 0, ""Village"": 0, ""Animal"": 0, ""Plant"": 0, ""Album"": 0, ""Film"": 0, ""WrittenWork"": 0}",5,5,1.0,1
671,MeanOfTransportation,MeanOfTransportation,Company,Mazda Millenia.  The Mazda Millenia is an automobile which was manufactured by Mazda in Japan from 1993 to 2003. The Millenia was originally planned as the second of three models for Mazda’s proposed luxury brand Amati. As the company’s dwindling finances prevented the launch of the Amati brand the Millenia was released in the autumn of 1993 in Europe as the Mazda Xedos 9 and in Japan and Australia as the Eunos 800.,"{""Company"": 5, ""EducationalInstitution"": 0, ""Artist"": 0, ""Athlete"": 0, ""OfficeHolder"": 0, ""MeanOfTransportation"": 0, ""Building"": 0, ""NaturalPlace"": 0, ""Village"": 0, ""Animal"": 0, ""Plant"": 0, ""Album"": 0, ""Film"": 0, ""WrittenWork"": 0}",5,5,1.0,0
672,Plant,Plant,Plant,Isolona deightonii.  Isolona deightonii is a species of plant in the Annonaceae family. It is found in Ghana and Sierra Leone. It is threatened by habitat loss.,"{""Company"": 0, ""EducationalInstitution"": 0, ""Artist"": 0, ""Athlete"": 0, ""OfficeHolder"": 0, ""MeanOfTransportation"": 0, ""Building"": 0, ""NaturalPlace"": 0, ""Village"": 0, ""Animal"": 0, ""Plant"": 5, ""Album"": 0, ""Film"": 0, ""WrittenWork"": 0}",5,5,1.0,1
673,OfficeHolder,OfficeHolder,OfficeHolder,John Thurloe.  John Thurloe (June 1616 – 21 February 1668) was a secretary to the council of state in Protectorate England and spymaster for Oliver Cromwell.,"{""Company"": 0, ""EducationalInstitution"": 0, ""Artist"": 0, ""Athlete"": 0, ""OfficeHolder"": 5, ""MeanOfTransportation"": 0, ""Building"": 0, ""NaturalPlace"": 0, ""Village"": 0, ""Animal"": 0, ""Plant"": 0, ""Album"": 0, ""Film"": 0, ""WrittenWork"": 0}",5,5,1.0,1
674,Plant,Plant,Plant,Marchantia berteroana.  Marchantia berteroana is a liverwort species in the genus Marchantia.M. berteroana contains the flavones isoscutellarein and hypolaetin 8-glucuronides.,"{""Company"": 0, ""EducationalInstitution"": 0, ""Artist"": 0, ""Athlete"": 0, ""OfficeHolder"": 0, ""MeanOfTransportation"": 0, ""Building"": 0, ""NaturalPlace"": 0, ""Village"": 0, ""Animal"": 0, ""Plant"": 5, ""Album"": 0, ""Film"": 0, ""WrittenWork"": 0}",5,5,1.0,1
675,Plant,Plant,Plant,Myriocarpa.  Myriocarpa is a genus woody plant which ranges in size from shrubs to small trees and is endemic to Central and South America. Within the Urticaceae Myriocarpa is characterized by long pendulous string-like female inflorescences of apparently naked flowers and stems which release a watery latex when cut. Estimates for the diversity of the genus range from five to eighteen species.,"{""Company"": 0, ""EducationalInstitution"": 0, ""Artist"": 0, ""Athlete"": 0, ""OfficeHolder"": 0, ""MeanOfTransportation"": 0, ""Building"": 0, ""NaturalPlace"": 0, ""Village"": 0, ""Animal"": 0, ""Plant"": 5, ""Album"": 0, ""Film"": 0, ""WrittenWork"": 0}",5,5,1.0,1
676,Building,Building,Building,Dudley Museum and Art Gallery.  Dudley Museum and Art Gallery is a public museum and art gallery located in the town centre of Dudley in the West Midlands England. It was opened in 1883 situated within buildings on St James's Road and has remained at this site ever since.,"{""Company"": 0, ""EducationalInstitution"": 0, ""Artist"": 0, ""Athlete"": 0, ""OfficeHolder"": 0, ""MeanOfTransportation"": 0, ""Building"": 5, ""NaturalPlace"": 0, ""Village"": 0, ""Animal"": 0, ""Plant"": 0, ""Album"": 0, ""Film"": 0, ""WrittenWork"": 0}",5,5,1.0,1
677,EducationalInstitution,EducationalInstitution,EducationalInstitution,Jose J. Leido Jr. Memorial National High School.  The Jose J. Leido Jr. Memorial National High School or Lemnahis (short for Leido Memorial National High School) and formerly Oriental Mindoro High School is the flagship campus and the largest Public High School in Oriental Mindoro. It was established in 1921 and is located in San Vicente East Calapan City in Oriental Mindoro. It offers high school education from first year to fourth year. The school is headed by Dr. Nimrod Bantigue.,"{""Company"": 0, ""EducationalInstitution"": 4, ""Artist"": 0, ""Athlete"": 0, ""OfficeHolder"": 1, ""MeanOfTransportation"": 0, ""Building"": 0, ""NaturalPlace"": 0, ""Village"": 0, ""Animal"": 0, ""Plant"": 0, ""Album"": 0, ""Film"": 0, ""WrittenWork"": 0}",4,5,0.8,1
678,Animal,Animal,Animal,Neocodia.  Neocodia is a genus of moths of the Noctuidae family.,"{""Company"": 0, ""EducationalInstitution"": 0, ""Artist"": 0, ""Athlete"": 0, ""OfficeHolder"": 0, ""MeanOfTransportation"": 0, ""Building"": 0, ""NaturalPlace"": 0, ""Village"": 0, ""Animal"": 5, ""Plant"": 0, ""Album"": 0, ""Film"": 0, ""WrittenWork"": 0}",5,5,1.0,1
679,NaturalPlace,NaturalPlace,Village,Sadău River.  The Sadău River is a tributary of the Suceava River. Its source is located in Ukraine. The river then crosses the border into Romania joining the Suceava River near the village of Sadău.,"{""Company"": 0, ""EducationalInstitution"": 0, ""Artist"": 0, ""Athlete"": 0, ""OfficeHolder"": 0, ""MeanOfTransportation"": 0, ""Building"": 0, ""NaturalPlace"": 2, ""Village"": 3, ""Animal"": 0, ""Plant"": 0, ""Album"": 0, ""Film"": 0, ""WrittenWork"": 0}",3,5,0.6,0
680,WrittenWork,WrittenWork,Company,Just Relations.  Just Relations is a Miles Franklin Award winning novel by Australian author Rodney Hall. The novel won the Miles Franklin Award the FAW ANA Literature Award and the FAW Barbara Ramsden Award for the Book of the Year in 1982.,"{""Company"": 4, ""EducationalInstitution"": 0, ""Artist"": 0, ""Athlete"": 0, ""OfficeHolder"": 0, ""MeanOfTransportation"": 0, ""Building"": 0, ""NaturalPlace"": 0, ""Village"": 0, ""Animal"": 0, ""Plant"": 0, ""Album"": 0, ""Film"": 0, ""WrittenWork"": 1}",4,5,0.8,0
681,Athlete,Athlete,Athlete,Weldon Henley.  Weldon Henley (October 25 1880 in Jasper Georgia – November 16 1960 in Palatka Florida) was a Major League Baseball pitcher from 1903 to 1907. He played for the Philadelphia Athletics and Brooklyn Dodgers.Henley made his major league debut on April 23 1903. He pitched a no-hitter against the St. Louis Browns in the first game of a doubleheader on July 22 1905.Henley was the first Georgia Tech alumnus to play in the Majors. His fraternity was Sigma Nu.,"{""Company"": 0, ""EducationalInstitution"": 0, ""Artist"": 0, ""Athlete"": 5, ""OfficeHolder"": 0, ""MeanOfTransportation"": 0, ""Building"": 0, ""NaturalPlace"": 0, ""Village"": 0, ""Animal"": 0, ""Plant"": 0, ""Album"": 0, ""Film"": 0, ""WrittenWork"": 0}",5,5,1.0,1
682,MeanOfTransportation,MeanOfTransportation,Company,Silver Shadow (ship).  MV Silver Shadow is a cruise ship which entered service in 2000 and is operated by Silversea Cruises. The passenger capacity is 382 passengers and there are 295 crew members. Her sister ship is the Silver Whisper and both ships were built by the Mariotti Shipyard in Genoa Italy. They both have a high space-to-passenger ratio at 74 providing more space per passenger than any other cruise ship. Space ratio is calculated by dividing a vessel's gross tonnage by its passenger capacity.,"{""Company"": 3, ""EducationalInstitution"": 0, ""Artist"": 0, ""Athlete"": 0, ""OfficeHolder"": 0, ""MeanOfTransportation"": 0, ""Building"": 0, ""NaturalPlace"": 0, ""Village"": 0, ""Animal"": 0, ""Plant"": 0, ""Album"": 0, ""Film"": 0, ""WrittenWork"": 0}",3,5,0.6,0
683,NaturalPlace,NaturalPlace,NaturalPlace,Mescalero Escarpment.  The Mescalero Escarpment also known as the Mescalero Ridge forms the western edge of the great Llano Estacado a vast plateau or tableland in the southwestern United States in New Mexico and Texas. It is the western equivalent of the Caprock Escarpment which defines the eastern edge of the Llano Estacado.,"{""Company"": 0, ""EducationalInstitution"": 0, ""Artist"": 0, ""Athlete"": 0, ""OfficeHolder"": 0, ""MeanOfTransportation"": 0, ""Building"": 0, ""NaturalPlace"": 5, ""Village"": 0, ""Animal"": 0, ""Plant"": 0, ""Album"": 0, ""Film"": 0, ""WrittenWork"": 0}",5,5,1.0,1
684,Building,Building,Building,Zvíkov Castle.  Zvíkov (Czech: Hrad Zvíkov German: Klingenberg) often called the king of Czech castles is a castle located at the junction of the Vltava and Otava rivers some 15 km north of Písek in the South Bohemian Region Czech Republic next to the village of Zvíkovské Podhradí. It stands on a difficult-to-access and steep promontory above the confluence of the Vltava and Otava rivers.,"{""Company"": 0, ""EducationalInstitution"": 0, ""Artist"": 0, ""Athlete"": 0, ""OfficeHolder"": 0, ""MeanOfTransportation"": 0, ""Building"": 5, ""NaturalPlace"": 0, ""Village"": 0, ""Animal"": 0, ""Plant"": 0, ""Album"": 0, ""Film"": 0, ""WrittenWork"": 0}",5,5,1.0,1
685,Athlete,Athlete,Athlete,Arnold Briedis.  Arnold Briedis (born 20 August 1955) is a former Australian rules footballer who played for North Melbourne in the VFL during the 1970s. A centre half forward Briedis was a member of North Melbourne's inaugural premiership side in 1975 kicking 5 goals in the grand final. In the 1977 VFL Grand Final Briedis kicked seven points and his inaccuracy at goal nearly cost North Melbourne the premiership when they drew with Collingwood.,"{""Company"": 0, ""EducationalInstitution"": 0, ""Artist"": 0, ""Athlete"": 5, ""OfficeHolder"": 0, ""MeanOfTransportation"": 0, ""Building"": 0, ""NaturalPlace"": 0, ""Village"": 0, ""Animal"": 0, ""Plant"": 0, ""Album"": 0, ""Film"": 0, ""WrittenWork"": 0}",5,5,1.0,1
686,Company,Company,Company,Georgian Airways.  Georgian Airways (Georgian: ჯორჯიან ეარვეისი) or Airzena is the flag carrier of the Republic of Georgia with its headquarters in Tbilisi. It is a privately owned airline operating services from Georgia to destinations mainly in Europe and Western Asia. Its main base is Tbilisi International Airport.,"{""Company"": 5, ""EducationalInstitution"": 0, ""Artist"": 0, ""Athlete"": 0, ""OfficeHolder"": 0, ""MeanOfTransportation"": 0, ""Building"": 0, ""NaturalPlace"": 0, ""Village"": 0, ""Animal"": 0, ""Plant"": 0, ""Album"": 0, ""Film"": 0, ""WrittenWork"": 0}",5,5,1.0,1
687,Animal,Animal,Animal,Ocypodidae.  The Ocypodidae are a family of semiterrestrial crabs that includes the ghost crabs and fiddler crabs. Other genera previously included in the family are now treated as members of separate families in the superfamily Ocypodoidea such as Ucididae Dotillidae and Macrophthalmidae.They currently include two subfamilies and three genera:Ocypodinae Rafinesque 1815Ocypode Weber 1795Hoplocypode Sakai & Türkay 2013Ucinae Dana 1851Uca Leach 1814↑ ↑,"{""Company"": 0, ""EducationalInstitution"": 0, ""Artist"": 0, ""Athlete"": 0, ""OfficeHolder"": 0, ""MeanOfTransportation"": 0, ""Building"": 0, ""NaturalPlace"": 0, ""Village"": 0, ""Animal"": 5, ""Plant"": 0, ""Album"": 0, ""Film"": 0, ""WrittenWork"": 0}",5,5,1.0,1
688,Athlete,Athlete,Athlete,Fauzal Mubaraq.  Fauzal Mubaraq is an Indonesian footballer who plays for PSPS Pekanbaru in the Indonesia Super League as a goalkeeper. His height is 180 cm.,"{""Company"": 0, ""EducationalInstitution"": 0, ""Artist"": 0, ""Athlete"": 5, ""OfficeHolder"": 0, ""MeanOfTransportation"": 0, ""Building"": 0, ""NaturalPlace"": 0, ""Village"": 0, ""Animal"": 0, ""Plant"": 0, ""Album"": 0, ""Film"": 0, ""WrittenWork"": 0}",5,5,1.0,1
689,Company,Company,EducationalInstitution,SWERN.  SWERN (The South West England Regional Network) is one of the regional networks that make up Janet the UK's research and education network. SWERN is owned and operated by the universities of Plymouth Exeter Bristol Bath and the West of England and also provides high speed connections to the other South West Higher Education Institutions (HEIs).,"{""Company"": 1, ""EducationalInstitution"": 2, ""Artist"": 0, ""Athlete"": 0, ""OfficeHolder"": 2, ""MeanOfTransportation"": 0, ""Building"": 0, ""NaturalPlace"": 0, ""Village"": 0, ""Animal"": 0, ""Plant"": 0, ""Album"": 0, ""Film"": 0, ""WrittenWork"": 0}",2,5,0.4,0
690,EducationalInstitution,EducationalInstitution,EducationalInstitution,Africa Beza College.  Africa Beza University College (ABUC) is a private university college in Ethiopia founded on October 20 1998 in Awassa the Southern Nations Nationalities and Peoples Region state capital. It initially had an enrollment of 450 students. Shortly thereafter ABUC expanded to Shashemene and also opened Addis Ababa and Nekemte branches in October 1999 and January 2000 respectively.,"{""Company"": 0, ""EducationalInstitution"": 5, ""Artist"": 0, ""Athlete"": 0, ""OfficeHolder"": 0, ""MeanOfTransportation"": 0, ""Building"": 0, ""NaturalPlace"": 0, ""Village"": 0, ""Animal"": 0, ""Plant"": 0, ""Album"": 0, ""Film"": 0, ""WrittenWork"": 0}",5,5,1.0,1
691,EducationalInstitution,EducationalInstitution,EducationalInstitution,Tuscarawas Valley High School.  Tuscarawas Valley High School is a public high school in Zoarville Ohio. It is the only high school in the Tuscarawas Valley Local Schools district. Their nickname is the Trojans.,"{""Company"": 1, ""EducationalInstitution"": 4, ""Artist"": 0, ""Athlete"": 0, ""OfficeHolder"": 0, ""MeanOfTransportation"": 0, ""Building"": 0, ""NaturalPlace"": 0, ""Village"": 0, ""Animal"": 0, ""Plant"": 0, ""Album"": 0, ""Film"": 0, ""WrittenWork"": 0}",4,5,0.8,1
692,Artist,Artist,Artist,Kate Martin (musician).  Kate Martin is singer-songwriter originally from Townsville Australia. She is signed to Shock Records.,"{""Company"": 0, ""EducationalInstitution"": 0, ""Artist"": 5, ""Athlete"": 0, ""OfficeHolder"": 0, ""MeanOfTransportation"": 0, ""Building"": 0, ""NaturalPlace"": 0, ""Village"": 0, ""Animal"": 0, ""Plant"": 0, ""Album"": 0, ""Film"": 0, ""WrittenWork"": 0}",5,5,1.0,1
693,Athlete,Athlete,Athlete,Barry Seabourne.  Barry Seabourne (birth registered January→March 1947 (age 66–67) in Leeds district) is an English professional rugby league footballer of the 1960s and '70s and coach of the 1980s playing at representative level for Great Britain and England and at club level for Leeds and Bradford Northern as a Scrum-half/Halfback i.e. number 7 and coaching at club level for Bradford Northern.,"{""Company"": 0, ""EducationalInstitution"": 0, ""Artist"": 0, ""Athlete"": 3, ""OfficeHolder"": 0, ""MeanOfTransportation"": 0, ""Building"": 0, ""NaturalPlace"": 0, ""Village"": 0, ""Animal"": 0, ""Plant"": 0, ""Album"": 0, ""Film"": 0, ""WrittenWork"": 0}",3,5,0.6,1
694,Animal,Animal,Animal,Syrnola michaeli.  Syrnola michaeli is a species of sea snail a marine gastropod mollusk in the family Pyramidellidae the pyrams and their allies. Snails are slimy and gross.,"{""Company"": 1, ""EducationalInstitution"": 0, ""Artist"": 0, ""Athlete"": 0, ""OfficeHolder"": 0, ""MeanOfTransportation"": 0, ""Building"": 0, ""NaturalPlace"": 0, ""Village"": 0, ""Animal"": 4, ""Plant"": 0, ""Album"": 0, ""Film"": 0, ""WrittenWork"": 0}",4,5,0.8,1
695,NaturalPlace,NaturalPlace,Building,Prislop Pass.  Prislop Pass (Romanian: Pasul Prislop) is a mountain pass in northern Romania connecting the historical regions of Maramureş and Bukovina over the Rodna Mountains in the Eastern Carpathians. The Prislop Pass is situated at an altitude of 1416 meters. The nearest city is Borşa.,"{""Company"": 0, ""EducationalInstitution"": 0, ""Artist"": 0, ""Athlete"": 0, ""OfficeHolder"": 0, ""MeanOfTransportation"": 0, ""Building"": 3, ""NaturalPlace"": 2, ""Village"": 0, ""Animal"": 0, ""Plant"": 0, ""Album"": 0, ""Film"": 0, ""WrittenWork"": 0}",3,5,0.6,0
696,MeanOfTransportation,MeanOfTransportation,OfficeHolder,RV Vantuna.  The Vantuna was a marine research vessel that operated in the Southern California Bight from 1969 until 2007. It served as a tool for coastal research and was a unique platform for Occidental College students to gain first hand experience conducting marine research operations. Scores of students who have worked on the Vantuna have gone on to have careers in marine science.,"{""Company"": 0, ""EducationalInstitution"": 1, ""Artist"": 0, ""Athlete"": 0, ""OfficeHolder"": 4, ""MeanOfTransportation"": 0, ""Building"": 0, ""NaturalPlace"": 0, ""Village"": 0, ""Animal"": 0, ""Plant"": 0, ""Album"": 0, ""Film"": 0, ""WrittenWork"": 0}",4,5,0.8,0
697,Village,Village,Village,Sumin Lipno County.  Sumin [ˈsumin] (German: Saumfeld) is a village in the administrative district of Gmina Kikół within Lipno County Kuyavian-Pomeranian Voivodeship in north-central Poland.,"{""Company"": 0, ""EducationalInstitution"": 0, ""Artist"": 0, ""Athlete"": 0, ""OfficeHolder"": 0, ""MeanOfTransportation"": 0, ""Building"": 0, ""NaturalPlace"": 0, ""Village"": 5, ""Animal"": 0, ""Plant"": 0, ""Album"": 0, ""Film"": 0, ""WrittenWork"": 0}",5,5,1.0,1
698,WrittenWork,WrittenWork,Company,The Magic Pen of Joseph Clement Coll.  The Magic Pen of Joseph Clement Coll is a study of American illustrator Joseph Clement Coll by Walt Reed. It was first published by Donald M. Grant Publisher Inc. in 1978 in an edition of 750 copies all of which were numbered and signed by the author.,"{""Company"": 5, ""EducationalInstitution"": 0, ""Artist"": 0, ""Athlete"": 0, ""OfficeHolder"": 0, ""MeanOfTransportation"": 0, ""Building"": 0, ""NaturalPlace"": 0, ""Village"": 0, ""Animal"": 0, ""Plant"": 0, ""Album"": 0, ""Film"": 0, ""WrittenWork"": 0}",5,5,1.0,0
699,OfficeHolder,OfficeHolder,OfficeHolder,Howard Alexander Smith.  Howard Alexander Smith (January 30 1880 – October 27 1966) was an American lawyer and politician. A member of the Republican Party he served as a United States Senator from New Jersey from 1944 to 1959. He was the uncle of Peter H. Dominick who was a Senator from Colorado (1963–1975).,"{""Company"": 0, ""EducationalInstitution"": 0, ""Artist"": 0, ""Athlete"": 0, ""OfficeHolder"": 5, ""MeanOfTransportation"": 0, ""Building"": 0, ""NaturalPlace"": 0, ""Village"": 0, ""Animal"": 0, ""Plant"": 0, ""Album"": 0, ""Film"": 0, ""WrittenWork"": 0}",5,5,1.0,1
700,Artist,Artist,Artist,Frank Weyzig.  Frank Weyzig is a Dutch producer composer and band member known for his contribution to the original Clan of Xymox and his work for indie new wave band Born For Bliss. More recently Weyzig is involved with Vaselyne White Rose Transmission and Stargazing Project. In January 2011 Weyzig founded Turmoil Music a new music platform for Independent Artists.,"{""Company"": 0, ""EducationalInstitution"": 0, ""Artist"": 5, ""Athlete"": 0, ""OfficeHolder"": 0, ""MeanOfTransportation"": 0, ""Building"": 0, ""NaturalPlace"": 0, ""Village"": 0, ""Animal"": 0, ""Plant"": 0, ""Album"": 0, ""Film"": 0, ""WrittenWork"": 0}",5,5,1.0,1
701,Animal,Animal,Animal,Cephalotes cordiae.  Cephalotes cordiae is a species of arboreal ant of the genus Cephalotes characterized by an odd shaped head and the ability to parachute by steering their fall if they drop off of the tree they're on. Giving their name also as gliding ants.,"{""Company"": 0, ""EducationalInstitution"": 0, ""Artist"": 0, ""Athlete"": 0, ""OfficeHolder"": 0, ""MeanOfTransportation"": 0, ""Building"": 0, ""NaturalPlace"": 0, ""Village"": 0, ""Animal"": 5, ""Plant"": 0, ""Album"": 0, ""Film"": 0, ""WrittenWork"": 0}",5,5,1.0,1
702,Building,Building,Building,Anamosa State Penitentiary.  Anamosa State Penitentiary is a maximum security penitentiary prison for men. It is located in the Jones County community of Anamosa Iowa - approximately 25 miles (40 km) northeast of Cedar Rapids Iowa.Currently the penitentiary is home to approximately 1080 inmates with another 175 in segregation (31 May 2010) and has 357 staff members.,"{""Company"": 0, ""EducationalInstitution"": 0, ""Artist"": 0, ""Athlete"": 0, ""OfficeHolder"": 2, ""MeanOfTransportation"": 0, ""Building"": 3, ""NaturalPlace"": 0, ""Village"": 0, ""Animal"": 0, ""Plant"": 0, ""Album"": 0, ""Film"": 0, ""WrittenWork"": 0}",3,5,0.6,1
703,OfficeHolder,OfficeHolder,OfficeHolder,Ii Naosuke.  Ii Naosuke (井伊 直弼 November 29 1815 – March 24 1860) was daimyo of Hikone (1850–1860) and also Tairō of Tokugawa Shogunate Japan a position he held from April 23 1858 until his death on March 24 1860. He is most famous for signing the Harris Treaty with the United States granting access to ports for trade to American merchants and seamen and extraterritoriality to American citizens.,"{""Company"": 0, ""EducationalInstitution"": 0, ""Artist"": 0, ""Athlete"": 0, ""OfficeHolder"": 2, ""MeanOfTransportation"": 0, ""Building"": 0, ""NaturalPlace"": 0, ""Village"": 0, ""Animal"": 0, ""Plant"": 0, ""Album"": 0, ""Film"": 0, ""WrittenWork"": 0}",2,5,0.4,1
704,Film,Film,Film,The Dancin' Fool.  The Dancin' Fool is a 1920 silent romantic comedy film produced by Famous Players-Lasky and distributed by Paramount Pictures. Sam Wood directed this one of his earliest efforts. Wallace Reid and Bebe Daniels star at the time Paramount was making them a popular team in replacement of Reid's previous female lead Ann Little. A copy of this film survives in a collection.,"{""Company"": 0, ""EducationalInstitution"": 0, ""Artist"": 0, ""Athlete"": 0, ""OfficeHolder"": 0, ""MeanOfTransportation"": 0, ""Building"": 0, ""NaturalPlace"": 0, ""Village"": 0, ""Animal"": 0, ""Plant"": 0, ""Album"": 0, ""Film"": 5, ""WrittenWork"": 0}",5,5,1.0,1
705,NaturalPlace,NaturalPlace,Building,Farley Mount.  Farley Mount is a hill and one of the highest points in Hampshire. It is located within Farley Mount Country Park situated about four miles west of the historic city of Winchester Hampshire. It is locally famous for being the subject of a folk song 'On Farley Mount'. It featured the line oh on Farley Mount the clouds drift by rustling the trees on Farley mount I wonder why what troubles you and I blue is the sky and so are your eyes oh left alone on Farley Mount.,"{""Company"": 0, ""EducationalInstitution"": 0, ""Artist"": 0, ""Athlete"": 0, ""OfficeHolder"": 0, ""MeanOfTransportation"": 0, ""Building"": 4, ""NaturalPlace"": 1, ""Village"": 0, ""Animal"": 0, ""Plant"": 0, ""Album"": 0, ""Film"": 0, ""WrittenWork"": 0}",4,5,0.8,0
706,Film,Film,Film,Parallel Trips.  Parallel Trips (Turkish: Paralel Yolculuklar) is a 2004 Turkish-Greek-Cypriot documentary film written produced and directed by Derviş Zaim and Panicos Chrysanthou in which the two directors from opposite sides of the divided island of Cyprus record the human dramas that unfolded during the war of 1974 and the legacy that remains today. The film was screened at the Istanbul International Film Festival and the 12th London Turkish Film Festival.,"{""Company"": 0, ""EducationalInstitution"": 0, ""Artist"": 0, ""Athlete"": 0, ""OfficeHolder"": 0, ""MeanOfTransportation"": 0, ""Building"": 0, ""NaturalPlace"": 0, ""Village"": 0, ""Animal"": 0, ""Plant"": 0, ""Album"": 0, ""Film"": 5, ""WrittenWork"": 0}",5,5,1.0,1
707,NaturalPlace,NaturalPlace,Building,River Peck.  River Peck is a small stream in London that was enclosed in 1823. Today parts of this stream can still be seen on the west side of Peckham Rye Park. In South Bermondsey it joins with the Earl's Sluice and then empties into the Thames at Deptford Wharf.,"{""Company"": 0, ""EducationalInstitution"": 0, ""Artist"": 0, ""Athlete"": 0, ""OfficeHolder"": 0, ""MeanOfTransportation"": 0, ""Building"": 5, ""NaturalPlace"": 0, ""Village"": 0, ""Animal"": 0, ""Plant"": 0, ""Album"": 0, ""Film"": 0, ""WrittenWork"": 0}",5,5,1.0,0
708,Film,Film,Film,Secrets of Women.  Secrets of Women (Swedish: Kvinnors väntan; also known as Waiting Women) is a 1952 Swedish film directed by Ingmar Bergman. It was screened within the official selection of Venice Film Festival (1953).The film is one of the director's early films and is basically a drama about young relationships told by a group of women (in flashbacks).,"{""Company"": 0, ""EducationalInstitution"": 0, ""Artist"": 0, ""Athlete"": 0, ""OfficeHolder"": 0, ""MeanOfTransportation"": 0, ""Building"": 0, ""NaturalPlace"": 0, ""Village"": 0, ""Animal"": 0, ""Plant"": 0, ""Album"": 0, ""Film"": 5, ""WrittenWork"": 0}",5,5,1.0,1
709,Company,Company,Company,Balaji Group.  Balaji based in Rajkot in western India manufactures and distributes potato chips and other grain-based bagged snacks in flavours such as masala. Started as a micro business it has evolved into a Rs 3500 crore company (according to third party valuation) of quality products with an indigenous taste.,"{""Company"": 5, ""EducationalInstitution"": 0, ""Artist"": 0, ""Athlete"": 0, ""OfficeHolder"": 0, ""MeanOfTransportation"": 0, ""Building"": 0, ""NaturalPlace"": 0, ""Village"": 0, ""Animal"": 0, ""Plant"": 0, ""Album"": 0, ""Film"": 0, ""WrittenWork"": 0}",5,5,1.0,1
710,EducationalInstitution,EducationalInstitution,EducationalInstitution,Accademia di Belle Arti di Bari.  The Accademia di Belle Arti di Bari is a public tertiary academy of art in Bari Puglia Italy.Like other state art academies in Italy it became an autonomous degree-awarding institution under law no. 508 dated 21 December 1999 and falls under the Ministero dell'Istruzione dell'Universita e della Ricerca the Italian ministry of education and research.,"{""Company"": 1, ""EducationalInstitution"": 4, ""Artist"": 0, ""Athlete"": 0, ""OfficeHolder"": 0, ""MeanOfTransportation"": 0, ""Building"": 0, ""NaturalPlace"": 0, ""Village"": 0, ""Animal"": 0, ""Plant"": 0, ""Album"": 0, ""Film"": 0, ""WrittenWork"": 0}",4,5,0.8,1
711,Athlete,Athlete,Athlete,Mike E. Smith.  Michael Earl Mike Smith (born August 10 1965 in Roswell New Mexico) is an American jockey who has been one of the leading riders in U.S. Thoroughbred racing since the early 1990s inducted into the National Museum of Racing and Hall of Fame in 2003 and has won the most Breeders' Cup races of any jockey.The son of a jockey Smith began riding races in his native New Mexico at age 11 and took out a jockey's license at age 16 in 1982.,"{""Company"": 0, ""EducationalInstitution"": 0, ""Artist"": 0, ""Athlete"": 5, ""OfficeHolder"": 0, ""MeanOfTransportation"": 0, ""Building"": 0, ""NaturalPlace"": 0, ""Village"": 0, ""Animal"": 0, ""Plant"": 0, ""Album"": 0, ""Film"": 0, ""WrittenWork"": 0}",5,5,1.0,1
712,Athlete,Athlete,Athlete,Roy Barker.  Roy Barker (born February 24 1969 in New York New York) is a former professional American football player who played defensive end for nine seasons for the Minnesota Vikings San Francisco 49ers Cleveland Browns and Green Bay Packers. Also played on the Central Islip New York football Team in High School.,"{""Company"": 0, ""EducationalInstitution"": 0, ""Artist"": 0, ""Athlete"": 5, ""OfficeHolder"": 0, ""MeanOfTransportation"": 0, ""Building"": 0, ""NaturalPlace"": 0, ""Village"": 0, ""Animal"": 0, ""Plant"": 0, ""Album"": 0, ""Film"": 0, ""WrittenWork"": 0}",5,5,1.0,1
713,Film,Film,Film,And the Spring Comes.  And the Spring Comes (Chinese: 立春; pinyin: lì chūn) is a 2007 film directed by Gu Changwei written by Li Qiang. This is Gu's second feature following his acclaimed feature debut Peacock. The film premiered at the 2007 Rome Film Festival and the lead actress Jiang Wenli also Gu Changwei's wife won the Best Actress award.,"{""Company"": 0, ""EducationalInstitution"": 0, ""Artist"": 0, ""Athlete"": 0, ""OfficeHolder"": 0, ""MeanOfTransportation"": 0, ""Building"": 0, ""NaturalPlace"": 0, ""Village"": 0, ""Animal"": 0, ""Plant"": 0, ""Album"": 0, ""Film"": 5, ""WrittenWork"": 0}",5,5,1.0,1
714,Film,Film,Film,Colorado Sundown.  Colorado Sundown is a 1952 American film directed by William Witney.,"{""Company"": 0, ""EducationalInstitution"": 0, ""Artist"": 0, ""Athlete"": 0, ""OfficeHolder"": 0, ""MeanOfTransportation"": 0, ""Building"": 0, ""NaturalPlace"": 0, ""Village"": 0, ""Animal"": 0, ""Plant"": 0, ""Album"": 0, ""Film"": 5, ""WrittenWork"": 0}",5,5,1.0,1
715,MeanOfTransportation,MeanOfTransportation,Company,J & J Ultralights Tukan.  The J & J Ultralights Tukan (English: Toucan) is an American flying wing ultralight trike that was marketed by J & J Ultralights Leading Edge Air Foils and Kemmeries Aviation. The aircraft was supplied as a kit as parts and as plans for amateur construction.,"{""Company"": 4, ""EducationalInstitution"": 0, ""Artist"": 1, ""Athlete"": 0, ""OfficeHolder"": 0, ""MeanOfTransportation"": 0, ""Building"": 0, ""NaturalPlace"": 0, ""Village"": 0, ""Animal"": 0, ""Plant"": 0, ""Album"": 0, ""Film"": 0, ""WrittenWork"": 0}",4,5,0.8,0
716,WrittenWork,WrittenWork,WrittenWork,Why I Am Not a Muslim.  Why I Am Not a Muslim a book written by Ibn Warraq is a critique of Islam and the Qur'an. It was first published by Prometheus Books in the United States in 1995.,"{""Company"": 0, ""EducationalInstitution"": 0, ""Artist"": 0, ""Athlete"": 0, ""OfficeHolder"": 0, ""MeanOfTransportation"": 0, ""Building"": 0, ""NaturalPlace"": 0, ""Village"": 0, ""Animal"": 0, ""Plant"": 0, ""Album"": 0, ""Film"": 0, ""WrittenWork"": 4}",4,5,0.8,1
717,Animal,Animal,Animal,Schizothorax longibarbus.  Schizothorax longibarbus is a species of ray-finned fish in the genus Schizothorax.,"{""Company"": 0, ""EducationalInstitution"": 0, ""Artist"": 0, ""Athlete"": 0, ""OfficeHolder"": 0, ""MeanOfTransportation"": 0, ""Building"": 0, ""NaturalPlace"": 0, ""Village"": 0, ""Animal"": 5, ""Plant"": 0, ""Album"": 0, ""Film"": 0, ""WrittenWork"": 0}",5,5,1.0,1
718,Animal,Animal,Animal,Pteronotus.  This article is about the bat genus. Pteronotus is also a synonym of the catfish genus Rhamdia.Pteronotus is a genus of bats. Seven extant species have been recognized as well as one relatively recently extinct species,"{""Company"": 0, ""EducationalInstitution"": 0, ""Artist"": 0, ""Athlete"": 0, ""OfficeHolder"": 0, ""MeanOfTransportation"": 0, ""Building"": 0, ""NaturalPlace"": 0, ""Village"": 0, ""Animal"": 5, ""Plant"": 0, ""Album"": 0, ""Film"": 0, ""WrittenWork"": 0}",5,5,1.0,1
719,Company,Company,Company,Fervor Records.  Fervor Records is an American independent record label based in Phoenix Arizona. Since its origin in 1990 this netlabel has issued releases featuring a wide variety of artists and genres from the 1920s through the present.,"{""Company"": 5, ""EducationalInstitution"": 0, ""Artist"": 0, ""Athlete"": 0, ""OfficeHolder"": 0, ""MeanOfTransportation"": 0, ""Building"": 0, ""NaturalPlace"": 0, ""Village"": 0, ""Animal"": 0, ""Plant"": 0, ""Album"": 0, ""Film"": 0, ""WrittenWork"": 0}",5,5,1.0,1
720,Animal,Animal,Animal,Atelopus pictiventris.  Atelopus pictiventris is a species of toad in the Bufonidae family.It is endemic to Colombia.Its natural habitats are subtropical or tropical moist montane forests rivers pastureland heavily degraded former forest and .,"{""Company"": 0, ""EducationalInstitution"": 0, ""Artist"": 0, ""Athlete"": 0, ""OfficeHolder"": 0, ""MeanOfTransportation"": 0, ""Building"": 0, ""NaturalPlace"": 1, ""Village"": 0, ""Animal"": 4, ""Plant"": 0, ""Album"": 0, ""Film"": 0, ""WrittenWork"": 0}",4,5,0.8,1
721,Album,Album,Album,I (JonnyX and the Groadies album).  I is the debut Album released by Portland Oregon Cybergrind band JonnyX and the Groadies.,"{""Company"": 0, ""EducationalInstitution"": 0, ""Artist"": 0, ""Athlete"": 0, ""OfficeHolder"": 0, ""MeanOfTransportation"": 0, ""Building"": 0, ""NaturalPlace"": 0, ""Village"": 0, ""Animal"": 0, ""Plant"": 0, ""Album"": 5, ""Film"": 0, ""WrittenWork"": 0}",5,5,1.0,1
722,NaturalPlace,NaturalPlace,NaturalPlace,Vilnia River.  Vilnia (also Vilnelė; Polish: Wilejka Wilenka Belarusian: Вільня/Vilnia [ˈvʲilʲnʲa]) is a river in Lithuania. Its source is near the village of Vindžiūnai 5 km south of Šumskas at the Lithuanian-Belarusian border. The Vilnia is 79.6 km long and its basin covers 624 sq. km. For 13 km its flow makes the Belarus-Lithuania border and the remaining 69 km are in Lithuania until it flows into the Neris River at Vilnius.,"{""Company"": 0, ""EducationalInstitution"": 0, ""Artist"": 0, ""Athlete"": 0, ""OfficeHolder"": 0, ""MeanOfTransportation"": 0, ""Building"": 0, ""NaturalPlace"": 3, ""Village"": 2, ""Animal"": 0, ""Plant"": 0, ""Album"": 0, ""Film"": 0, ""WrittenWork"": 0}",3,5,0.6,1
723,Album,Album,Album,The Sister.  The Sister is Marissa Nadler's sixth studio album. It was released on May 29 2012. Nadler announced the album on her Facebook page as a sister album to her 2011 eponymous album. The album was dubbed by Paste Magazine an impressive concoction of stark minimalism.,"{""Company"": 0, ""EducationalInstitution"": 0, ""Artist"": 0, ""Athlete"": 0, ""OfficeHolder"": 0, ""MeanOfTransportation"": 0, ""Building"": 0, ""NaturalPlace"": 0, ""Village"": 0, ""Animal"": 0, ""Plant"": 0, ""Album"": 5, ""Film"": 0, ""WrittenWork"": 0}",5,5,1.0,1
724,Plant,Plant,Plant,Arctostaphylos alpina.  Arctostaphylos alpina with the common names Alpine Bearberry Mountain Bearberry or Black Bearberry is a dwarf shrub in the heather family Ericaceae. The basionym of this species is Arbutus alpina L..,"{""Company"": 0, ""EducationalInstitution"": 0, ""Artist"": 0, ""Athlete"": 0, ""OfficeHolder"": 0, ""MeanOfTransportation"": 0, ""Building"": 0, ""NaturalPlace"": 0, ""Village"": 0, ""Animal"": 0, ""Plant"": 5, ""Album"": 0, ""Film"": 0, ""WrittenWork"": 0}",5,5,1.0,1
725,MeanOfTransportation,MeanOfTransportation,Company,Elias TA-1.  The Elias TA-1 was a 1920s American biplane training aircraft built by Elias. Only three aircraft were built for evaluation by the United States Army Air Service.The TA-1 (a United States military designation Trainer Aircooled No. 1) was designed to meet a United States Army requirement for a training aircraft for the air service. The TA-1 was a conventional two-seat biplane.,"{""Company"": 4, ""EducationalInstitution"": 0, ""Artist"": 0, ""Athlete"": 0, ""OfficeHolder"": 1, ""MeanOfTransportation"": 0, ""Building"": 0, ""NaturalPlace"": 0, ""Village"": 0, ""Animal"": 0, ""Plant"": 0, ""Album"": 0, ""Film"": 0, ""WrittenWork"": 0}",4,5,0.8,0
726,Plant,Plant,Plant,Mimulus lewisii.  Mimulus lewisii (Lewis' monkeyflower great purple monkeyflower) is a perennial plant in the family Phrymaceae. It is named in honor of explorer Meriwether Lewis. Together with other species in Mimulus section Erythranthe it serves as a model system for studying pollinator-based reproductive isolation.,"{""Company"": 0, ""EducationalInstitution"": 0, ""Artist"": 0, ""Athlete"": 0, ""OfficeHolder"": 0, ""MeanOfTransportation"": 0, ""Building"": 0, ""NaturalPlace"": 0, ""Village"": 0, ""Animal"": 0, ""Plant"": 5, ""Album"": 0, ""Film"": 0, ""WrittenWork"": 0}",5,5,1.0,1
727,Village,Village,Village,Govindanallucheri.  Govindanallucheri is a village in the Papanasam taluk of Thanjavur district Tamil Nadu India.,"{""Company"": 0, ""EducationalInstitution"": 0, ""Artist"": 0, ""Athlete"": 0, ""OfficeHolder"": 0, ""MeanOfTransportation"": 0, ""Building"": 0, ""NaturalPlace"": 0, ""Village"": 5, ""Animal"": 0, ""Plant"": 0, ""Album"": 0, ""Film"": 0, ""WrittenWork"": 0}",5,5,1.0,1
728,Village,Village,Village,Leens.  Leens is a village in the Dutch province of Groningen. It is located in the municipality of De Marne. Leens was a separate municipality until 1990 when it was merged with Ulrum Eenrum and Kloosterburen.,"{""Company"": 0, ""EducationalInstitution"": 0, ""Artist"": 0, ""Athlete"": 0, ""OfficeHolder"": 0, ""MeanOfTransportation"": 0, ""Building"": 0, ""NaturalPlace"": 0, ""Village"": 5, ""Animal"": 0, ""Plant"": 0, ""Album"": 0, ""Film"": 0, ""WrittenWork"": 0}",5,5,1.0,1
729,Company,Company,Company,Aibel.  Aibel /ˈeɪbəl/ is one of the largest oil service companies in Norway and is also established within renewable energy. The company has around 5500 employees and operations in five countries including two fabrication yards. Aibel is an engineering company that plans builds upgrades and maintains platforms vessels and production facilities in the oil and gas industry.,"{""Company"": 5, ""EducationalInstitution"": 0, ""Artist"": 0, ""Athlete"": 0, ""OfficeHolder"": 0, ""MeanOfTransportation"": 0, ""Building"": 0, ""NaturalPlace"": 0, ""Village"": 0, ""Animal"": 0, ""Plant"": 0, ""Album"": 0, ""Film"": 0, ""WrittenWork"": 0}",5,5,1.0,1
730,Animal,Animal,Animal,Greenfin darter.  Etheostoma chlorobranchium the greenfin darter is a species of darter endemic to the eastern United States.,"{""Company"": 0, ""EducationalInstitution"": 0, ""Artist"": 0, ""Athlete"": 0, ""OfficeHolder"": 0, ""MeanOfTransportation"": 0, ""Building"": 0, ""NaturalPlace"": 0, ""Village"": 0, ""Animal"": 5, ""Plant"": 0, ""Album"": 0, ""Film"": 0, ""WrittenWork"": 0}",5,5,1.0,1
731,Athlete,Athlete,Athlete,Eugène Allonsius.  Eugène Allonsius (born 12 December 1937) is a retired Belgian middle- and long-distance runner. He competed at the 1960 and 1964 Summer Olympics in the 1500 metres and 5000 metres events but failed to reach the finals.During his career Allonsius set five national records. He was a two-time Belgian champion in the 1500 m won the 5000 m national title at nine times and was also the 1968 national champion in the 10000 metres.,"{""Company"": 0, ""EducationalInstitution"": 0, ""Artist"": 0, ""Athlete"": 5, ""OfficeHolder"": 0, ""MeanOfTransportation"": 0, ""Building"": 0, ""NaturalPlace"": 0, ""Village"": 0, ""Animal"": 0, ""Plant"": 0, ""Album"": 0, ""Film"": 0, ""WrittenWork"": 0}",5,5,1.0,1
732,Building,Building,Building,American Cathedral in Paris.  Not to be confused with the American Church in Paris.Consecrated on Thanksgiving Day November 25 1886 the American Cathedral in Paris (French: Cathédrale Américaine de Paris) (formally known as the Cathedral Church of the Holy Trinity) is the gathering church for the Convocation of Episcopal Churches in Europe. The American Cathedral is part of the worldwide Anglican Communion.,"{""Company"": 0, ""EducationalInstitution"": 0, ""Artist"": 0, ""Athlete"": 0, ""OfficeHolder"": 0, ""MeanOfTransportation"": 0, ""Building"": 5, ""NaturalPlace"": 0, ""Village"": 0, ""Animal"": 0, ""Plant"": 0, ""Album"": 0, ""Film"": 0, ""WrittenWork"": 0}",5,5,1.0,1
733,Building,Building,Building,Warmington Priory.  Warmington Priory was a priory in Warwickshire England.,"{""Company"": 0, ""EducationalInstitution"": 0, ""Artist"": 0, ""Athlete"": 0, ""OfficeHolder"": 1, ""MeanOfTransportation"": 0, ""Building"": 4, ""NaturalPlace"": 0, ""Village"": 0, ""Animal"": 0, ""Plant"": 0, ""Album"": 0, ""Film"": 0, ""WrittenWork"": 0}",4,5,0.8,1
734,Film,Film,Film,Natalee Holloway (film).  Natalee Holloway is a 2009 American television film directed by Mikael Salomon based on Beth Holloway's book about the 2005 disappearance of her daughter Natalee Holloway. The film stars Amy Gumenick as Natalee Holloway Tracy Pollan as Beth Holloway-Twitty and Jacques Strydom as Joran van der Sloot. When it aired on the Lifetime Movie Network on April 19 2009 the film scored the highest television ratings at that time in the network's history.,"{""Company"": 0, ""EducationalInstitution"": 0, ""Artist"": 0, ""Athlete"": 0, ""OfficeHolder"": 0, ""MeanOfTransportation"": 0, ""Building"": 0, ""NaturalPlace"": 0, ""Village"": 0, ""Animal"": 0, ""Plant"": 0, ""Album"": 0, ""Film"": 5, ""WrittenWork"": 0}",5,5,1.0,1
735,Album,Album,Album,Under This Old Hat.  Under This Old Hat is an album released by American country music artist Chris LeDoux. Overall it is his 25th album and his third for Liberty Records. Under This Old Hat Every Time I Roll the Dice and For Your Love were released as singles from 1993 to 1994. The album peaked at #21 on the Billboard Top Country Albums chart.,"{""Company"": 0, ""EducationalInstitution"": 0, ""Artist"": 0, ""Athlete"": 0, ""OfficeHolder"": 0, ""MeanOfTransportation"": 0, ""Building"": 0, ""NaturalPlace"": 0, ""Village"": 0, ""Animal"": 0, ""Plant"": 0, ""Album"": 5, ""Film"": 0, ""WrittenWork"": 0}",5,5,1.0,1
736,Film,Film,Film,The Facts in the Case of Mister Hollow.  The Facts In the Case of Mister Hollow is a 2008 short horror film that was directed by Rodrigo Gudiño and Vincent Marcone based upon a story written by Gudiño. The short was first released on July 17 2008 at the Fantasia Film Festival and has been re-released as part of several different DVDs either as an extra feature or as one of several featured shorts.,"{""Company"": 0, ""EducationalInstitution"": 0, ""Artist"": 0, ""Athlete"": 0, ""OfficeHolder"": 0, ""MeanOfTransportation"": 0, ""Building"": 0, ""NaturalPlace"": 0, ""Village"": 0, ""Animal"": 0, ""Plant"": 0, ""Album"": 0, ""Film"": 5, ""WrittenWork"": 0}",5,5,1.0,1
737,Film,Film,Film,Dirty Tiger Crazy Frog.  Dirty Tiger Crazy Frog (Chinese: 老虎田雞) is a 1978 Hong Kong kung fu film directed by Karl Maka starring Sammo Hung and Lau Kar Wing. The two leads also shared action directing duties. The film was one of two (along with Odd Couple) produced by Gar Bo Motion Picture Company a company formed by Hung Maka and Lau created. The film also features cameos from Yuen Biao Lam Ching-ying and Hsiao Ho.,"{""Company"": 2, ""EducationalInstitution"": 0, ""Artist"": 0, ""Athlete"": 0, ""OfficeHolder"": 0, ""MeanOfTransportation"": 0, ""Building"": 0, ""NaturalPlace"": 0, ""Village"": 0, ""Animal"": 0, ""Plant"": 0, ""Album"": 0, ""Film"": 3, ""WrittenWork"": 0}",3,5,0.6,1
738,Album,Album,Artist,Lion Roar.  Lion Roar (traditional Chinese: 獅子吼; simplified Chinese: 狮子吼; pinyin: shī zǐ hǒu) is Taiwanese Mandopop artist Show Luo's (Chinese: 羅志祥) tenth Mandarin studio album. It was released on 8 November 2013 by Sony Music Entertainment (Taiwan) which was also his first studio album released by the company after he joined in August 2013. The album was available for pre-order from 16 October 2013.,"{""Company"": 1, ""EducationalInstitution"": 0, ""Artist"": 4, ""Athlete"": 0, ""OfficeHolder"": 0, ""MeanOfTransportation"": 0, ""Building"": 0, ""NaturalPlace"": 0, ""Village"": 0, ""Animal"": 0, ""Plant"": 0, ""Album"": 0, ""Film"": 0, ""WrittenWork"": 0}",4,5,0.8,0
739,Athlete,Athlete,Athlete,Bob Kelly (ice hockey born 1950).  Not to be confused with Bob Kelly (ice hockey born 1946)Robert James Houndog Kelly (born November 25 1950) is a Canadian former professional ice hockey left winger who played 12 seasons in the National Hockey League (NHL) for the Philadelphia Flyers and Washington Capitals.,"{""Company"": 0, ""EducationalInstitution"": 0, ""Artist"": 0, ""Athlete"": 5, ""OfficeHolder"": 0, ""MeanOfTransportation"": 0, ""Building"": 0, ""NaturalPlace"": 0, ""Village"": 0, ""Animal"": 0, ""Plant"": 0, ""Album"": 0, ""Film"": 0, ""WrittenWork"": 0}",5,5,1.0,1
740,MeanOfTransportation,MeanOfTransportation,Company,Nissan NV.  The Nissan NV (Nissan Van) is the first full-size van built by the Japanese automaker for the United States and Canada and sold by Nissan. Until the introduction of the Nissan NV Mexico was the only country in North America selling a full-size Nissan Van as the Nissan Urvan is sold there. But with the introduction of the NV it will replace the Urvan for Mexico.,"{""Company"": 5, ""EducationalInstitution"": 0, ""Artist"": 0, ""Athlete"": 0, ""OfficeHolder"": 0, ""MeanOfTransportation"": 0, ""Building"": 0, ""NaturalPlace"": 0, ""Village"": 0, ""Animal"": 0, ""Plant"": 0, ""Album"": 0, ""Film"": 0, ""WrittenWork"": 0}",5,5,1.0,0
741,WrittenWork,WrittenWork,Company,Talking About Life.  Talking About Life: Conversations on Astrobiology is a non-fiction book edited by astronomer Chris Impey that consists of interviews with three dozen leading experts on the subject of astrobiology. The subject matter ranges from the nature and limits of life on Earth to the current search for exoplanets and the prospects of intelligent life in the universe. The book was published as a hardcover by Cambridge University Press in 2010.,"{""Company"": 3, ""EducationalInstitution"": 1, ""Artist"": 0, ""Athlete"": 0, ""OfficeHolder"": 0, ""MeanOfTransportation"": 0, ""Building"": 0, ""NaturalPlace"": 0, ""Village"": 0, ""Animal"": 0, ""Plant"": 0, ""Album"": 0, ""Film"": 0, ""WrittenWork"": 0}",3,5,0.6,0
742,Album,Album,Album,Impressions of the West Lake.  Impressions of the West Lake is an album by Japanese new age musician Kitarō released in 2009. It was nominated for Best New Age Album at the 52nd Grammy Awards.,"{""Company"": 0, ""EducationalInstitution"": 0, ""Artist"": 0, ""Athlete"": 0, ""OfficeHolder"": 0, ""MeanOfTransportation"": 0, ""Building"": 0, ""NaturalPlace"": 0, ""Village"": 0, ""Animal"": 0, ""Plant"": 0, ""Album"": 5, ""Film"": 0, ""WrittenWork"": 0}",5,5,1.0,1
743,Album,Album,Album,Bull (album).  Bull is the second album by Bootsauce released in 1992.,"{""Company"": 0, ""EducationalInstitution"": 0, ""Artist"": 0, ""Athlete"": 0, ""OfficeHolder"": 0, ""MeanOfTransportation"": 0, ""Building"": 0, ""NaturalPlace"": 0, ""Village"": 0, ""Animal"": 0, ""Plant"": 0, ""Album"": 5, ""Film"": 0, ""WrittenWork"": 0}",5,5,1.0,1
744,Film,Film,Film,The Case Against Brooklyn.  The Case Against Brooklyn is a 1958 film directed by Paul Wendkos. It stars Darren McGavin and Margaret Hayes. It was based on a True Magazine article I Broke the Brooklyn Graft Scandal by crime reporter Ed Reid. It featured depictions of American police corruption though no police officer in uniform is shown to be corrupt.,"{""Company"": 0, ""EducationalInstitution"": 0, ""Artist"": 0, ""Athlete"": 0, ""OfficeHolder"": 0, ""MeanOfTransportation"": 0, ""Building"": 0, ""NaturalPlace"": 0, ""Village"": 0, ""Animal"": 0, ""Plant"": 0, ""Album"": 0, ""Film"": 5, ""WrittenWork"": 0}",5,5,1.0,1
745,MeanOfTransportation,MeanOfTransportation,Company,Yamaha SuperJet.  The SuperJet is a personal watercraft (PWC) made by Yamaha Motor Corporation. The SuperJet is a stand-up PWC. Credit for its design is given to Clayton Jacobson II. Part of Yamaha's WaveRunner line of watercraft it was introduced in 1990 and has become one of the most popular stand-up personal watercraft in history.Body - SMC (sheet molded compound),"{""Company"": 5, ""EducationalInstitution"": 0, ""Artist"": 0, ""Athlete"": 0, ""OfficeHolder"": 0, ""MeanOfTransportation"": 0, ""Building"": 0, ""NaturalPlace"": 0, ""Village"": 0, ""Animal"": 0, ""Plant"": 0, ""Album"": 0, ""Film"": 0, ""WrittenWork"": 0}",5,5,1.0,0
746,Film,Film,Film,Sena/Quina la inmortalidad del cangrejo.  Sena/Quina la inmortalidad del cangrejo is a film written and directed by Paolo Agazzi.,"{""Company"": 0, ""EducationalInstitution"": 0, ""Artist"": 0, ""Athlete"": 0, ""OfficeHolder"": 0, ""MeanOfTransportation"": 0, ""Building"": 0, ""NaturalPlace"": 0, ""Village"": 0, ""Animal"": 0, ""Plant"": 0, ""Album"": 0, ""Film"": 5, ""WrittenWork"": 0}",5,5,1.0,1
747,Building,Building,Building,Salona (McLean Virginia).  Salona in McLean Virginia is a parcel of land with frontage on Dolley Madison Boulevard Buchanan Street and Kurtz Road. The Salona homestead and grounds comprise 7.8 acres (3.2 ha) within the 52.4-acre (21.2 ha) site and is protected in perpetuity by a 1971 easement to the Fairfax Board of Supervisors. The Salona agreement places an additional 41 acres (17 ha) under a new conservation easement that The Northern Virginia Conservation Trust will enforce in perpetuity.,"{""Company"": 0, ""EducationalInstitution"": 0, ""Artist"": 0, ""Athlete"": 0, ""OfficeHolder"": 1, ""MeanOfTransportation"": 0, ""Building"": 4, ""NaturalPlace"": 0, ""Village"": 0, ""Animal"": 0, ""Plant"": 0, ""Album"": 0, ""Film"": 0, ""WrittenWork"": 0}",4,5,0.8,1
748,Artist,Artist,Artist,Gwenno Saunders.  Gwenno Mererid Saunders (born 23 May 1981) is a Welsh musician and dancer. Since she was born her father spoken Cornish with her her mother Welsh and as a family they would speak in Gaelic. She is best known as a singer and keyboardist with The Pipettes where she was known by the name Gwenno Pipette. She also performs as a solo artist.,"{""Company"": 0, ""EducationalInstitution"": 0, ""Artist"": 4, ""Athlete"": 0, ""OfficeHolder"": 0, ""MeanOfTransportation"": 0, ""Building"": 0, ""NaturalPlace"": 0, ""Village"": 0, ""Animal"": 0, ""Plant"": 0, ""Album"": 0, ""Film"": 0, ""WrittenWork"": 0}",4,5,0.8,1
749,OfficeHolder,OfficeHolder,OfficeHolder,David Maxwell Fyfe 1st Earl of Kilmuir.  David Patrick Maxwell Fyfe 1st Earl of Kilmuir GCVO PC QC (29 May 1900 – 27 January 1967) known as Sir David Maxwell Fyfe from 1942 to 1954 and as the Viscount Kilmuir from 1954 to 1962 was a British Conservative politician lawyer and judge who combined an industrious and precocious legal career with political ambitions that took him to the offices of Solicitor General Attorney General Home Secretary and Lord High Chancellor of Great BritainOne of the prosecutors at the Nuremberg Trials he was instrumental in drafting the European Convention on Human Rights.,"{""Company"": 0, ""EducationalInstitution"": 0, ""Artist"": 0, ""Athlete"": 0, ""OfficeHolder"": 5, ""MeanOfTransportation"": 0, ""Building"": 0, ""NaturalPlace"": 0, ""Village"": 0, ""Animal"": 0, ""Plant"": 0, ""Album"": 0, ""Film"": 0, ""WrittenWork"": 0}",5,5,1.0,1
750,Company,Company,EducationalInstitution,Student Volunteer Campus Community.  Student Volunteer Campus Community (abbreviated SVCC and formerly SVCC Language Schools) is a non-profit organization run by volunteers located in Edmonton Alberta Canada and operates at the University of Alberta as a student volunteer group.,"{""Company"": 0, ""EducationalInstitution"": 5, ""Artist"": 0, ""Athlete"": 0, ""OfficeHolder"": 0, ""MeanOfTransportation"": 0, ""Building"": 0, ""NaturalPlace"": 0, ""Village"": 0, ""Animal"": 0, ""Plant"": 0, ""Album"": 0, ""Film"": 0, ""WrittenWork"": 0}",5,5,1.0,0
751,Album,Album,Album,Kamnesia.  Kamnesia is the third album released by rapper Kam. It was released on March 20 2001 for Hard Tyme Records JCOR Entertainment/Interscope Records and featured production from the likes of DJ Wino DJ Pooh and Jazze Pha. Kamnesia would peak at #69 on the Top R&B/Hip-Hop Albums and #40 on the Top Heatseekers.,"{""Company"": 0, ""EducationalInstitution"": 0, ""Artist"": 0, ""Athlete"": 0, ""OfficeHolder"": 0, ""MeanOfTransportation"": 0, ""Building"": 0, ""NaturalPlace"": 0, ""Village"": 0, ""Animal"": 0, ""Plant"": 0, ""Album"": 5, ""Film"": 0, ""WrittenWork"": 0}",5,5,1.0,1
752,Artist,Artist,Artist,Sunye.  Min Sun-ye (Korean: 민선예 born August 12 1989) is a South Korean singer. She is the leader of the girl group the Wonder Girls.,"{""Company"": 0, ""EducationalInstitution"": 0, ""Artist"": 5, ""Athlete"": 0, ""OfficeHolder"": 0, ""MeanOfTransportation"": 0, ""Building"": 0, ""NaturalPlace"": 0, ""Village"": 0, ""Animal"": 0, ""Plant"": 0, ""Album"": 0, ""Film"": 0, ""WrittenWork"": 0}",5,5,1.0,1
753,Artist,Artist,OfficeHolder,Marcus Gee.  Marcus Gee is an urban affairs columnist for The Globe and Mail Canada's largest national daily newspaper which he joined in 1991. He was born in Toronto and graduated from the University of British Columbia in 1979 with a degree in modern European history.,"{""Company"": 1, ""EducationalInstitution"": 0, ""Artist"": 0, ""Athlete"": 0, ""OfficeHolder"": 4, ""MeanOfTransportation"": 0, ""Building"": 0, ""NaturalPlace"": 0, ""Village"": 0, ""Animal"": 0, ""Plant"": 0, ""Album"": 0, ""Film"": 0, ""WrittenWork"": 0}",4,5,0.8,0
754,Album,Album,Album,Secret Love (album).  Secret Love is an album by Lorrie Morgan released in 1998. She dedicated this album to her late father George Morgan. It peaked at #36 on the Billboard Country Album chart. None of the singles from the album made the singles chart.,"{""Company"": 0, ""EducationalInstitution"": 0, ""Artist"": 0, ""Athlete"": 0, ""OfficeHolder"": 0, ""MeanOfTransportation"": 0, ""Building"": 0, ""NaturalPlace"": 0, ""Village"": 0, ""Animal"": 0, ""Plant"": 0, ""Album"": 5, ""Film"": 0, ""WrittenWork"": 0}",5,5,1.0,1
755,Animal,Animal,Building,Subcancilla.  Subcancilla is a genus of sea snails marine gastropod mollusks in the family Mitridae.,"{""Company"": 0, ""EducationalInstitution"": 0, ""Artist"": 0, ""Athlete"": 0, ""OfficeHolder"": 0, ""MeanOfTransportation"": 0, ""Building"": 2, ""NaturalPlace"": 1, ""Village"": 0, ""Animal"": 2, ""Plant"": 0, ""Album"": 0, ""Film"": 0, ""WrittenWork"": 0}",2,5,0.4,0
756,WrittenWork,WrittenWork,WrittenWork,A Guilty Thing Surprised.  A Guilty Thing Surprised is a novel by British crime-writer Ruth Rendell. It was first published in 1970 and is the 5th entry in her popular Inspector Wexford series.,"{""Company"": 2, ""EducationalInstitution"": 0, ""Artist"": 0, ""Athlete"": 0, ""OfficeHolder"": 0, ""MeanOfTransportation"": 0, ""Building"": 0, ""NaturalPlace"": 0, ""Village"": 0, ""Animal"": 0, ""Plant"": 0, ""Album"": 0, ""Film"": 0, ""WrittenWork"": 3}",3,5,0.6,1
757,EducationalInstitution,EducationalInstitution,EducationalInstitution,Fountain Valley High School.  Fountain Valley High School (or FVHS) is a public high school in Fountain Valley California. It was established in 1966 and is a part of the Huntington Beach Union High School District. It is notable for its rivalry with Edison High School particularly during football season in which both schools compete in the Battle of the Bell.The athletic teams are known as the Barons and the school colors are blue and gold.,"{""Company"": 0, ""EducationalInstitution"": 5, ""Artist"": 0, ""Athlete"": 0, ""OfficeHolder"": 0, ""MeanOfTransportation"": 0, ""Building"": 0, ""NaturalPlace"": 0, ""Village"": 0, ""Animal"": 0, ""Plant"": 0, ""Album"": 0, ""Film"": 0, ""WrittenWork"": 0}",5,5,1.0,1
758,Plant,Plant,Plant,Millettia peguensis.  Millettia peguensis the Moulmein rosewood (Bengali: তূমা Tuma) is a legume tree species in the genus Millettia. It is native to Lower Burma and Siam. This is a relatively rare tree as compared to Pongam (Millettia pinnata) that is very similar looking but more common in India. Pongam has white flowers while the Milletia flowers are bright pink. Pongam has more elongated tip to leaves while those of M. peguensis are more oval. The plant is a food source for the Jamides bochus caterpillar.,"{""Company"": 0, ""EducationalInstitution"": 0, ""Artist"": 0, ""Athlete"": 0, ""OfficeHolder"": 0, ""MeanOfTransportation"": 0, ""Building"": 0, ""NaturalPlace"": 0, ""Village"": 0, ""Animal"": 0, ""Plant"": 5, ""Album"": 0, ""Film"": 0, ""WrittenWork"": 0}",5,5,1.0,1
759,NaturalPlace,NaturalPlace,ABSTAIN,Kamešnica (mountain).  Kamešnica is a mountain in the Dinarides on the border between Bosnia and Herzegovina (Canton 10) and Croatia (Dalmatia). It is 1851 metres (6073 ft) tall. It is part of the Dinaric Alps and is an extension of the Dinara range that stretches from the northwest white road pass Vaganj (1173 m) to the Buško Blato artificial lake.,"{""Company"": 0, ""EducationalInstitution"": 0, ""Artist"": 0, ""Athlete"": 0, ""OfficeHolder"": 0, ""MeanOfTransportation"": 0, ""Building"": 0, ""NaturalPlace"": 0, ""Village"": 0, ""Animal"": 0, ""Plant"": 0, ""Album"": 0, ""Film"": 0, ""WrittenWork"": 0}",0,5,0.0,0
760,Plant,Plant,Plant,Delphinium inopinum.  Delphinium inopinum is a species of larkspur known by the common name unexpected larkspur. It is endemic to the Sierra Nevada of California where it is known mostly from rocky areas in open temperate coniferous forest habitat.,"{""Company"": 0, ""EducationalInstitution"": 0, ""Artist"": 0, ""Athlete"": 0, ""OfficeHolder"": 0, ""MeanOfTransportation"": 0, ""Building"": 0, ""NaturalPlace"": 0, ""Village"": 0, ""Animal"": 0, ""Plant"": 5, ""Album"": 0, ""Film"": 0, ""WrittenWork"": 0}",5,5,1.0,1
761,Village,Village,Village,Gulaganjikoppa.  Gulaganjikoppa is a village in Belgaum district in the southern state of Karnataka India.,"{""Company"": 0, ""EducationalInstitution"": 0, ""Artist"": 0, ""Athlete"": 0, ""OfficeHolder"": 0, ""MeanOfTransportation"": 0, ""Building"": 0, ""NaturalPlace"": 0, ""Village"": 5, ""Animal"": 0, ""Plant"": 0, ""Album"": 0, ""Film"": 0, ""WrittenWork"": 0}",5,5,1.0,1
762,Athlete,Athlete,Athlete,Alessandro Andreozzi.  Alessandro Andreozzi is a former Grand Prix motorcycle racer from Italy. He currently races for Pedercini Team in the Superbike World Championship aboard a Kawasaki ZX-10R. He has also competed in the CIV Moto2 Championship where he was champion in 2011 the CIV Superbike Championship and the FIM Superstock 1000 Championship.,"{""Company"": 0, ""EducationalInstitution"": 0, ""Artist"": 0, ""Athlete"": 5, ""OfficeHolder"": 0, ""MeanOfTransportation"": 0, ""Building"": 0, ""NaturalPlace"": 0, ""Village"": 0, ""Animal"": 0, ""Plant"": 0, ""Album"": 0, ""Film"": 0, ""WrittenWork"": 0}",5,5,1.0,1
763,WrittenWork,WrittenWork,WrittenWork,Measuring the Mind.  Measuring the Mind: Conceptual Issues in Contemporary Psychometrics is a book by Dutch academic Denny Borsboom Assistant Professor of Psychological Methods at the University of Amsterdam at time of publication.,"{""Company"": 1, ""EducationalInstitution"": 1, ""Artist"": 0, ""Athlete"": 0, ""OfficeHolder"": 0, ""MeanOfTransportation"": 0, ""Building"": 0, ""NaturalPlace"": 0, ""Village"": 0, ""Animal"": 0, ""Plant"": 0, ""Album"": 0, ""Film"": 0, ""WrittenWork"": 2}",2,5,0.4,1
764,Village,Village,Village,Rampur Jamuwa.  Rampur Jamuwa is a village development committee in Saptari District in the Sagarmatha Zone of south-eastern Nepal. At the time of the 1991 Nepal census it had a population of 3158 people living in 559 individual households.,"{""Company"": 0, ""EducationalInstitution"": 0, ""Artist"": 0, ""Athlete"": 0, ""OfficeHolder"": 0, ""MeanOfTransportation"": 0, ""Building"": 0, ""NaturalPlace"": 0, ""Village"": 5, ""Animal"": 0, ""Plant"": 0, ""Album"": 0, ""Film"": 0, ""WrittenWork"": 0}",5,5,1.0,1
765,MeanOfTransportation,MeanOfTransportation,Company,Landing Craft Infantry.  The Landing Craft Infantry (LCI) were several classes of seagoing amphibious assault ships of the Second World War used to land large numbers of infantry directly onto beaches. They were developed in response to a British request for a vessel capable of carrying and landing substantially more troops than their smaller Landing Craft Assault (LCA). The result was a small steel ship that could land 200 troops traveling from rear bases on its own bottom at a speed of up to 15 knots.,"{""Company"": 4, ""EducationalInstitution"": 0, ""Artist"": 0, ""Athlete"": 0, ""OfficeHolder"": 0, ""MeanOfTransportation"": 0, ""Building"": 1, ""NaturalPlace"": 0, ""Village"": 0, ""Animal"": 0, ""Plant"": 0, ""Album"": 0, ""Film"": 0, ""WrittenWork"": 0}",4,5,0.8,0
766,WrittenWork,WrittenWork,WrittenWork,Wonderful Life (book).  Wonderful Life: The Burgess Shale and the Nature of History is a 1989 book on the evolution of Cambrian fauna by Harvard paleontologist Stephen Jay Gould. The volume was the 1991 winner of The Aventis Prizes for Science Books and a 1991 finalist for the Pulitzer Prize.,"{""Company"": 0, ""EducationalInstitution"": 0, ""Artist"": 0, ""Athlete"": 0, ""OfficeHolder"": 0, ""MeanOfTransportation"": 0, ""Building"": 0, ""NaturalPlace"": 0, ""Village"": 0, ""Animal"": 0, ""Plant"": 0, ""Album"": 0, ""Film"": 0, ""WrittenWork"": 2}",2,5,0.4,1
767,Village,Village,Village,Ziarat Nishapur.  Ziarat (Persian: زيارت‎ also Romanized as Zīārat and Zeyārat) is a village in Sarvelayat Rural District Sarvelayat District Nishapur County Razavi Khorasan Province Iran. At the 2006 census its population was 82 in 20 families.,"{""Company"": 0, ""EducationalInstitution"": 0, ""Artist"": 0, ""Athlete"": 0, ""OfficeHolder"": 0, ""MeanOfTransportation"": 0, ""Building"": 0, ""NaturalPlace"": 0, ""Village"": 5, ""Animal"": 0, ""Plant"": 0, ""Album"": 0, ""Film"": 0, ""WrittenWork"": 0}",5,5,1.0,1
768,Village,Village,Village,Robat Zavin.  Robat (Persian: رباط‎ also Romanized as Robāţ; also known as Robāţ-e Pasākūh) is a village in Pasakuh Rural District Zavin District Kalat County Razavi Khorasan Province Iran. At the 2006 census its population was 25 in 5 families.,"{""Company"": 0, ""EducationalInstitution"": 0, ""Artist"": 0, ""Athlete"": 0, ""OfficeHolder"": 0, ""MeanOfTransportation"": 0, ""Building"": 0, ""NaturalPlace"": 0, ""Village"": 5, ""Animal"": 0, ""Plant"": 0, ""Album"": 0, ""Film"": 0, ""WrittenWork"": 0}",5,5,1.0,1
769,Company,Company,Company,Chicago Swordplay Guild.  The Chicago Swordplay Guild is a modern school of swordsmanship and Western martial arts and non-profit organization based in Chicago IL USA. It provides organized instruction in the serious study and practice of historical European swordplay with a principal focus on the Italian school of swordsmanship and other martial arts of the 14th–17th centuries.,"{""Company"": 3, ""EducationalInstitution"": 0, ""Artist"": 0, ""Athlete"": 0, ""OfficeHolder"": 2, ""MeanOfTransportation"": 0, ""Building"": 0, ""NaturalPlace"": 0, ""Village"": 0, ""Animal"": 0, ""Plant"": 0, ""Album"": 0, ""Film"": 0, ""WrittenWork"": 0}",3,5,0.6,1
770,Plant,Plant,Plant,Streptanthus fenestratus.  Streptanthus fenestratus is an uncommon species of flowering plant in the mustard family known by the common name Tehipite Valley jewelflower.,"{""Company"": 0, ""EducationalInstitution"": 0, ""Artist"": 0, ""Athlete"": 0, ""OfficeHolder"": 0, ""MeanOfTransportation"": 0, ""Building"": 0, ""NaturalPlace"": 0, ""Village"": 0, ""Animal"": 0, ""Plant"": 5, ""Album"": 0, ""Film"": 0, ""WrittenWork"": 0}",5,5,1.0,1
771,Building,Building,Building,Centro Comercial El Paseo Tehuacan.  Centro Comercial El Paseo Tehuacan is a shopping mall located in Tehuacán Puebla. Located at Av. Adolfo Lopez Mateos #3800 San Lorenzo Teotipilco Tehuacan Puebla less than 3 mi ( 4.5 km ) from the Mexico-Oaxaca highway and in the heart of the new development area of Tehuacan.,"{""Company"": 0, ""EducationalInstitution"": 0, ""Artist"": 0, ""Athlete"": 0, ""OfficeHolder"": 0, ""MeanOfTransportation"": 0, ""Building"": 5, ""NaturalPlace"": 0, ""Village"": 0, ""Animal"": 0, ""Plant"": 0, ""Album"": 0, ""Film"": 0, ""WrittenWork"": 0}",5,5,1.0,1
772,Company,Company,Company,Air Oregon.  Air Oregon was founded in 1978 in Portland Oregon. It was later consolidated in 1981 with Horizon Air.,"{""Company"": 5, ""EducationalInstitution"": 0, ""Artist"": 0, ""Athlete"": 0, ""OfficeHolder"": 0, ""MeanOfTransportation"": 0, ""Building"": 0, ""NaturalPlace"": 0, ""Village"": 0, ""Animal"": 0, ""Plant"": 0, ""Album"": 0, ""Film"": 0, ""WrittenWork"": 0}",5,5,1.0,1
773,OfficeHolder,OfficeHolder,OfficeHolder,John Johnstone (mayor).  Dr. John Johnstone was the 32nd Mayor of New York City from 1714 to 1719.,"{""Company"": 0, ""EducationalInstitution"": 0, ""Artist"": 0, ""Athlete"": 0, ""OfficeHolder"": 5, ""MeanOfTransportation"": 0, ""Building"": 0, ""NaturalPlace"": 0, ""Village"": 0, ""Animal"": 0, ""Plant"": 0, ""Album"": 0, ""Film"": 0, ""WrittenWork"": 0}",5,5,1.0,1
774,Film,Film,Film,Once Upon a Time...When We Were Colored.  Once Upon a Time... When We Were Colored is a film directed by Tim Reid and the screenplay was written by Paul W. Cooper. The film is based on Clifton Taulbert’s real life and his nonfiction book Once Upon a Time When We Were Colored.,"{""Company"": 0, ""EducationalInstitution"": 0, ""Artist"": 0, ""Athlete"": 0, ""OfficeHolder"": 0, ""MeanOfTransportation"": 0, ""Building"": 0, ""NaturalPlace"": 0, ""Village"": 0, ""Animal"": 0, ""Plant"": 0, ""Album"": 0, ""Film"": 5, ""WrittenWork"": 0}",5,5,1.0,1
775,Plant,Plant,Plant,Cariniana uaupensis.  Cariniana uaupensis is a species of woody plant in the Lecythidaceae family.It is found only in Brazil.It is threatened by habitat loss.,"{""Company"": 0, ""EducationalInstitution"": 0, ""Artist"": 0, ""Athlete"": 0, ""OfficeHolder"": 0, ""MeanOfTransportation"": 0, ""Building"": 0, ""NaturalPlace"": 0, ""Village"": 0, ""Animal"": 0, ""Plant"": 5, ""Album"": 0, ""Film"": 0, ""WrittenWork"": 0}",5,5,1.0,1
776,Building,Building,Building,St Nicholas' Church Brighton.  The Church of Saint Nicholas of Myra usually known as St. Nicholas Church is an Anglican church in Brighton England. It is both the original parish church of Brighton and the oldest surviving building in Brighton. It is located on high ground at the junction of Church Street and Dyke Road in the city centre very close to the main shopping areas. Due to its architectural significance the church is a Grade II* listed building.,"{""Company"": 0, ""EducationalInstitution"": 0, ""Artist"": 0, ""Athlete"": 0, ""OfficeHolder"": 0, ""MeanOfTransportation"": 0, ""Building"": 5, ""NaturalPlace"": 0, ""Village"": 0, ""Animal"": 0, ""Plant"": 0, ""Album"": 0, ""Film"": 0, ""WrittenWork"": 0}",5,5,1.0,1
777,NaturalPlace,NaturalPlace,NaturalPlace,Lower Deer Lake.  Lower Deer Lake is an alpine lake in Custer County Idaho United States located in the Boulder Mountains in Sawtooth National Recreation Area. While no trails lead to the lake it is most easily accessed from trails 111 or 215. It is located just north and downstream of Upper Deer Lake.,"{""Company"": 0, ""EducationalInstitution"": 0, ""Artist"": 0, ""Athlete"": 0, ""OfficeHolder"": 0, ""MeanOfTransportation"": 0, ""Building"": 1, ""NaturalPlace"": 4, ""Village"": 0, ""Animal"": 0, ""Plant"": 0, ""Album"": 0, ""Film"": 0, ""WrittenWork"": 0}",4,5,0.8,1
778,Company,Company,Company,Creative Vibes.  Creative Vibes is a record label that sources signs and releases local Australian acts.,"{""Company"": 5, ""EducationalInstitution"": 0, ""Artist"": 0, ""Athlete"": 0, ""OfficeHolder"": 0, ""MeanOfTransportation"": 0, ""Building"": 0, ""NaturalPlace"": 0, ""Village"": 0, ""Animal"": 0, ""Plant"": 0, ""Album"": 0, ""Film"": 0, ""WrittenWork"": 0}",5,5,1.0,1
779,WrittenWork,WrittenWork,Company,WMB 3D: World's Most Beautiful.  WMB 3D: World's Most Beautiful is an American fashion and lifestyle magazine based in Los Angeles.,"{""Company"": 5, ""EducationalInstitution"": 0, ""Artist"": 0, ""Athlete"": 0, ""OfficeHolder"": 0, ""MeanOfTransportation"": 0, ""Building"": 0, ""NaturalPlace"": 0, ""Village"": 0, ""Animal"": 0, ""Plant"": 0, ""Album"": 0, ""Film"": 0, ""WrittenWork"": 0}",5,5,1.0,0
780,Village,Village,Village,Oldeouwer.  Oldeouwer (West Frisian: Alde Ouwer) is a small village in Skarsterlân in the province Friesland of the Netherlands and has around 80 citizens (2004).,"{""Company"": 0, ""EducationalInstitution"": 0, ""Artist"": 0, ""Athlete"": 0, ""OfficeHolder"": 0, ""MeanOfTransportation"": 0, ""Building"": 0, ""NaturalPlace"": 0, ""Village"": 5, ""Animal"": 0, ""Plant"": 0, ""Album"": 0, ""Film"": 0, ""WrittenWork"": 0}",5,5,1.0,1
781,OfficeHolder,OfficeHolder,OfficeHolder,Mark Lyall Grant.  Sir Mark Justin Lyall Grant KCMG (born 29 May 1956) is a British diplomat who currently serves as Her Britannic Majesty's Permanent Representative to the United Nations.,"{""Company"": 0, ""EducationalInstitution"": 0, ""Artist"": 0, ""Athlete"": 0, ""OfficeHolder"": 5, ""MeanOfTransportation"": 0, ""Building"": 0, ""NaturalPlace"": 0, ""Village"": 0, ""Animal"": 0, ""Plant"": 0, ""Album"": 0, ""Film"": 0, ""WrittenWork"": 0}",5,5,1.0,1
782,Company,Company,Company,O.F. Mossberg & Sons.  O.F. Mossberg & Sons (commonly known as Mossberg) is an American firearms manufacturer specializing in shotguns rifles scopes and firearm accessories. From the 1940s through the 1960s it also produced a HI line of .22 caliber target and sporting rifles.Oscar Frederick Mossberg a native of Sweden came to the United States in 1886. He worked in the bicycle plant of Iver Johnson a native of Norway who became famous for his revolver. Together with his two sons Iver and Harold O.F.,"{""Company"": 5, ""EducationalInstitution"": 0, ""Artist"": 0, ""Athlete"": 0, ""OfficeHolder"": 0, ""MeanOfTransportation"": 0, ""Building"": 0, ""NaturalPlace"": 0, ""Village"": 0, ""Animal"": 0, ""Plant"": 0, ""Album"": 0, ""Film"": 0, ""WrittenWork"": 0}",5,5,1.0,1
783,Building,Building,Building,Des Moines County Court House.  The Des Moines County Court House in Burlington Iowa United States was built in 1940. It was listed on the National Register of Historic Places in 2003 as a part of the PWA-Era County Courthouses of IA Multiple Properties Submission. The courthouse is the fourth building the county has used for court functions and county administration.,"{""Company"": 0, ""EducationalInstitution"": 0, ""Artist"": 0, ""Athlete"": 0, ""OfficeHolder"": 0, ""MeanOfTransportation"": 0, ""Building"": 5, ""NaturalPlace"": 0, ""Village"": 0, ""Animal"": 0, ""Plant"": 0, ""Album"": 0, ""Film"": 0, ""WrittenWork"": 0}",5,5,1.0,1
784,MeanOfTransportation,MeanOfTransportation,OfficeHolder,HMS Caicos (K505).  HMS Caicos was a Colony-class frigate of the United Kingdom that served during World War II. She was originally ordered by the United States Navy as the Tacoma-class patrol frigate USS Hannam and was transferred to the Royal Navy prior to completion. After her return to U.S. Navy custody she was sold to Argentina and served in the Argentine Navy (Armada de la Republica Argentina) as a frigate under the names ARA Trinidad (P-34) and ARA Santísima Trinidad (P-34) from 1948 to 1962.,"{""Company"": 1, ""EducationalInstitution"": 0, ""Artist"": 0, ""Athlete"": 0, ""OfficeHolder"": 4, ""MeanOfTransportation"": 0, ""Building"": 0, ""NaturalPlace"": 0, ""Village"": 0, ""Animal"": 0, ""Plant"": 0, ""Album"": 0, ""Film"": 0, ""WrittenWork"": 0}",4,5,0.8,0
785,Film,Film,Film,The Lamb (1915 film).  The Lamb is a 1915 American silent adventure comedy/Western film featuring Douglas Fairbanks in his first starring role. Directed by W. Christy Cabanne the film is based on the popular 1913 Broadway play The New Henrietta in which Fairbanks co-starred with William H. Crane Amelia Bingham and a very young Patricia Collinge. D. W.,"{""Company"": 0, ""EducationalInstitution"": 0, ""Artist"": 0, ""Athlete"": 0, ""OfficeHolder"": 0, ""MeanOfTransportation"": 0, ""Building"": 0, ""NaturalPlace"": 0, ""Village"": 0, ""Animal"": 0, ""Plant"": 0, ""Album"": 0, ""Film"": 5, ""WrittenWork"": 0}",5,5,1.0,1
786,MeanOfTransportation,MeanOfTransportation,Company,USS Fechteler (DD-870).  USS Fechteler (DD-870) named for Rear Admiral Augustus Francis Fechteler USN (1857–1921) and/or his son Lieutenant Frank Casper Fechteler (1897-1922) was a Gearing-class destroyer laid down by the Bethlehem Steel Corporation at Staten Island in New York on 12 April 1945 launched on 19 September 1945 by Miss Joan S.,"{""Company"": 4, ""EducationalInstitution"": 0, ""Artist"": 0, ""Athlete"": 0, ""OfficeHolder"": 0, ""MeanOfTransportation"": 0, ""Building"": 1, ""NaturalPlace"": 0, ""Village"": 0, ""Animal"": 0, ""Plant"": 0, ""Album"": 0, ""Film"": 0, ""WrittenWork"": 0}",4,5,0.8,0
787,EducationalInstitution,EducationalInstitution,EducationalInstitution,Fairview Christian School (Albany Oregon).  Fairview Christian School was a private Mennonite school in Albany Oregon United States. Opened in 1975 the school was run by the Fairview Mennonite Church. The school moved to a new building in 1984 and closed in May 2009.,"{""Company"": 2, ""EducationalInstitution"": 3, ""Artist"": 0, ""Athlete"": 0, ""OfficeHolder"": 0, ""MeanOfTransportation"": 0, ""Building"": 0, ""NaturalPlace"": 0, ""Village"": 0, ""Animal"": 0, ""Plant"": 0, ""Album"": 0, ""Film"": 0, ""WrittenWork"": 0}",3,5,0.6,1
788,Village,Village,Village,Benhesar.  Benhesar (Persian: بن حصار‎ also Romanized as Behnesār) is a village in Gowharan Rural District Gowharan District Bashagard County Hormozgan Province Iran. At the 2006 census its population was 23 in 6 families.,"{""Company"": 0, ""EducationalInstitution"": 0, ""Artist"": 0, ""Athlete"": 0, ""OfficeHolder"": 0, ""MeanOfTransportation"": 0, ""Building"": 0, ""NaturalPlace"": 0, ""Village"": 5, ""Animal"": 0, ""Plant"": 0, ""Album"": 0, ""Film"": 0, ""WrittenWork"": 0}",5,5,1.0,1
789,Artist,Artist,Company,Damian Marrett.  Damian Marrett was born in Melbourne Victoria and is best known for his non-fiction crime novels relating to his career as an undercover police detective with the Victoria Police force. He is credited with some of Australia's largest covert operations and is frequently referred to in articles and pages involving organised Italian crime. He has appeared on numerous television and radio programs as a crime commentator and is also a freelance writer.,"{""Company"": 2, ""EducationalInstitution"": 0, ""Artist"": 2, ""Athlete"": 1, ""OfficeHolder"": 0, ""MeanOfTransportation"": 0, ""Building"": 0, ""NaturalPlace"": 0, ""Village"": 0, ""Animal"": 0, ""Plant"": 0, ""Album"": 0, ""Film"": 0, ""WrittenWork"": 0}",2,5,0.4,0
790,Plant,Plant,Plant,Anthurium navasii.  Anthurium navasii is a species of plant in the Araceae family. It is endemic to Ecuador. Its natural habitat is subtropical or tropical moist lowland forests. It is threatened by habitat loss.,"{""Company"": 0, ""EducationalInstitution"": 0, ""Artist"": 0, ""Athlete"": 0, ""OfficeHolder"": 0, ""MeanOfTransportation"": 0, ""Building"": 0, ""NaturalPlace"": 0, ""Village"": 0, ""Animal"": 0, ""Plant"": 5, ""Album"": 0, ""Film"": 0, ""WrittenWork"": 0}",5,5,1.0,1
791,Film,Film,Film,Call a Messenger.  Call a Messenger is a 1939 Universal Studios film that starred Billy Halop and Huntz Hall of the Dead End Kids and several of the Little Tough Guys.,"{""Company"": 0, ""EducationalInstitution"": 0, ""Artist"": 0, ""Athlete"": 0, ""OfficeHolder"": 0, ""MeanOfTransportation"": 0, ""Building"": 0, ""NaturalPlace"": 0, ""Village"": 0, ""Animal"": 0, ""Plant"": 0, ""Album"": 0, ""Film"": 5, ""WrittenWork"": 0}",5,5,1.0,1
792,Artist,Artist,Artist,Era Ojdanić.  Andrija Era Ojdanić (Serbian Cyrillic Ера Ојданић) is a Serbian folk singer.,"{""Company"": 0, ""EducationalInstitution"": 0, ""Artist"": 5, ""Athlete"": 0, ""OfficeHolder"": 0, ""MeanOfTransportation"": 0, ""Building"": 0, ""NaturalPlace"": 0, ""Village"": 0, ""Animal"": 0, ""Plant"": 0, ""Album"": 0, ""Film"": 0, ""WrittenWork"": 0}",5,5,1.0,1
793,Album,Album,Album,A Thousand Memories.  A Thousand Memories is the debut album of American country music artist Rhett Akins. It was released in 1995 (see 1995 in country music) on Decca Records Nashville.,"{""Company"": 0, ""EducationalInstitution"": 0, ""Artist"": 0, ""Athlete"": 0, ""OfficeHolder"": 0, ""MeanOfTransportation"": 0, ""Building"": 0, ""NaturalPlace"": 0, ""Village"": 0, ""Animal"": 0, ""Plant"": 0, ""Album"": 5, ""Film"": 0, ""WrittenWork"": 0}",5,5,1.0,1
794,NaturalPlace,NaturalPlace,NaturalPlace,Kings River (Nevada).  The Kings River is a tributary of the Quinn River about 40 mi (64 km) long in northwestern Nevada and south-central Oregon in the United States. It drains a remote arid area of the northwestern Great Basin.The river rises in northern Humboldt County Nevada west of Disaster Peak in The Granites near the Oregon state line. Flowing northwest it crosses briefly into Harney County Oregon then turns sharply south and re-enters Nevada for the rest of its course.,"{""Company"": 0, ""EducationalInstitution"": 0, ""Artist"": 0, ""Athlete"": 0, ""OfficeHolder"": 0, ""MeanOfTransportation"": 0, ""Building"": 0, ""NaturalPlace"": 5, ""Village"": 0, ""Animal"": 0, ""Plant"": 0, ""Album"": 0, ""Film"": 0, ""WrittenWork"": 0}",5,5,1.0,1
795,Building,Building,Building,Palazzo Ghisilardi Fava.  Palazzo Ghisilardi Fava located on Via Manzoni in Bologna is a Renaissance style palace now housing the Medieval Civic Museum di Bologna and serving a site for changing exhibitions. It is also known for the rooms with frescoes (1598) painted by Ludovico Annibale and Agostino Carracci. They are considered among the first Baroque masterpieces.Built for the notary and chancellor Bartolomeo Ghisilardi between 1484 and 1491 on designs of Zilio Montanari.,"{""Company"": 0, ""EducationalInstitution"": 0, ""Artist"": 0, ""Athlete"": 0, ""OfficeHolder"": 0, ""MeanOfTransportation"": 0, ""Building"": 5, ""NaturalPlace"": 0, ""Village"": 0, ""Animal"": 0, ""Plant"": 0, ""Album"": 0, ""Film"": 0, ""WrittenWork"": 0}",5,5,1.0,1
796,Building,Building,Building,Ortaköy Mosque.  Ortaköy Mosque (Turkish: Ortaköy Camii) officially the Büyük Mecidiye Camii (Grand Imperial Mosque of Sultan Abdülmecid) in Beşiktaş Istanbul Turkey is situated at the waterside of the Ortaköy pier square one of the most popular locations on the Bosphorus.,"{""Company"": 0, ""EducationalInstitution"": 0, ""Artist"": 0, ""Athlete"": 0, ""OfficeHolder"": 0, ""MeanOfTransportation"": 0, ""Building"": 5, ""NaturalPlace"": 0, ""Village"": 0, ""Animal"": 0, ""Plant"": 0, ""Album"": 0, ""Film"": 0, ""WrittenWork"": 0}",5,5,1.0,1
797,Film,Film,Film,Grow Up Tony Phillips.  Grow Up Tony Phillips is a 2013 comedy film by American director Emily Hagins and her fourth feature film. It was first released on October 31 2013 at the South by Southwest film festival and stars Tony Vespe as Tony Phillips a young teenager's love for Halloween. Unlike her prior feature-length films Grow Up Tony Phillips does not feature any supernatural elements seen in past films such as Pathogen or My Sucky Teen Romance.,"{""Company"": 0, ""EducationalInstitution"": 0, ""Artist"": 0, ""Athlete"": 0, ""OfficeHolder"": 0, ""MeanOfTransportation"": 0, ""Building"": 0, ""NaturalPlace"": 0, ""Village"": 0, ""Animal"": 0, ""Plant"": 0, ""Album"": 0, ""Film"": 5, ""WrittenWork"": 0}",5,5,1.0,1
798,Athlete,Athlete,Athlete,Dick See.  Dick See was a rugby league player who competed in the Australian New South Wales Rugby League premiership (NSWRL).A long serving Lock forward See played for Eastern Suburbs in one of the bleakest periods of the clubs existence. See played for Easts in the year (1956–63) in those years the club only made the semis on one occasion they went all the way to the grand final that year 1960 only to be defeated by St George.See also spent one season playing for the Newtown club 1964.,"{""Company"": 0, ""EducationalInstitution"": 0, ""Artist"": 0, ""Athlete"": 5, ""OfficeHolder"": 0, ""MeanOfTransportation"": 0, ""Building"": 0, ""NaturalPlace"": 0, ""Village"": 0, ""Animal"": 0, ""Plant"": 0, ""Album"": 0, ""Film"": 0, ""WrittenWork"": 0}",5,5,1.0,1
799,EducationalInstitution,EducationalInstitution,EducationalInstitution,Ahmednagar College.  Ahmednagar College was founded in 1947 by the late Dr. B.P.Hivale with the support and co-operation of the American Marathi Mission Bombay the American Board of Commissioners for Foreign Missions Boston Minnepolis Minnesota the late Mr. William H. Danforth of St. Louis Missouri and a number of other individual friends and groups.,"{""Company"": 0, ""EducationalInstitution"": 5, ""Artist"": 0, ""Athlete"": 0, ""OfficeHolder"": 0, ""MeanOfTransportation"": 0, ""Building"": 0, ""NaturalPlace"": 0, ""Village"": 0, ""Animal"": 0, ""Plant"": 0, ""Album"": 0, ""Film"": 0, ""WrittenWork"": 0}",5,5,1.0,1
800,Animal,Animal,Company,Pediasia.  Pediasia is a genus of small moths in the family Crambidae. They are widespread across temperate Eurasia and adjacent regions.Despite this genus being proposed as early as 1825 it was not widely recognized until the mid-20th century. Consequently most species were initially placed in the closely related genus Crambus.,"{""Company"": 4, ""EducationalInstitution"": 0, ""Artist"": 0, ""Athlete"": 0, ""OfficeHolder"": 0, ""MeanOfTransportation"": 0, ""Building"": 0, ""NaturalPlace"": 0, ""Village"": 0, ""Animal"": 1, ""Plant"": 0, ""Album"": 0, ""Film"": 0, ""WrittenWork"": 0}",4,5,0.8,0
801,NaturalPlace,NaturalPlace,NaturalPlace,Maple Lake (Nova Scotia).  Maple Lake (Nova Scotia) is a lake of Halifax Regional Municipality Nova Scotia Canada.,"{""Company"": 0, ""EducationalInstitution"": 0, ""Artist"": 0, ""Athlete"": 0, ""OfficeHolder"": 0, ""MeanOfTransportation"": 0, ""Building"": 0, ""NaturalPlace"": 5, ""Village"": 0, ""Animal"": 0, ""Plant"": 0, ""Album"": 0, ""Film"": 0, ""WrittenWork"": 0}",5,5,1.0,1
802,Album,Album,Artist,Sara Bareilles: Unplugged on VH1.  Unplugged on VH1 is a live EP by Sara Bareilles recorded during a live session broadcast on VH1.,"{""Company"": 0, ""EducationalInstitution"": 0, ""Artist"": 5, ""Athlete"": 0, ""OfficeHolder"": 0, ""MeanOfTransportation"": 0, ""Building"": 0, ""NaturalPlace"": 0, ""Village"": 0, ""Animal"": 0, ""Plant"": 0, ""Album"": 0, ""Film"": 0, ""WrittenWork"": 0}",5,5,1.0,0
803,Animal,Animal,Animal,Homoeosoma nanophasma.  Homoeosoma nanophasma is a species of snout moths in the genus Homoeosoma. It was described by Neunzig in 1997. It is found in Florida.,"{""Company"": 0, ""EducationalInstitution"": 0, ""Artist"": 0, ""Athlete"": 0, ""OfficeHolder"": 0, ""MeanOfTransportation"": 0, ""Building"": 0, ""NaturalPlace"": 0, ""Village"": 0, ""Animal"": 5, ""Plant"": 0, ""Album"": 0, ""Film"": 0, ""WrittenWork"": 0}",5,5,1.0,1
804,MeanOfTransportation,MeanOfTransportation,OfficeHolder,Chikyū.  Chikyū (ちきゅう) is a Japanese scientific drilling ship built for the Integrated Ocean Drilling Program (IODP).,"{""Company"": 1, ""EducationalInstitution"": 0, ""Artist"": 0, ""Athlete"": 0, ""OfficeHolder"": 2, ""MeanOfTransportation"": 0, ""Building"": 2, ""NaturalPlace"": 0, ""Village"": 0, ""Animal"": 0, ""Plant"": 0, ""Album"": 0, ""Film"": 0, ""WrittenWork"": 0}",2,5,0.4,0
805,Village,Village,Village,Marvashkan.  Marvashkan (Persian: مروشكان‎ also Romanized as Marvashkān and Marveshkān) is a village in Tujerdi Rural District Sarchehan District Bavanat County Fars Province Iran. At the 2006 census its population was 1361 in 318 families.,"{""Company"": 0, ""EducationalInstitution"": 0, ""Artist"": 0, ""Athlete"": 0, ""OfficeHolder"": 0, ""MeanOfTransportation"": 0, ""Building"": 0, ""NaturalPlace"": 0, ""Village"": 5, ""Animal"": 0, ""Plant"": 0, ""Album"": 0, ""Film"": 0, ""WrittenWork"": 0}",5,5,1.0,1
806,WrittenWork,WrittenWork,Company,Rokovnjači.  Rokovnjači (The Bandits)is a novel by Slovenian author Josip Jurčič. It was first published in 1881.,"{""Company"": 5, ""EducationalInstitution"": 0, ""Artist"": 0, ""Athlete"": 0, ""OfficeHolder"": 0, ""MeanOfTransportation"": 0, ""Building"": 0, ""NaturalPlace"": 0, ""Village"": 0, ""Animal"": 0, ""Plant"": 0, ""Album"": 0, ""Film"": 0, ""WrittenWork"": 0}",5,5,1.0,0
807,Album,Album,Album,Ships (album).  Ships is the seventh full length album by New Jersey indie rock band Danielson. The album was a massive collaboration among Daniel Smith and various other musicians.,"{""Company"": 0, ""EducationalInstitution"": 0, ""Artist"": 0, ""Athlete"": 0, ""OfficeHolder"": 0, ""MeanOfTransportation"": 0, ""Building"": 0, ""NaturalPlace"": 0, ""Village"": 0, ""Animal"": 0, ""Plant"": 0, ""Album"": 5, ""Film"": 0, ""WrittenWork"": 0}",5,5,1.0,1
808,Building,Building,Building,House at 36 Aegean Avenue.  The House at 36 Aegean Avenue is a historic home in the Davis Islands neighborhood of Tampa Florida United States. It is located at 36 Aegean Avenue. On November 13 1989 it was added to the U.S. National Register of Historic Places.,"{""Company"": 0, ""EducationalInstitution"": 0, ""Artist"": 0, ""Athlete"": 0, ""OfficeHolder"": 0, ""MeanOfTransportation"": 0, ""Building"": 5, ""NaturalPlace"": 0, ""Village"": 0, ""Animal"": 0, ""Plant"": 0, ""Album"": 0, ""Film"": 0, ""WrittenWork"": 0}",5,5,1.0,1
809,Artist,Artist,Artist,Pezet.  Paweł Kapliński (Polish pronunciation: [ˈpavɛw kaˈpliɲskʲi] born April 18 1980) better known by his stage name Pezet (Polish pronunciation: [ˈpɛzɛt]) is a Polish rapper. In 1998 he debuted with Onar in Płomień 81 and they published 3 albums. He started working with Noon in 2002 publishing 2 albums. 5 years later in 2007 his first solo album hit stores.Pezet hosted the program Rap Fura on Viva. He also had an episode in a crime drama television series called Kryminalni on TVN.,"{""Company"": 1, ""EducationalInstitution"": 0, ""Artist"": 4, ""Athlete"": 0, ""OfficeHolder"": 0, ""MeanOfTransportation"": 0, ""Building"": 0, ""NaturalPlace"": 0, ""Village"": 0, ""Animal"": 0, ""Plant"": 0, ""Album"": 0, ""Film"": 0, ""WrittenWork"": 0}",4,5,0.8,1
810,Film,Film,Film,I Accuse.  I Accuse is a 2003 drama film directed by John Ketcham. It is based on the case of Dr. John Schneeberger a Canadian doctor convicted of using drugs to rape two patients.,"{""Company"": 0, ""EducationalInstitution"": 0, ""Artist"": 0, ""Athlete"": 0, ""OfficeHolder"": 0, ""MeanOfTransportation"": 0, ""Building"": 0, ""NaturalPlace"": 0, ""Village"": 0, ""Animal"": 0, ""Plant"": 0, ""Album"": 0, ""Film"": 5, ""WrittenWork"": 0}",5,5,1.0,1
811,Company,Company,Company,Jamaica Urban Transit Company.  The Jamaica Urban Transit Company (JUTC) is the government owned bus service operating within the Kingston Metropolitan Transit Region (KMTR) Spanish Town and Portmore. The company is headquartered in Rockfort Kingston with its primary hubs being the North West and South Parades (NWS Parades) in Downtown Kingston; and the newly built Half Way Tree Transport Centre in Half Way Tree Saint Andrew.,"{""Company"": 5, ""EducationalInstitution"": 0, ""Artist"": 0, ""Athlete"": 0, ""OfficeHolder"": 0, ""MeanOfTransportation"": 0, ""Building"": 0, ""NaturalPlace"": 0, ""Village"": 0, ""Animal"": 0, ""Plant"": 0, ""Album"": 0, ""Film"": 0, ""WrittenWork"": 0}",5,5,1.0,1
812,Company,Company,Company,Highmark.  Highmark is a not-for-profit healthcare company based in Pittsburgh Pennsylvania United States. It is the largest health insurer in Pennsylvania and through a purchase in 1996 the largest health insurer in West Virginia and also later Delaware . As Highmark Blue Cross Blue Shield it primarily serves the 29 counties of western Pennsylvania. As Highmark Blue Shield it services 21 counties of Central Pennsylvania and the Lehigh Valley.,"{""Company"": 5, ""EducationalInstitution"": 0, ""Artist"": 0, ""Athlete"": 0, ""OfficeHolder"": 0, ""MeanOfTransportation"": 0, ""Building"": 0, ""NaturalPlace"": 0, ""Village"": 0, ""Animal"": 0, ""Plant"": 0, ""Album"": 0, ""Film"": 0, ""WrittenWork"": 0}",5,5,1.0,1
813,NaturalPlace,NaturalPlace,NaturalPlace,Huia River.  The Huia River is a river of New Zealand's South Island West Coast. It flows north to meet with the Kakapo River two kilometres before the latter flows into the Karamea River 17 kilometres to the east of Karamea.,"{""Company"": 0, ""EducationalInstitution"": 0, ""Artist"": 0, ""Athlete"": 0, ""OfficeHolder"": 0, ""MeanOfTransportation"": 0, ""Building"": 0, ""NaturalPlace"": 5, ""Village"": 0, ""Animal"": 0, ""Plant"": 0, ""Album"": 0, ""Film"": 0, ""WrittenWork"": 0}",5,5,1.0,1
814,WrittenWork,WrittenWork,Animal,Creatures of Light and Darkness.  Creatures of Light and Darkness is a 1969 science fiction novel by Roger Zelazny. Long out of print it was reissued in April 2010.,"{""Company"": 0, ""EducationalInstitution"": 0, ""Artist"": 0, ""Athlete"": 0, ""OfficeHolder"": 0, ""MeanOfTransportation"": 0, ""Building"": 0, ""NaturalPlace"": 0, ""Village"": 0, ""Animal"": 4, ""Plant"": 0, ""Album"": 0, ""Film"": 0, ""WrittenWork"": 1}",4,5,0.8,0
815,Company,Company,Company,Partners of the Americas.  Partners of the Americas was inspired by President of the United States John F. Kennedy who in 1963 launched the Alliance for Progress a program of government-to-government economic cooperation across the Western Hemisphere. It is a 501(c)(3) non-profit organization headquartered in Washington D.C..,"{""Company"": 4, ""EducationalInstitution"": 0, ""Artist"": 0, ""Athlete"": 0, ""OfficeHolder"": 1, ""MeanOfTransportation"": 0, ""Building"": 0, ""NaturalPlace"": 0, ""Village"": 0, ""Animal"": 0, ""Plant"": 0, ""Album"": 0, ""Film"": 0, ""WrittenWork"": 0}",4,5,0.8,1
816,Building,Building,Building,Capt. John Wilson House and Bates Ship Chandlery.  Capt. John Wilson House and Bates Ship Chandlery are historic buildings at 4 Elm Street in Cohasset Massachusetts. They are now owned by the Cohasset Historical Society. Open in the summer the Captain John Wilson House is now a historic house museum and the Chandlery houses displays about the town's maritime heritage.The chandlery was built in 1754 and the house in 1810. They were added to the National Register of Historic Places in 2002.,"{""Company"": 0, ""EducationalInstitution"": 0, ""Artist"": 0, ""Athlete"": 0, ""OfficeHolder"": 0, ""MeanOfTransportation"": 0, ""Building"": 5, ""NaturalPlace"": 0, ""Village"": 0, ""Animal"": 0, ""Plant"": 0, ""Album"": 0, ""Film"": 0, ""WrittenWork"": 0}",5,5,1.0,1
817,Artist,Artist,Company,Sirkazhi Govindarajan.  Sirkazhi Govindarajan (Tamil: சீர்காழி கோவிந்தராஜன்; January 19 1933 - March 24 1988) was a leading vocalist in Carnatic Music.Govindarajan was born at Sirkali a small town in Madras Presidency (Present day Tamil Nadu) to Siva Chidambaram and Avayambal Ammal. Sirkali was the birthplace of Thirugnanasambandar one of the Samaya Naalvar and the 63 Nayanmar of the Saiva faith.,"{""Company"": 5, ""EducationalInstitution"": 0, ""Artist"": 0, ""Athlete"": 0, ""OfficeHolder"": 0, ""MeanOfTransportation"": 0, ""Building"": 0, ""NaturalPlace"": 0, ""Village"": 0, ""Animal"": 0, ""Plant"": 0, ""Album"": 0, ""Film"": 0, ""WrittenWork"": 0}",5,5,1.0,0
818,EducationalInstitution,EducationalInstitution,Company,National Institute of Technology Hamirpur.  The National Institute of Technology Hamirpur (commonly referred to as NIT Hamirpur) is a public engineering college located in Hamirpur Himachal Pradesh India. It is one of the thirty National Institutes of Technology established administered and funded by Government of India. It conducts undergraduate and postgraduate programmes in Engineering and Architecture and Doctor of Philosophy programme in Engineering Pure Science and Humanities.,"{""Company"": 5, ""EducationalInstitution"": 0, ""Artist"": 0, ""Athlete"": 0, ""OfficeHolder"": 0, ""MeanOfTransportation"": 0, ""Building"": 0, ""NaturalPlace"": 0, ""Village"": 0, ""Animal"": 0, ""Plant"": 0, ""Album"": 0, ""Film"": 0, ""WrittenWork"": 0}",5,5,1.0,0
819,Film,Film,Film,Krishnan Marriage Story.  Krishnan Marriage Story is an Indian Kannada-language romantic drama film written and directed by debutant Nuthan Umesh starring Ajay Rao and Nidhi Subbaiah in the lead roles. Vijaya Kumar is the producer and Sridhar V. Sambhram is the music director of the film. The story revolves around the main lead character who plays an advertising executive and his large joint family.,"{""Company"": 1, ""EducationalInstitution"": 0, ""Artist"": 0, ""Athlete"": 0, ""OfficeHolder"": 0, ""MeanOfTransportation"": 0, ""Building"": 0, ""NaturalPlace"": 0, ""Village"": 0, ""Animal"": 0, ""Plant"": 0, ""Album"": 0, ""Film"": 4, ""WrittenWork"": 0}",4,5,0.8,1
820,WrittenWork,WrittenWork,Company,Pieces of Modesty.  Pieces of Modesty is a short story collection by Peter O'Donnell featuring his action heroine Modesty Blaise first published in 1972. It was O'Donnell's first such collection of stories (he would publish a second Cobra Trap decades later).,"{""Company"": 3, ""EducationalInstitution"": 0, ""Artist"": 1, ""Athlete"": 0, ""OfficeHolder"": 0, ""MeanOfTransportation"": 0, ""Building"": 0, ""NaturalPlace"": 0, ""Village"": 0, ""Animal"": 0, ""Plant"": 0, ""Album"": 0, ""Film"": 0, ""WrittenWork"": 1}",3,5,0.6,0
821,Company,Company,Company,Columbus Salame.  Columbus Salame (Columbus Sausage Company Columbus Foods Inc.) is an American food processing company specializing in salami and other prepared delicatessen meats founded in San Francisco in 1917. Their current headquarters are in Hayward California. Their products are sold at supermarkets locally and nationwide including Costco Safeway Cost Plus and Trader Joe's. Their artisanal products including specialty salumi have been praised by food critics.,"{""Company"": 5, ""EducationalInstitution"": 0, ""Artist"": 0, ""Athlete"": 0, ""OfficeHolder"": 0, ""MeanOfTransportation"": 0, ""Building"": 0, ""NaturalPlace"": 0, ""Village"": 0, ""Animal"": 0, ""Plant"": 0, ""Album"": 0, ""Film"": 0, ""WrittenWork"": 0}",5,5,1.0,1
822,Company,Company,Company,Acme Records.  Acme Records an independent record label based in Hastings East Sussex England was formed in 1994 by Gary Ramon (the frontman of Sun Dial). It is known for reissuing classic progressive rock and psychedelic rock albums from the 1960s and 1970s including out-of-print and previously unreleased material. Acme also produces and releases new material.,"{""Company"": 5, ""EducationalInstitution"": 0, ""Artist"": 0, ""Athlete"": 0, ""OfficeHolder"": 0, ""MeanOfTransportation"": 0, ""Building"": 0, ""NaturalPlace"": 0, ""Village"": 0, ""Animal"": 0, ""Plant"": 0, ""Album"": 0, ""Film"": 0, ""WrittenWork"": 0}",5,5,1.0,1
823,Company,Company,Company,Biomatters.  Biomatters Limited is the company behind the Geneious software a bioinformatics software development company headquartered in Auckland New Zealand. Biomatters create applications for targeted biological analysis.,"{""Company"": 5, ""EducationalInstitution"": 0, ""Artist"": 0, ""Athlete"": 0, ""OfficeHolder"": 0, ""MeanOfTransportation"": 0, ""Building"": 0, ""NaturalPlace"": 0, ""Village"": 0, ""Animal"": 0, ""Plant"": 0, ""Album"": 0, ""Film"": 0, ""WrittenWork"": 0}",5,5,1.0,1
824,OfficeHolder,OfficeHolder,OfficeHolder,Bill Ingebrigtsen.  Bill G. Ingebrigtsen (born March 26 1952) is a Minnesota politician and member of the Minnesota Senate. A member of the Republican Party of Minnesota he represents District 8 which includes portions of Douglas and Otter Tail counties in the west central part of the state.,"{""Company"": 0, ""EducationalInstitution"": 0, ""Artist"": 0, ""Athlete"": 0, ""OfficeHolder"": 4, ""MeanOfTransportation"": 0, ""Building"": 0, ""NaturalPlace"": 0, ""Village"": 0, ""Animal"": 0, ""Plant"": 0, ""Album"": 0, ""Film"": 0, ""WrittenWork"": 0}",4,5,0.8,1
825,Athlete,Athlete,Athlete,Sergei Sentyurin.  Sergei Sentyurin is a Russian professional ice hockey forward who currently plays for Avangard Omsk of the Kontinental Hockey League (KHL).,"{""Company"": 0, ""EducationalInstitution"": 0, ""Artist"": 0, ""Athlete"": 5, ""OfficeHolder"": 0, ""MeanOfTransportation"": 0, ""Building"": 0, ""NaturalPlace"": 0, ""Village"": 0, ""Animal"": 0, ""Plant"": 0, ""Album"": 0, ""Film"": 0, ""WrittenWork"": 0}",5,5,1.0,1
826,MeanOfTransportation,MeanOfTransportation,OfficeHolder,HMIS Rohilkhand (J180).  HMIS Rohilkhand (J180) was a Bangor class minesweeper which served in the Royal Indian Navy (RIN) during World War II.,"{""Company"": 0, ""EducationalInstitution"": 0, ""Artist"": 0, ""Athlete"": 0, ""OfficeHolder"": 5, ""MeanOfTransportation"": 0, ""Building"": 0, ""NaturalPlace"": 0, ""Village"": 0, ""Animal"": 0, ""Plant"": 0, ""Album"": 0, ""Film"": 0, ""WrittenWork"": 0}",5,5,1.0,0
827,Building,Building,Building,Basilica of the Immaculate Conception (Jacksonville).  The Basilica of the Immaculate Conception is a historic Catholic church in Downtown Jacksonville Florida U.S. A parish church in the Diocese of St. Augustine it represents Jacksonville's oldest Catholic congregation. The current building dating to 1910 was added to the U.S. National Register of Historic Places in 1992 and was named a minor basilica in 2013. It is located at 121 East Duval Street; its current pastor is Father Ed Murphy.,"{""Company"": 0, ""EducationalInstitution"": 0, ""Artist"": 0, ""Athlete"": 0, ""OfficeHolder"": 0, ""MeanOfTransportation"": 0, ""Building"": 5, ""NaturalPlace"": 0, ""Village"": 0, ""Animal"": 0, ""Plant"": 0, ""Album"": 0, ""Film"": 0, ""WrittenWork"": 0}",5,5,1.0,1
828,Plant,Plant,Company,Metzgeria.  Metzgeria is a genus of thalloid liverworts in the family Metzgeriaceae. The genus was named in honor of Johann Metzger (1771–1844) German copper engraver and art restorer from Staufen Breisgau(Baden-Wurttemberg) a friend of Raddi and pupil of the great Florentineengraver Raphael Sanzio Morghen (1753–1833). Approximately 120 to 200 species of Metzgeria have been described. Species may be either monoicous or dioicous.,"{""Company"": 3, ""EducationalInstitution"": 0, ""Artist"": 0, ""Athlete"": 0, ""OfficeHolder"": 0, ""MeanOfTransportation"": 0, ""Building"": 2, ""NaturalPlace"": 0, ""Village"": 0, ""Animal"": 0, ""Plant"": 0, ""Album"": 0, ""Film"": 0, ""WrittenWork"": 0}",3,5,0.6,0
829,Film,Film,Film,Xoca.  Xoca is a 2012 Azerbaijani drama film directed written and co-produced by Vahid Mustafayev based loosely on the Khojaly Massacre during the Nagorno-Karabakh War. The film stars Ilgar Musayev Nigar Bahadirqizi and Telman Aliyev.,"{""Company"": 0, ""EducationalInstitution"": 0, ""Artist"": 0, ""Athlete"": 0, ""OfficeHolder"": 0, ""MeanOfTransportation"": 0, ""Building"": 0, ""NaturalPlace"": 0, ""Village"": 0, ""Animal"": 0, ""Plant"": 0, ""Album"": 0, ""Film"": 5, ""WrittenWork"": 0}",5,5,1.0,1
830,Album,Album,Album,Copenhagen (album).  Copenhagen is a live album by Galaxie 500. It was recorded on December 1 1990 the final date of their last European tour.,"{""Company"": 0, ""EducationalInstitution"": 0, ""Artist"": 0, ""Athlete"": 0, ""OfficeHolder"": 0, ""MeanOfTransportation"": 0, ""Building"": 0, ""NaturalPlace"": 0, ""Village"": 0, ""Animal"": 0, ""Plant"": 0, ""Album"": 5, ""Film"": 0, ""WrittenWork"": 0}",5,5,1.0,1
831,MeanOfTransportation,MeanOfTransportation,OfficeHolder,NRP Bartolomeu Dias.  NRP Bartolomeu Dias was a sloop of the Portuguese Navy. The ship was the second of the Afonso de Albuquerque-class sloop which also included the lead ship of the class the NRP Afonso de Albuquerque. These ships were classified by the Portuguese Navy as avisos coloniais de 1ª classe (colonial aviso 1st class) and were designed for colonial service in the Overseas territories of Portugal.,"{""Company"": 2, ""EducationalInstitution"": 0, ""Artist"": 0, ""Athlete"": 0, ""OfficeHolder"": 3, ""MeanOfTransportation"": 0, ""Building"": 0, ""NaturalPlace"": 0, ""Village"": 0, ""Animal"": 0, ""Plant"": 0, ""Album"": 0, ""Film"": 0, ""WrittenWork"": 0}",3,5,0.6,0
832,WrittenWork,WrittenWork,Company,Unseen Academicals.  Unseen Academicals is the 37th novel in Terry Pratchett's Discworld series. The novel satirises football (soccer) and features Mustrum Ridcully setting up an Unseen University football (soccer) team with the Librarian in goal. It includes new details about below stairs life at the university.,"{""Company"": 2, ""EducationalInstitution"": 0, ""Artist"": 0, ""Athlete"": 0, ""OfficeHolder"": 0, ""MeanOfTransportation"": 0, ""Building"": 0, ""NaturalPlace"": 0, ""Village"": 0, ""Animal"": 0, ""Plant"": 0, ""Album"": 1, ""Film"": 0, ""WrittenWork"": 2}",2,5,0.4,0
833,Animal,Animal,Animal,Noble mouse-like hamster.  The noble mouse-like hamster or the noble calomyscus Calomyscus grandis is a species of mouse-like hamster from Iran. It is the largest species of Calomyscus and was initially described as a subspecies of Calomyscus bailwardi. The animal is found in the region near Teheran and is identifiable based on its large size (74–91 mm) and soft buffy brown dorsal pelage. Musser and Carleton recognized C. grandis as a distinct species.,"{""Company"": 0, ""EducationalInstitution"": 0, ""Artist"": 0, ""Athlete"": 0, ""OfficeHolder"": 0, ""MeanOfTransportation"": 0, ""Building"": 0, ""NaturalPlace"": 0, ""Village"": 0, ""Animal"": 5, ""Plant"": 0, ""Album"": 0, ""Film"": 0, ""WrittenWork"": 0}",5,5,1.0,1
834,Building,Building,Building,City Blacksmith Shop.  The City Blacksmith Shop or Hanzlik Blacksmith Shop in Lamberton in the U.S. state of Minnesota is located at Douglas Street and 2nd Avenue. The building was built by George Nigg Senior and Paul Schaffran in 1897. They smithed until they sold the shop to Anton Hanzlik in 1920. Many of the trade tools are still in the building however some have been modernized with electricity.,"{""Company"": 1, ""EducationalInstitution"": 0, ""Artist"": 0, ""Athlete"": 0, ""OfficeHolder"": 0, ""MeanOfTransportation"": 0, ""Building"": 4, ""NaturalPlace"": 0, ""Village"": 0, ""Animal"": 0, ""Plant"": 0, ""Album"": 0, ""Film"": 0, ""WrittenWork"": 0}",4,5,0.8,1
835,Animal,Animal,Athlete,Gilded Time.  Gilded Time (foaled 1990 in Florida) is an American Thoroughbred racehorse and sire. He was a leading American two-year-old in 1992 and at the end of the season was voted American Champion Two-Year-Old Colt at the Eclipse Awards. His subsequent racing career was curtailed by injury.,"{""Company"": 0, ""EducationalInstitution"": 0, ""Artist"": 0, ""Athlete"": 5, ""OfficeHolder"": 0, ""MeanOfTransportation"": 0, ""Building"": 0, ""NaturalPlace"": 0, ""Village"": 0, ""Animal"": 0, ""Plant"": 0, ""Album"": 0, ""Film"": 0, ""WrittenWork"": 0}",5,5,1.0,0
836,WrittenWork,WrittenWork,Company,Upsala Nya Tidning.  Upsala Nya Tidning or UNT is a regional daily newspaper published in Uppsala (older spelling Upsala) Sweden. The name means Upsala New Newspaper and the first issue appeared in 1890. It has a circulation of about 60000 (in 2003). The distribution and news coverage are mainly regional while the editorial page is devoted to national and international as well as regional affairs.,"{""Company"": 3, ""EducationalInstitution"": 0, ""Artist"": 0, ""Athlete"": 0, ""OfficeHolder"": 1, ""MeanOfTransportation"": 0, ""Building"": 1, ""NaturalPlace"": 0, ""Village"": 0, ""Animal"": 0, ""Plant"": 0, ""Album"": 0, ""Film"": 0, ""WrittenWork"": 0}",3,5,0.6,0
837,Album,Album,Album,The Sky's the Limit (Blackhawk album).  The Sky's the Limit is the fourth studio album released by American country music band BlackHawk. Their final studio album for Arista Nashville it features the singles There You Have It and Your Own Little Corner of My Heart which respectively reached #4 and #27 on the Hot Country Songs charts. There You Have It was also a number 41 on the Billboard Hot 100.,"{""Company"": 0, ""EducationalInstitution"": 0, ""Artist"": 0, ""Athlete"": 0, ""OfficeHolder"": 0, ""MeanOfTransportation"": 0, ""Building"": 0, ""NaturalPlace"": 0, ""Village"": 0, ""Animal"": 0, ""Plant"": 0, ""Album"": 5, ""Film"": 0, ""WrittenWork"": 0}",5,5,1.0,1
838,MeanOfTransportation,MeanOfTransportation,Company,Alon A-4.  The Alon A-4 is a prototype American light aircraft of the 1960s. Alon INC. of McPherson Kansas was formed by two former executives of Beechcraft in 1963 and had initially built an improved version of the ERCO Ercoupe as the Alon A-2. In 1964 Alon started design of an all-new four-seat light aircraft the Alon Four (or Alon A-4). It was a conventional singled-engined low-winged monoplane of all-metal construction with a fixed (non retractable) tricycle landing gear undercarriage.,"{""Company"": 4, ""EducationalInstitution"": 0, ""Artist"": 0, ""Athlete"": 0, ""OfficeHolder"": 1, ""MeanOfTransportation"": 0, ""Building"": 0, ""NaturalPlace"": 0, ""Village"": 0, ""Animal"": 0, ""Plant"": 0, ""Album"": 0, ""Film"": 0, ""WrittenWork"": 0}",4,5,0.8,0
839,Film,Film,Film,Queen Kong.  Queen Kong (1976) is a British comedy film spoofing King Kong. The film was never released theatrically in the UK due to legal action by Dino De Laurentiis producer of the 1976 King Kong remake. It got limited release in Italy and Germany. The film has since resurfaced on DVD. It was released on 10 December 1976 in West Germany.The film has a cult following in Japan.,"{""Company"": 0, ""EducationalInstitution"": 0, ""Artist"": 0, ""Athlete"": 0, ""OfficeHolder"": 0, ""MeanOfTransportation"": 0, ""Building"": 0, ""NaturalPlace"": 0, ""Village"": 0, ""Animal"": 0, ""Plant"": 0, ""Album"": 0, ""Film"": 5, ""WrittenWork"": 0}",5,5,1.0,1
840,Village,Village,Village,Eslamabad Khesht.  Eslamabad (Persian: اسلام اباد‎ also Romanized as Eslāmābād) is a village in Khesht Rural District Khesht District Kazerun County Fars Province Iran. At the 2006 census its population was 141 in 28 families.,"{""Company"": 0, ""EducationalInstitution"": 0, ""Artist"": 0, ""Athlete"": 0, ""OfficeHolder"": 0, ""MeanOfTransportation"": 0, ""Building"": 0, ""NaturalPlace"": 0, ""Village"": 5, ""Animal"": 0, ""Plant"": 0, ""Album"": 0, ""Film"": 0, ""WrittenWork"": 0}",5,5,1.0,1
841,Company,Company,Company,BOK Financial Corporation.  BOK Financial Corporation based in Tulsa Oklahoma is a financial services company in the West South Central States region of the United States. The corporate headquarters is located in the BOK Tower in downtown Tulsa. BOK Financial's holdings include BOKF NA BOSC Inc Cavanal Hill Investment Management and Southwest Trust Company.,"{""Company"": 5, ""EducationalInstitution"": 0, ""Artist"": 0, ""Athlete"": 0, ""OfficeHolder"": 0, ""MeanOfTransportation"": 0, ""Building"": 0, ""NaturalPlace"": 0, ""Village"": 0, ""Animal"": 0, ""Plant"": 0, ""Album"": 0, ""Film"": 0, ""WrittenWork"": 0}",5,5,1.0,1
842,WrittenWork,WrittenWork,WrittenWork,How to Be Cool.  How to be Cool is a 1987 novel written by Philip Pullman and intended for older teen readers. The plot revolves around a young man named Jacob who finds out the truth about the sinister plans of the National Cool Board and hits upon an idea to beat them at their own game.,"{""Company"": 2, ""EducationalInstitution"": 0, ""Artist"": 0, ""Athlete"": 0, ""OfficeHolder"": 0, ""MeanOfTransportation"": 0, ""Building"": 0, ""NaturalPlace"": 0, ""Village"": 0, ""Animal"": 0, ""Plant"": 0, ""Album"": 0, ""Film"": 0, ""WrittenWork"": 3}",3,5,0.6,1
843,Plant,Plant,Plant,Cissus.  Cissus is a genus of approximately 350 species of woody vines in the grape family (Vitaceae). They have a cosmopolitan distribution though the majority are to be found in the tropics.,"{""Company"": 0, ""EducationalInstitution"": 0, ""Artist"": 0, ""Athlete"": 0, ""OfficeHolder"": 0, ""MeanOfTransportation"": 0, ""Building"": 1, ""NaturalPlace"": 0, ""Village"": 0, ""Animal"": 0, ""Plant"": 4, ""Album"": 0, ""Film"": 0, ""WrittenWork"": 0}",4,5,0.8,1
844,MeanOfTransportation,MeanOfTransportation,Company,Issoire APM 20 Lionceau.  The APM 20 Lionceau is a two-seat very light aircraft manufactured by the French manufacturer Issoire Aviation.Despite its classic appearance it is entirely built from composite materials especially carbon fibers.Designed by Philippe Moniot and certified in 1999 (see EASA CS-VLA) this very light (400 kg empty 634 kg loaded) and economical (80 PS engine) aircraft is primarily intended to be used to learn to fly but also to travel with a relatively high cruise speed (113 knots).A three-seat version the APM 30 Lion was presented at the 2005 Paris Air Show.,"{""Company"": 3, ""EducationalInstitution"": 0, ""Artist"": 0, ""Athlete"": 0, ""OfficeHolder"": 2, ""MeanOfTransportation"": 0, ""Building"": 0, ""NaturalPlace"": 0, ""Village"": 0, ""Animal"": 0, ""Plant"": 0, ""Album"": 0, ""Film"": 0, ""WrittenWork"": 0}",3,5,0.6,0
845,EducationalInstitution,EducationalInstitution,EducationalInstitution,Melbourne Polytechnic.  Melbourne Polytechnic is a hybrid educational organisation developed and administered by Northern Melbourne Institute of TAFE (NMIT) offering vocational education courses encompassing Certificate Diploma Advanced Diploma levels and Bachelor degrees at Prahran campus.NMIT Bachelor degrees in Business Hospitality Management Information Technology and Writing and Publishing will initially be offered by Melbourne Polytechnic.,"{""Company"": 0, ""EducationalInstitution"": 5, ""Artist"": 0, ""Athlete"": 0, ""OfficeHolder"": 0, ""MeanOfTransportation"": 0, ""Building"": 0, ""NaturalPlace"": 0, ""Village"": 0, ""Animal"": 0, ""Plant"": 0, ""Album"": 0, ""Film"": 0, ""WrittenWork"": 0}",5,5,1.0,1
846,Company,Company,Company,Stage Accompany.  Stage Accompany BV is a Dutch audio electronics company currently owned by Job Rijsdijk. It was founded in 1977 by Ed Wijnker. Their primary products are loudspeakers and associated electronics. Stage Accompany produces audio equipment for the cinema studio and pro audio market.,"{""Company"": 5, ""EducationalInstitution"": 0, ""Artist"": 0, ""Athlete"": 0, ""OfficeHolder"": 0, ""MeanOfTransportation"": 0, ""Building"": 0, ""NaturalPlace"": 0, ""Village"": 0, ""Animal"": 0, ""Plant"": 0, ""Album"": 0, ""Film"": 0, ""WrittenWork"": 0}",5,5,1.0,1
847,EducationalInstitution,EducationalInstitution,EducationalInstitution,East Noble High School.  East Noble High School is a grade 9-12 high school located in Kendallville Indiana and is the only high school that is part of the East Noble School Corporation. It serves to educate the approximately 1200 students from the cities and towns of Rome City Brimfield Kendallville Avilla and LaOtto.,"{""Company"": 0, ""EducationalInstitution"": 5, ""Artist"": 0, ""Athlete"": 0, ""OfficeHolder"": 0, ""MeanOfTransportation"": 0, ""Building"": 0, ""NaturalPlace"": 0, ""Village"": 0, ""Animal"": 0, ""Plant"": 0, ""Album"": 0, ""Film"": 0, ""WrittenWork"": 0}",5,5,1.0,1
848,Film,Film,Film,The Appaloosa.  The Appaloosa (also known as Southwest to Sonora) is a 1966 American Western film Technicolor (set in the 1870s) from Universal Pictures starring Marlon Brando Anjanette Comer and John Saxon who was nominated for a Golden Globe for Best Supporting Actor for his portrayal of a Mexican bandit. The film was directed by Sidney J. Furie shot in Mexico.The 2008 Appaloosa film (starring Ed Harris and Viggo Mortensen) is not related nor a remake of this film although it has almost the same title.,"{""Company"": 0, ""EducationalInstitution"": 0, ""Artist"": 0, ""Athlete"": 0, ""OfficeHolder"": 0, ""MeanOfTransportation"": 0, ""Building"": 0, ""NaturalPlace"": 0, ""Village"": 0, ""Animal"": 0, ""Plant"": 0, ""Album"": 0, ""Film"": 5, ""WrittenWork"": 0}",5,5,1.0,1
849,Plant,Plant,NaturalPlace,Sophora tetraptera.  Sophora tetraptera is commonly known as kōwhai or large-leaved kōwhai that grows naturally only in the central east of the North Island in New Zealand. S. tetraptera has larger more widely spaced leaves than the seven other species of kōwhai.,"{""Company"": 0, ""EducationalInstitution"": 0, ""Artist"": 0, ""Athlete"": 0, ""OfficeHolder"": 0, ""MeanOfTransportation"": 0, ""Building"": 0, ""NaturalPlace"": 4, ""Village"": 0, ""Animal"": 0, ""Plant"": 1, ""Album"": 0, ""Film"": 0, ""WrittenWork"": 0}",4,5,0.8,0
850,Building,Building,OfficeHolder,Delaware County Courthouse (Ohio).  The Delaware County Courthouse is located at 91 North Sandusky Street in Delaware Ohio. The courthouse was placed on the National Register.,"{""Company"": 0, ""EducationalInstitution"": 0, ""Artist"": 0, ""Athlete"": 0, ""OfficeHolder"": 3, ""MeanOfTransportation"": 0, ""Building"": 2, ""NaturalPlace"": 0, ""Village"": 0, ""Animal"": 0, ""Plant"": 0, ""Album"": 0, ""Film"": 0, ""WrittenWork"": 0}",3,5,0.6,0
851,Plant,Plant,Plant,Agrostis perennans.  Agrostis perennans (Upland bentgrass Upland bent Autumn bent Agrostide perennant) is species of grass in the Poaceae family.,"{""Company"": 1, ""EducationalInstitution"": 0, ""Artist"": 0, ""Athlete"": 0, ""OfficeHolder"": 0, ""MeanOfTransportation"": 0, ""Building"": 0, ""NaturalPlace"": 0, ""Village"": 0, ""Animal"": 0, ""Plant"": 4, ""Album"": 0, ""Film"": 0, ""WrittenWork"": 0}",4,5,0.8,1
852,Athlete,Athlete,Athlete,Javad Davari.  Javad Davari (Persian: جواد داوری ‎ born April 25 1983 in Isfahan Iran) is an Iranian professional basketball player currently playing as a point guard for Foolad Mahan in the Iranian Basketball Super League. He is 6'1 in height. He is also a member of the Iranian national basketball team and competed at the 2008 Olympic Basketball Tournament. Davari previously played for Zob Ahan before joining Petrochimi.,"{""Company"": 0, ""EducationalInstitution"": 0, ""Artist"": 0, ""Athlete"": 5, ""OfficeHolder"": 0, ""MeanOfTransportation"": 0, ""Building"": 0, ""NaturalPlace"": 0, ""Village"": 0, ""Animal"": 0, ""Plant"": 0, ""Album"": 0, ""Film"": 0, ""WrittenWork"": 0}",5,5,1.0,1
853,Album,Album,Album,Worship Him.  Worship Him is the first full LP from the Swiss heavy metal band Samael released in 1991.,"{""Company"": 1, ""EducationalInstitution"": 0, ""Artist"": 0, ""Athlete"": 0, ""OfficeHolder"": 0, ""MeanOfTransportation"": 0, ""Building"": 0, ""NaturalPlace"": 0, ""Village"": 0, ""Animal"": 0, ""Plant"": 0, ""Album"": 4, ""Film"": 0, ""WrittenWork"": 0}",4,5,0.8,1
854,MeanOfTransportation,MeanOfTransportation,OfficeHolder,HMS Carlisle (D67).  HMS Carlisle was a C-class light cruiser of the Royal Navy named after the English City of Carlisle. She was the name ship of the Carlisle group of the C-class of cruisers. Carlisle was credited with shooting down eleven Axis aircraft during the Second World War and was the top scoring anti-aircraft ship in the Royal Navy.,"{""Company"": 1, ""EducationalInstitution"": 0, ""Artist"": 0, ""Athlete"": 0, ""OfficeHolder"": 3, ""MeanOfTransportation"": 0, ""Building"": 1, ""NaturalPlace"": 0, ""Village"": 0, ""Animal"": 0, ""Plant"": 0, ""Album"": 0, ""Film"": 0, ""WrittenWork"": 0}",3,5,0.6,0
855,WrittenWork,WrittenWork,WrittenWork,Little Ego.  Little Ego is a comic strip written and drawn by Vittorio Giardino as well as the title character of the strip. Little Ego first appeared in Glamour International Magazine #12 (January 1984).,"{""Company"": 0, ""EducationalInstitution"": 0, ""Artist"": 0, ""Athlete"": 0, ""OfficeHolder"": 0, ""MeanOfTransportation"": 0, ""Building"": 0, ""NaturalPlace"": 0, ""Village"": 0, ""Animal"": 0, ""Plant"": 0, ""Album"": 0, ""Film"": 0, ""WrittenWork"": 5}",5,5,1.0,1
856,Village,Village,Village,Muratdere Bozüyük.  Muratdere is a village in the District of Bozüyük Bilecik Province Turkey. As of 2010 it had a population of 298 people.,"{""Company"": 0, ""EducationalInstitution"": 0, ""Artist"": 0, ""Athlete"": 0, ""OfficeHolder"": 0, ""MeanOfTransportation"": 0, ""Building"": 0, ""NaturalPlace"": 0, ""Village"": 5, ""Animal"": 0, ""Plant"": 0, ""Album"": 0, ""Film"": 0, ""WrittenWork"": 0}",5,5,1.0,1
857,Animal,Animal,Animal,Trichozoma.  Trichozoma is a genus of moth in the family Geometridae.,"{""Company"": 0, ""EducationalInstitution"": 0, ""Artist"": 0, ""Athlete"": 0, ""OfficeHolder"": 0, ""MeanOfTransportation"": 0, ""Building"": 0, ""NaturalPlace"": 0, ""Village"": 0, ""Animal"": 5, ""Plant"": 0, ""Album"": 0, ""Film"": 0, ""WrittenWork"": 0}",5,5,1.0,1
858,Building,Building,Building,Josiah Woodhull House.  The Josiah Woodhull House is a historic building. Built circa 1720 by the son of Richard Woodhull the founder of Brookhaven Town. Located on the border of Shoreham and Wading River it is the oldest standing building in the area.,"{""Company"": 0, ""EducationalInstitution"": 0, ""Artist"": 0, ""Athlete"": 0, ""OfficeHolder"": 0, ""MeanOfTransportation"": 0, ""Building"": 5, ""NaturalPlace"": 0, ""Village"": 0, ""Animal"": 0, ""Plant"": 0, ""Album"": 0, ""Film"": 0, ""WrittenWork"": 0}",5,5,1.0,1
859,Plant,Plant,Plant,Amaranthus sclerantoides.  Amaranthus sclerantoides is a species of plant in the Amaranthaceae family. It is endemic to Ecuador.,"{""Company"": 0, ""EducationalInstitution"": 0, ""Artist"": 0, ""Athlete"": 0, ""OfficeHolder"": 0, ""MeanOfTransportation"": 0, ""Building"": 0, ""NaturalPlace"": 0, ""Village"": 0, ""Animal"": 0, ""Plant"": 5, ""Album"": 0, ""Film"": 0, ""WrittenWork"": 0}",5,5,1.0,1
860,MeanOfTransportation,MeanOfTransportation,Company,Storm Rally.  The Storm Rally (originally marketed as the SG Aviation Rallye) is a sport aircraft of composite construction developed in Italy in the 1990s.,"{""Company"": 2, ""EducationalInstitution"": 0, ""Artist"": 0, ""Athlete"": 1, ""OfficeHolder"": 1, ""MeanOfTransportation"": 0, ""Building"": 1, ""NaturalPlace"": 0, ""Village"": 0, ""Animal"": 0, ""Plant"": 0, ""Album"": 0, ""Film"": 0, ""WrittenWork"": 0}",2,5,0.4,0
861,MeanOfTransportation,MeanOfTransportation,Company,SS Mutlah.  SS Mutlah was a 3393-ton steamship built for the Nourse Line in about 1906 by Charles Connell & Company Limited Glasgow. She had single screw triple expansion 425 nhp engines.Like other Nourse Line ships she was primarily used for the transportation of Indian indentured labourers to the colonies. Details of some of these voyages are as follows:,"{""Company"": 4, ""EducationalInstitution"": 0, ""Artist"": 0, ""Athlete"": 0, ""OfficeHolder"": 1, ""MeanOfTransportation"": 0, ""Building"": 0, ""NaturalPlace"": 0, ""Village"": 0, ""Animal"": 0, ""Plant"": 0, ""Album"": 0, ""Film"": 0, ""WrittenWork"": 0}",4,5,0.8,0
862,Building,Building,Building,Roueche House.  Roueche House is a historic home located at Meadville Crawford County Pennsylvania. It was built in 1899 and is a 2 1/2-story irregular frame dwelling in the Queen Anne style. It is clad in brick clapboard fishscale shingles and pebble-dash panels. It facade features a large curved brick chimney multi-gabled and hipped roofs balconies and round projecting porch and a three-story hexagonal tower.It was added to the National Register of Historic Places in 1982.,"{""Company"": 0, ""EducationalInstitution"": 0, ""Artist"": 0, ""Athlete"": 0, ""OfficeHolder"": 1, ""MeanOfTransportation"": 0, ""Building"": 4, ""NaturalPlace"": 0, ""Village"": 0, ""Animal"": 0, ""Plant"": 0, ""Album"": 0, ""Film"": 0, ""WrittenWork"": 0}",4,5,0.8,1
863,EducationalInstitution,EducationalInstitution,Building,DeVilbiss High School (Toledo Ohio).  Thomas A. DeVilbiss High School was a public high school in Toledo Ohio United States from 1931 to June 1991. It was part of the Toledo Public School District and served students from the following elementary schools: DeVeaux Elmhurst Grove Patterson Longfellow Mayfair McKinley Nathan Hale Old Orchard and Whittier.,"{""Company"": 1, ""EducationalInstitution"": 1, ""Artist"": 0, ""Athlete"": 0, ""OfficeHolder"": 0, ""MeanOfTransportation"": 0, ""Building"": 2, ""NaturalPlace"": 0, ""Village"": 0, ""Animal"": 0, ""Plant"": 0, ""Album"": 0, ""Film"": 0, ""WrittenWork"": 0}",2,5,0.4,0
864,Athlete,Athlete,Athlete,Bucky Walters.  William Henry Bucky Walters (April 19 1909 – April 20 1991) was an American Major League Baseball All-Star pitcher. A native of Philadelphia Pennsylvania Walters played for the Boston Braves (1931–32 1950) Boston Red Sox (1933–1934) Philadelphia Phillies (1934–1938) and Cincinnati Reds (1938–1948). He batted and threw right-handed.,"{""Company"": 0, ""EducationalInstitution"": 0, ""Artist"": 0, ""Athlete"": 5, ""OfficeHolder"": 0, ""MeanOfTransportation"": 0, ""Building"": 0, ""NaturalPlace"": 0, ""Village"": 0, ""Animal"": 0, ""Plant"": 0, ""Album"": 0, ""Film"": 0, ""WrittenWork"": 0}",5,5,1.0,1
865,Company,Company,Company,Chinook Sciences.  Chinook Sciences is a US and UK based technology company that specializes in waste to energy and metal recovery.,"{""Company"": 5, ""EducationalInstitution"": 0, ""Artist"": 0, ""Athlete"": 0, ""OfficeHolder"": 0, ""MeanOfTransportation"": 0, ""Building"": 0, ""NaturalPlace"": 0, ""Village"": 0, ""Animal"": 0, ""Plant"": 0, ""Album"": 0, ""Film"": 0, ""WrittenWork"": 0}",5,5,1.0,1
866,Company,Company,Company,Pluto Records.  Pluto Records is a record label started in 1999 by Eric Shirey and Brian Cobbel. Since 2002 it has been owned and operated by Brian Cobbel and based near Dallas TX. It is primarily known for punk metal and hardcore releases although not exclusively.,"{""Company"": 5, ""EducationalInstitution"": 0, ""Artist"": 0, ""Athlete"": 0, ""OfficeHolder"": 0, ""MeanOfTransportation"": 0, ""Building"": 0, ""NaturalPlace"": 0, ""Village"": 0, ""Animal"": 0, ""Plant"": 0, ""Album"": 0, ""Film"": 0, ""WrittenWork"": 0}",5,5,1.0,1
867,Plant,Plant,NaturalPlace,Tillandsia walter-richteri.  Tillandsia walter-richteri is a species of the genus Tillandsia. This species is endemic to Bolivia.,"{""Company"": 0, ""EducationalInstitution"": 0, ""Artist"": 0, ""Athlete"": 0, ""OfficeHolder"": 0, ""MeanOfTransportation"": 0, ""Building"": 0, ""NaturalPlace"": 5, ""Village"": 0, ""Animal"": 0, ""Plant"": 0, ""Album"": 0, ""Film"": 0, ""WrittenWork"": 0}",5,5,1.0,0
868,Film,Film,Film,Police Academy 2: Their First Assignment.  Police Academy 2: Their First Assignment is a 1985 comedy film directed by Jerry Paris. It is the first of six sequels in the Police Academy series.Many actors return from the first film to respectively reprise their roles.,"{""Company"": 0, ""EducationalInstitution"": 0, ""Artist"": 0, ""Athlete"": 0, ""OfficeHolder"": 0, ""MeanOfTransportation"": 0, ""Building"": 0, ""NaturalPlace"": 0, ""Village"": 0, ""Animal"": 0, ""Plant"": 0, ""Album"": 0, ""Film"": 5, ""WrittenWork"": 0}",5,5,1.0,1
869,Album,Album,Album,Aquel Que Había Muerto.  Aquel Que Había Muerto is a rap album released by Puerto Rican singer Vico C.The album includes new versions of some of Vico C's greatest hits.,"{""Company"": 0, ""EducationalInstitution"": 0, ""Artist"": 0, ""Athlete"": 0, ""OfficeHolder"": 0, ""MeanOfTransportation"": 0, ""Building"": 0, ""NaturalPlace"": 0, ""Village"": 0, ""Animal"": 0, ""Plant"": 0, ""Album"": 5, ""Film"": 0, ""WrittenWork"": 0}",5,5,1.0,1
870,Album,Album,Album,Viva Chile!.  Viva Chile was the first album recorded in exile by Inti-Illimani released in 1973.,"{""Company"": 0, ""EducationalInstitution"": 0, ""Artist"": 0, ""Athlete"": 0, ""OfficeHolder"": 0, ""MeanOfTransportation"": 0, ""Building"": 0, ""NaturalPlace"": 0, ""Village"": 0, ""Animal"": 0, ""Plant"": 0, ""Album"": 5, ""Film"": 0, ""WrittenWork"": 0}",5,5,1.0,1
871,Plant,Plant,Company,Galearis.  Galearis is a genus of the orchid family (Orchidaceae). Species Galearis spectabilis – Showy OrchisGalearis rotundifolia – Small Round-leaved Orchid moved to Amerorchis rotundifolia,"{""Company"": 2, ""EducationalInstitution"": 0, ""Artist"": 0, ""Athlete"": 0, ""OfficeHolder"": 0, ""MeanOfTransportation"": 0, ""Building"": 0, ""NaturalPlace"": 0, ""Village"": 0, ""Animal"": 2, ""Plant"": 1, ""Album"": 0, ""Film"": 0, ""WrittenWork"": 0}",2,5,0.4,0
872,Village,Village,Village,Okna Kuyavian-Pomeranian Voivodeship.  Okna [ˈɔkna] is a village in the administrative district of Gmina Baruchowo within Włocławek County Kuyavian-Pomeranian Voivodeship in north-central Poland.,"{""Company"": 0, ""EducationalInstitution"": 0, ""Artist"": 0, ""Athlete"": 0, ""OfficeHolder"": 0, ""MeanOfTransportation"": 0, ""Building"": 0, ""NaturalPlace"": 0, ""Village"": 5, ""Animal"": 0, ""Plant"": 0, ""Album"": 0, ""Film"": 0, ""WrittenWork"": 0}",5,5,1.0,1
873,Athlete,Athlete,Athlete,Cameron Baerg.  Cameron Baerg (born October 17 1972 in Saskatoon Saskatchewan) is a Canadian rower. He began rowing in 1987. He won a gold medal at the men's four event at the 2003 World Championships in Milan Italy and a silver at the same event at the 2004 Summer Olympics.,"{""Company"": 0, ""EducationalInstitution"": 0, ""Artist"": 0, ""Athlete"": 5, ""OfficeHolder"": 0, ""MeanOfTransportation"": 0, ""Building"": 0, ""NaturalPlace"": 0, ""Village"": 0, ""Animal"": 0, ""Plant"": 0, ""Album"": 0, ""Film"": 0, ""WrittenWork"": 0}",5,5,1.0,1
874,WrittenWork,WrittenWork,Company,Dr. Kotō Shinryōjo.  Dr. Koto Shinryojo (Dr.コトー診療所 Dr. Kotō Shinryōjo literally Dr. Koto's Clinic) is a manga series by Takatoshi Yamada that was serialized in Shogakukan's Weekly Young Sunday until the magazines cancellation at that point it moved to Big Comic Original in 2008.In 2004 it won the Shogakukan Manga Award for general manga. The series was adapted as a live-action Japanese television drama series titled in English as Dr. Coto's Clinic which aired between 2003 and 2006 on Fuji Television.,"{""Company"": 5, ""EducationalInstitution"": 0, ""Artist"": 0, ""Athlete"": 0, ""OfficeHolder"": 0, ""MeanOfTransportation"": 0, ""Building"": 0, ""NaturalPlace"": 0, ""Village"": 0, ""Animal"": 0, ""Plant"": 0, ""Album"": 0, ""Film"": 0, ""WrittenWork"": 0}",5,5,1.0,0
875,WrittenWork,WrittenWork,Company,Outlook (magazine).  Outlook is an independent weekly general interest English News magazine published in India. It features contents from politics sports cinema and stories of broad interests. It was first issued in October 1995 with Vinod Mehta as the Editor in Chief.,"{""Company"": 5, ""EducationalInstitution"": 0, ""Artist"": 0, ""Athlete"": 0, ""OfficeHolder"": 0, ""MeanOfTransportation"": 0, ""Building"": 0, ""NaturalPlace"": 0, ""Village"": 0, ""Animal"": 0, ""Plant"": 0, ""Album"": 0, ""Film"": 0, ""WrittenWork"": 0}",5,5,1.0,0
876,Village,Village,Village,Bazylowe.  Bazylowe [bazɨˈlɔvɛ] is a village in the administrative district of Gmina Narewka within Hajnówka County Podlaskie Voivodeship in north-eastern Poland close to the border with Belarus.It is in one of five Polish/Belarusian bilingual Gmina in Podlaskie Voivodeship regulated by the Act of 6 January 2005 on National and Ethnic Minorities and on the Regional Languages which permits certain gminas with significant linguistic minorities to introduce a second auxiliary language to be used in official contexts alongside Polish.,"{""Company"": 0, ""EducationalInstitution"": 0, ""Artist"": 0, ""Athlete"": 0, ""OfficeHolder"": 0, ""MeanOfTransportation"": 0, ""Building"": 0, ""NaturalPlace"": 0, ""Village"": 5, ""Animal"": 0, ""Plant"": 0, ""Album"": 0, ""Film"": 0, ""WrittenWork"": 0}",5,5,1.0,1
877,OfficeHolder,OfficeHolder,OfficeHolder,Frank Voelker Sr..  Frank Voelker Sr. (August 30 1892 - July 2 1963) was a judge of the Louisiana 6th Judicial District Court of his native Lake Providence in East Carroll Parish in the far northeastern corner of his state. The 6th district also encompasses Madison and Tensas parishes south of East Carroll. He was of German descent.,"{""Company"": 0, ""EducationalInstitution"": 0, ""Artist"": 0, ""Athlete"": 0, ""OfficeHolder"": 5, ""MeanOfTransportation"": 0, ""Building"": 0, ""NaturalPlace"": 0, ""Village"": 0, ""Animal"": 0, ""Plant"": 0, ""Album"": 0, ""Film"": 0, ""WrittenWork"": 0}",5,5,1.0,1
878,EducationalInstitution,EducationalInstitution,Building,C. E. Byrd High School.  C. E. Byrd High School is a science and mathematics magnet and a Blue Ribbon School. In continuous operation since 1925 Byrd is the largest high school in Shreveport Louisiana.,"{""Company"": 0, ""EducationalInstitution"": 0, ""Artist"": 0, ""Athlete"": 0, ""OfficeHolder"": 1, ""MeanOfTransportation"": 0, ""Building"": 2, ""NaturalPlace"": 0, ""Village"": 0, ""Animal"": 0, ""Plant"": 0, ""Album"": 0, ""Film"": 0, ""WrittenWork"": 0}",2,5,0.4,0
879,Company,Company,Company,Air Iceland.  Air Iceland (Icelandic: Flugfélag Íslands) is a regional airline with its head office at Reykjavík Airport in Reykjavík Iceland. It operates scheduled services to domestic destinations and to Greenland and the Faroe Islands. Its main bases are Reykjavík Airport and Akureyri Airport. It is a subsidiary of Icelandair Group.,"{""Company"": 5, ""EducationalInstitution"": 0, ""Artist"": 0, ""Athlete"": 0, ""OfficeHolder"": 0, ""MeanOfTransportation"": 0, ""Building"": 0, ""NaturalPlace"": 0, ""Village"": 0, ""Animal"": 0, ""Plant"": 0, ""Album"": 0, ""Film"": 0, ""WrittenWork"": 0}",5,5,1.0,1
880,Company,Company,Company,West Coast Video.  West Coast Video was a chain of video rental stores founded in 1983. The company became defunct in 2009 but existing stores could continue to use the West Coast Video banner and run independently. Many locations have since closed but a few remain open today.,"{""Company"": 5, ""EducationalInstitution"": 0, ""Artist"": 0, ""Athlete"": 0, ""OfficeHolder"": 0, ""MeanOfTransportation"": 0, ""Building"": 0, ""NaturalPlace"": 0, ""Village"": 0, ""Animal"": 0, ""Plant"": 0, ""Album"": 0, ""Film"": 0, ""WrittenWork"": 0}",5,5,1.0,1
881,Animal,Animal,Animal,Procambarus attiguus.  Procambarus attiguus known as the Silver Glen Springs crayfish is a species of crayfish in the family Cambaridae. It is endemic to Silver Glen Springs Marion County Florida and is listed as critically endangered on the IUCN Red List.,"{""Company"": 0, ""EducationalInstitution"": 0, ""Artist"": 0, ""Athlete"": 0, ""OfficeHolder"": 0, ""MeanOfTransportation"": 0, ""Building"": 1, ""NaturalPlace"": 0, ""Village"": 0, ""Animal"": 4, ""Plant"": 0, ""Album"": 0, ""Film"": 0, ""WrittenWork"": 0}",4,5,0.8,1
882,Building,Building,Building,Socrates Sculpture Park.  Socrates Sculpture Park is an outdoor museum and public park where artists can create and exhibit sculptures and multi-media installations. It is located one block from the Noguchi Museum at the intersection of Broadway and Vernon Boulevard in the neighborhood of Astoria Queens New York City. In addition to exhibition space the park offers an arts education program artist residency program and job training.,"{""Company"": 1, ""EducationalInstitution"": 0, ""Artist"": 0, ""Athlete"": 0, ""OfficeHolder"": 0, ""MeanOfTransportation"": 0, ""Building"": 4, ""NaturalPlace"": 0, ""Village"": 0, ""Animal"": 0, ""Plant"": 0, ""Album"": 0, ""Film"": 0, ""WrittenWork"": 0}",4,5,0.8,1
883,Building,Building,Building,Newport Cathedral.  Newport Cathedral in the city of Newport in South Wales is the cathedral of the Diocese of Monmouth in the Church in Wales and seat of the Bishop of Monmouth. Its full title is Newport Cathedral of St. Woolos King & Confessor.,"{""Company"": 0, ""EducationalInstitution"": 0, ""Artist"": 0, ""Athlete"": 0, ""OfficeHolder"": 0, ""MeanOfTransportation"": 0, ""Building"": 5, ""NaturalPlace"": 0, ""Village"": 0, ""Animal"": 0, ""Plant"": 0, ""Album"": 0, ""Film"": 0, ""WrittenWork"": 0}",5,5,1.0,1
884,Company,Company,Company,Nismo.  Nismo (abbreviated from Nissan Motorsport International Limited (ニッサン・モータースポーツ・インターナショナル株式会社 Nissan Mōtā Supōtsu Intānashonaru Kabushiki-gaisha)) is the motorsports and performance division of Nissan Motor Company. Formed in 1984 as a result of a merger of two motorsport departments Nismo cars have participated in JSPC Formula Nippon JTCC 24 Hours of Le Mans and 24 Hours of Daytona. They currently participate in the Super GT and FIA GT Championship.,"{""Company"": 5, ""EducationalInstitution"": 0, ""Artist"": 0, ""Athlete"": 0, ""OfficeHolder"": 0, ""MeanOfTransportation"": 0, ""Building"": 0, ""NaturalPlace"": 0, ""Village"": 0, ""Animal"": 0, ""Plant"": 0, ""Album"": 0, ""Film"": 0, ""WrittenWork"": 0}",5,5,1.0,1
885,Building,Building,Building,Knecht's Mill Covered Bridge.  Knecht's Covered Bridge is a historic covered bridge located in Springfield Township Bucks County Pennsylvania. It crosses Cooks Creek on Knecht Bridge Road south of Springtown. Built in 1873 in the town truss style the bridge is 110 feet long and 15 feet wide.It was added to the National Register of Historic Places on December 1 1980.,"{""Company"": 0, ""EducationalInstitution"": 0, ""Artist"": 0, ""Athlete"": 0, ""OfficeHolder"": 0, ""MeanOfTransportation"": 0, ""Building"": 5, ""NaturalPlace"": 0, ""Village"": 0, ""Animal"": 0, ""Plant"": 0, ""Album"": 0, ""Film"": 0, ""WrittenWork"": 0}",5,5,1.0,1
886,Film,Film,Film,The Nameless (film).  The Nameless (Spanish: Los Sin Nombre; Catalan: Els sense nom) is a 1999 independent Spanish horror film directed by Jaume Balagueró. It is based on the 1981 horror novel by English writer Ramsey Campbell which mingled psychological suspense with supernatural horror.,"{""Company"": 0, ""EducationalInstitution"": 0, ""Artist"": 0, ""Athlete"": 0, ""OfficeHolder"": 0, ""MeanOfTransportation"": 0, ""Building"": 0, ""NaturalPlace"": 0, ""Village"": 0, ""Animal"": 0, ""Plant"": 0, ""Album"": 0, ""Film"": 5, ""WrittenWork"": 0}",5,5,1.0,1
887,Plant,Plant,Plant,Ulmus glabra 'Firma'.  The Wych Elm Ulmus glabra cultivar 'Firma' was described by Schneider in 1904.,"{""Company"": 0, ""EducationalInstitution"": 0, ""Artist"": 0, ""Athlete"": 0, ""OfficeHolder"": 0, ""MeanOfTransportation"": 0, ""Building"": 1, ""NaturalPlace"": 0, ""Village"": 0, ""Animal"": 0, ""Plant"": 4, ""Album"": 0, ""Film"": 0, ""WrittenWork"": 0}",4,5,0.8,1
888,Plant,Plant,Company,Mamillariella.  Mamillariella is a genus of moss in family Leskeaceae. It contains the following species (but this list may be incomplete): Mamillariella geniculata Laz.,"{""Company"": 4, ""EducationalInstitution"": 0, ""Artist"": 0, ""Athlete"": 0, ""OfficeHolder"": 0, ""MeanOfTransportation"": 0, ""Building"": 0, ""NaturalPlace"": 0, ""Village"": 0, ""Animal"": 0, ""Plant"": 1, ""Album"": 0, ""Film"": 0, ""WrittenWork"": 0}",4,5,0.8,0
889,Film,Film,Film,Cheppu.  Cheppu (Malayalam: ചെപ്പ്) is a 1987 Malayalam language film made in India directed by Priyadarshan and starring Mohanlal.,"{""Company"": 0, ""EducationalInstitution"": 0, ""Artist"": 0, ""Athlete"": 0, ""OfficeHolder"": 0, ""MeanOfTransportation"": 0, ""Building"": 0, ""NaturalPlace"": 0, ""Village"": 0, ""Animal"": 0, ""Plant"": 0, ""Album"": 0, ""Film"": 5, ""WrittenWork"": 0}",5,5,1.0,1
890,Plant,Plant,Plant,Anthurium tonianum.  Anthurium tonianum is a species of plant in the Araceae family. It is endemic to Ecuador. Its natural habitat is subtropical or tropical moist montane forests. It is threatened by habitat loss.,"{""Company"": 0, ""EducationalInstitution"": 0, ""Artist"": 0, ""Athlete"": 0, ""OfficeHolder"": 0, ""MeanOfTransportation"": 0, ""Building"": 0, ""NaturalPlace"": 0, ""Village"": 0, ""Animal"": 0, ""Plant"": 5, ""Album"": 0, ""Film"": 0, ""WrittenWork"": 0}",5,5,1.0,1
891,Plant,Plant,Plant,Myrcia crassimarginata.  Myrcia crassimarginata is a species of plant in the Myrtaceae family. It is endemic to Peru.,"{""Company"": 0, ""EducationalInstitution"": 0, ""Artist"": 0, ""Athlete"": 0, ""OfficeHolder"": 0, ""MeanOfTransportation"": 0, ""Building"": 0, ""NaturalPlace"": 0, ""Village"": 0, ""Animal"": 0, ""Plant"": 5, ""Album"": 0, ""Film"": 0, ""WrittenWork"": 0}",5,5,1.0,1
892,EducationalInstitution,EducationalInstitution,EducationalInstitution,Samalkha Group of Institutions.  Samalkha Group of Institutions is a co-educational engineering and management institute located at Samalkha Distt. Panipat Haryana. It is affiliated to the Kurukshetra University. The Samalkha Group of Institutions was ranked no. 6 private management college in North Zone and 24 in All India in a survey by Silicon India in 2012. It was rated as the Best Technical Campus in Delhi NCR by Education Expo TV in 2012.,"{""Company"": 0, ""EducationalInstitution"": 5, ""Artist"": 0, ""Athlete"": 0, ""OfficeHolder"": 0, ""MeanOfTransportation"": 0, ""Building"": 0, ""NaturalPlace"": 0, ""Village"": 0, ""Animal"": 0, ""Plant"": 0, ""Album"": 0, ""Film"": 0, ""WrittenWork"": 0}",5,5,1.0,1
893,Village,Village,Village,Mubandan.  Mubandan (Persian: موبندان‎ also Romanized as Mūbandān) is a village in Divshal Rural District in the Central District of Langarud County Gilan Province Iran. At the 2006 census its population was 426 in 128 families.,"{""Company"": 0, ""EducationalInstitution"": 0, ""Artist"": 0, ""Athlete"": 0, ""OfficeHolder"": 0, ""MeanOfTransportation"": 0, ""Building"": 0, ""NaturalPlace"": 0, ""Village"": 5, ""Animal"": 0, ""Plant"": 0, ""Album"": 0, ""Film"": 0, ""WrittenWork"": 0}",5,5,1.0,1
894,WrittenWork,WrittenWork,Company,Saintspeak.  Saintspeak (1981) is a satirical look at The Church of Jesus Christ of Latter-day Saints by LDS author Orson Scott Card. It is modeled after The Devil's Dictionary by Ambrose Bierce.Originally published in 1981 Saintspeak is currently out of print. Its publication was timely with numerous references to the Equal Rights Amendment and the antiquated way missionaries gave lessons to investigators.,"{""Company"": 4, ""EducationalInstitution"": 0, ""Artist"": 0, ""Athlete"": 0, ""OfficeHolder"": 0, ""MeanOfTransportation"": 0, ""Building"": 0, ""NaturalPlace"": 0, ""Village"": 0, ""Animal"": 0, ""Plant"": 0, ""Album"": 1, ""Film"": 0, ""WrittenWork"": 0}",4,5,0.8,0
895,Company,Company,Company,Maytag.  The Maytag Corporation is an American home and commercial appliance brand owned by Whirlpool Corporation.,"{""Company"": 5, ""EducationalInstitution"": 0, ""Artist"": 0, ""Athlete"": 0, ""OfficeHolder"": 0, ""MeanOfTransportation"": 0, ""Building"": 0, ""NaturalPlace"": 0, ""Village"": 0, ""Animal"": 0, ""Plant"": 0, ""Album"": 0, ""Film"": 0, ""WrittenWork"": 0}",5,5,1.0,1
896,Village,Village,Village,Demir Kul Changar.  Demir Kul Changar (Persian: دمركول چنگر‎) is a village in Mahru Rural District Zaz va Mahru District Aligudarz County Lorestan Province Iran. At the 2006 census its existence was noted but its population was not reported.,"{""Company"": 0, ""EducationalInstitution"": 0, ""Artist"": 0, ""Athlete"": 0, ""OfficeHolder"": 0, ""MeanOfTransportation"": 0, ""Building"": 0, ""NaturalPlace"": 0, ""Village"": 5, ""Animal"": 0, ""Plant"": 0, ""Album"": 0, ""Film"": 0, ""WrittenWork"": 0}",5,5,1.0,1
897,Plant,Plant,Plant,Bryophyllum pinnatum.  Bryophyllum pinnatum also known as the Air Plant Life Plant Miracle Leaf and Goethe Plant is a succulent plant native to Madagascar which is a popular houseplant and has become naturalized in temperate regions of Asia the Pacific and Caribbean. It is distinctive for the profusion of miniature plantlets that form on the margins of its leaves a trait it has in common with the other members of the genus Bryophyllum.,"{""Company"": 0, ""EducationalInstitution"": 0, ""Artist"": 0, ""Athlete"": 0, ""OfficeHolder"": 0, ""MeanOfTransportation"": 0, ""Building"": 0, ""NaturalPlace"": 0, ""Village"": 0, ""Animal"": 0, ""Plant"": 5, ""Album"": 0, ""Film"": 0, ""WrittenWork"": 0}",5,5,1.0,1
898,Artist,Artist,Artist,George D. Painter.  George Duncan Painter OBE (5 June 1914 – 8 December 2005) known as George D. Painter was an English author most famous as a biographer of Marcel Proust.Painter was born in Birmingham. His father was a schoolmaster and his mother was an artist. He studied classics at Trinity College Cambridge and later lectured in Latin at the University of Liverpool for one year.,"{""Company"": 0, ""EducationalInstitution"": 0, ""Artist"": 4, ""Athlete"": 0, ""OfficeHolder"": 0, ""MeanOfTransportation"": 0, ""Building"": 0, ""NaturalPlace"": 0, ""Village"": 0, ""Animal"": 0, ""Plant"": 0, ""Album"": 0, ""Film"": 0, ""WrittenWork"": 0}",4,5,0.8,1
899,Company,Company,OfficeHolder,Coventry park and ride.  Coventry Park and Ride is a park and ride system operated under contract to Coventry City Council and Centro in the English city of Coventry. Designed to relieve traffic congestion from the city centre and to provide a more affordable alternative to city centre parking users can park their car for free in the secure car park and only have to pay the return bus fare in and out of the city centre. The service is operated under contract by Travel de Courcey.,"{""Company"": 2, ""EducationalInstitution"": 0, ""Artist"": 0, ""Athlete"": 0, ""OfficeHolder"": 3, ""MeanOfTransportation"": 0, ""Building"": 0, ""NaturalPlace"": 0, ""Village"": 0, ""Animal"": 0, ""Plant"": 0, ""Album"": 0, ""Film"": 0, ""WrittenWork"": 0}",3,5,0.6,0
900,Animal,Animal,Animal,Robert's river garfish.  Robert's river garfish (Zenarchopterus robertsi) is a species of viviparous halfbeak endemic to Papua New Guinea where it is only known from the area around Kokoda. This species grows to a length of 13 centimetres (5.1 in) SL.,"{""Company"": 0, ""EducationalInstitution"": 0, ""Artist"": 0, ""Athlete"": 0, ""OfficeHolder"": 0, ""MeanOfTransportation"": 0, ""Building"": 1, ""NaturalPlace"": 0, ""Village"": 0, ""Animal"": 4, ""Plant"": 0, ""Album"": 0, ""Film"": 0, ""WrittenWork"": 0}",4,5,0.8,1
901,Album,Album,Album,Youth Is Wasted on the Young.  Youth Is Wasted on the Young is the debut album by the Swedish rock band The Twelve Caesars.,"{""Company"": 0, ""EducationalInstitution"": 0, ""Artist"": 0, ""Athlete"": 0, ""OfficeHolder"": 0, ""MeanOfTransportation"": 0, ""Building"": 0, ""NaturalPlace"": 0, ""Village"": 0, ""Animal"": 0, ""Plant"": 0, ""Album"": 5, ""Film"": 0, ""WrittenWork"": 0}",5,5,1.0,1
902,Village,Village,Village,Adamkowo.  Adamkowo [adamˈkɔvɔ] is a village in the administrative district of Gmina Kęsowo within Tuchola County Kuyavian-Pomeranian Voivodeship in north-central Poland. It lies approximately 6 kilometres (4 mi) south of Kęsowo 14 km (9 mi) south-west of Tuchola and 49 km (30 mi) north-west of Bydgoszcz.The village has a population of 60.,"{""Company"": 0, ""EducationalInstitution"": 0, ""Artist"": 0, ""Athlete"": 0, ""OfficeHolder"": 0, ""MeanOfTransportation"": 0, ""Building"": 0, ""NaturalPlace"": 0, ""Village"": 5, ""Animal"": 0, ""Plant"": 0, ""Album"": 0, ""Film"": 0, ""WrittenWork"": 0}",5,5,1.0,1
903,Building,Building,Building,Bilsham Chapel.  Bilsham Chapel is a deconsecrated former chapel in the hamlet of Bilsham in West Sussex England. Founded in the 13th century as a chapel of ease to the parish church of Yapton the nearest village the small flint building fell out of religious use around the time of the Reformation. It has subsequently been used for storage and as labourers' cottages and since 1972 it has been a single residential property.,"{""Company"": 0, ""EducationalInstitution"": 0, ""Artist"": 0, ""Athlete"": 0, ""OfficeHolder"": 0, ""MeanOfTransportation"": 0, ""Building"": 5, ""NaturalPlace"": 0, ""Village"": 0, ""Animal"": 0, ""Plant"": 0, ""Album"": 0, ""Film"": 0, ""WrittenWork"": 0}",5,5,1.0,1
904,Athlete,Athlete,Athlete,Maki Mita.  Maki Mita (born 22 April 1983) is a Japanese former swimmer who competed in the 2000 Summer Olympics and in the 2008 Summer Olympics.,"{""Company"": 0, ""EducationalInstitution"": 0, ""Artist"": 0, ""Athlete"": 5, ""OfficeHolder"": 0, ""MeanOfTransportation"": 0, ""Building"": 0, ""NaturalPlace"": 0, ""Village"": 0, ""Animal"": 0, ""Plant"": 0, ""Album"": 0, ""Film"": 0, ""WrittenWork"": 0}",5,5,1.0,1
905,Artist,Artist,Artist,Demi (DJ).  Demi is a house music DJ and producer from London England. He is most well known for his Deeper Substance parties and currently runs the record label Deeper Substance Records. He is currently working on an album and mix compilation project with Omid 16B and Desyn Masiello.Demi was originally interested in hip hop until he discovered house music in 1997. Demi's first gig came in 2000 at a beach in Bali Indonesia where he played to a crowd of 1500 people.,"{""Company"": 0, ""EducationalInstitution"": 0, ""Artist"": 4, ""Athlete"": 1, ""OfficeHolder"": 0, ""MeanOfTransportation"": 0, ""Building"": 0, ""NaturalPlace"": 0, ""Village"": 0, ""Animal"": 0, ""Plant"": 0, ""Album"": 0, ""Film"": 0, ""WrittenWork"": 0}",4,5,0.8,1
906,Animal,Animal,Animal,Baird's shrew.  Baird's shrew (Sorex bairdi) is a species of mammal in the family Soricidae. It is endemic to northwest Oregon. Baird's shrew inhabits moist conifer forests.Its fur is darker brown in winter than in summer when it is brownish-chestnut or olive brown with paler sides and belly. Males and females are about the same size which is common among shrews in general. Also like other shrew species Baird's shrew feeds on insects worms snails and spiders.,"{""Company"": 0, ""EducationalInstitution"": 0, ""Artist"": 0, ""Athlete"": 0, ""OfficeHolder"": 0, ""MeanOfTransportation"": 0, ""Building"": 0, ""NaturalPlace"": 0, ""Village"": 0, ""Animal"": 5, ""Plant"": 0, ""Album"": 0, ""Film"": 0, ""WrittenWork"": 0}",5,5,1.0,1
907,MeanOfTransportation,MeanOfTransportation,Company,BMW Z8 (E52).  The BMW Z8 is a roadster produced by German automaker BMW from 1999 to 2003. It was given the E52 BMW model code.The Z8 was the production variant of the 1997 Z07 concept car. The car design was the effort of a design team led by Chris Bangle. The exterior was designed by Henrik Fisker and the interior by Michael Ninic. The Z07 originally was designed as a styling exercise intended to evoke and celebrate the 1956-'59 BMW 507 and to celebrate the millennium change.,"{""Company"": 5, ""EducationalInstitution"": 0, ""Artist"": 0, ""Athlete"": 0, ""OfficeHolder"": 0, ""MeanOfTransportation"": 0, ""Building"": 0, ""NaturalPlace"": 0, ""Village"": 0, ""Animal"": 0, ""Plant"": 0, ""Album"": 0, ""Film"": 0, ""WrittenWork"": 0}",5,5,1.0,0
908,Plant,Plant,Plant,Hastingsia.  Hastingsia is a small genus of flowering plants in the family Asparagaceae subfamily Agavoideae known generally as rushlilies. These are small perennial herbs endemic to serpentine soils of the Siskiyou-Klamath region in northern California and SW Oregon in the United States.,"{""Company"": 0, ""EducationalInstitution"": 0, ""Artist"": 0, ""Athlete"": 0, ""OfficeHolder"": 0, ""MeanOfTransportation"": 0, ""Building"": 0, ""NaturalPlace"": 2, ""Village"": 0, ""Animal"": 0, ""Plant"": 3, ""Album"": 0, ""Film"": 0, ""WrittenWork"": 0}",3,5,0.6,1
909,Athlete,Athlete,Athlete,Zsolt Pölöskei.  Zsolt Pölöskei (born 19 February 1991 in Budapest) is a Hungarian football player who currently plays for MTK Hungaria FC.,"{""Company"": 0, ""EducationalInstitution"": 0, ""Artist"": 0, ""Athlete"": 5, ""OfficeHolder"": 0, ""MeanOfTransportation"": 0, ""Building"": 0, ""NaturalPlace"": 0, ""Village"": 0, ""Animal"": 0, ""Plant"": 0, ""Album"": 0, ""Film"": 0, ""WrittenWork"": 0}",5,5,1.0,1
910,Artist,Artist,Artist,Baroness Annetta Radovska.  Baroness Annetta Radovska or Annetta Borgna Radovska (Milan 19th century) was a 19th-century woman painter in Lombardy mainly depicting lively genre subjects.,"{""Company"": 0, ""EducationalInstitution"": 0, ""Artist"": 5, ""Athlete"": 0, ""OfficeHolder"": 0, ""MeanOfTransportation"": 0, ""Building"": 0, ""NaturalPlace"": 0, ""Village"": 0, ""Animal"": 0, ""Plant"": 0, ""Album"": 0, ""Film"": 0, ""WrittenWork"": 0}",5,5,1.0,1
911,Village,Village,Village,Bogusławice Koło County.  Bogusławice [bɔɡuswaˈvit͡sɛ] is a village in the administrative district of Gmina Babiak within Koło County Greater Poland Voivodeship in west-central Poland. It lies approximately 6 kilometres (4 mi) north of Babiak 22 km (14 mi) north of Koło and 119 km (74 mi) east of the regional capital Poznań.The village has a population of 436.,"{""Company"": 0, ""EducationalInstitution"": 0, ""Artist"": 0, ""Athlete"": 0, ""OfficeHolder"": 0, ""MeanOfTransportation"": 0, ""Building"": 0, ""NaturalPlace"": 0, ""Village"": 5, ""Animal"": 0, ""Plant"": 0, ""Album"": 0, ""Film"": 0, ""WrittenWork"": 0}",5,5,1.0,1
912,OfficeHolder,OfficeHolder,OfficeHolder,Shevah Weiss.  Shevah Weiss (Hebrew: שבח וייס‎ Polish: Szewach Weiss born 5 July 1935) is an Israeli political scientist and former politician.,"{""Company"": 0, ""EducationalInstitution"": 0, ""Artist"": 0, ""Athlete"": 0, ""OfficeHolder"": 4, ""MeanOfTransportation"": 0, ""Building"": 0, ""NaturalPlace"": 0, ""Village"": 0, ""Animal"": 0, ""Plant"": 0, ""Album"": 0, ""Film"": 0, ""WrittenWork"": 0}",4,5,0.8,1
913,Plant,Plant,Plant,Aphelandra sulphurea.  Aphelandra sulphurea is a species of plant in the Acanthaceae family. It is endemic to Ecuador. Its natural habitat is subtropical or tropical moist lowland forests. It is threatened by habitat loss.,"{""Company"": 0, ""EducationalInstitution"": 0, ""Artist"": 0, ""Athlete"": 0, ""OfficeHolder"": 0, ""MeanOfTransportation"": 0, ""Building"": 0, ""NaturalPlace"": 0, ""Village"": 0, ""Animal"": 0, ""Plant"": 5, ""Album"": 0, ""Film"": 0, ""WrittenWork"": 0}",5,5,1.0,1
914,Plant,Plant,Plant,Penstemon thompsoniae.  Penstemon thompsoniae is a species of penstemon known by the common name Thompson's beardtongue. It is native to the southwestern United States where it grows in woodlands and other desert and plateau habitat to the subalpine climate of local mountains. It is a mat-forming perennial herb ashy gray-green with a thick coating of hairs growing no more than 15 centimeters tall from a woody base. The oval or spoon-shaped leaves are up to 2 centimeters long.,"{""Company"": 0, ""EducationalInstitution"": 0, ""Artist"": 0, ""Athlete"": 0, ""OfficeHolder"": 0, ""MeanOfTransportation"": 0, ""Building"": 0, ""NaturalPlace"": 1, ""Village"": 0, ""Animal"": 0, ""Plant"": 4, ""Album"": 0, ""Film"": 0, ""WrittenWork"": 0}",4,5,0.8,1
915,Film,Film,Film,Swordsman II.  Swordsman II also known as The Legend of the Swordsman is a 1992 Hong Kong wuxia film very loosely adapted from Louis Cha's novel The Smiling Proud Wanderer. It was the second part of a trilogy: preceded by The Swordsman (1990) and followed by The East is Red (1993). Directed by Ching Siu-tung and Stanley Tong Swordsman II starred Jet Li Brigitte Lin Rosamund Kwan and Michelle Reis in the leading roles.,"{""Company"": 0, ""EducationalInstitution"": 0, ""Artist"": 0, ""Athlete"": 0, ""OfficeHolder"": 0, ""MeanOfTransportation"": 0, ""Building"": 0, ""NaturalPlace"": 0, ""Village"": 0, ""Animal"": 0, ""Plant"": 0, ""Album"": 0, ""Film"": 5, ""WrittenWork"": 0}",5,5,1.0,1
916,Plant,Plant,Plant,Campanula cervicaria.  Campanula cervicaria (bristly bellflower) is a species of bellflower (Campanula) in the family Campanulaceae. The plant is roughly hairy and the flowers are about 1–2 centimetres (0.4–0.8 in) long light blue and are grouped together.,"{""Company"": 0, ""EducationalInstitution"": 0, ""Artist"": 0, ""Athlete"": 0, ""OfficeHolder"": 0, ""MeanOfTransportation"": 0, ""Building"": 0, ""NaturalPlace"": 0, ""Village"": 0, ""Animal"": 0, ""Plant"": 5, ""Album"": 0, ""Film"": 0, ""WrittenWork"": 0}",5,5,1.0,1
917,EducationalInstitution,EducationalInstitution,EducationalInstitution,Macksville High School.  Macksville High School is an Australian public high school in Macksville New South Wales.The school caters to a significant Aboriginal student population.The school has established a sister-school relationship with Jambi Sumatera Indonesia.,"{""Company"": 0, ""EducationalInstitution"": 5, ""Artist"": 0, ""Athlete"": 0, ""OfficeHolder"": 0, ""MeanOfTransportation"": 0, ""Building"": 0, ""NaturalPlace"": 0, ""Village"": 0, ""Animal"": 0, ""Plant"": 0, ""Album"": 0, ""Film"": 0, ""WrittenWork"": 0}",5,5,1.0,1
918,WrittenWork,WrittenWork,Company,The Secret of Shambhala: In Search of the Eleventh Insight.  The Secret of Shambhala: In Search of the Eleventh Insight is the third book in The Celestine Prophecy series by James Redfield.,"{""Company"": 2, ""EducationalInstitution"": 0, ""Artist"": 0, ""Athlete"": 0, ""OfficeHolder"": 0, ""MeanOfTransportation"": 0, ""Building"": 0, ""NaturalPlace"": 0, ""Village"": 0, ""Animal"": 0, ""Plant"": 0, ""Album"": 1, ""Film"": 0, ""WrittenWork"": 0}",2,5,0.4,0
919,Village,Village,Village,Gol Gonjan.  Gol Gonjan (Persian: گل گنجان‎ also Romanized as Gol Gonjān; also known as Galeh Gonjān and Galleh Gonjān) is a village in Darreh Kayad Rural District Sardasht District Dezful County Khuzestan Province Iran. At the 2006 census its population was 42 in 8 families.,"{""Company"": 0, ""EducationalInstitution"": 0, ""Artist"": 0, ""Athlete"": 0, ""OfficeHolder"": 0, ""MeanOfTransportation"": 0, ""Building"": 0, ""NaturalPlace"": 0, ""Village"": 5, ""Animal"": 0, ""Plant"": 0, ""Album"": 0, ""Film"": 0, ""WrittenWork"": 0}",5,5,1.0,1
920,Company,Company,Company,Carapelli.  Carapelli (full name is Carapelli Firenze SpA ) is an Italian food company based in Tavarnelle Val di Pesa which is a small town in the province of Florence most famous for its extra virgin olive oil. The company was started as a home business in 1893 by Cesira and Costantino Carapelli.,"{""Company"": 5, ""EducationalInstitution"": 0, ""Artist"": 0, ""Athlete"": 0, ""OfficeHolder"": 0, ""MeanOfTransportation"": 0, ""Building"": 0, ""NaturalPlace"": 0, ""Village"": 0, ""Animal"": 0, ""Plant"": 0, ""Album"": 0, ""Film"": 0, ""WrittenWork"": 0}",5,5,1.0,1
921,MeanOfTransportation,MeanOfTransportation,Company,Wright-Bellanca WB-2.  The sole Wright-Bellanca WB-2 named Columbia Miss Columbia and later Maple Leaf was the second in a series of aircraft designed by Giuseppe Mario Bellanca initially for Wright Aeronautical then later Columbia Aircraft Corp.,"{""Company"": 5, ""EducationalInstitution"": 0, ""Artist"": 0, ""Athlete"": 0, ""OfficeHolder"": 0, ""MeanOfTransportation"": 0, ""Building"": 0, ""NaturalPlace"": 0, ""Village"": 0, ""Animal"": 0, ""Plant"": 0, ""Album"": 0, ""Film"": 0, ""WrittenWork"": 0}",5,5,1.0,0
922,Village,Village,Village,Malinie Lublin Voivodeship.  Malinie [maˈliɲe] is a village in the administrative district of Gmina Chrzanów within Janów Lubelski County Lublin Voivodeship in eastern Poland. It lies approximately 4 kilometres (2 mi) south-east of Chrzanów 16 km (10 mi) east of Janów Lubelski and 56 km (35 mi) south of the regional capital Lublin.,"{""Company"": 0, ""EducationalInstitution"": 0, ""Artist"": 0, ""Athlete"": 0, ""OfficeHolder"": 0, ""MeanOfTransportation"": 0, ""Building"": 0, ""NaturalPlace"": 0, ""Village"": 5, ""Animal"": 0, ""Plant"": 0, ""Album"": 0, ""Film"": 0, ""WrittenWork"": 0}",5,5,1.0,1
923,Plant,Plant,Plant,Acokanthera oppositifolia.  Acokanthera oppositifolia (syn. Toxicophlaea thunbergii Harv.) is a shrub used as the source of an arrow poison and to coat caltrops made from the sharp fruits of the puncture vine (Tribulus terrestris). All three plants of the genus Acokanthera contain toxic cardiac glycosides strong enough to cause death. This plant and other species of the genus are found in South Africa and Abyssinia.Acokanthera schimperi is employed for the same purpose.,"{""Company"": 0, ""EducationalInstitution"": 0, ""Artist"": 0, ""Athlete"": 0, ""OfficeHolder"": 0, ""MeanOfTransportation"": 0, ""Building"": 0, ""NaturalPlace"": 0, ""Village"": 0, ""Animal"": 0, ""Plant"": 5, ""Album"": 0, ""Film"": 0, ""WrittenWork"": 0}",5,5,1.0,1
924,Company,Company,Company,Silja Line.  Silja Line is a Finnish cruiseferry brand operated by the Estonian ferry company AS Tallink Grupp for car and passenger traffic between Finland and Sweden. The former company Silja Oy – today Tallink Silja Oy – is a subsidiary of Tallink Grupp handling marketing and sales for Tallink and Silja Line brands in Finland as well as managing Tallink Silja's ship employees. Another subsidiary Tallink Silja AB handles marketing and sales in Sweden.,"{""Company"": 5, ""EducationalInstitution"": 0, ""Artist"": 0, ""Athlete"": 0, ""OfficeHolder"": 0, ""MeanOfTransportation"": 0, ""Building"": 0, ""NaturalPlace"": 0, ""Village"": 0, ""Animal"": 0, ""Plant"": 0, ""Album"": 0, ""Film"": 0, ""WrittenWork"": 0}",5,5,1.0,1
925,Animal,Animal,Animal,Dialeucias variegata.  Dialeucias variegata is a moth of the Arctiidae family. It is found in French Guiana.,"{""Company"": 0, ""EducationalInstitution"": 0, ""Artist"": 0, ""Athlete"": 0, ""OfficeHolder"": 0, ""MeanOfTransportation"": 0, ""Building"": 0, ""NaturalPlace"": 0, ""Village"": 0, ""Animal"": 5, ""Plant"": 0, ""Album"": 0, ""Film"": 0, ""WrittenWork"": 0}",5,5,1.0,1
926,Artist,Artist,Company,Mighty Shadow.  Winston Anthony Bailey OBE (born 4 October 1941) better known by his stage name The Mighty Shadow or Shadow is a calypsonian from Trinidad and Tobago. Bailey was born in Belmont a suburb of Port of Spain in Trinidad but grew up in Les Coteaux Tobago with his grandparents. He began to sing at a very early age and he wanted to be a singer although his grandfather told him he must be a lawyer.He won the Road March in 1974 and 2001 with Bassman and Stranger respectively.,"{""Company"": 3, ""EducationalInstitution"": 0, ""Artist"": 2, ""Athlete"": 0, ""OfficeHolder"": 0, ""MeanOfTransportation"": 0, ""Building"": 0, ""NaturalPlace"": 0, ""Village"": 0, ""Animal"": 0, ""Plant"": 0, ""Album"": 0, ""Film"": 0, ""WrittenWork"": 0}",3,5,0.6,0
927,Athlete,Athlete,Athlete,Mehdi Benatia.  Mehdi Benatia (Arabic: مهدي بنعطية‎; born 17 April 1987) is a Moroccan football player who plays for Italian Serie A side Roma and the Morocco national team as a centre-back.,"{""Company"": 0, ""EducationalInstitution"": 0, ""Artist"": 0, ""Athlete"": 5, ""OfficeHolder"": 0, ""MeanOfTransportation"": 0, ""Building"": 0, ""NaturalPlace"": 0, ""Village"": 0, ""Animal"": 0, ""Plant"": 0, ""Album"": 0, ""Film"": 0, ""WrittenWork"": 0}",5,5,1.0,1
928,WrittenWork,WrittenWork,Building,The House of Doctor Dee.  The House of Doctor Dee is a 1993 novel by the English author Peter Ackroyd.,"{""Company"": 1, ""EducationalInstitution"": 0, ""Artist"": 0, ""Athlete"": 0, ""OfficeHolder"": 1, ""MeanOfTransportation"": 0, ""Building"": 3, ""NaturalPlace"": 0, ""Village"": 0, ""Animal"": 0, ""Plant"": 0, ""Album"": 0, ""Film"": 0, ""WrittenWork"": 0}",3,5,0.6,0
929,MeanOfTransportation,MeanOfTransportation,Company,Bee (ship).  The Bee was a ship that sank off the coast of Newcastle Australia in 1806.The Bee an 11 ton sloop was under the command of Thomas Bryant when it set sail from Sydney Australia for the Hawkesbury River on 25 June 1806. On 28 June the ship ran into a storm that shifted the ballast damaged the rigging and mast. All the food was washed overboard and the water barrell was smashed. On 29 June the storm abated and the Bee joined with another small ship the Contest on the way to Newcastle.,"{""Company"": 1, ""EducationalInstitution"": 0, ""Artist"": 0, ""Athlete"": 0, ""OfficeHolder"": 0, ""MeanOfTransportation"": 0, ""Building"": 0, ""NaturalPlace"": 0, ""Village"": 0, ""Animal"": 1, ""Plant"": 0, ""Album"": 0, ""Film"": 0, ""WrittenWork"": 0}",1,5,0.2,0
930,OfficeHolder,OfficeHolder,OfficeHolder,Idris Abubakar.  Idris Abubakar (1955–2002) was elected Senator for the Gombe South constituency of Gombe State Nigeria at the start of the Nigerian Fourth Republic running on the All People's Party (APP) platform.,"{""Company"": 0, ""EducationalInstitution"": 0, ""Artist"": 0, ""Athlete"": 0, ""OfficeHolder"": 5, ""MeanOfTransportation"": 0, ""Building"": 0, ""NaturalPlace"": 0, ""Village"": 0, ""Animal"": 0, ""Plant"": 0, ""Album"": 0, ""Film"": 0, ""WrittenWork"": 0}",5,5,1.0,1
931,Building,Building,Building,Schiller Elementary School.  The Schiller Elementary School (also called as Schiller School) in the East Allegheny neighborhood of Pittsburgh Pennsylvania is a building from 1939. The school is still in use today as part of the Pittsburgh Public School System and is known as Schiller Classical Academy. It was listed on the National Register of Historic Places in 1986.,"{""Company"": 0, ""EducationalInstitution"": 0, ""Artist"": 0, ""Athlete"": 0, ""OfficeHolder"": 0, ""MeanOfTransportation"": 0, ""Building"": 5, ""NaturalPlace"": 0, ""Village"": 0, ""Animal"": 0, ""Plant"": 0, ""Album"": 0, ""Film"": 0, ""WrittenWork"": 0}",5,5,1.0,1
932,NaturalPlace,NaturalPlace,Building,Ostredok.  Ostredok is the highest mountain of the Greater Fatra Range Slovakia measuring 1592 m (5223 ft). It lies in the Hôlna Fatra part of the range which is typical by its deforested and rather flat gentle summits not rising much above the main ridge. Its south-western is rather steep with big danger of snow avalanches in winter. There are excellent views at most of the Slovak mountains.,"{""Company"": 0, ""EducationalInstitution"": 0, ""Artist"": 0, ""Athlete"": 0, ""OfficeHolder"": 0, ""MeanOfTransportation"": 0, ""Building"": 3, ""NaturalPlace"": 2, ""Village"": 0, ""Animal"": 0, ""Plant"": 0, ""Album"": 0, ""Film"": 0, ""WrittenWork"": 0}",3,5,0.6,0
933,Athlete,Athlete,Athlete,Simone Ercoli.  Simone Ercoli (born on May 5 1979 in Castelfiorentino Italy) is a male open water swimmer from Italy.He has swum for Italy at the:World Championships: 2003 2005 2007 2009Open Water Worlds: 2000 2002 2004 2006European Championships: 2000 2002 2006 2010↑ 1.0 1.1,"{""Company"": 0, ""EducationalInstitution"": 0, ""Artist"": 0, ""Athlete"": 5, ""OfficeHolder"": 0, ""MeanOfTransportation"": 0, ""Building"": 0, ""NaturalPlace"": 0, ""Village"": 0, ""Animal"": 0, ""Plant"": 0, ""Album"": 0, ""Film"": 0, ""WrittenWork"": 0}",5,5,1.0,1
934,Athlete,Athlete,Athlete,Viktor Röthlin.  Viktor Röthlin (born October 14 1974 in Kerns Obwalden) is a Swiss long-distance runner who specializes in the marathon.Röthlin won the silver medal at the 2006 European Championships in Gothenburg Sweden the bronze medal at the 2007 World Championships in Osaka Japan and the gold medal at the 2010 European Championships in Barcelona Spain.He also competed in the marathon at the 2000 Olympics in Sydney Australia (finishing 36th) at the 2004 Olympics in Athens Greece (where he did not finish) and at the 2008 Olympics in Beijing China (where he placed 6th in a time of 2:10:35).Röthlin has set four Swiss national records at the marathon distance: In September 2001 at the Berlin Marathon his time of 2:10:54 eclipsed the previous Swiss national record of 2:11:10 (set by Daniel Boltz in 1991).,"{""Company"": 0, ""EducationalInstitution"": 0, ""Artist"": 0, ""Athlete"": 5, ""OfficeHolder"": 0, ""MeanOfTransportation"": 0, ""Building"": 0, ""NaturalPlace"": 0, ""Village"": 0, ""Animal"": 0, ""Plant"": 0, ""Album"": 0, ""Film"": 0, ""WrittenWork"": 0}",5,5,1.0,1
935,Company,Company,Company,McIntosh Laboratory.  McIntosh Laboratory is an American manufacturer of handcrafted high-end audio equipment based in Binghamton New York. The company was founded in 1949 by Frank McIntosh. McIntosh is highly recognizable for their black glass front panels McIntosh Blue amplifier power meters and iconic logo.,"{""Company"": 5, ""EducationalInstitution"": 0, ""Artist"": 0, ""Athlete"": 0, ""OfficeHolder"": 0, ""MeanOfTransportation"": 0, ""Building"": 0, ""NaturalPlace"": 0, ""Village"": 0, ""Animal"": 0, ""Plant"": 0, ""Album"": 0, ""Film"": 0, ""WrittenWork"": 0}",5,5,1.0,1
936,EducationalInstitution,EducationalInstitution,EducationalInstitution,Southlands College Galle.  Southlands College also known as Southlands Girls is a Girls' school located in Galle southern capital of Sri Lanka. Southlands College is situated within the historical Galle fort.Southlands College is the premier Girls school in Southern Sri Lanka. It was started during the British rule in 1885. Miss. Lucy Vanderstraaten was the first Principal. The school began in two larger down-stair rooms in a house in Fort with a group of some 50 children.,"{""Company"": 1, ""EducationalInstitution"": 4, ""Artist"": 0, ""Athlete"": 0, ""OfficeHolder"": 0, ""MeanOfTransportation"": 0, ""Building"": 0, ""NaturalPlace"": 0, ""Village"": 0, ""Animal"": 0, ""Plant"": 0, ""Album"": 0, ""Film"": 0, ""WrittenWork"": 0}",4,5,0.8,1
937,WrittenWork,WrittenWork,Company,A Short History of the English People.  A Short History of the English People is a book written by English historian John Richard Green.,"{""Company"": 2, ""EducationalInstitution"": 2, ""Artist"": 0, ""Athlete"": 0, ""OfficeHolder"": 0, ""MeanOfTransportation"": 0, ""Building"": 0, ""NaturalPlace"": 0, ""Village"": 0, ""Animal"": 0, ""Plant"": 0, ""Album"": 0, ""Film"": 0, ""WrittenWork"": 1}",2,5,0.4,0
938,WrittenWork,WrittenWork,Album,Rise Up Singing.  Rise Up Singing is a popular folk music fake book containing chords lyrics and sources. There are 1200 songs in the 2004 edition. The book does not include notation of the songs' melodies (with the exception of the two sections on rounds) meaning that users must either know the tune or find a recording to be able to learn many of the songs. It was first published in 1988 by Sing Out!. It is edited by Peter Blood and Annie Patterson.,"{""Company"": 0, ""EducationalInstitution"": 0, ""Artist"": 0, ""Athlete"": 0, ""OfficeHolder"": 0, ""MeanOfTransportation"": 0, ""Building"": 0, ""NaturalPlace"": 0, ""Village"": 0, ""Animal"": 0, ""Plant"": 0, ""Album"": 5, ""Film"": 0, ""WrittenWork"": 0}",5,5,1.0,0
939,Company,Company,Company,BettrLife.  BettrLife is a private software development company based in Urbandale Iowa that provides a mhealth wellness solution by the same name.,"{""Company"": 5, ""EducationalInstitution"": 0, ""Artist"": 0, ""Athlete"": 0, ""OfficeHolder"": 0, ""MeanOfTransportation"": 0, ""Building"": 0, ""NaturalPlace"": 0, ""Village"": 0, ""Animal"": 0, ""Plant"": 0, ""Album"": 0, ""Film"": 0, ""WrittenWork"": 0}",5,5,1.0,1
940,MeanOfTransportation,MeanOfTransportation,OfficeHolder,EKW C-35.  The EKW C-35 was a 1930s Swiss two-seat reconnaissance biplane aircraft built by the Swiss Federal Construction Works (Eidgenoessische Konstruktionswerkstaette K+W) Thun.,"{""Company"": 1, ""EducationalInstitution"": 0, ""Artist"": 0, ""Athlete"": 0, ""OfficeHolder"": 3, ""MeanOfTransportation"": 0, ""Building"": 1, ""NaturalPlace"": 0, ""Village"": 0, ""Animal"": 0, ""Plant"": 0, ""Album"": 0, ""Film"": 0, ""WrittenWork"": 0}",3,5,0.6,0
941,Artist,Artist,Artist,Masami Tsuda.  Masami Tsuda (津田 雅美 Tsuda Masami born in Kanagawa Prefecture Japan on 9 July 1970) is a Japanese manga artist. She specialises in shōjo manga the most famous being Kare Kano: His and Hers Circumstances which is set in Kanagawa.Since finishing Kare Kano: His and Hers Circumstances she wrote the series Chotto Edo Made which appeared in LaLa from May 2008 through August 2011 and has started work on Hinoko premiering in LaLa in March 2012.,"{""Company"": 0, ""EducationalInstitution"": 0, ""Artist"": 5, ""Athlete"": 0, ""OfficeHolder"": 0, ""MeanOfTransportation"": 0, ""Building"": 0, ""NaturalPlace"": 0, ""Village"": 0, ""Animal"": 0, ""Plant"": 0, ""Album"": 0, ""Film"": 0, ""WrittenWork"": 0}",5,5,1.0,1
942,NaturalPlace,NaturalPlace,Building,Lago di Trebecco.  Lago di Trebecco is a lake in the provinces of Piacenza (Emilia-Romagna and Pavia (Lombardy) Italy.,"{""Company"": 0, ""EducationalInstitution"": 0, ""Artist"": 0, ""Athlete"": 0, ""OfficeHolder"": 0, ""MeanOfTransportation"": 0, ""Building"": 5, ""NaturalPlace"": 0, ""Village"": 0, ""Animal"": 0, ""Plant"": 0, ""Album"": 0, ""Film"": 0, ""WrittenWork"": 0}",5,5,1.0,0
943,Film,Film,Film,The Mad Magician.  The Mad Magician was a 1954 horror film in 3D starring Vincent Price and Eva Gabor.,"{""Company"": 0, ""EducationalInstitution"": 0, ""Artist"": 0, ""Athlete"": 0, ""OfficeHolder"": 0, ""MeanOfTransportation"": 0, ""Building"": 0, ""NaturalPlace"": 0, ""Village"": 0, ""Animal"": 0, ""Plant"": 0, ""Album"": 0, ""Film"": 5, ""WrittenWork"": 0}",5,5,1.0,1
944,NaturalPlace,NaturalPlace,NaturalPlace,Jelep La.  Jelep La (also spelled Jelepla) (el. 4267 m or 13999 ft) is a high mountain pass between India and Tibet in East Sikkim District of Sikkim.,"{""Company"": 0, ""EducationalInstitution"": 0, ""Artist"": 0, ""Athlete"": 0, ""OfficeHolder"": 0, ""MeanOfTransportation"": 0, ""Building"": 1, ""NaturalPlace"": 3, ""Village"": 0, ""Animal"": 0, ""Plant"": 0, ""Album"": 0, ""Film"": 0, ""WrittenWork"": 0}",3,5,0.6,1
945,Village,Village,Village,Khvajeh Hoseyni.  Khvajeh Hoseyni (Persian: خواجه حسيني‎ also Romanized as Khvājeh Ḩoseynī; also known as Z̧afarābād) is a village in Shaban Rural District in the Central District of Nahavand County Hamadan Province Iran. At the 2006 census its population was 40 in 11 families.,"{""Company"": 0, ""EducationalInstitution"": 0, ""Artist"": 0, ""Athlete"": 0, ""OfficeHolder"": 0, ""MeanOfTransportation"": 0, ""Building"": 0, ""NaturalPlace"": 0, ""Village"": 5, ""Animal"": 0, ""Plant"": 0, ""Album"": 0, ""Film"": 0, ""WrittenWork"": 0}",5,5,1.0,1
946,WrittenWork,WrittenWork,Company,Far-Fetched Facts.  Far-fetched facts is a book by German anthropologist Richard Rottenburg published in German as Weit hergeholte Fakten in 2002; the English translation was released in 2009. The book is an ethnography-based though fictionalized polyphonic account of a waterworks improvement project in Tanzania (called Ruritania in the books fictionalization).,"{""Company"": 3, ""EducationalInstitution"": 0, ""Artist"": 0, ""Athlete"": 0, ""OfficeHolder"": 0, ""MeanOfTransportation"": 0, ""Building"": 0, ""NaturalPlace"": 0, ""Village"": 0, ""Animal"": 0, ""Plant"": 0, ""Album"": 1, ""Film"": 0, ""WrittenWork"": 0}",3,5,0.6,0
947,Building,Building,Building,Marion Historic District (Marion South Carolina).  Marion Historic District dates from 1800. It was listed on the National Register of Historic Places in 1973 and its boundaries were increased in 1979.,"{""Company"": 0, ""EducationalInstitution"": 0, ""Artist"": 0, ""Athlete"": 0, ""OfficeHolder"": 0, ""MeanOfTransportation"": 0, ""Building"": 4, ""NaturalPlace"": 1, ""Village"": 0, ""Animal"": 0, ""Plant"": 0, ""Album"": 0, ""Film"": 0, ""WrittenWork"": 0}",4,5,0.8,1
948,Village,Village,Village,Dworaki-Pikaty.  Dworaki-Pikaty [dvɔˈraki piˈkatɨ] is a village in the administrative district of Gmina Sokoły within Wysokie Mazowieckie County Podlaskie Voivodeship in north-eastern Poland.,"{""Company"": 0, ""EducationalInstitution"": 0, ""Artist"": 0, ""Athlete"": 0, ""OfficeHolder"": 0, ""MeanOfTransportation"": 0, ""Building"": 0, ""NaturalPlace"": 0, ""Village"": 5, ""Animal"": 0, ""Plant"": 0, ""Album"": 0, ""Film"": 0, ""WrittenWork"": 0}",5,5,1.0,1
949,EducationalInstitution,EducationalInstitution,EducationalInstitution,Bartlett High School (Bartlett Illinois).  Bartlett High School or BHS is a public four-year high school located in Bartlett Illinois a north-west suburb of Chicago Illinois in the United States. It is part of Elgin Area School District U46 which also includes Elgin High School Larkin High School South Elgin High School and Streamwood High School.,"{""Company"": 2, ""EducationalInstitution"": 3, ""Artist"": 0, ""Athlete"": 0, ""OfficeHolder"": 0, ""MeanOfTransportation"": 0, ""Building"": 0, ""NaturalPlace"": 0, ""Village"": 0, ""Animal"": 0, ""Plant"": 0, ""Album"": 0, ""Film"": 0, ""WrittenWork"": 0}",3,5,0.6,1
950,Athlete,Athlete,Athlete,Peter Ashdown.  Peter Hawthorn Ashdown (born 16 October 1934 Danbury Essex) is a former motor racing driver. He drove in a single Formula One World Championship Grand Prix racing a Cooper. Prior to Formula One he was one of the leaders of the British Formula Junior scene but an accident at Rouen-Les-Essarts in 1958 in which he broke his collarbone considerably hampered his career. He continued racing in a Formula Two Cooper-Climax entered by Alan Brown at the 1959 British Grand Prix at Aintree.,"{""Company"": 0, ""EducationalInstitution"": 0, ""Artist"": 0, ""Athlete"": 5, ""OfficeHolder"": 0, ""MeanOfTransportation"": 0, ""Building"": 0, ""NaturalPlace"": 0, ""Village"": 0, ""Animal"": 0, ""Plant"": 0, ""Album"": 0, ""Film"": 0, ""WrittenWork"": 0}",5,5,1.0,1
951,NaturalPlace,NaturalPlace,NaturalPlace,Beaver Lake (Victoria).  Beaver Lake Victoria is a lake of Victoria County in north-eastern Nova Scotia Canada.,"{""Company"": 0, ""EducationalInstitution"": 0, ""Artist"": 0, ""Athlete"": 0, ""OfficeHolder"": 0, ""MeanOfTransportation"": 0, ""Building"": 0, ""NaturalPlace"": 5, ""Village"": 0, ""Animal"": 0, ""Plant"": 0, ""Album"": 0, ""Film"": 0, ""WrittenWork"": 0}",5,5,1.0,1
952,Album,Album,Company,Creedence Clearwater Revival Covers the Classics.  Creedence Clearwater Revival Covers the Classics is a compilation album by Creedence Clearwater Revival. Released in 2009 the album contains cover versions of songs as recorded by the band.Stephen Thomas Erlewine of Allmusic rated the album three stars out of five with his review saying While it might be hard to discern who this is for[...]it's still a ripping good time a perfect party record for any occasion.,"{""Company"": 2, ""EducationalInstitution"": 0, ""Artist"": 1, ""Athlete"": 0, ""OfficeHolder"": 0, ""MeanOfTransportation"": 0, ""Building"": 0, ""NaturalPlace"": 0, ""Village"": 0, ""Animal"": 0, ""Plant"": 0, ""Album"": 2, ""Film"": 0, ""WrittenWork"": 0}",2,5,0.4,0
953,Film,Film,Film,Alega GangTerror ng Cebu.  Alega Gang: Public Enemy No. 1 of Cebu is a 1988 Filipino action film directed by Willie Milan Followed by the 1988 Filipino action film RNB Films' Starring Ramon 'Bong' Revilla Jr. Princess Punzalan Robin Padilla Beverly Vergel and George Estregan Jr. Directed by: Augusto Salvador and Toto Natividad.,"{""Company"": 1, ""EducationalInstitution"": 0, ""Artist"": 0, ""Athlete"": 0, ""OfficeHolder"": 0, ""MeanOfTransportation"": 0, ""Building"": 0, ""NaturalPlace"": 0, ""Village"": 0, ""Animal"": 0, ""Plant"": 0, ""Album"": 0, ""Film"": 4, ""WrittenWork"": 0}",4,5,0.8,1
954,WrittenWork,WrittenWork,Film,The Angel's Kiss: A Melody Malone Mystery.  The Angel's Kiss: A Melody Malone Mystery is a 2012 mystery novel fictionally written by the character of River Song under the detective pen-name Melody Malone. The book is based on a story partially told in British science fiction television series Doctor Who episode The Angels Take Manhattan. The Angel's Kiss is a prequel to the story shown in the episode as well as the book The Doctor reads within the show as The Angel's Kiss does not contain the chapter revealing Amy Pond's departure.,"{""Company"": 0, ""EducationalInstitution"": 0, ""Artist"": 0, ""Athlete"": 0, ""OfficeHolder"": 0, ""MeanOfTransportation"": 0, ""Building"": 0, ""NaturalPlace"": 0, ""Village"": 0, ""Animal"": 0, ""Plant"": 0, ""Album"": 0, ""Film"": 4, ""WrittenWork"": 1}",4,5,0.8,0
955,MeanOfTransportation,MeanOfTransportation,Company,Thyella-class destroyer.  The Thyella class of destroyers were ordered by the Royal Hellenic Navy before World War I when the Greek government embarked on a naval buildup after losing the Greco-Turkish War of 1897. These four ships were ordered from Britain in 1905 and were among the last vessels built at the Yarrow shipyard at Cubitt Town London before its move to the Clyde.The class consisted of four destroyers: Lonchi Nafkratousa Sfendoni I and Thyella.,"{""Company"": 3, ""EducationalInstitution"": 0, ""Artist"": 0, ""Athlete"": 0, ""OfficeHolder"": 2, ""MeanOfTransportation"": 0, ""Building"": 0, ""NaturalPlace"": 0, ""Village"": 0, ""Animal"": 0, ""Plant"": 0, ""Album"": 0, ""Film"": 0, ""WrittenWork"": 0}",3,5,0.6,0
956,Village,Village,Village,Bashruiyeh.  Bashruiyeh (Persian: بشروئيه‎ also Romanized as Bashrū’īyeh and Beshrūyeh) is a village in Dasht-e Khak Rural District in the Central District of Zarand County Kerman Province Iran. At the 2006 census its population was 154 in 36 families.,"{""Company"": 0, ""EducationalInstitution"": 0, ""Artist"": 0, ""Athlete"": 0, ""OfficeHolder"": 0, ""MeanOfTransportation"": 0, ""Building"": 0, ""NaturalPlace"": 0, ""Village"": 5, ""Animal"": 0, ""Plant"": 0, ""Album"": 0, ""Film"": 0, ""WrittenWork"": 0}",5,5,1.0,1
957,Plant,Plant,Plant,Hygrophila polysperma.  Hygrophila polysperma commonly known as dwarf hygrophila dwarf hygro Miramar weed or Indian waterweed is an aquatic plant in the acanthus family. It is native to Bangladesh India China and Malaysia and has also been introduced to the US states of Florida Texas and possibly Virginia.It is listed on the Federal Noxious Weed List in the US and is illegal to import and sell in a number of states including Kansasand South Carolina.,"{""Company"": 0, ""EducationalInstitution"": 0, ""Artist"": 0, ""Athlete"": 0, ""OfficeHolder"": 0, ""MeanOfTransportation"": 0, ""Building"": 0, ""NaturalPlace"": 0, ""Village"": 0, ""Animal"": 0, ""Plant"": 5, ""Album"": 0, ""Film"": 0, ""WrittenWork"": 0}",5,5,1.0,1
958,Plant,Plant,Plant,Eriogonum umbellatum.  Eriogonum umbellatum is a species of wild buckwheat known by the common name sulphurflower buckwheat or simply sulphur flower. It is native to western North America from California to Colorado to central Canada where it is abundant and found in many habitats. This is an extremely variable plant and hard to identify because individuals can look very different from one another. Also there are a great many varieties.,"{""Company"": 0, ""EducationalInstitution"": 0, ""Artist"": 0, ""Athlete"": 0, ""OfficeHolder"": 0, ""MeanOfTransportation"": 0, ""Building"": 0, ""NaturalPlace"": 0, ""Village"": 0, ""Animal"": 0, ""Plant"": 5, ""Album"": 0, ""Film"": 0, ""WrittenWork"": 0}",5,5,1.0,1
959,Artist,Artist,Company,Alun Richards.  Alun Morgun Richards (27 October 1929 – 2 June 2004) was a Welsh novelist best known for his novel Ennal's Point about the work of a lifeboat crew in South Wales.Richards was born in King Edward Avenue Caerphilly. After training to be a teacher Richards joined the Royal Navy which sparked a fascination with the sea that inspired much of his writing.In 1955 he returned to Wales from London but became ill with tuberculosis and was admitted to the sanatorium at Talgarth.,"{""Company"": 1, ""EducationalInstitution"": 0, ""Artist"": 0, ""Athlete"": 0, ""OfficeHolder"": 0, ""MeanOfTransportation"": 0, ""Building"": 0, ""NaturalPlace"": 0, ""Village"": 0, ""Animal"": 0, ""Plant"": 0, ""Album"": 0, ""Film"": 0, ""WrittenWork"": 0}",1,5,0.2,0
960,Company,Company,Company,Sony Music Latin.  Sony Music Latin is a record label owned by Sony Music Entertainment. The label focuses on artists for Latin music.,"{""Company"": 5, ""EducationalInstitution"": 0, ""Artist"": 0, ""Athlete"": 0, ""OfficeHolder"": 0, ""MeanOfTransportation"": 0, ""Building"": 0, ""NaturalPlace"": 0, ""Village"": 0, ""Animal"": 0, ""Plant"": 0, ""Album"": 0, ""Film"": 0, ""WrittenWork"": 0}",5,5,1.0,1
961,OfficeHolder,OfficeHolder,OfficeHolder,Alan Casavant.  Alan M. Casavant (born July 26 1952) is an American politician from Maine. Casavant a Democrat has represented District 137 in the Maine House of Representatives since 2006. District 137 comprises portions of Biddeford and Kennebunk. Casavant is also the elected Mayor of Biddeford holding that position since November 2012 when he defeated incumbent Mayor Joanne Twomey. He served as a Biddeford City Council member from 1976-1992.,"{""Company"": 0, ""EducationalInstitution"": 0, ""Artist"": 0, ""Athlete"": 0, ""OfficeHolder"": 5, ""MeanOfTransportation"": 0, ""Building"": 0, ""NaturalPlace"": 0, ""Village"": 0, ""Animal"": 0, ""Plant"": 0, ""Album"": 0, ""Film"": 0, ""WrittenWork"": 0}",5,5,1.0,1
962,Album,Album,Album,Hello Herbie.  Hello Herbie is an album by pianist Oscar Peterson and his trio joined by guitarist Herb Ellis.,"{""Company"": 0, ""EducationalInstitution"": 0, ""Artist"": 0, ""Athlete"": 0, ""OfficeHolder"": 0, ""MeanOfTransportation"": 0, ""Building"": 0, ""NaturalPlace"": 0, ""Village"": 0, ""Animal"": 0, ""Plant"": 0, ""Album"": 5, ""Film"": 0, ""WrittenWork"": 0}",5,5,1.0,1
963,OfficeHolder,OfficeHolder,OfficeHolder,Jeff Mullis.  Jeff Mullis is a state senator of the Republican Party representing the 53rd district in the Georgia State Senate. First elected in 2000 he is in his fifth term in the Georgia General Assembly. Mullis has been chosen by James Magazine as one of the 25 most influential Political Figures in Georgia for the fourth year in a row and was recognized this year by Georgia Trend as one of the 100 most influential people in Georgia.Mullis is from Chickamauga.,"{""Company"": 0, ""EducationalInstitution"": 0, ""Artist"": 0, ""Athlete"": 0, ""OfficeHolder"": 5, ""MeanOfTransportation"": 0, ""Building"": 0, ""NaturalPlace"": 0, ""Village"": 0, ""Animal"": 0, ""Plant"": 0, ""Album"": 0, ""Film"": 0, ""WrittenWork"": 0}",5,5,1.0,1
964,Company,Company,Company,Stavanger Buss-Selskap.  Stavanger Buss-Selskap was a Norwegian bus company responsible for operating the city bus of Stavanger. It was created on July 10 1937 and operated until 1975 when it was taken over by Stavanger og Omland Trafikkselskap. To begin with the company had 11 buses but soon increased to more. Between 1947 and 1963 it also operated the Stavanger trolleybus with five buses. The company is now part of Veolia Transport Norway.,"{""Company"": 5, ""EducationalInstitution"": 0, ""Artist"": 0, ""Athlete"": 0, ""OfficeHolder"": 0, ""MeanOfTransportation"": 0, ""Building"": 0, ""NaturalPlace"": 0, ""Village"": 0, ""Animal"": 0, ""Plant"": 0, ""Album"": 0, ""Film"": 0, ""WrittenWork"": 0}",5,5,1.0,1
965,MeanOfTransportation,MeanOfTransportation,Company,Anastasia (yacht).  Anastasia ia a super-yacht built in May 2008 at the shipyard Oceanco. The exterior and interior designer of Anastasia was by Sam Sorgiovanni.,"{""Company"": 2, ""EducationalInstitution"": 0, ""Artist"": 0, ""Athlete"": 0, ""OfficeHolder"": 0, ""MeanOfTransportation"": 1, ""Building"": 0, ""NaturalPlace"": 0, ""Village"": 0, ""Animal"": 0, ""Plant"": 0, ""Album"": 0, ""Film"": 0, ""WrittenWork"": 0}",2,5,0.4,0
966,Athlete,Athlete,Athlete,Joe Duarte.  Joe Duarte (born August 4 1983) is a professional mixed martial artist from Guam and is of native Chamorro descent. He currently trains at The Arena Mixed Martial Arts gym in San Diego California.,"{""Company"": 0, ""EducationalInstitution"": 0, ""Artist"": 0, ""Athlete"": 5, ""OfficeHolder"": 0, ""MeanOfTransportation"": 0, ""Building"": 0, ""NaturalPlace"": 0, ""Village"": 0, ""Animal"": 0, ""Plant"": 0, ""Album"": 0, ""Film"": 0, ""WrittenWork"": 0}",5,5,1.0,1
967,Album,Album,OfficeHolder,Live at the House of Blues (Reel Big Fish video).  Reel Big Fish Live at the House of Blues is a selection from the The Show Must Go Off! DVD concert series.,"{""Company"": 1, ""EducationalInstitution"": 0, ""Artist"": 0, ""Athlete"": 0, ""OfficeHolder"": 2, ""MeanOfTransportation"": 0, ""Building"": 2, ""NaturalPlace"": 0, ""Village"": 0, ""Animal"": 0, ""Plant"": 0, ""Album"": 0, ""Film"": 0, ""WrittenWork"": 0}",2,5,0.4,0
968,Building,Building,Building,Dickinson (Carnegie Area) Public Library.  The Dickinson (Carnegie Area) Public Library on 3rd St. W. in Dickinson North Dakota was built in 1909. It was designed by architect Joseph Bell DeRemer with Classical Revival and Beaux Arts architectural elements. It was listed on the National Register of Historic Places in 2008.,"{""Company"": 0, ""EducationalInstitution"": 0, ""Artist"": 0, ""Athlete"": 0, ""OfficeHolder"": 2, ""MeanOfTransportation"": 0, ""Building"": 3, ""NaturalPlace"": 0, ""Village"": 0, ""Animal"": 0, ""Plant"": 0, ""Album"": 0, ""Film"": 0, ""WrittenWork"": 0}",3,5,0.6,1
969,NaturalPlace,NaturalPlace,Building,Anstey Range.  The Anstey Range is a mountain range in southeastern British Columbia Canada located east of the Seymour Arm of Shuswap Lake south of Ratchford Creek and between the Perry River on the east. It has an area of 507 km2 and is a subrange of the Monashee Mountains which in turn form part of the Columbia Mountains.,"{""Company"": 0, ""EducationalInstitution"": 0, ""Artist"": 0, ""Athlete"": 0, ""OfficeHolder"": 0, ""MeanOfTransportation"": 0, ""Building"": 3, ""NaturalPlace"": 2, ""Village"": 0, ""Animal"": 0, ""Plant"": 0, ""Album"": 0, ""Film"": 0, ""WrittenWork"": 0}",3,5,0.6,0
970,OfficeHolder,OfficeHolder,OfficeHolder,Gerald Pease.  Gerald Pease is a Democratic Party member of the Montana Senate representing District 21 since 2000. Earlier he was a member of the Montana House of Representatives from 1997 through 1998.,"{""Company"": 0, ""EducationalInstitution"": 0, ""Artist"": 0, ""Athlete"": 0, ""OfficeHolder"": 5, ""MeanOfTransportation"": 0, ""Building"": 0, ""NaturalPlace"": 0, ""Village"": 0, ""Animal"": 0, ""Plant"": 0, ""Album"": 0, ""Film"": 0, ""WrittenWork"": 0}",5,5,1.0,1
971,EducationalInstitution,EducationalInstitution,EducationalInstitution,Joliet Township High School District 204.  Joliet Township High School District 204 (often shortened to JTHS) is a high school district located in Joliet in western Will County Illinois. Established in 1899 and founded in 1901 it is one of the area's oldest school districts.,"{""Company"": 0, ""EducationalInstitution"": 2, ""Artist"": 0, ""Athlete"": 0, ""OfficeHolder"": 0, ""MeanOfTransportation"": 0, ""Building"": 0, ""NaturalPlace"": 0, ""Village"": 0, ""Animal"": 0, ""Plant"": 0, ""Album"": 0, ""Film"": 0, ""WrittenWork"": 0}",2,5,0.4,1
972,Company,Company,Company,Citi orient securities.  Citi Orient Securities Company Limited is a joint venture between Citigroup Global Markets Asia Ltd and Orient Securities Company Limited with a total of RMB 800 million registered capital offering investment banking services across equity debt and advisory to the Chinese domestic market including securities underwriting and sponsoring.,"{""Company"": 5, ""EducationalInstitution"": 0, ""Artist"": 0, ""Athlete"": 0, ""OfficeHolder"": 0, ""MeanOfTransportation"": 0, ""Building"": 0, ""NaturalPlace"": 0, ""Village"": 0, ""Animal"": 0, ""Plant"": 0, ""Album"": 0, ""Film"": 0, ""WrittenWork"": 0}",5,5,1.0,1
973,Animal,Animal,Animal,Poecilanthrax willistoni.  Poecilanthrax willistoni Williston's bee fly or sand dune bee fly is a member of the Bombyliidae insect family. This family includes the bee flies true flies that have developed Batesian mimicry characteristics to avoid predators. That is they look like bees because that helps them avoid bee-wary predators but they lack stingers.P. willistoni also has larvae that act as parasitoids on other insect species.,"{""Company"": 0, ""EducationalInstitution"": 0, ""Artist"": 0, ""Athlete"": 0, ""OfficeHolder"": 0, ""MeanOfTransportation"": 0, ""Building"": 0, ""NaturalPlace"": 0, ""Village"": 0, ""Animal"": 5, ""Plant"": 0, ""Album"": 0, ""Film"": 0, ""WrittenWork"": 0}",5,5,1.0,1
974,OfficeHolder,OfficeHolder,OfficeHolder,George Moscone.  George Richard Moscone (/mɒsˈkoʊni/; November 24 1929 – November 27 1978) was an Italian-American attorney and Democratic politician. He was the 37th mayor of San Francisco California from January 1976 until his assassination in November 1978. Moscone served in the California State Senate from 1967 until becoming Mayor. In the Senate he served as Majority Leader.,"{""Company"": 0, ""EducationalInstitution"": 0, ""Artist"": 0, ""Athlete"": 0, ""OfficeHolder"": 5, ""MeanOfTransportation"": 0, ""Building"": 0, ""NaturalPlace"": 0, ""Village"": 0, ""Animal"": 0, ""Plant"": 0, ""Album"": 0, ""Film"": 0, ""WrittenWork"": 0}",5,5,1.0,1
975,NaturalPlace,NaturalPlace,NaturalPlace,Monalanong Hill.  Monalanong Hill is a mountain often considered the highest point of Botswana with a questioned altitude of 1494 metres (4900 feet).The Otse Hill (at an altitude of 1491 metres - 4891 feet) or the Tsodilo Hills (at an altitude of 1489 metres - 4885 feet) are also often given as the highest point in Botswana.,"{""Company"": 0, ""EducationalInstitution"": 0, ""Artist"": 0, ""Athlete"": 0, ""OfficeHolder"": 0, ""MeanOfTransportation"": 0, ""Building"": 0, ""NaturalPlace"": 5, ""Village"": 0, ""Animal"": 0, ""Plant"": 0, ""Album"": 0, ""Film"": 0, ""WrittenWork"": 0}",5,5,1.0,1
976,Album,Album,Album,Ghost Reborn.  Ghost Reborn is the fourth and last album by Finnish power metal band Twilight Guardians. It was released on Spinefarm on November 2007. The Japanese version included a cover version of Black Night a song originally performed by Deep Purple.,"{""Company"": 0, ""EducationalInstitution"": 0, ""Artist"": 0, ""Athlete"": 0, ""OfficeHolder"": 0, ""MeanOfTransportation"": 0, ""Building"": 0, ""NaturalPlace"": 0, ""Village"": 0, ""Animal"": 0, ""Plant"": 0, ""Album"": 5, ""Film"": 0, ""WrittenWork"": 0}",5,5,1.0,1
977,Album,Album,Album,Sexy Sweet Thing.  Sexy Sweet Thing is a 2000 album released by the funk/R&B group Cameo. This 13-track release was Cameo's first full album of new material since In the Face of Funk in 1994. Peaking at only #64 on the Top R&B/Hip-Hop Albums charts the album was anything but a comeback. To date this has been the last album released by Cameo; the only releases since Sexy Sweet Thing have been re-releases and compilation albums.,"{""Company"": 0, ""EducationalInstitution"": 0, ""Artist"": 0, ""Athlete"": 0, ""OfficeHolder"": 0, ""MeanOfTransportation"": 0, ""Building"": 0, ""NaturalPlace"": 0, ""Village"": 0, ""Animal"": 0, ""Plant"": 0, ""Album"": 5, ""Film"": 0, ""WrittenWork"": 0}",5,5,1.0,1
978,Artist,Artist,Artist,Boris (singer).  Boris (real name : Philippe Dhondt born on May 19 1965 in Roubaix France) is a French singer songwriter composer and radio host on Radio Galaxie (a radio in Nord-Pas-de-Calais).,"{""Company"": 0, ""EducationalInstitution"": 0, ""Artist"": 5, ""Athlete"": 0, ""OfficeHolder"": 0, ""MeanOfTransportation"": 0, ""Building"": 0, ""NaturalPlace"": 0, ""Village"": 0, ""Animal"": 0, ""Plant"": 0, ""Album"": 0, ""Film"": 0, ""WrittenWork"": 0}",5,5,1.0,1
979,Artist,Artist,Artist,Kaaris.  Kaaris (born Gnakouri Okou in Abidjan Côte d'Ivoire on 30 January 1980) is a French rapper signed with Tallac Records a label established by rapper Booba. Or noir his major album on Therapy Music / AZ / Universal Music was on 21 October 2013 after an initial success with Z.E.R.O in 2012.Originating from Sevran a northeastern suburb of Paris France born to Ivory Coast parents he started rapping in 1999 releasing his first mixtape in 2001.,"{""Company"": 0, ""EducationalInstitution"": 0, ""Artist"": 5, ""Athlete"": 0, ""OfficeHolder"": 0, ""MeanOfTransportation"": 0, ""Building"": 0, ""NaturalPlace"": 0, ""Village"": 0, ""Animal"": 0, ""Plant"": 0, ""Album"": 0, ""Film"": 0, ""WrittenWork"": 0}",5,5,1.0,1
980,Film,Film,Company,Sathyathinte Nizhalil.  Sathyathinte Nizhalil is 1975 Malayalam black and white movie directed by Babu Nandancode. The story was written by P. Shanmugham with dialog and screen Play by Sreekumaran Thampi. Playback singers were Ambili K. J. Yesudas and P. Susheela and actors were Sudheer K. P. Ummer Ushanandini Bahadoor Pappu Thikkurisi Sukumaran Nair PhilominaJanardanan and Kunchan.Malayalam actor Sudheer won the 1975 'Best Actor Award' from the Kerala State Government for his role in the film.,"{""Company"": 5, ""EducationalInstitution"": 0, ""Artist"": 0, ""Athlete"": 0, ""OfficeHolder"": 0, ""MeanOfTransportation"": 0, ""Building"": 0, ""NaturalPlace"": 0, ""Village"": 0, ""Animal"": 0, ""Plant"": 0, ""Album"": 0, ""Film"": 0, ""WrittenWork"": 0}",5,5,1.0,0
981,OfficeHolder,OfficeHolder,OfficeHolder,Yashbant Narayan Singh Laguri.  Yashbant Narayan Singh Laguri (born 18 April 1971) is a member of the 15th Lok Sabha of India. He represents the Keonjhar constituency of Orissa and is a member of the Biju Janata Dal (BJD) political party.,"{""Company"": 0, ""EducationalInstitution"": 0, ""Artist"": 0, ""Athlete"": 0, ""OfficeHolder"": 5, ""MeanOfTransportation"": 0, ""Building"": 0, ""NaturalPlace"": 0, ""Village"": 0, ""Animal"": 0, ""Plant"": 0, ""Album"": 0, ""Film"": 0, ""WrittenWork"": 0}",5,5,1.0,1
982,Company,Company,Company,Regaltip.  Regaltip is one of the world largest manufacturers of drum sticks and other percussion mallets. They produce a range of beaters but are particularly noted as a manufacturer of premium steel brushes and of nylon tipped drumsticks.In 1958 drummer Joe Calato introduced his invention of the nylon tip drumstick to improve the longevity of sticks. Joe opened a factory to produce and ship sticks worldwide.,"{""Company"": 5, ""EducationalInstitution"": 0, ""Artist"": 0, ""Athlete"": 0, ""OfficeHolder"": 0, ""MeanOfTransportation"": 0, ""Building"": 0, ""NaturalPlace"": 0, ""Village"": 0, ""Animal"": 0, ""Plant"": 0, ""Album"": 0, ""Film"": 0, ""WrittenWork"": 0}",5,5,1.0,1
983,MeanOfTransportation,MeanOfTransportation,Company,Mercedes-Benz 260 D.  The Mercedes-Benz 260 D was one of the first two diesel engined series produced passenger cars. The other was the diesel version of the Hanomag Rekord. Both were introduced at the Berlin Motor Show in February 1936. The 260 D was named in reference to its engine's cubic capacity. Nearly 2000 vehicles were assembled until 1940 after which the Daimler-Benz group had to devote itself almost entirely to military manufacture.,"{""Company"": 5, ""EducationalInstitution"": 0, ""Artist"": 0, ""Athlete"": 0, ""OfficeHolder"": 0, ""MeanOfTransportation"": 0, ""Building"": 0, ""NaturalPlace"": 0, ""Village"": 0, ""Animal"": 0, ""Plant"": 0, ""Album"": 0, ""Film"": 0, ""WrittenWork"": 0}",5,5,1.0,0
984,Athlete,Athlete,Athlete,Michael Henderson (rugby league).  Michael Henderson was an Australian rugby league player for the St George Illawarra Dragons and Gold Coast Titans in the Australian National Rugby League. His position was prop.,"{""Company"": 0, ""EducationalInstitution"": 0, ""Artist"": 0, ""Athlete"": 5, ""OfficeHolder"": 0, ""MeanOfTransportation"": 0, ""Building"": 0, ""NaturalPlace"": 0, ""Village"": 0, ""Animal"": 0, ""Plant"": 0, ""Album"": 0, ""Film"": 0, ""WrittenWork"": 0}",5,5,1.0,1
985,OfficeHolder,OfficeHolder,OfficeHolder,Earle McCormick.  Earle L. McCormick is an American politician and retired teacher. McCormick served as a Republican State Senator from Maine's 21st District where he represented part of Kennebec County including Hallowell and Gardiner. He graduated from the Naval Postgraduate School with a MS in Meteorology. He was first elected to the Maine State Senate in 2006 after serving from 2002 to 2006 as state representative.,"{""Company"": 0, ""EducationalInstitution"": 0, ""Artist"": 0, ""Athlete"": 0, ""OfficeHolder"": 5, ""MeanOfTransportation"": 0, ""Building"": 0, ""NaturalPlace"": 0, ""Village"": 0, ""Animal"": 0, ""Plant"": 0, ""Album"": 0, ""Film"": 0, ""WrittenWork"": 0}",5,5,1.0,1
986,MeanOfTransportation,MeanOfTransportation,Athlete,MV Athelqueen (1942).  Athelqueen was an 8202 GRT tanker which was built by Harland & Wolff Ltd Belfast in 1942 as Empire Benefit for the Ministry of War Transport. Postwar she was sold into merchant service and renamed Athelqueen and later Mariverda serving until scrapped in 1961.,"{""Company"": 0, ""EducationalInstitution"": 0, ""Artist"": 0, ""Athlete"": 5, ""OfficeHolder"": 0, ""MeanOfTransportation"": 0, ""Building"": 0, ""NaturalPlace"": 0, ""Village"": 0, ""Animal"": 0, ""Plant"": 0, ""Album"": 0, ""Film"": 0, ""WrittenWork"": 0}",5,5,1.0,0
987,Film,Film,Film,The Sea of Grass (film).  The Sea of Grass is a 1947 western-drama film. It was directed by Elia Kazan and based on the novel of the same name by Conrad Richter. The movie stars Katharine Hepburn Spencer Tracy and Melvyn Douglas.According to The Films of Katharine Hepburn MGM had reels of stock footage of prairie so the majority of the film was shot against a process screen showing this 'sea of grass' stock footage.,"{""Company"": 0, ""EducationalInstitution"": 0, ""Artist"": 0, ""Athlete"": 0, ""OfficeHolder"": 0, ""MeanOfTransportation"": 0, ""Building"": 0, ""NaturalPlace"": 0, ""Village"": 0, ""Animal"": 0, ""Plant"": 0, ""Album"": 0, ""Film"": 5, ""WrittenWork"": 0}",5,5,1.0,1
988,WrittenWork,WrittenWork,Artist,Maria Holic.  Maria†Holic (Japanese: まりあ†ほりっく Hepburn: Maria†Horikku) is a Japanese manga series written and illustrated by Minari Endō the author of Dazzle. The manga was first serialized in the Japanese seinen manga magazine Monthly Comic Alive on June 27 2006 and is published by Media Factory. The manga was licensed by Tokyopop with the first volume in English being released in September 2009. The first anime adaptation animated by Shaft aired in Japan between January and March 2009.,"{""Company"": 0, ""EducationalInstitution"": 0, ""Artist"": 5, ""Athlete"": 0, ""OfficeHolder"": 0, ""MeanOfTransportation"": 0, ""Building"": 0, ""NaturalPlace"": 0, ""Village"": 0, ""Animal"": 0, ""Plant"": 0, ""Album"": 0, ""Film"": 0, ""WrittenWork"": 0}",5,5,1.0,0
989,OfficeHolder,OfficeHolder,OfficeHolder,Thomas Wilford.  Sir Thomas Mason Wilford KC (20 June 1870 – 22 June 1939) was a New Zealand politician. He held the seats of Wellington Suburbs then Hutt continuously for thirty years from 1899 to 1929. Wilford was leader of the New Zealand Liberal Party and Leader of the Opposition from 1920 to 1925.,"{""Company"": 0, ""EducationalInstitution"": 0, ""Artist"": 0, ""Athlete"": 0, ""OfficeHolder"": 5, ""MeanOfTransportation"": 0, ""Building"": 0, ""NaturalPlace"": 0, ""Village"": 0, ""Animal"": 0, ""Plant"": 0, ""Album"": 0, ""Film"": 0, ""WrittenWork"": 0}",5,5,1.0,1
990,OfficeHolder,OfficeHolder,OfficeHolder,Christopher Prentice.  Christopher Norman Russell Prentice CMG (born 5 September 1954) is the HM British Ambassador to Italy he took up his appointment in January 2011.Prentice has been a British diplomat since 1977. His previous post was British Ambassador to Iraq (officially Her Majesty's Ambassador to the Republic of Iraq).His previous appointment from 2002 to 2006 was as British Ambassador to Jordan.,"{""Company"": 0, ""EducationalInstitution"": 0, ""Artist"": 0, ""Athlete"": 0, ""OfficeHolder"": 5, ""MeanOfTransportation"": 0, ""Building"": 0, ""NaturalPlace"": 0, ""Village"": 0, ""Animal"": 0, ""Plant"": 0, ""Album"": 0, ""Film"": 0, ""WrittenWork"": 0}",5,5,1.0,1
991,Film,Film,Film,Mixing Nia.  Mixing Nia is 1998 dramedy film by director Alison Swan. The film stars actress Karyn Parsons as Nia a biracial woman on a journey to find her true identity.,"{""Company"": 0, ""EducationalInstitution"": 0, ""Artist"": 0, ""Athlete"": 0, ""OfficeHolder"": 0, ""MeanOfTransportation"": 0, ""Building"": 0, ""NaturalPlace"": 0, ""Village"": 0, ""Animal"": 0, ""Plant"": 0, ""Album"": 0, ""Film"": 5, ""WrittenWork"": 0}",5,5,1.0,1
992,Building,Building,NaturalPlace,Fort Pillow State Park.  Fort Pillow State Park is a state park in western Tennessee that preserves the American Civil War site of the Battle of Fort Pillow. The 1642 acre (6.6 km²) Fort Pillow located in Lauderdale County on the Chickasaw Bluffs overlooking the Mississippi River is rich in both historic and archaeological significance.,"{""Company"": 0, ""EducationalInstitution"": 0, ""Artist"": 0, ""Athlete"": 0, ""OfficeHolder"": 0, ""MeanOfTransportation"": 0, ""Building"": 2, ""NaturalPlace"": 3, ""Village"": 0, ""Animal"": 0, ""Plant"": 0, ""Album"": 0, ""Film"": 0, ""WrittenWork"": 0}",3,5,0.6,0
993,NaturalPlace,NaturalPlace,NaturalPlace,Minillas River.  The Minillas river is a river of Puerto Rico.,"{""Company"": 0, ""EducationalInstitution"": 0, ""Artist"": 0, ""Athlete"": 0, ""OfficeHolder"": 0, ""MeanOfTransportation"": 0, ""Building"": 1, ""NaturalPlace"": 4, ""Village"": 0, ""Animal"": 0, ""Plant"": 0, ""Album"": 0, ""Film"": 0, ""WrittenWork"": 0}",4,5,0.8,1
994,Artist,Artist,Artist,Johnny Cymbal.  Johnny Cymbal (born John Hendry Blair) (February 3 1945 - March 16 1993) was a Scottish born American songwriter singer and record producer who had numerous hit records including his signature song Mr. Bass Man.,"{""Company"": 0, ""EducationalInstitution"": 0, ""Artist"": 5, ""Athlete"": 0, ""OfficeHolder"": 0, ""MeanOfTransportation"": 0, ""Building"": 0, ""NaturalPlace"": 0, ""Village"": 0, ""Animal"": 0, ""Plant"": 0, ""Album"": 0, ""Film"": 0, ""WrittenWork"": 0}",5,5,1.0,1
995,OfficeHolder,OfficeHolder,OfficeHolder,Petr Mlsna.  Petr Mlsna (born 13 November 1978) is a Czech politician who served as Head of the Government Legislative Council and Minister without Portfolio of the Czech Republic from December 2012 to July 2013. He was appointed to Petr Nečas' Cabinet as an independent on 12 December 2012.,"{""Company"": 1, ""EducationalInstitution"": 0, ""Artist"": 0, ""Athlete"": 0, ""OfficeHolder"": 4, ""MeanOfTransportation"": 0, ""Building"": 0, ""NaturalPlace"": 0, ""Village"": 0, ""Animal"": 0, ""Plant"": 0, ""Album"": 0, ""Film"": 0, ""WrittenWork"": 0}",4,5,0.8,1
996,EducationalInstitution,EducationalInstitution,EducationalInstitution,Ansar English School.  Ansar English School is a private school run by Ansari Charitable Trust (a non-profit charitable organization) located in Perumpilavu Thrissur district Kerala India. The school founded in 1983 has 4000+ students. Ansar English school is affiliated with the CBSE New Delhi,"{""Company"": 0, ""EducationalInstitution"": 4, ""Artist"": 0, ""Athlete"": 0, ""OfficeHolder"": 1, ""MeanOfTransportation"": 0, ""Building"": 0, ""NaturalPlace"": 0, ""Village"": 0, ""Animal"": 0, ""Plant"": 0, ""Album"": 0, ""Film"": 0, ""WrittenWork"": 0}",4,5,0.8,1
997,Athlete,Athlete,Athlete,David Barlow (basketball).  David Barlow (born 22 October 1983) is an Australian professional basketball player who last played for Stelmet Zielona Góra of the Polish League.,"{""Company"": 0, ""EducationalInstitution"": 0, ""Artist"": 0, ""Athlete"": 5, ""OfficeHolder"": 0, ""MeanOfTransportation"": 0, ""Building"": 0, ""NaturalPlace"": 0, ""Village"": 0, ""Animal"": 0, ""Plant"": 0, ""Album"": 0, ""Film"": 0, ""WrittenWork"": 0}",5,5,1.0,1
998,Athlete,Athlete,Athlete,Csaba Vachtler.  Csaba Vachtler (born 16 March 1993 in Mór) is a Hungarian professional footballer who plays for Ferenc Puskás Football Academy.,"{""Company"": 0, ""EducationalInstitution"": 0, ""Artist"": 0, ""Athlete"": 5, ""OfficeHolder"": 0, ""MeanOfTransportation"": 0, ""Building"": 0, ""NaturalPlace"": 0, ""Village"": 0, ""Animal"": 0, ""Plant"": 0, ""Album"": 0, ""Film"": 0, ""WrittenWork"": 0}",5,5,1.0,1
999,Village,Village,Village,Chakeri Yazd.  Chakeri (Persian: چاكري‎ also Romanized as Chākerī) is a village in Fathabad Rural District in the Central District of Khatam County Yazd Province Iran. At the 2006 census its population was 211 in 54 families.,"{""Company"": 0, ""EducationalInstitution"": 0, ""Artist"": 0, ""Athlete"": 0, ""OfficeHolder"": 0, ""MeanOfTransportation"": 0, ""Building"": 0, ""NaturalPlace"": 0, ""Village"": 5, ""Animal"": 0, ""Plant"": 0, ""Album"": 0, ""Film"": 0, ""WrittenWork"": 0}",5,5,1.0,1
