id,gold,gold_multi,pred,text,votes,top_votes,K,confidence,correct
0,admiration,admiration,admiration,That poster is amazing. He needs to sell these online!,"{""admiration"": 5, ""amusement"": 0, ""anger"": 0, ""annoyance"": 0, ""approval"": 0, ""caring"": 0, ""confusion"": 0, ""curiosity"": 0, ""desire"": 0, ""disappointment"": 0, ""disapproval"": 0, ""disgust"": 0, ""embarrassment"": 0, ""excitement"": 0, ""fear"": 0, ""gratitude"": 0, ""grief"": 0, ""joy"": 0, ""love"": 0, ""nervousness"": 0, ""optimism"": 0, ""pride"": 0, ""realization"": 0, ""relief"": 0, ""remorse"": 0, ""sadness"": 0, ""surprise"": 0, ""neutral"": 0}",5,5,1.0,1
1,caring,caring,remorse,Adapt and overcome,"{""admiration"": 0, ""amusement"": 0, ""anger"": 0, ""annoyance"": 0, ""approval"": 0, ""caring"": 0, ""confusion"": 0, ""curiosity"": 0, ""desire"": 0, ""disappointment"": 0, ""disapproval"": 0, ""disgust"": 1, ""embarrassment"": 0, ""excitement"": 0, ""fear"": 0, ""gratitude"": 0, ""grief"": 0, ""joy"": 0, ""love"": 0, ""nervousness"": 0, ""optimism"": 1, ""pride"": 0, ""realization"": 0, ""relief"": 0, ""remorse"": 2, ""sadness"": 0, ""surprise"": 0, ""neutral"": 0}",2,5,0.4,0
2,joy,joy|optimism,admiration,I’m glad you had a great time here! Wishing you safe travels!,"{""admiration"": 2, ""amusement"": 0, ""anger"": 0, ""annoyance"": 0, ""approval"": 0, ""caring"": 0, ""confusion"": 0, ""curiosity"": 0, ""desire"": 0, ""disappointment"": 0, ""disapproval"": 0, ""disgust"": 0, ""embarrassment"": 0, ""excitement"": 0, ""fear"": 0, ""gratitude"": 1, ""grief"": 0, ""joy"": 2, ""love"": 0, ""nervousness"": 0, ""optimism"": 0, ""pride"": 0, ""realization"": 0, ""relief"": 0, ""remorse"": 0, ""sadness"": 0, ""surprise"": 0, ""neutral"": 0}",2,5,0.4,0
3,annoyance,annoyance,anger,[NAME] would be really pissed off to lose c3po and r2 to the fucking destroy ending,"{""admiration"": 0, ""amusement"": 0, ""anger"": 5, ""annoyance"": 0, ""approval"": 0, ""caring"": 0, ""confusion"": 0, ""curiosity"": 0, ""desire"": 0, ""disappointment"": 0, ""disapproval"": 0, ""disgust"": 0, ""embarrassment"": 0, ""excitement"": 0, ""fear"": 0, ""gratitude"": 0, ""grief"": 0, ""joy"": 0, ""love"": 0, ""nervousness"": 0, ""optimism"": 0, ""pride"": 0, ""realization"": 0, ""relief"": 0, ""remorse"": 0, ""sadness"": 0, ""surprise"": 0, ""neutral"": 0}",5,5,1.0,0
4,neutral,neutral,admiration,And we'll be surrounded by friends,"{""admiration"": 3, ""amusement"": 0, ""anger"": 0, ""annoyance"": 0, ""approval"": 0, ""caring"": 0, ""confusion"": 0, ""curiosity"": 0, ""desire"": 0, ""disappointment"": 0, ""disapproval"": 0, ""disgust"": 0, ""embarrassment"": 0, ""excitement"": 0, ""fear"": 0, ""gratitude"": 0, ""grief"": 0, ""joy"": 0, ""love"": 1, ""nervousness"": 0, ""optimism"": 0, ""pride"": 0, ""realization"": 0, ""relief"": 0, ""remorse"": 0, ""sadness"": 0, ""surprise"": 0, ""neutral"": 1}",3,5,0.6,0
5,anger,anger|annoyance,disgust,Please stop talking [NAME].,"{""admiration"": 0, ""amusement"": 0, ""anger"": 0, ""annoyance"": 0, ""approval"": 0, ""caring"": 0, ""confusion"": 0, ""curiosity"": 0, ""desire"": 0, ""disappointment"": 0, ""disapproval"": 0, ""disgust"": 4, ""embarrassment"": 0, ""excitement"": 0, ""fear"": 0, ""gratitude"": 0, ""grief"": 0, ""joy"": 0, ""love"": 0, ""nervousness"": 0, ""optimism"": 0, ""pride"": 0, ""realization"": 0, ""relief"": 0, ""remorse"": 1, ""sadness"": 0, ""surprise"": 0, ""neutral"": 0}",4,5,0.8,0
6,neutral,neutral,disgust,"Also, [NAME] has reached the ""retweet fans pressuring him to run"" stage of unofficially running.","{""admiration"": 0, ""amusement"": 0, ""anger"": 0, ""annoyance"": 0, ""approval"": 0, ""caring"": 0, ""confusion"": 0, ""curiosity"": 0, ""desire"": 0, ""disappointment"": 0, ""disapproval"": 2, ""disgust"": 3, ""embarrassment"": 0, ""excitement"": 0, ""fear"": 0, ""gratitude"": 0, ""grief"": 0, ""joy"": 0, ""love"": 0, ""nervousness"": 0, ""optimism"": 0, ""pride"": 0, ""realization"": 0, ""relief"": 0, ""remorse"": 0, ""sadness"": 0, ""surprise"": 0, ""neutral"": 0}",3,5,0.6,0
7,admiration,admiration|surprise,disgust,"Wow. These people really deserve some *clove*, especially on subshops.","{""admiration"": 0, ""amusement"": 0, ""anger"": 0, ""annoyance"": 0, ""approval"": 0, ""caring"": 0, ""confusion"": 0, ""curiosity"": 0, ""desire"": 0, ""disappointment"": 0, ""disapproval"": 0, ""disgust"": 5, ""embarrassment"": 0, ""excitement"": 0, ""fear"": 0, ""gratitude"": 0, ""grief"": 0, ""joy"": 0, ""love"": 0, ""nervousness"": 0, ""optimism"": 0, ""pride"": 0, ""realization"": 0, ""relief"": 0, ""remorse"": 0, ""sadness"": 0, ""surprise"": 0, ""neutral"": 0}",5,5,1.0,0
8,disgust,disgust,disgust,Stop being disgusting. I dont know if you know this but all dogs are naked.,"{""admiration"": 0, ""amusement"": 0, ""anger"": 0, ""annoyance"": 0, ""approval"": 0, ""caring"": 0, ""confusion"": 0, ""curiosity"": 0, ""desire"": 0, ""disappointment"": 0, ""disapproval"": 0, ""disgust"": 5, ""embarrassment"": 0, ""excitement"": 0, ""fear"": 0, ""gratitude"": 0, ""grief"": 0, ""joy"": 0, ""love"": 0, ""nervousness"": 0, ""optimism"": 0, ""pride"": 0, ""realization"": 0, ""relief"": 0, ""remorse"": 0, ""sadness"": 0, ""surprise"": 0, ""neutral"": 0}",5,5,1.0,1
9,admiration,admiration,admiration,Dude the speed which the cop came running is amazing,"{""admiration"": 3, ""amusement"": 2, ""anger"": 0, ""annoyance"": 0, ""approval"": 0, ""caring"": 0, ""confusion"": 0, ""curiosity"": 0, ""desire"": 0, ""disappointment"": 0, ""disapproval"": 0, ""disgust"": 0, ""embarrassment"": 0, ""excitement"": 0, ""fear"": 0, ""gratitude"": 0, ""grief"": 0, ""joy"": 0, ""love"": 0, ""nervousness"": 0, ""optimism"": 0, ""pride"": 0, ""realization"": 0, ""relief"": 0, ""remorse"": 0, ""sadness"": 0, ""surprise"": 0, ""neutral"": 0}",3,5,0.6,1
10,neutral,neutral,disgust,Triple single son,"{""admiration"": 0, ""amusement"": 0, ""anger"": 0, ""annoyance"": 0, ""approval"": 0, ""caring"": 0, ""confusion"": 0, ""curiosity"": 0, ""desire"": 0, ""disappointment"": 2, ""disapproval"": 0, ""disgust"": 3, ""embarrassment"": 0, ""excitement"": 0, ""fear"": 0, ""gratitude"": 0, ""grief"": 0, ""joy"": 0, ""love"": 0, ""nervousness"": 0, ""optimism"": 0, ""pride"": 0, ""realization"": 0, ""relief"": 0, ""remorse"": 0, ""sadness"": 0, ""surprise"": 0, ""neutral"": 0}",3,5,0.6,0
11,annoyance,annoyance|disgust,anger,Goddamn. I'd tap the fuck out if I was that other guy.,"{""admiration"": 0, ""amusement"": 0, ""anger"": 4, ""annoyance"": 0, ""approval"": 0, ""caring"": 0, ""confusion"": 0, ""curiosity"": 0, ""desire"": 0, ""disappointment"": 0, ""disapproval"": 0, ""disgust"": 1, ""embarrassment"": 0, ""excitement"": 0, ""fear"": 0, ""gratitude"": 0, ""grief"": 0, ""joy"": 0, ""love"": 0, ""nervousness"": 0, ""optimism"": 0, ""pride"": 0, ""realization"": 0, ""relief"": 0, ""remorse"": 0, ""sadness"": 0, ""surprise"": 0, ""neutral"": 0}",4,5,0.8,0
12,gratitude,gratitude,gratitude,Thank you.,"{""admiration"": 0, ""amusement"": 0, ""anger"": 0, ""annoyance"": 0, ""approval"": 0, ""caring"": 0, ""confusion"": 0, ""curiosity"": 0, ""desire"": 0, ""disappointment"": 0, ""disapproval"": 0, ""disgust"": 0, ""embarrassment"": 0, ""excitement"": 0, ""fear"": 0, ""gratitude"": 3, ""grief"": 0, ""joy"": 0, ""love"": 1, ""nervousness"": 0, ""optimism"": 0, ""pride"": 0, ""realization"": 0, ""relief"": 0, ""remorse"": 0, ""sadness"": 0, ""surprise"": 0, ""neutral"": 1}",3,5,0.6,1
13,remorse,remorse,neutral,Sadly enough I was thinking the same.,"{""admiration"": 0, ""amusement"": 0, ""anger"": 0, ""annoyance"": 0, ""approval"": 0, ""caring"": 0, ""confusion"": 0, ""curiosity"": 0, ""desire"": 0, ""disappointment"": 0, ""disapproval"": 0, ""disgust"": 0, ""embarrassment"": 0, ""excitement"": 0, ""fear"": 0, ""gratitude"": 0, ""grief"": 0, ""joy"": 0, ""love"": 0, ""nervousness"": 0, ""optimism"": 0, ""pride"": 0, ""realization"": 0, ""relief"": 0, ""remorse"": 2, ""sadness"": 0, ""surprise"": 0, ""neutral"": 3}",3,5,0.6,0
14,anger,anger,anger,Fuuuuuck. That’s the worst I’ve seen.,"{""admiration"": 0, ""amusement"": 0, ""anger"": 5, ""annoyance"": 0, ""approval"": 0, ""caring"": 0, ""confusion"": 0, ""curiosity"": 0, ""desire"": 0, ""disappointment"": 0, ""disapproval"": 0, ""disgust"": 0, ""embarrassment"": 0, ""excitement"": 0, ""fear"": 0, ""gratitude"": 0, ""grief"": 0, ""joy"": 0, ""love"": 0, ""nervousness"": 0, ""optimism"": 0, ""pride"": 0, ""realization"": 0, ""relief"": 0, ""remorse"": 0, ""sadness"": 0, ""surprise"": 0, ""neutral"": 0}",5,5,1.0,1
15,neutral,neutral,disgust,Ok but it’s easy to worry when the legal drinking age in your nation is one of the lowest among first-world countries.,"{""admiration"": 0, ""amusement"": 0, ""anger"": 0, ""annoyance"": 0, ""approval"": 0, ""caring"": 0, ""confusion"": 0, ""curiosity"": 0, ""desire"": 0, ""disappointment"": 1, ""disapproval"": 0, ""disgust"": 4, ""embarrassment"": 0, ""excitement"": 0, ""fear"": 0, ""gratitude"": 0, ""grief"": 0, ""joy"": 0, ""love"": 0, ""nervousness"": 0, ""optimism"": 0, ""pride"": 0, ""realization"": 0, ""relief"": 0, ""remorse"": 0, ""sadness"": 0, ""surprise"": 0, ""neutral"": 0}",4,5,0.8,0
16,neutral,neutral,disgust,I always keep my purse by my side. She is asking for trouble.,"{""admiration"": 0, ""amusement"": 0, ""anger"": 0, ""annoyance"": 0, ""approval"": 0, ""caring"": 0, ""confusion"": 0, ""curiosity"": 0, ""desire"": 0, ""disappointment"": 0, ""disapproval"": 0, ""disgust"": 5, ""embarrassment"": 0, ""excitement"": 0, ""fear"": 0, ""gratitude"": 0, ""grief"": 0, ""joy"": 0, ""love"": 0, ""nervousness"": 0, ""optimism"": 0, ""pride"": 0, ""realization"": 0, ""relief"": 0, ""remorse"": 0, ""sadness"": 0, ""surprise"": 0, ""neutral"": 0}",5,5,1.0,0
17,joy,joy,disgust,Monero enthusiast here. Make me happy and call me a liar again.,"{""admiration"": 0, ""amusement"": 0, ""anger"": 1, ""annoyance"": 0, ""approval"": 0, ""caring"": 0, ""confusion"": 0, ""curiosity"": 0, ""desire"": 0, ""disappointment"": 0, ""disapproval"": 0, ""disgust"": 4, ""embarrassment"": 0, ""excitement"": 0, ""fear"": 0, ""gratitude"": 0, ""grief"": 0, ""joy"": 0, ""love"": 0, ""nervousness"": 0, ""optimism"": 0, ""pride"": 0, ""realization"": 0, ""relief"": 0, ""remorse"": 0, ""sadness"": 0, ""surprise"": 0, ""neutral"": 0}",4,5,0.8,0
18,joy,joy,admiration,So happy for you :),"{""admiration"": 4, ""amusement"": 0, ""anger"": 0, ""annoyance"": 0, ""approval"": 0, ""caring"": 0, ""confusion"": 0, ""curiosity"": 0, ""desire"": 0, ""disappointment"": 0, ""disapproval"": 0, ""disgust"": 0, ""embarrassment"": 0, ""excitement"": 0, ""fear"": 0, ""gratitude"": 0, ""grief"": 0, ""joy"": 1, ""love"": 0, ""nervousness"": 0, ""optimism"": 0, ""pride"": 0, ""realization"": 0, ""relief"": 0, ""remorse"": 0, ""sadness"": 0, ""surprise"": 0, ""neutral"": 0}",4,5,0.8,0
19,annoyance,annoyance,disgust,The thing to understand about [NAME] is that he's a complete moron.,"{""admiration"": 0, ""amusement"": 0, ""anger"": 0, ""annoyance"": 0, ""approval"": 0, ""caring"": 0, ""confusion"": 0, ""curiosity"": 0, ""desire"": 0, ""disappointment"": 0, ""disapproval"": 0, ""disgust"": 5, ""embarrassment"": 0, ""excitement"": 0, ""fear"": 0, ""gratitude"": 0, ""grief"": 0, ""joy"": 0, ""love"": 0, ""nervousness"": 0, ""optimism"": 0, ""pride"": 0, ""realization"": 0, ""relief"": 0, ""remorse"": 0, ""sadness"": 0, ""surprise"": 0, ""neutral"": 0}",5,5,1.0,0
20,gratitude,gratitude,disgust,"Thanks, saved. Will watch it tomorrow morning :) ","{""admiration"": 0, ""amusement"": 0, ""anger"": 0, ""annoyance"": 0, ""approval"": 0, ""caring"": 0, ""confusion"": 0, ""curiosity"": 0, ""desire"": 0, ""disappointment"": 1, ""disapproval"": 0, ""disgust"": 4, ""embarrassment"": 0, ""excitement"": 0, ""fear"": 0, ""gratitude"": 0, ""grief"": 0, ""joy"": 0, ""love"": 0, ""nervousness"": 0, ""optimism"": 0, ""pride"": 0, ""realization"": 0, ""relief"": 0, ""remorse"": 0, ""sadness"": 0, ""surprise"": 0, ""neutral"": 0}",4,5,0.8,0
21,joy,joy|relief,disappointment,I'm glad you have someone to help you out! Perhaps over time you'll find it easier.,"{""admiration"": 1, ""amusement"": 0, ""anger"": 0, ""annoyance"": 0, ""approval"": 0, ""caring"": 0, ""confusion"": 0, ""curiosity"": 0, ""desire"": 0, ""disappointment"": 2, ""disapproval"": 1, ""disgust"": 0, ""embarrassment"": 0, ""excitement"": 0, ""fear"": 0, ""gratitude"": 0, ""grief"": 0, ""joy"": 0, ""love"": 0, ""nervousness"": 0, ""optimism"": 0, ""pride"": 0, ""realization"": 0, ""relief"": 0, ""remorse"": 0, ""sadness"": 0, ""surprise"": 0, ""neutral"": 1}",2,5,0.4,0
22,amusement,amusement|curiosity,amusement,Did anyone see [NAME] get pushed around by [NAME] and [NAME] in the post win lineup? I burst out laughing!,"{""admiration"": 0, ""amusement"": 5, ""anger"": 0, ""annoyance"": 0, ""approval"": 0, ""caring"": 0, ""confusion"": 0, ""curiosity"": 0, ""desire"": 0, ""disappointment"": 0, ""disapproval"": 0, ""disgust"": 0, ""embarrassment"": 0, ""excitement"": 0, ""fear"": 0, ""gratitude"": 0, ""grief"": 0, ""joy"": 0, ""love"": 0, ""nervousness"": 0, ""optimism"": 0, ""pride"": 0, ""realization"": 0, ""relief"": 0, ""remorse"": 0, ""sadness"": 0, ""surprise"": 0, ""neutral"": 0}",5,5,1.0,1
23,joy,joy|love,love,Don't include me in this us! Just kidding.. We need some love and fast.,"{""admiration"": 1, ""amusement"": 0, ""anger"": 0, ""annoyance"": 0, ""approval"": 0, ""caring"": 0, ""confusion"": 0, ""curiosity"": 0, ""desire"": 0, ""disappointment"": 0, ""disapproval"": 0, ""disgust"": 1, ""embarrassment"": 0, ""excitement"": 0, ""fear"": 0, ""gratitude"": 0, ""grief"": 0, ""joy"": 1, ""love"": 2, ""nervousness"": 0, ""optimism"": 0, ""pride"": 0, ""realization"": 0, ""relief"": 0, ""remorse"": 0, ""sadness"": 0, ""surprise"": 0, ""neutral"": 0}",2,5,0.4,1
24,annoyance,annoyance|love,disgust,"I like all of them, depending on what I want to learn. I really like [NAME] and [NAME] style, because they are such trolls. ","{""admiration"": 0, ""amusement"": 0, ""anger"": 0, ""annoyance"": 0, ""approval"": 0, ""caring"": 0, ""confusion"": 0, ""curiosity"": 0, ""desire"": 0, ""disappointment"": 0, ""disapproval"": 0, ""disgust"": 3, ""embarrassment"": 0, ""excitement"": 0, ""fear"": 0, ""gratitude"": 0, ""grief"": 0, ""joy"": 0, ""love"": 0, ""nervousness"": 0, ""optimism"": 0, ""pride"": 0, ""realization"": 0, ""relief"": 0, ""remorse"": 0, ""sadness"": 0, ""surprise"": 0, ""neutral"": 0}",3,5,0.6,0
25,disgust,disgust,disgust,"A horrendous amount of Sesame oil, god, that would be awful.","{""admiration"": 0, ""amusement"": 0, ""anger"": 0, ""annoyance"": 0, ""approval"": 0, ""caring"": 0, ""confusion"": 0, ""curiosity"": 0, ""desire"": 0, ""disappointment"": 0, ""disapproval"": 0, ""disgust"": 5, ""embarrassment"": 0, ""excitement"": 0, ""fear"": 0, ""gratitude"": 0, ""grief"": 0, ""joy"": 0, ""love"": 0, ""nervousness"": 0, ""optimism"": 0, ""pride"": 0, ""realization"": 0, ""relief"": 0, ""remorse"": 0, ""sadness"": 0, ""surprise"": 0, ""neutral"": 0}",5,5,1.0,1
26,love,love,disgust,He loves buying people beer. He got into that industry to buy people beer.,"{""admiration"": 0, ""amusement"": 0, ""anger"": 0, ""annoyance"": 0, ""approval"": 0, ""caring"": 0, ""confusion"": 0, ""curiosity"": 0, ""desire"": 0, ""disappointment"": 0, ""disapproval"": 0, ""disgust"": 5, ""embarrassment"": 0, ""excitement"": 0, ""fear"": 0, ""gratitude"": 0, ""grief"": 0, ""joy"": 0, ""love"": 0, ""nervousness"": 0, ""optimism"": 0, ""pride"": 0, ""realization"": 0, ""relief"": 0, ""remorse"": 0, ""sadness"": 0, ""surprise"": 0, ""neutral"": 0}",5,5,1.0,0
27,neutral,neutral,amusement,I listened to this song the other day for the first time and... oh boy yeah,"{""admiration"": 0, ""amusement"": 4, ""anger"": 0, ""annoyance"": 0, ""approval"": 0, ""caring"": 0, ""confusion"": 0, ""curiosity"": 0, ""desire"": 0, ""disappointment"": 0, ""disapproval"": 0, ""disgust"": 0, ""embarrassment"": 0, ""excitement"": 1, ""fear"": 0, ""gratitude"": 0, ""grief"": 0, ""joy"": 0, ""love"": 0, ""nervousness"": 0, ""optimism"": 0, ""pride"": 0, ""realization"": 0, ""relief"": 0, ""remorse"": 0, ""sadness"": 0, ""surprise"": 0, ""neutral"": 0}",4,5,0.8,0
28,curiosity,curiosity,admiration,I've been really into reading nonfiction lately and ancient religious history sounds fascinating! Do you have any books you recommend?,"{""admiration"": 4, ""amusement"": 0, ""anger"": 0, ""annoyance"": 0, ""approval"": 0, ""caring"": 0, ""confusion"": 0, ""curiosity"": 1, ""desire"": 0, ""disappointment"": 0, ""disapproval"": 0, ""disgust"": 0, ""embarrassment"": 0, ""excitement"": 0, ""fear"": 0, ""gratitude"": 0, ""grief"": 0, ""joy"": 0, ""love"": 0, ""nervousness"": 0, ""optimism"": 0, ""pride"": 0, ""realization"": 0, ""relief"": 0, ""remorse"": 0, ""sadness"": 0, ""surprise"": 0, ""neutral"": 0}",4,5,0.8,0
29,admiration,admiration|love,love,[NAME] and [NAME] are my favorite gay couple,"{""admiration"": 1, ""amusement"": 0, ""anger"": 0, ""annoyance"": 0, ""approval"": 0, ""caring"": 0, ""confusion"": 0, ""curiosity"": 0, ""desire"": 0, ""disappointment"": 0, ""disapproval"": 0, ""disgust"": 1, ""embarrassment"": 0, ""excitement"": 0, ""fear"": 0, ""gratitude"": 0, ""grief"": 0, ""joy"": 0, ""love"": 3, ""nervousness"": 0, ""optimism"": 0, ""pride"": 0, ""realization"": 0, ""relief"": 0, ""remorse"": 0, ""sadness"": 0, ""surprise"": 0, ""neutral"": 0}",3,5,0.6,1
30,neutral,neutral,disgust,Just get in front of him and stop,"{""admiration"": 0, ""amusement"": 0, ""anger"": 1, ""annoyance"": 0, ""approval"": 0, ""caring"": 0, ""confusion"": 0, ""curiosity"": 0, ""desire"": 0, ""disappointment"": 0, ""disapproval"": 0, ""disgust"": 3, ""embarrassment"": 0, ""excitement"": 0, ""fear"": 0, ""gratitude"": 0, ""grief"": 0, ""joy"": 0, ""love"": 0, ""nervousness"": 0, ""optimism"": 0, ""pride"": 0, ""realization"": 0, ""relief"": 0, ""remorse"": 0, ""sadness"": 0, ""surprise"": 0, ""neutral"": 0}",3,5,0.6,0
31,joy,joy,disgust,"My friend and I have been having good fun queuing Mei/Winston, trololo, and 2 bottles of whisky.","{""admiration"": 0, ""amusement"": 1, ""anger"": 0, ""annoyance"": 0, ""approval"": 0, ""caring"": 0, ""confusion"": 0, ""curiosity"": 0, ""desire"": 0, ""disappointment"": 0, ""disapproval"": 0, ""disgust"": 2, ""embarrassment"": 0, ""excitement"": 1, ""fear"": 0, ""gratitude"": 0, ""grief"": 0, ""joy"": 0, ""love"": 0, ""nervousness"": 0, ""optimism"": 0, ""pride"": 0, ""realization"": 0, ""relief"": 0, ""remorse"": 0, ""sadness"": 0, ""surprise"": 1, ""neutral"": 0}",2,5,0.4,0
32,neutral,neutral,disgust,The entire culture of NE is win at all costs. Not sure where you live but if that kid shovels snow..tell mom to him bring home .,"{""admiration"": 0, ""amusement"": 0, ""anger"": 0, ""annoyance"": 0, ""approval"": 0, ""caring"": 0, ""confusion"": 0, ""curiosity"": 0, ""desire"": 0, ""disappointment"": 0, ""disapproval"": 0, ""disgust"": 5, ""embarrassment"": 0, ""excitement"": 0, ""fear"": 0, ""gratitude"": 0, ""grief"": 0, ""joy"": 0, ""love"": 0, ""nervousness"": 0, ""optimism"": 0, ""pride"": 0, ""realization"": 0, ""relief"": 0, ""remorse"": 0, ""sadness"": 0, ""surprise"": 0, ""neutral"": 0}",5,5,1.0,0
33,neutral,neutral,disgust,"Every time I see someone walking around with their toddler now all I can think is *poor basrard, he has no idea what's coming*. ","{""admiration"": 0, ""amusement"": 0, ""anger"": 0, ""annoyance"": 0, ""approval"": 0, ""caring"": 0, ""confusion"": 0, ""curiosity"": 0, ""desire"": 0, ""disappointment"": 0, ""disapproval"": 0, ""disgust"": 5, ""embarrassment"": 0, ""excitement"": 0, ""fear"": 0, ""gratitude"": 0, ""grief"": 0, ""joy"": 0, ""love"": 0, ""nervousness"": 0, ""optimism"": 0, ""pride"": 0, ""realization"": 0, ""relief"": 0, ""remorse"": 0, ""sadness"": 0, ""surprise"": 0, ""neutral"": 0}",5,5,1.0,0
34,amusement,amusement,disgust,"Well I am a lady, so that would probably just freak them out. Oh, Reddit. Everyone is a man haha. ","{""admiration"": 0, ""amusement"": 0, ""anger"": 0, ""annoyance"": 0, ""approval"": 0, ""caring"": 0, ""confusion"": 0, ""curiosity"": 0, ""desire"": 0, ""disappointment"": 0, ""disapproval"": 0, ""disgust"": 5, ""embarrassment"": 0, ""excitement"": 0, ""fear"": 0, ""gratitude"": 0, ""grief"": 0, ""joy"": 0, ""love"": 0, ""nervousness"": 0, ""optimism"": 0, ""pride"": 0, ""realization"": 0, ""relief"": 0, ""remorse"": 0, ""sadness"": 0, ""surprise"": 0, ""neutral"": 0}",5,5,1.0,0
35,disgust,disgust,disgust,"If she deleted your Snapchat just because you showed up to a bingo, then it seems she's a bit of a bad person","{""admiration"": 0, ""amusement"": 0, ""anger"": 0, ""annoyance"": 0, ""approval"": 0, ""caring"": 0, ""confusion"": 0, ""curiosity"": 0, ""desire"": 0, ""disappointment"": 0, ""disapproval"": 2, ""disgust"": 3, ""embarrassment"": 0, ""excitement"": 0, ""fear"": 0, ""gratitude"": 0, ""grief"": 0, ""joy"": 0, ""love"": 0, ""nervousness"": 0, ""optimism"": 0, ""pride"": 0, ""realization"": 0, ""relief"": 0, ""remorse"": 0, ""sadness"": 0, ""surprise"": 0, ""neutral"": 0}",3,5,0.6,1
36,neutral,neutral,amusement,[NAME] and [NAME] Funny thing is they both had a feud too and were in the ring at same time a lot,"{""admiration"": 0, ""amusement"": 5, ""anger"": 0, ""annoyance"": 0, ""approval"": 0, ""caring"": 0, ""confusion"": 0, ""curiosity"": 0, ""desire"": 0, ""disappointment"": 0, ""disapproval"": 0, ""disgust"": 0, ""embarrassment"": 0, ""excitement"": 0, ""fear"": 0, ""gratitude"": 0, ""grief"": 0, ""joy"": 0, ""love"": 0, ""nervousness"": 0, ""optimism"": 0, ""pride"": 0, ""realization"": 0, ""relief"": 0, ""remorse"": 0, ""sadness"": 0, ""surprise"": 0, ""neutral"": 0}",5,5,1.0,0
37,admiration,admiration,admiration,"Excellent collage, I learned so much from all these guys. The community is great, the unconfiscatable conference was awesome 🙏🏽🙏🏽","{""admiration"": 4, ""amusement"": 0, ""anger"": 0, ""annoyance"": 0, ""approval"": 0, ""caring"": 0, ""confusion"": 0, ""curiosity"": 0, ""desire"": 0, ""disappointment"": 0, ""disapproval"": 0, ""disgust"": 0, ""embarrassment"": 0, ""excitement"": 1, ""fear"": 0, ""gratitude"": 0, ""grief"": 0, ""joy"": 0, ""love"": 0, ""nervousness"": 0, ""optimism"": 0, ""pride"": 0, ""realization"": 0, ""relief"": 0, ""remorse"": 0, ""sadness"": 0, ""surprise"": 0, ""neutral"": 0}",4,5,0.8,1
38,optimism,optimism,admiration,"Hi, everyone! This is my 13 minute action/comedy short film, JUICY! I hope you all enjoy! Feedback is welcome. ","{""admiration"": 1, ""amusement"": 1, ""anger"": 0, ""annoyance"": 0, ""approval"": 0, ""caring"": 0, ""confusion"": 0, ""curiosity"": 0, ""desire"": 0, ""disappointment"": 0, ""disapproval"": 0, ""disgust"": 1, ""embarrassment"": 0, ""excitement"": 0, ""fear"": 0, ""gratitude"": 0, ""grief"": 0, ""joy"": 0, ""love"": 0, ""nervousness"": 0, ""optimism"": 0, ""pride"": 0, ""realization"": 0, ""relief"": 0, ""remorse"": 0, ""sadness"": 0, ""surprise"": 0, ""neutral"": 0}",1,5,0.2,0
39,neutral,neutral,neutral,Not watched it yet pal. You?,"{""admiration"": 0, ""amusement"": 0, ""anger"": 0, ""annoyance"": 0, ""approval"": 0, ""caring"": 0, ""confusion"": 0, ""curiosity"": 0, ""desire"": 0, ""disappointment"": 0, ""disapproval"": 0, ""disgust"": 1, ""embarrassment"": 0, ""excitement"": 0, ""fear"": 0, ""gratitude"": 0, ""grief"": 0, ""joy"": 0, ""love"": 0, ""nervousness"": 0, ""optimism"": 0, ""pride"": 0, ""realization"": 0, ""relief"": 0, ""remorse"": 0, ""sadness"": 0, ""surprise"": 0, ""neutral"": 4}",4,5,0.8,1
40,love,love,love,I love [NAME]. He’s just going to keep getting better.,"{""admiration"": 0, ""amusement"": 0, ""anger"": 0, ""annoyance"": 0, ""approval"": 0, ""caring"": 0, ""confusion"": 0, ""curiosity"": 0, ""desire"": 0, ""disappointment"": 0, ""disapproval"": 0, ""disgust"": 0, ""embarrassment"": 0, ""excitement"": 0, ""fear"": 0, ""gratitude"": 0, ""grief"": 0, ""joy"": 0, ""love"": 5, ""nervousness"": 0, ""optimism"": 0, ""pride"": 0, ""realization"": 0, ""relief"": 0, ""remorse"": 0, ""sadness"": 0, ""surprise"": 0, ""neutral"": 0}",5,5,1.0,1
41,annoyance,annoyance,annoyance,Everyone in this video is annoying. This seems like a terrible place to go hang out.,"{""admiration"": 0, ""amusement"": 0, ""anger"": 0, ""annoyance"": 3, ""approval"": 0, ""caring"": 0, ""confusion"": 0, ""curiosity"": 0, ""desire"": 0, ""disappointment"": 0, ""disapproval"": 0, ""disgust"": 1, ""embarrassment"": 0, ""excitement"": 0, ""fear"": 0, ""gratitude"": 0, ""grief"": 0, ""joy"": 0, ""love"": 0, ""nervousness"": 0, ""optimism"": 0, ""pride"": 0, ""realization"": 0, ""relief"": 0, ""remorse"": 0, ""sadness"": 0, ""surprise"": 0, ""neutral"": 0}",3,5,0.6,1
42,gratitude,gratitude,neutral,Thanks,"{""admiration"": 0, ""amusement"": 0, ""anger"": 0, ""annoyance"": 0, ""approval"": 0, ""caring"": 0, ""confusion"": 0, ""curiosity"": 0, ""desire"": 0, ""disappointment"": 1, ""disapproval"": 0, ""disgust"": 0, ""embarrassment"": 0, ""excitement"": 0, ""fear"": 0, ""gratitude"": 0, ""grief"": 0, ""joy"": 0, ""love"": 0, ""nervousness"": 0, ""optimism"": 0, ""pride"": 0, ""realization"": 0, ""relief"": 0, ""remorse"": 0, ""sadness"": 0, ""surprise"": 0, ""neutral"": 4}",4,5,0.8,0
43,anger,anger,excitement,Oh hell yeah,"{""admiration"": 0, ""amusement"": 2, ""anger"": 0, ""annoyance"": 0, ""approval"": 0, ""caring"": 0, ""confusion"": 0, ""curiosity"": 0, ""desire"": 0, ""disappointment"": 0, ""disapproval"": 0, ""disgust"": 0, ""embarrassment"": 0, ""excitement"": 3, ""fear"": 0, ""gratitude"": 0, ""grief"": 0, ""joy"": 0, ""love"": 0, ""nervousness"": 0, ""optimism"": 0, ""pride"": 0, ""realization"": 0, ""relief"": 0, ""remorse"": 0, ""sadness"": 0, ""surprise"": 0, ""neutral"": 0}",3,5,0.6,0
44,neutral,neutral,anger,And then they got shot down,"{""admiration"": 0, ""amusement"": 0, ""anger"": 3, ""annoyance"": 0, ""approval"": 0, ""caring"": 0, ""confusion"": 0, ""curiosity"": 0, ""desire"": 0, ""disappointment"": 0, ""disapproval"": 0, ""disgust"": 2, ""embarrassment"": 0, ""excitement"": 0, ""fear"": 0, ""gratitude"": 0, ""grief"": 0, ""joy"": 0, ""love"": 0, ""nervousness"": 0, ""optimism"": 0, ""pride"": 0, ""realization"": 0, ""relief"": 0, ""remorse"": 0, ""sadness"": 0, ""surprise"": 0, ""neutral"": 0}",3,5,0.6,0
45,sadness,sadness,disgust,"No, what’s sad is saying the same message like it’s news. He’s a copy paste machine. No original thought.","{""admiration"": 0, ""amusement"": 0, ""anger"": 0, ""annoyance"": 0, ""approval"": 0, ""caring"": 0, ""confusion"": 0, ""curiosity"": 0, ""desire"": 0, ""disappointment"": 0, ""disapproval"": 1, ""disgust"": 4, ""embarrassment"": 0, ""excitement"": 0, ""fear"": 0, ""gratitude"": 0, ""grief"": 0, ""joy"": 0, ""love"": 0, ""nervousness"": 0, ""optimism"": 0, ""pride"": 0, ""realization"": 0, ""relief"": 0, ""remorse"": 0, ""sadness"": 0, ""surprise"": 0, ""neutral"": 0}",4,5,0.8,0
46,anger,anger,anger,they dont pay shit,"{""admiration"": 0, ""amusement"": 0, ""anger"": 3, ""annoyance"": 0, ""approval"": 0, ""caring"": 0, ""confusion"": 0, ""curiosity"": 0, ""desire"": 0, ""disappointment"": 0, ""disapproval"": 0, ""disgust"": 2, ""embarrassment"": 0, ""excitement"": 0, ""fear"": 0, ""gratitude"": 0, ""grief"": 0, ""joy"": 0, ""love"": 0, ""nervousness"": 0, ""optimism"": 0, ""pride"": 0, ""realization"": 0, ""relief"": 0, ""remorse"": 0, ""sadness"": 0, ""surprise"": 0, ""neutral"": 0}",3,5,0.6,1
47,neutral,neutral,disgust,I'm in the UK dude. It's happening everywhere and most people are either busy hating or living in a bubble so are oblivious.,"{""admiration"": 0, ""amusement"": 0, ""anger"": 0, ""annoyance"": 0, ""approval"": 0, ""caring"": 0, ""confusion"": 0, ""curiosity"": 0, ""desire"": 0, ""disappointment"": 0, ""disapproval"": 1, ""disgust"": 4, ""embarrassment"": 0, ""excitement"": 0, ""fear"": 0, ""gratitude"": 0, ""grief"": 0, ""joy"": 0, ""love"": 0, ""nervousness"": 0, ""optimism"": 0, ""pride"": 0, ""realization"": 0, ""relief"": 0, ""remorse"": 0, ""sadness"": 0, ""surprise"": 0, ""neutral"": 0}",4,5,0.8,0
48,neutral,neutral,amusement,Lol they’re so caught. “It’s not what it looks like! We hate each other!”,"{""admiration"": 0, ""amusement"": 4, ""anger"": 0, ""annoyance"": 0, ""approval"": 0, ""caring"": 0, ""confusion"": 0, ""curiosity"": 0, ""desire"": 0, ""disappointment"": 0, ""disapproval"": 0, ""disgust"": 1, ""embarrassment"": 0, ""excitement"": 0, ""fear"": 0, ""gratitude"": 0, ""grief"": 0, ""joy"": 0, ""love"": 0, ""nervousness"": 0, ""optimism"": 0, ""pride"": 0, ""realization"": 0, ""relief"": 0, ""remorse"": 0, ""sadness"": 0, ""surprise"": 0, ""neutral"": 0}",4,5,0.8,0
49,realization,realization,admiration,"It’s not about the money, it’s all about the love of the game.","{""admiration"": 3, ""amusement"": 0, ""anger"": 0, ""annoyance"": 0, ""approval"": 0, ""caring"": 0, ""confusion"": 0, ""curiosity"": 0, ""desire"": 0, ""disappointment"": 0, ""disapproval"": 0, ""disgust"": 0, ""embarrassment"": 0, ""excitement"": 0, ""fear"": 0, ""gratitude"": 0, ""grief"": 0, ""joy"": 1, ""love"": 1, ""nervousness"": 0, ""optimism"": 0, ""pride"": 0, ""realization"": 0, ""relief"": 0, ""remorse"": 0, ""sadness"": 0, ""surprise"": 0, ""neutral"": 0}",3,5,0.6,0
50,admiration,admiration|joy,joy,I had the biggest smile!,"{""admiration"": 1, ""amusement"": 0, ""anger"": 0, ""annoyance"": 0, ""approval"": 0, ""caring"": 0, ""confusion"": 0, ""curiosity"": 0, ""desire"": 0, ""disappointment"": 0, ""disapproval"": 0, ""disgust"": 0, ""embarrassment"": 0, ""excitement"": 0, ""fear"": 0, ""gratitude"": 0, ""grief"": 0, ""joy"": 4, ""love"": 0, ""nervousness"": 0, ""optimism"": 0, ""pride"": 0, ""realization"": 0, ""relief"": 0, ""remorse"": 0, ""sadness"": 0, ""surprise"": 0, ""neutral"": 0}",4,5,0.8,1
51,disapproval,disapproval,disgust,It’s the format. It’s like one of those bad [NAME] memes,"{""admiration"": 0, ""amusement"": 0, ""anger"": 0, ""annoyance"": 0, ""approval"": 0, ""caring"": 0, ""confusion"": 0, ""curiosity"": 0, ""desire"": 0, ""disappointment"": 0, ""disapproval"": 0, ""disgust"": 5, ""embarrassment"": 0, ""excitement"": 0, ""fear"": 0, ""gratitude"": 0, ""grief"": 0, ""joy"": 0, ""love"": 0, ""nervousness"": 0, ""optimism"": 0, ""pride"": 0, ""realization"": 0, ""relief"": 0, ""remorse"": 0, ""sadness"": 0, ""surprise"": 0, ""neutral"": 0}",5,5,1.0,0
52,surprise,surprise,surprise,I'm surprised that this is still happening despite the threats of an invasion of manbij.,"{""admiration"": 0, ""amusement"": 0, ""anger"": 0, ""annoyance"": 0, ""approval"": 0, ""caring"": 0, ""confusion"": 0, ""curiosity"": 0, ""desire"": 0, ""disappointment"": 0, ""disapproval"": 0, ""disgust"": 0, ""embarrassment"": 0, ""excitement"": 0, ""fear"": 0, ""gratitude"": 0, ""grief"": 0, ""joy"": 0, ""love"": 0, ""nervousness"": 0, ""optimism"": 0, ""pride"": 0, ""realization"": 0, ""relief"": 0, ""remorse"": 0, ""sadness"": 0, ""surprise"": 5, ""neutral"": 0}",5,5,1.0,1
53,neutral,neutral,admiration,ok now you are being adorable on purpose i see what youre doing,"{""admiration"": 5, ""amusement"": 0, ""anger"": 0, ""annoyance"": 0, ""approval"": 0, ""caring"": 0, ""confusion"": 0, ""curiosity"": 0, ""desire"": 0, ""disappointment"": 0, ""disapproval"": 0, ""disgust"": 0, ""embarrassment"": 0, ""excitement"": 0, ""fear"": 0, ""gratitude"": 0, ""grief"": 0, ""joy"": 0, ""love"": 0, ""nervousness"": 0, ""optimism"": 0, ""pride"": 0, ""realization"": 0, ""relief"": 0, ""remorse"": 0, ""sadness"": 0, ""surprise"": 0, ""neutral"": 0}",5,5,1.0,0
54,surprise,surprise,admiration,This is amazing. WTF.,"{""admiration"": 4, ""amusement"": 0, ""anger"": 0, ""annoyance"": 0, ""approval"": 0, ""caring"": 0, ""confusion"": 0, ""curiosity"": 0, ""desire"": 0, ""disappointment"": 0, ""disapproval"": 0, ""disgust"": 1, ""embarrassment"": 0, ""excitement"": 0, ""fear"": 0, ""gratitude"": 0, ""grief"": 0, ""joy"": 0, ""love"": 0, ""nervousness"": 0, ""optimism"": 0, ""pride"": 0, ""realization"": 0, ""relief"": 0, ""remorse"": 0, ""sadness"": 0, ""surprise"": 0, ""neutral"": 0}",4,5,0.8,0
55,disappointment,disappointment,anger,"I could have gone to a party, but it's 10 outside. Sue me.","{""admiration"": 0, ""amusement"": 0, ""anger"": 3, ""annoyance"": 0, ""approval"": 0, ""caring"": 0, ""confusion"": 0, ""curiosity"": 0, ""desire"": 0, ""disappointment"": 0, ""disapproval"": 0, ""disgust"": 1, ""embarrassment"": 0, ""excitement"": 0, ""fear"": 0, ""gratitude"": 0, ""grief"": 0, ""joy"": 0, ""love"": 0, ""nervousness"": 0, ""optimism"": 0, ""pride"": 0, ""realization"": 0, ""relief"": 0, ""remorse"": 1, ""sadness"": 0, ""surprise"": 0, ""neutral"": 0}",3,5,0.6,0
56,curiosity,curiosity,disapproval,You have your opinion and I have mine why does that make only one of us a victim?,"{""admiration"": 0, ""amusement"": 0, ""anger"": 0, ""annoyance"": 0, ""approval"": 0, ""caring"": 0, ""confusion"": 0, ""curiosity"": 0, ""desire"": 0, ""disappointment"": 0, ""disapproval"": 3, ""disgust"": 1, ""embarrassment"": 0, ""excitement"": 0, ""fear"": 0, ""gratitude"": 0, ""grief"": 0, ""joy"": 0, ""love"": 0, ""nervousness"": 0, ""optimism"": 0, ""pride"": 0, ""realization"": 0, ""relief"": 0, ""remorse"": 1, ""sadness"": 0, ""surprise"": 0, ""neutral"": 0}",3,5,0.6,0
57,admiration,admiration|love,admiration,"I like him 1.thats why I agree to go on a 2nd and 3rd date, 2. we text a lot. I just take things slow.","{""admiration"": 5, ""amusement"": 0, ""anger"": 0, ""annoyance"": 0, ""approval"": 0, ""caring"": 0, ""confusion"": 0, ""curiosity"": 0, ""desire"": 0, ""disappointment"": 0, ""disapproval"": 0, ""disgust"": 0, ""embarrassment"": 0, ""excitement"": 0, ""fear"": 0, ""gratitude"": 0, ""grief"": 0, ""joy"": 0, ""love"": 0, ""nervousness"": 0, ""optimism"": 0, ""pride"": 0, ""realization"": 0, ""relief"": 0, ""remorse"": 0, ""sadness"": 0, ""surprise"": 0, ""neutral"": 0}",5,5,1.0,1
58,neutral,neutral,disgust,Knowing [NAME] he’d probably give [NAME] up for a 5th rounder smh,"{""admiration"": 0, ""amusement"": 0, ""anger"": 0, ""annoyance"": 0, ""approval"": 0, ""caring"": 0, ""confusion"": 0, ""curiosity"": 0, ""desire"": 0, ""disappointment"": 0, ""disapproval"": 0, ""disgust"": 4, ""embarrassment"": 0, ""excitement"": 0, ""fear"": 0, ""gratitude"": 0, ""grief"": 0, ""joy"": 0, ""love"": 0, ""nervousness"": 0, ""optimism"": 0, ""pride"": 0, ""realization"": 0, ""relief"": 0, ""remorse"": 0, ""sadness"": 0, ""surprise"": 0, ""neutral"": 0}",4,5,0.8,0
59,amusement,amusement|surprise,amusement,This caught me off guard for real. I actually off my bed laughing. +1,"{""admiration"": 0, ""amusement"": 5, ""anger"": 0, ""annoyance"": 0, ""approval"": 0, ""caring"": 0, ""confusion"": 0, ""curiosity"": 0, ""desire"": 0, ""disappointment"": 0, ""disapproval"": 0, ""disgust"": 0, ""embarrassment"": 0, ""excitement"": 0, ""fear"": 0, ""gratitude"": 0, ""grief"": 0, ""joy"": 0, ""love"": 0, ""nervousness"": 0, ""optimism"": 0, ""pride"": 0, ""realization"": 0, ""relief"": 0, ""remorse"": 0, ""sadness"": 0, ""surprise"": 0, ""neutral"": 0}",5,5,1.0,1
60,neutral,neutral,ABSTAIN,Or the one scrolling channel? When you’d accidentally look away and miss what you were waiting for and have to sit thru the whole thing again,"{""admiration"": 0, ""amusement"": 0, ""anger"": 0, ""annoyance"": 0, ""approval"": 0, ""caring"": 0, ""confusion"": 0, ""curiosity"": 0, ""desire"": 0, ""disappointment"": 0, ""disapproval"": 0, ""disgust"": 0, ""embarrassment"": 0, ""excitement"": 0, ""fear"": 0, ""gratitude"": 0, ""grief"": 0, ""joy"": 0, ""love"": 0, ""nervousness"": 0, ""optimism"": 0, ""pride"": 0, ""realization"": 0, ""relief"": 0, ""remorse"": 0, ""sadness"": 0, ""surprise"": 0, ""neutral"": 0}",0,5,0.0,0
61,optimism,optimism,disapproval,"I don't mean at Blizzcon but shortly after, like a week, imo that would have been for the best for the players and everyone involved","{""admiration"": 0, ""amusement"": 0, ""anger"": 0, ""annoyance"": 0, ""approval"": 0, ""caring"": 0, ""confusion"": 0, ""curiosity"": 0, ""desire"": 0, ""disappointment"": 2, ""disapproval"": 3, ""disgust"": 0, ""embarrassment"": 0, ""excitement"": 0, ""fear"": 0, ""gratitude"": 0, ""grief"": 0, ""joy"": 0, ""love"": 0, ""nervousness"": 0, ""optimism"": 0, ""pride"": 0, ""realization"": 0, ""relief"": 0, ""remorse"": 0, ""sadness"": 0, ""surprise"": 0, ""neutral"": 0}",3,5,0.6,0
62,annoyance,annoyance,love,"It's so weird having HGs up this early, but I love having something to watch before my 8am lecture starts.","{""admiration"": 0, ""amusement"": 0, ""anger"": 0, ""annoyance"": 0, ""approval"": 0, ""caring"": 0, ""confusion"": 0, ""curiosity"": 0, ""desire"": 0, ""disappointment"": 0, ""disapproval"": 0, ""disgust"": 0, ""embarrassment"": 0, ""excitement"": 0, ""fear"": 0, ""gratitude"": 0, ""grief"": 0, ""joy"": 0, ""love"": 5, ""nervousness"": 0, ""optimism"": 0, ""pride"": 0, ""realization"": 0, ""relief"": 0, ""remorse"": 0, ""sadness"": 0, ""surprise"": 0, ""neutral"": 0}",5,5,1.0,0
63,neutral,neutral,disgust,"Did they really have overhead projectors in the late 00s/early 10s? If so, how underfunded was your school?","{""admiration"": 0, ""amusement"": 0, ""anger"": 0, ""annoyance"": 0, ""approval"": 0, ""caring"": 0, ""confusion"": 0, ""curiosity"": 0, ""desire"": 0, ""disappointment"": 1, ""disapproval"": 1, ""disgust"": 3, ""embarrassment"": 0, ""excitement"": 0, ""fear"": 0, ""gratitude"": 0, ""grief"": 0, ""joy"": 0, ""love"": 0, ""nervousness"": 0, ""optimism"": 0, ""pride"": 0, ""realization"": 0, ""relief"": 0, ""remorse"": 0, ""sadness"": 0, ""surprise"": 0, ""neutral"": 0}",3,5,0.6,0
64,annoyance,annoyance,disgust,"Damn, we need healthy PGs.","{""admiration"": 0, ""amusement"": 0, ""anger"": 0, ""annoyance"": 0, ""approval"": 0, ""caring"": 0, ""confusion"": 0, ""curiosity"": 0, ""desire"": 0, ""disappointment"": 0, ""disapproval"": 0, ""disgust"": 4, ""embarrassment"": 0, ""excitement"": 0, ""fear"": 0, ""gratitude"": 0, ""grief"": 0, ""joy"": 0, ""love"": 0, ""nervousness"": 0, ""optimism"": 0, ""pride"": 0, ""realization"": 0, ""relief"": 0, ""remorse"": 0, ""sadness"": 0, ""surprise"": 0, ""neutral"": 0}",4,5,0.8,0
65,neutral,neutral,anger,What does it matter we're just going to take another bust in the middle of the first round like always,"{""admiration"": 0, ""amusement"": 0, ""anger"": 4, ""annoyance"": 0, ""approval"": 0, ""caring"": 0, ""confusion"": 0, ""curiosity"": 0, ""desire"": 0, ""disappointment"": 1, ""disapproval"": 0, ""disgust"": 0, ""embarrassment"": 0, ""excitement"": 0, ""fear"": 0, ""gratitude"": 0, ""grief"": 0, ""joy"": 0, ""love"": 0, ""nervousness"": 0, ""optimism"": 0, ""pride"": 0, ""realization"": 0, ""relief"": 0, ""remorse"": 0, ""sadness"": 0, ""surprise"": 0, ""neutral"": 0}",4,5,0.8,0
66,disappointment,disappointment,disappointment,I missed that part unfortunately,"{""admiration"": 0, ""amusement"": 0, ""anger"": 0, ""annoyance"": 0, ""approval"": 0, ""caring"": 0, ""confusion"": 0, ""curiosity"": 0, ""desire"": 0, ""disappointment"": 5, ""disapproval"": 0, ""disgust"": 0, ""embarrassment"": 0, ""excitement"": 0, ""fear"": 0, ""gratitude"": 0, ""grief"": 0, ""joy"": 0, ""love"": 0, ""nervousness"": 0, ""optimism"": 0, ""pride"": 0, ""realization"": 0, ""relief"": 0, ""remorse"": 0, ""sadness"": 0, ""surprise"": 0, ""neutral"": 0}",5,5,1.0,1
67,confusion,confusion|realization,disappointment,"Dammit, you know I proof read this and I thought it changed correctly but I guess it didn't.","{""admiration"": 0, ""amusement"": 0, ""anger"": 0, ""annoyance"": 0, ""approval"": 0, ""caring"": 0, ""confusion"": 0, ""curiosity"": 0, ""desire"": 0, ""disappointment"": 4, ""disapproval"": 0, ""disgust"": 0, ""embarrassment"": 0, ""excitement"": 0, ""fear"": 0, ""gratitude"": 0, ""grief"": 0, ""joy"": 0, ""love"": 0, ""nervousness"": 0, ""optimism"": 0, ""pride"": 0, ""realization"": 0, ""relief"": 0, ""remorse"": 1, ""sadness"": 0, ""surprise"": 0, ""neutral"": 0}",4,5,0.8,0
68,approval,approval|joy,disapproval,I admit I’ll be fairly happy if we continue to invest in young internationals and sign a $100+ mil free agent every offseason.,"{""admiration"": 0, ""amusement"": 0, ""anger"": 0, ""annoyance"": 0, ""approval"": 0, ""caring"": 0, ""confusion"": 0, ""curiosity"": 0, ""desire"": 0, ""disappointment"": 0, ""disapproval"": 5, ""disgust"": 0, ""embarrassment"": 0, ""excitement"": 0, ""fear"": 0, ""gratitude"": 0, ""grief"": 0, ""joy"": 0, ""love"": 0, ""nervousness"": 0, ""optimism"": 0, ""pride"": 0, ""realization"": 0, ""relief"": 0, ""remorse"": 0, ""sadness"": 0, ""surprise"": 0, ""neutral"": 0}",5,5,1.0,0
69,sadness,sadness,sadness,My husband and I have been circling the drain for years. :(,"{""admiration"": 0, ""amusement"": 0, ""anger"": 0, ""annoyance"": 0, ""approval"": 0, ""caring"": 0, ""confusion"": 0, ""curiosity"": 0, ""desire"": 0, ""disappointment"": 1, ""disapproval"": 0, ""disgust"": 0, ""embarrassment"": 0, ""excitement"": 0, ""fear"": 0, ""gratitude"": 0, ""grief"": 0, ""joy"": 0, ""love"": 0, ""nervousness"": 0, ""optimism"": 0, ""pride"": 0, ""realization"": 0, ""relief"": 0, ""remorse"": 1, ""sadness"": 3, ""surprise"": 0, ""neutral"": 0}",3,5,0.6,1
70,desire,desire|optimism,disappointment,Hopefully we can get this solved soon.,"{""admiration"": 0, ""amusement"": 0, ""anger"": 0, ""annoyance"": 0, ""approval"": 0, ""caring"": 0, ""confusion"": 0, ""curiosity"": 0, ""desire"": 0, ""disappointment"": 4, ""disapproval"": 0, ""disgust"": 0, ""embarrassment"": 0, ""excitement"": 0, ""fear"": 0, ""gratitude"": 0, ""grief"": 0, ""joy"": 0, ""love"": 0, ""nervousness"": 0, ""optimism"": 0, ""pride"": 0, ""realization"": 0, ""relief"": 0, ""remorse"": 1, ""sadness"": 0, ""surprise"": 0, ""neutral"": 0}",4,5,0.8,0
71,neutral,neutral,neutral,It is a kayak,"{""admiration"": 0, ""amusement"": 0, ""anger"": 0, ""annoyance"": 0, ""approval"": 0, ""caring"": 0, ""confusion"": 0, ""curiosity"": 0, ""desire"": 0, ""disappointment"": 0, ""disapproval"": 0, ""disgust"": 2, ""embarrassment"": 0, ""excitement"": 0, ""fear"": 0, ""gratitude"": 0, ""grief"": 0, ""joy"": 0, ""love"": 0, ""nervousness"": 0, ""optimism"": 0, ""pride"": 0, ""realization"": 0, ""relief"": 0, ""remorse"": 0, ""sadness"": 0, ""surprise"": 0, ""neutral"": 3}",3,5,0.6,1
72,fear,fear,anger,"Anti-vaxers aren't funny anymore, now they're just scary...","{""admiration"": 0, ""amusement"": 0, ""anger"": 3, ""annoyance"": 0, ""approval"": 0, ""caring"": 0, ""confusion"": 0, ""curiosity"": 0, ""desire"": 0, ""disappointment"": 0, ""disapproval"": 0, ""disgust"": 2, ""embarrassment"": 0, ""excitement"": 0, ""fear"": 0, ""gratitude"": 0, ""grief"": 0, ""joy"": 0, ""love"": 0, ""nervousness"": 0, ""optimism"": 0, ""pride"": 0, ""realization"": 0, ""relief"": 0, ""remorse"": 0, ""sadness"": 0, ""surprise"": 0, ""neutral"": 0}",3,5,0.6,0
73,approval,approval,disgust,You ain't wrong,"{""admiration"": 0, ""amusement"": 0, ""anger"": 0, ""annoyance"": 0, ""approval"": 0, ""caring"": 0, ""confusion"": 0, ""curiosity"": 0, ""desire"": 0, ""disappointment"": 0, ""disapproval"": 1, ""disgust"": 3, ""embarrassment"": 0, ""excitement"": 0, ""fear"": 0, ""gratitude"": 0, ""grief"": 0, ""joy"": 0, ""love"": 0, ""nervousness"": 0, ""optimism"": 0, ""pride"": 0, ""realization"": 0, ""relief"": 0, ""remorse"": 0, ""sadness"": 0, ""surprise"": 0, ""neutral"": 0}",3,5,0.6,0
74,remorse,remorse,disgust,"I'm sorry you fell for the carnie, bro.","{""admiration"": 0, ""amusement"": 0, ""anger"": 0, ""annoyance"": 0, ""approval"": 0, ""caring"": 0, ""confusion"": 0, ""curiosity"": 0, ""desire"": 0, ""disappointment"": 0, ""disapproval"": 1, ""disgust"": 4, ""embarrassment"": 0, ""excitement"": 0, ""fear"": 0, ""gratitude"": 0, ""grief"": 0, ""joy"": 0, ""love"": 0, ""nervousness"": 0, ""optimism"": 0, ""pride"": 0, ""realization"": 0, ""relief"": 0, ""remorse"": 0, ""sadness"": 0, ""surprise"": 0, ""neutral"": 0}",4,5,0.8,0
75,approval,approval,disgust,Well since they hate cops and love criminals... this fits for them,"{""admiration"": 0, ""amusement"": 0, ""anger"": 0, ""annoyance"": 0, ""approval"": 0, ""caring"": 0, ""confusion"": 0, ""curiosity"": 0, ""desire"": 0, ""disappointment"": 0, ""disapproval"": 0, ""disgust"": 5, ""embarrassment"": 0, ""excitement"": 0, ""fear"": 0, ""gratitude"": 0, ""grief"": 0, ""joy"": 0, ""love"": 0, ""nervousness"": 0, ""optimism"": 0, ""pride"": 0, ""realization"": 0, ""relief"": 0, ""remorse"": 0, ""sadness"": 0, ""surprise"": 0, ""neutral"": 0}",5,5,1.0,0
76,anger,anger,anger,Somebody gettin fired,"{""admiration"": 0, ""amusement"": 0, ""anger"": 5, ""annoyance"": 0, ""approval"": 0, ""caring"": 0, ""confusion"": 0, ""curiosity"": 0, ""desire"": 0, ""disappointment"": 0, ""disapproval"": 0, ""disgust"": 0, ""embarrassment"": 0, ""excitement"": 0, ""fear"": 0, ""gratitude"": 0, ""grief"": 0, ""joy"": 0, ""love"": 0, ""nervousness"": 0, ""optimism"": 0, ""pride"": 0, ""realization"": 0, ""relief"": 0, ""remorse"": 0, ""sadness"": 0, ""surprise"": 0, ""neutral"": 0}",5,5,1.0,1
77,neutral,neutral,disgust,NOT TODAY REINHARDT,"{""admiration"": 0, ""amusement"": 0, ""anger"": 1, ""annoyance"": 0, ""approval"": 0, ""caring"": 0, ""confusion"": 0, ""curiosity"": 0, ""desire"": 0, ""disappointment"": 0, ""disapproval"": 0, ""disgust"": 4, ""embarrassment"": 0, ""excitement"": 0, ""fear"": 0, ""gratitude"": 0, ""grief"": 0, ""joy"": 0, ""love"": 0, ""nervousness"": 0, ""optimism"": 0, ""pride"": 0, ""realization"": 0, ""relief"": 0, ""remorse"": 0, ""sadness"": 0, ""surprise"": 0, ""neutral"": 0}",4,5,0.8,0
78,neutral,neutral,disgust,Sounds like you are the one with salty tears mate,"{""admiration"": 0, ""amusement"": 0, ""anger"": 0, ""annoyance"": 0, ""approval"": 0, ""caring"": 0, ""confusion"": 0, ""curiosity"": 0, ""desire"": 0, ""disappointment"": 0, ""disapproval"": 0, ""disgust"": 5, ""embarrassment"": 0, ""excitement"": 0, ""fear"": 0, ""gratitude"": 0, ""grief"": 0, ""joy"": 0, ""love"": 0, ""nervousness"": 0, ""optimism"": 0, ""pride"": 0, ""realization"": 0, ""relief"": 0, ""remorse"": 0, ""sadness"": 0, ""surprise"": 0, ""neutral"": 0}",5,5,1.0,0
79,desire,desire,disappointment,would love to see a win here,"{""admiration"": 0, ""amusement"": 0, ""anger"": 0, ""annoyance"": 0, ""approval"": 0, ""caring"": 0, ""confusion"": 0, ""curiosity"": 0, ""desire"": 0, ""disappointment"": 5, ""disapproval"": 0, ""disgust"": 0, ""embarrassment"": 0, ""excitement"": 0, ""fear"": 0, ""gratitude"": 0, ""grief"": 0, ""joy"": 0, ""love"": 0, ""nervousness"": 0, ""optimism"": 0, ""pride"": 0, ""realization"": 0, ""relief"": 0, ""remorse"": 0, ""sadness"": 0, ""surprise"": 0, ""neutral"": 0}",5,5,1.0,0
80,admiration,admiration,admiration,Sounds like a great chap,"{""admiration"": 5, ""amusement"": 0, ""anger"": 0, ""annoyance"": 0, ""approval"": 0, ""caring"": 0, ""confusion"": 0, ""curiosity"": 0, ""desire"": 0, ""disappointment"": 0, ""disapproval"": 0, ""disgust"": 0, ""embarrassment"": 0, ""excitement"": 0, ""fear"": 0, ""gratitude"": 0, ""grief"": 0, ""joy"": 0, ""love"": 0, ""nervousness"": 0, ""optimism"": 0, ""pride"": 0, ""realization"": 0, ""relief"": 0, ""remorse"": 0, ""sadness"": 0, ""surprise"": 0, ""neutral"": 0}",5,5,1.0,1
81,optimism,optimism,disgust,"I would try rubbing alcohol, high percentage. Looks greasy to me.","{""admiration"": 0, ""amusement"": 0, ""anger"": 0, ""annoyance"": 0, ""approval"": 0, ""caring"": 0, ""confusion"": 0, ""curiosity"": 0, ""desire"": 0, ""disappointment"": 0, ""disapproval"": 0, ""disgust"": 5, ""embarrassment"": 0, ""excitement"": 0, ""fear"": 0, ""gratitude"": 0, ""grief"": 0, ""joy"": 0, ""love"": 0, ""nervousness"": 0, ""optimism"": 0, ""pride"": 0, ""realization"": 0, ""relief"": 0, ""remorse"": 0, ""sadness"": 0, ""surprise"": 0, ""neutral"": 0}",5,5,1.0,0
82,optimism,optimism,disgust,"Hope you're not [RELIGION], 'cause that ain't kosher... ","{""admiration"": 0, ""amusement"": 0, ""anger"": 0, ""annoyance"": 0, ""approval"": 0, ""caring"": 0, ""confusion"": 0, ""curiosity"": 0, ""desire"": 0, ""disappointment"": 0, ""disapproval"": 0, ""disgust"": 5, ""embarrassment"": 0, ""excitement"": 0, ""fear"": 0, ""gratitude"": 0, ""grief"": 0, ""joy"": 0, ""love"": 0, ""nervousness"": 0, ""optimism"": 0, ""pride"": 0, ""realization"": 0, ""relief"": 0, ""remorse"": 0, ""sadness"": 0, ""surprise"": 0, ""neutral"": 0}",5,5,1.0,0
83,approval,approval,amusement,That was my first thought too 😂,"{""admiration"": 0, ""amusement"": 5, ""anger"": 0, ""annoyance"": 0, ""approval"": 0, ""caring"": 0, ""confusion"": 0, ""curiosity"": 0, ""desire"": 0, ""disappointment"": 0, ""disapproval"": 0, ""disgust"": 0, ""embarrassment"": 0, ""excitement"": 0, ""fear"": 0, ""gratitude"": 0, ""grief"": 0, ""joy"": 0, ""love"": 0, ""nervousness"": 0, ""optimism"": 0, ""pride"": 0, ""realization"": 0, ""relief"": 0, ""remorse"": 0, ""sadness"": 0, ""surprise"": 0, ""neutral"": 0}",5,5,1.0,0
84,amusement,amusement|realization,disgust,Lol.... i guess your personal experience explains everything.... personally I've seen this play out numerous times in the work place..... so.....,"{""admiration"": 0, ""amusement"": 0, ""anger"": 0, ""annoyance"": 0, ""approval"": 0, ""caring"": 0, ""confusion"": 0, ""curiosity"": 0, ""desire"": 0, ""disappointment"": 0, ""disapproval"": 1, ""disgust"": 3, ""embarrassment"": 0, ""excitement"": 0, ""fear"": 0, ""gratitude"": 0, ""grief"": 0, ""joy"": 0, ""love"": 0, ""nervousness"": 0, ""optimism"": 0, ""pride"": 0, ""realization"": 0, ""relief"": 0, ""remorse"": 0, ""sadness"": 0, ""surprise"": 0, ""neutral"": 1}",3,5,0.6,0
85,neutral,neutral,disgust,[NAME] $120 million grift allegations in bombshell Forbes report - Business Insider,"{""admiration"": 0, ""amusement"": 0, ""anger"": 0, ""annoyance"": 0, ""approval"": 0, ""caring"": 0, ""confusion"": 0, ""curiosity"": 0, ""desire"": 0, ""disappointment"": 0, ""disapproval"": 1, ""disgust"": 4, ""embarrassment"": 0, ""excitement"": 0, ""fear"": 0, ""gratitude"": 0, ""grief"": 0, ""joy"": 0, ""love"": 0, ""nervousness"": 0, ""optimism"": 0, ""pride"": 0, ""realization"": 0, ""relief"": 0, ""remorse"": 0, ""sadness"": 0, ""surprise"": 0, ""neutral"": 0}",4,5,0.8,0
86,remorse,remorse,disapproval,"I do feel sorry for the squirrel, but I wouldn't say the dog is a jerk for acting on natural instinct.","{""admiration"": 0, ""amusement"": 0, ""anger"": 0, ""annoyance"": 0, ""approval"": 0, ""caring"": 0, ""confusion"": 0, ""curiosity"": 0, ""desire"": 0, ""disappointment"": 0, ""disapproval"": 3, ""disgust"": 0, ""embarrassment"": 0, ""excitement"": 0, ""fear"": 0, ""gratitude"": 0, ""grief"": 0, ""joy"": 0, ""love"": 0, ""nervousness"": 0, ""optimism"": 0, ""pride"": 0, ""realization"": 0, ""relief"": 0, ""remorse"": 2, ""sadness"": 0, ""surprise"": 0, ""neutral"": 0}",3,5,0.6,0
87,joy,joy,love,[NAME] is fucking destroying Bama and I LOVE IT,"{""admiration"": 0, ""amusement"": 0, ""anger"": 0, ""annoyance"": 0, ""approval"": 0, ""caring"": 0, ""confusion"": 0, ""curiosity"": 0, ""desire"": 0, ""disappointment"": 0, ""disapproval"": 0, ""disgust"": 1, ""embarrassment"": 0, ""excitement"": 0, ""fear"": 0, ""gratitude"": 0, ""grief"": 0, ""joy"": 0, ""love"": 4, ""nervousness"": 0, ""optimism"": 0, ""pride"": 0, ""realization"": 0, ""relief"": 0, ""remorse"": 0, ""sadness"": 0, ""surprise"": 0, ""neutral"": 0}",4,5,0.8,0
88,amusement,amusement,amusement,Haha this is one of those moments that makes me laugh out loud,"{""admiration"": 0, ""amusement"": 5, ""anger"": 0, ""annoyance"": 0, ""approval"": 0, ""caring"": 0, ""confusion"": 0, ""curiosity"": 0, ""desire"": 0, ""disappointment"": 0, ""disapproval"": 0, ""disgust"": 0, ""embarrassment"": 0, ""excitement"": 0, ""fear"": 0, ""gratitude"": 0, ""grief"": 0, ""joy"": 0, ""love"": 0, ""nervousness"": 0, ""optimism"": 0, ""pride"": 0, ""realization"": 0, ""relief"": 0, ""remorse"": 0, ""sadness"": 0, ""surprise"": 0, ""neutral"": 0}",5,5,1.0,1
89,annoyance,annoyance,sadness,If there is no goal on this powerplay it will be difficult not to be hopeless,"{""admiration"": 0, ""amusement"": 0, ""anger"": 0, ""annoyance"": 0, ""approval"": 0, ""caring"": 0, ""confusion"": 0, ""curiosity"": 0, ""desire"": 0, ""disappointment"": 1, ""disapproval"": 0, ""disgust"": 0, ""embarrassment"": 0, ""excitement"": 0, ""fear"": 0, ""gratitude"": 0, ""grief"": 0, ""joy"": 0, ""love"": 0, ""nervousness"": 0, ""optimism"": 0, ""pride"": 0, ""realization"": 0, ""relief"": 0, ""remorse"": 0, ""sadness"": 4, ""surprise"": 0, ""neutral"": 0}",4,5,0.8,0
90,approval,approval|caring,neutral,No worries! 😊,"{""admiration"": 0, ""amusement"": 0, ""anger"": 0, ""annoyance"": 0, ""approval"": 0, ""caring"": 0, ""confusion"": 0, ""curiosity"": 0, ""desire"": 0, ""disappointment"": 0, ""disapproval"": 0, ""disgust"": 0, ""embarrassment"": 0, ""excitement"": 0, ""fear"": 0, ""gratitude"": 0, ""grief"": 0, ""joy"": 0, ""love"": 0, ""nervousness"": 0, ""optimism"": 0, ""pride"": 0, ""realization"": 0, ""relief"": 0, ""remorse"": 0, ""sadness"": 0, ""surprise"": 0, ""neutral"": 5}",5,5,1.0,0
91,curiosity,curiosity,disapproval,"Wait, you don't love reading people's blog posts on Reddit?","{""admiration"": 0, ""amusement"": 0, ""anger"": 0, ""annoyance"": 0, ""approval"": 0, ""caring"": 0, ""confusion"": 0, ""curiosity"": 0, ""desire"": 0, ""disappointment"": 0, ""disapproval"": 2, ""disgust"": 2, ""embarrassment"": 0, ""excitement"": 0, ""fear"": 0, ""gratitude"": 0, ""grief"": 0, ""joy"": 0, ""love"": 0, ""nervousness"": 0, ""optimism"": 0, ""pride"": 0, ""realization"": 0, ""relief"": 0, ""remorse"": 0, ""sadness"": 0, ""surprise"": 0, ""neutral"": 0}",2,5,0.4,0
92,embarrassment,embarrassment,disgust,"I mean, it certainly is weird but don't kinkshame","{""admiration"": 0, ""amusement"": 0, ""anger"": 0, ""annoyance"": 0, ""approval"": 0, ""caring"": 0, ""confusion"": 0, ""curiosity"": 0, ""desire"": 0, ""disappointment"": 0, ""disapproval"": 0, ""disgust"": 5, ""embarrassment"": 0, ""excitement"": 0, ""fear"": 0, ""gratitude"": 0, ""grief"": 0, ""joy"": 0, ""love"": 0, ""nervousness"": 0, ""optimism"": 0, ""pride"": 0, ""realization"": 0, ""relief"": 0, ""remorse"": 0, ""sadness"": 0, ""surprise"": 0, ""neutral"": 0}",5,5,1.0,0
93,neutral,neutral,disapproval,Call your attorney general. 615-741-3491,"{""admiration"": 0, ""amusement"": 0, ""anger"": 0, ""annoyance"": 0, ""approval"": 0, ""caring"": 0, ""confusion"": 0, ""curiosity"": 0, ""desire"": 0, ""disappointment"": 0, ""disapproval"": 3, ""disgust"": 2, ""embarrassment"": 0, ""excitement"": 0, ""fear"": 0, ""gratitude"": 0, ""grief"": 0, ""joy"": 0, ""love"": 0, ""nervousness"": 0, ""optimism"": 0, ""pride"": 0, ""realization"": 0, ""relief"": 0, ""remorse"": 0, ""sadness"": 0, ""surprise"": 0, ""neutral"": 0}",3,5,0.6,0
94,gratitude,gratitude,disapproval,So he is half decent. Glad to see your finally making some sense.,"{""admiration"": 0, ""amusement"": 0, ""anger"": 0, ""annoyance"": 0, ""approval"": 0, ""caring"": 0, ""confusion"": 0, ""curiosity"": 0, ""desire"": 0, ""disappointment"": 0, ""disapproval"": 5, ""disgust"": 0, ""embarrassment"": 0, ""excitement"": 0, ""fear"": 0, ""gratitude"": 0, ""grief"": 0, ""joy"": 0, ""love"": 0, ""nervousness"": 0, ""optimism"": 0, ""pride"": 0, ""realization"": 0, ""relief"": 0, ""remorse"": 0, ""sadness"": 0, ""surprise"": 0, ""neutral"": 0}",5,5,1.0,0
95,gratitude,gratitude,admiration,I think most people have listened to bohemian rhapsody at some point thank you very much,"{""admiration"": 5, ""amusement"": 0, ""anger"": 0, ""annoyance"": 0, ""approval"": 0, ""caring"": 0, ""confusion"": 0, ""curiosity"": 0, ""desire"": 0, ""disappointment"": 0, ""disapproval"": 0, ""disgust"": 0, ""embarrassment"": 0, ""excitement"": 0, ""fear"": 0, ""gratitude"": 0, ""grief"": 0, ""joy"": 0, ""love"": 0, ""nervousness"": 0, ""optimism"": 0, ""pride"": 0, ""realization"": 0, ""relief"": 0, ""remorse"": 0, ""sadness"": 0, ""surprise"": 0, ""neutral"": 0}",5,5,1.0,0
96,neutral,neutral,disgust,"I swear to [NAME], I'm going to approach you. Instead of running away, I'll come right to you.","{""admiration"": 0, ""amusement"": 0, ""anger"": 0, ""annoyance"": 0, ""approval"": 0, ""caring"": 0, ""confusion"": 0, ""curiosity"": 0, ""desire"": 0, ""disappointment"": 0, ""disapproval"": 0, ""disgust"": 2, ""embarrassment"": 0, ""excitement"": 0, ""fear"": 0, ""gratitude"": 0, ""grief"": 0, ""joy"": 0, ""love"": 0, ""nervousness"": 0, ""optimism"": 0, ""pride"": 0, ""realization"": 0, ""relief"": 0, ""remorse"": 2, ""sadness"": 0, ""surprise"": 0, ""neutral"": 1}",2,5,0.4,0
97,annoyance,annoyance,disgust,You’re a liar. 😂,"{""admiration"": 0, ""amusement"": 0, ""anger"": 0, ""annoyance"": 0, ""approval"": 0, ""caring"": 0, ""confusion"": 0, ""curiosity"": 0, ""desire"": 0, ""disappointment"": 0, ""disapproval"": 0, ""disgust"": 5, ""embarrassment"": 0, ""excitement"": 0, ""fear"": 0, ""gratitude"": 0, ""grief"": 0, ""joy"": 0, ""love"": 0, ""nervousness"": 0, ""optimism"": 0, ""pride"": 0, ""realization"": 0, ""relief"": 0, ""remorse"": 0, ""sadness"": 0, ""surprise"": 0, ""neutral"": 0}",5,5,1.0,0
98,neutral,neutral,disgust,And look like big tracts of land.,"{""admiration"": 0, ""amusement"": 0, ""anger"": 0, ""annoyance"": 0, ""approval"": 0, ""caring"": 0, ""confusion"": 0, ""curiosity"": 0, ""desire"": 0, ""disappointment"": 1, ""disapproval"": 0, ""disgust"": 3, ""embarrassment"": 0, ""excitement"": 0, ""fear"": 0, ""gratitude"": 0, ""grief"": 0, ""joy"": 0, ""love"": 0, ""nervousness"": 0, ""optimism"": 0, ""pride"": 0, ""realization"": 0, ""relief"": 0, ""remorse"": 0, ""sadness"": 0, ""surprise"": 0, ""neutral"": 1}",3,5,0.6,0
99,neutral,neutral,anger,One does not simply Steal kidneys on my watch,"{""admiration"": 0, ""amusement"": 0, ""anger"": 5, ""annoyance"": 0, ""approval"": 0, ""caring"": 0, ""confusion"": 0, ""curiosity"": 0, ""desire"": 0, ""disappointment"": 0, ""disapproval"": 0, ""disgust"": 0, ""embarrassment"": 0, ""excitement"": 0, ""fear"": 0, ""gratitude"": 0, ""grief"": 0, ""joy"": 0, ""love"": 0, ""nervousness"": 0, ""optimism"": 0, ""pride"": 0, ""realization"": 0, ""relief"": 0, ""remorse"": 0, ""sadness"": 0, ""surprise"": 0, ""neutral"": 0}",5,5,1.0,0
100,neutral,neutral,disappointment,They had a similar panel last year. It's definitely worth a watch.,"{""admiration"": 0, ""amusement"": 0, ""anger"": 0, ""annoyance"": 0, ""approval"": 0, ""caring"": 0, ""confusion"": 0, ""curiosity"": 0, ""desire"": 0, ""disappointment"": 2, ""disapproval"": 0, ""disgust"": 0, ""embarrassment"": 0, ""excitement"": 0, ""fear"": 0, ""gratitude"": 0, ""grief"": 0, ""joy"": 0, ""love"": 0, ""nervousness"": 0, ""optimism"": 0, ""pride"": 0, ""realization"": 0, ""relief"": 0, ""remorse"": 0, ""sadness"": 0, ""surprise"": 0, ""neutral"": 1}",2,5,0.4,0
101,annoyance,annoyance,disgust,Nobody likes you nonhuman mimics and everyone knows what you are.,"{""admiration"": 0, ""amusement"": 0, ""anger"": 0, ""annoyance"": 0, ""approval"": 0, ""caring"": 0, ""confusion"": 0, ""curiosity"": 0, ""desire"": 0, ""disappointment"": 0, ""disapproval"": 0, ""disgust"": 5, ""embarrassment"": 0, ""excitement"": 0, ""fear"": 0, ""gratitude"": 0, ""grief"": 0, ""joy"": 0, ""love"": 0, ""nervousness"": 0, ""optimism"": 0, ""pride"": 0, ""realization"": 0, ""relief"": 0, ""remorse"": 0, ""sadness"": 0, ""surprise"": 0, ""neutral"": 0}",5,5,1.0,0
102,anger,anger|annoyance,disgust,"Its an mlm in disguise, branded to appeal to the college demographic. I got the fuck out ","{""admiration"": 0, ""amusement"": 0, ""anger"": 0, ""annoyance"": 0, ""approval"": 0, ""caring"": 0, ""confusion"": 0, ""curiosity"": 0, ""desire"": 0, ""disappointment"": 0, ""disapproval"": 0, ""disgust"": 5, ""embarrassment"": 0, ""excitement"": 0, ""fear"": 0, ""gratitude"": 0, ""grief"": 0, ""joy"": 0, ""love"": 0, ""nervousness"": 0, ""optimism"": 0, ""pride"": 0, ""realization"": 0, ""relief"": 0, ""remorse"": 0, ""sadness"": 0, ""surprise"": 0, ""neutral"": 0}",5,5,1.0,0
103,neutral,neutral,disapproval,He is but he's a normie. A 2/10 would be treated like a pariah at a dance class.,"{""admiration"": 0, ""amusement"": 0, ""anger"": 0, ""annoyance"": 0, ""approval"": 0, ""caring"": 0, ""confusion"": 0, ""curiosity"": 0, ""desire"": 0, ""disappointment"": 0, ""disapproval"": 1, ""disgust"": 1, ""embarrassment"": 0, ""excitement"": 0, ""fear"": 0, ""gratitude"": 0, ""grief"": 0, ""joy"": 0, ""love"": 0, ""nervousness"": 0, ""optimism"": 0, ""pride"": 0, ""realization"": 0, ""relief"": 0, ""remorse"": 0, ""sadness"": 0, ""surprise"": 0, ""neutral"": 0}",1,5,0.2,0
104,curiosity,curiosity|neutral,neutral,It kinda makes sense. What’s the debate here?,"{""admiration"": 0, ""amusement"": 0, ""anger"": 0, ""annoyance"": 0, ""approval"": 0, ""caring"": 0, ""confusion"": 0, ""curiosity"": 0, ""desire"": 0, ""disappointment"": 0, ""disapproval"": 0, ""disgust"": 0, ""embarrassment"": 0, ""excitement"": 0, ""fear"": 0, ""gratitude"": 0, ""grief"": 0, ""joy"": 0, ""love"": 0, ""nervousness"": 0, ""optimism"": 0, ""pride"": 0, ""realization"": 0, ""relief"": 0, ""remorse"": 0, ""sadness"": 0, ""surprise"": 0, ""neutral"": 5}",5,5,1.0,1
105,anger,anger|curiosity,admiration,YOU LIKE TURTLES? Gimme a second.,"{""admiration"": 4, ""amusement"": 0, ""anger"": 0, ""annoyance"": 0, ""approval"": 0, ""caring"": 0, ""confusion"": 0, ""curiosity"": 0, ""desire"": 0, ""disappointment"": 0, ""disapproval"": 0, ""disgust"": 1, ""embarrassment"": 0, ""excitement"": 0, ""fear"": 0, ""gratitude"": 0, ""grief"": 0, ""joy"": 0, ""love"": 0, ""nervousness"": 0, ""optimism"": 0, ""pride"": 0, ""realization"": 0, ""relief"": 0, ""remorse"": 0, ""sadness"": 0, ""surprise"": 0, ""neutral"": 0}",4,5,0.8,0
106,annoyance,annoyance,disgust,It inhales you ignorant octorok,"{""admiration"": 0, ""amusement"": 0, ""anger"": 0, ""annoyance"": 0, ""approval"": 0, ""caring"": 0, ""confusion"": 0, ""curiosity"": 0, ""desire"": 0, ""disappointment"": 0, ""disapproval"": 0, ""disgust"": 5, ""embarrassment"": 0, ""excitement"": 0, ""fear"": 0, ""gratitude"": 0, ""grief"": 0, ""joy"": 0, ""love"": 0, ""nervousness"": 0, ""optimism"": 0, ""pride"": 0, ""realization"": 0, ""relief"": 0, ""remorse"": 0, ""sadness"": 0, ""surprise"": 0, ""neutral"": 0}",5,5,1.0,0
107,optimism,optimism,remorse,"I would hope the guy is genuine and honest, but in my circumstances, there's not much closure. ","{""admiration"": 0, ""amusement"": 0, ""anger"": 0, ""annoyance"": 0, ""approval"": 0, ""caring"": 0, ""confusion"": 0, ""curiosity"": 0, ""desire"": 0, ""disappointment"": 2, ""disapproval"": 0, ""disgust"": 0, ""embarrassment"": 0, ""excitement"": 0, ""fear"": 0, ""gratitude"": 0, ""grief"": 0, ""joy"": 0, ""love"": 0, ""nervousness"": 0, ""optimism"": 0, ""pride"": 0, ""realization"": 0, ""relief"": 0, ""remorse"": 3, ""sadness"": 0, ""surprise"": 0, ""neutral"": 0}",3,5,0.6,0
108,sadness,sadness,disapproval,"I doubt people are *happy*, but they probably aren’t sad about someone who was potentially endangering others through their anti-science views.","{""admiration"": 0, ""amusement"": 0, ""anger"": 0, ""annoyance"": 0, ""approval"": 0, ""caring"": 0, ""confusion"": 0, ""curiosity"": 0, ""desire"": 0, ""disappointment"": 0, ""disapproval"": 3, ""disgust"": 2, ""embarrassment"": 0, ""excitement"": 0, ""fear"": 0, ""gratitude"": 0, ""grief"": 0, ""joy"": 0, ""love"": 0, ""nervousness"": 0, ""optimism"": 0, ""pride"": 0, ""realization"": 0, ""relief"": 0, ""remorse"": 0, ""sadness"": 0, ""surprise"": 0, ""neutral"": 0}",3,5,0.6,0
109,joy,joy,disgust,"That's that frequency dying in your ears. Enjoy it, because you will never hear that exact frequency again","{""admiration"": 0, ""amusement"": 0, ""anger"": 0, ""annoyance"": 0, ""approval"": 0, ""caring"": 0, ""confusion"": 0, ""curiosity"": 0, ""desire"": 0, ""disappointment"": 1, ""disapproval"": 0, ""disgust"": 3, ""embarrassment"": 0, ""excitement"": 0, ""fear"": 0, ""gratitude"": 0, ""grief"": 0, ""joy"": 0, ""love"": 0, ""nervousness"": 0, ""optimism"": 0, ""pride"": 0, ""realization"": 0, ""relief"": 0, ""remorse"": 1, ""sadness"": 0, ""surprise"": 0, ""neutral"": 0}",3,5,0.6,0
110,sadness,sadness,sadness,The comments on this thread are what I expected and that makes me sad.,"{""admiration"": 0, ""amusement"": 0, ""anger"": 0, ""annoyance"": 0, ""approval"": 0, ""caring"": 0, ""confusion"": 0, ""curiosity"": 0, ""desire"": 0, ""disappointment"": 0, ""disapproval"": 0, ""disgust"": 0, ""embarrassment"": 0, ""excitement"": 0, ""fear"": 0, ""gratitude"": 0, ""grief"": 0, ""joy"": 0, ""love"": 0, ""nervousness"": 0, ""optimism"": 0, ""pride"": 0, ""realization"": 0, ""relief"": 0, ""remorse"": 0, ""sadness"": 5, ""surprise"": 0, ""neutral"": 0}",5,5,1.0,1
111,neutral,neutral,disgust,Make sure he gets some glucosamine(!),"{""admiration"": 0, ""amusement"": 0, ""anger"": 0, ""annoyance"": 0, ""approval"": 0, ""caring"": 0, ""confusion"": 0, ""curiosity"": 0, ""desire"": 0, ""disappointment"": 0, ""disapproval"": 0, ""disgust"": 4, ""embarrassment"": 0, ""excitement"": 0, ""fear"": 0, ""gratitude"": 0, ""grief"": 0, ""joy"": 0, ""love"": 0, ""nervousness"": 0, ""optimism"": 0, ""pride"": 0, ""realization"": 0, ""relief"": 0, ""remorse"": 1, ""sadness"": 0, ""surprise"": 0, ""neutral"": 0}",4,5,0.8,0
112,annoyance,annoyance,disgust,"I didn't say it was proof that anything was a scam with no future, perhaps you're projecting.","{""admiration"": 0, ""amusement"": 0, ""anger"": 0, ""annoyance"": 0, ""approval"": 0, ""caring"": 0, ""confusion"": 0, ""curiosity"": 0, ""desire"": 0, ""disappointment"": 0, ""disapproval"": 1, ""disgust"": 3, ""embarrassment"": 0, ""excitement"": 0, ""fear"": 0, ""gratitude"": 0, ""grief"": 0, ""joy"": 0, ""love"": 0, ""nervousness"": 0, ""optimism"": 0, ""pride"": 0, ""realization"": 0, ""relief"": 0, ""remorse"": 1, ""sadness"": 0, ""surprise"": 0, ""neutral"": 0}",3,5,0.6,0
113,surprise,surprise,disgust,Unexpected Hail corporate.,"{""admiration"": 0, ""amusement"": 0, ""anger"": 0, ""annoyance"": 0, ""approval"": 0, ""caring"": 0, ""confusion"": 0, ""curiosity"": 0, ""desire"": 0, ""disappointment"": 0, ""disapproval"": 0, ""disgust"": 5, ""embarrassment"": 0, ""excitement"": 0, ""fear"": 0, ""gratitude"": 0, ""grief"": 0, ""joy"": 0, ""love"": 0, ""nervousness"": 0, ""optimism"": 0, ""pride"": 0, ""realization"": 0, ""relief"": 0, ""remorse"": 0, ""sadness"": 0, ""surprise"": 0, ""neutral"": 0}",5,5,1.0,0
114,annoyance,annoyance,disappointment,Download it again.,"{""admiration"": 0, ""amusement"": 0, ""anger"": 0, ""annoyance"": 0, ""approval"": 0, ""caring"": 0, ""confusion"": 0, ""curiosity"": 0, ""desire"": 0, ""disappointment"": 4, ""disapproval"": 0, ""disgust"": 0, ""embarrassment"": 0, ""excitement"": 0, ""fear"": 0, ""gratitude"": 0, ""grief"": 0, ""joy"": 0, ""love"": 0, ""nervousness"": 0, ""optimism"": 0, ""pride"": 0, ""realization"": 0, ""relief"": 0, ""remorse"": 1, ""sadness"": 0, ""surprise"": 0, ""neutral"": 0}",4,5,0.8,0
115,admiration,admiration|optimism,admiration,"Wow that's amazing, I hope my situation is as good next year. ","{""admiration"": 5, ""amusement"": 0, ""anger"": 0, ""annoyance"": 0, ""approval"": 0, ""caring"": 0, ""confusion"": 0, ""curiosity"": 0, ""desire"": 0, ""disappointment"": 0, ""disapproval"": 0, ""disgust"": 0, ""embarrassment"": 0, ""excitement"": 0, ""fear"": 0, ""gratitude"": 0, ""grief"": 0, ""joy"": 0, ""love"": 0, ""nervousness"": 0, ""optimism"": 0, ""pride"": 0, ""realization"": 0, ""relief"": 0, ""remorse"": 0, ""sadness"": 0, ""surprise"": 0, ""neutral"": 0}",5,5,1.0,1
116,joy,joy,admiration,Wow... I’m so glad that my dog is lazy like me.,"{""admiration"": 3, ""amusement"": 0, ""anger"": 0, ""annoyance"": 0, ""approval"": 0, ""caring"": 0, ""confusion"": 0, ""curiosity"": 0, ""desire"": 0, ""disappointment"": 0, ""disapproval"": 0, ""disgust"": 0, ""embarrassment"": 0, ""excitement"": 0, ""fear"": 0, ""gratitude"": 0, ""grief"": 0, ""joy"": 0, ""love"": 2, ""nervousness"": 0, ""optimism"": 0, ""pride"": 0, ""realization"": 0, ""relief"": 0, ""remorse"": 0, ""sadness"": 0, ""surprise"": 0, ""neutral"": 0}",3,5,0.6,0
117,disapproval,disapproval|love,disgust,Man I hate double standards. I love the show but change the word ‘white’ to ‘black’ and it’s suddenly not funny anymore,"{""admiration"": 0, ""amusement"": 0, ""anger"": 0, ""annoyance"": 0, ""approval"": 0, ""caring"": 0, ""confusion"": 0, ""curiosity"": 0, ""desire"": 0, ""disappointment"": 0, ""disapproval"": 1, ""disgust"": 3, ""embarrassment"": 0, ""excitement"": 0, ""fear"": 0, ""gratitude"": 0, ""grief"": 0, ""joy"": 0, ""love"": 0, ""nervousness"": 0, ""optimism"": 0, ""pride"": 0, ""realization"": 0, ""relief"": 0, ""remorse"": 0, ""sadness"": 0, ""surprise"": 0, ""neutral"": 0}",3,5,0.6,0
118,neutral,neutral,disgust,"She also takes it off to shower, work out, wash dishes, etc. ","{""admiration"": 0, ""amusement"": 0, ""anger"": 0, ""annoyance"": 0, ""approval"": 0, ""caring"": 0, ""confusion"": 0, ""curiosity"": 0, ""desire"": 0, ""disappointment"": 1, ""disapproval"": 0, ""disgust"": 3, ""embarrassment"": 0, ""excitement"": 0, ""fear"": 0, ""gratitude"": 0, ""grief"": 0, ""joy"": 0, ""love"": 0, ""nervousness"": 0, ""optimism"": 0, ""pride"": 0, ""realization"": 0, ""relief"": 0, ""remorse"": 0, ""sadness"": 0, ""surprise"": 0, ""neutral"": 1}",3,5,0.6,0
119,neutral,neutral,disgust,A girl came into him recently and he pre maturely ejaculated. He had to type this.,"{""admiration"": 0, ""amusement"": 0, ""anger"": 0, ""annoyance"": 0, ""approval"": 0, ""caring"": 0, ""confusion"": 0, ""curiosity"": 0, ""desire"": 0, ""disappointment"": 0, ""disapproval"": 0, ""disgust"": 5, ""embarrassment"": 0, ""excitement"": 0, ""fear"": 0, ""gratitude"": 0, ""grief"": 0, ""joy"": 0, ""love"": 0, ""nervousness"": 0, ""optimism"": 0, ""pride"": 0, ""realization"": 0, ""relief"": 0, ""remorse"": 0, ""sadness"": 0, ""surprise"": 0, ""neutral"": 0}",5,5,1.0,0
120,amusement,amusement,admiration,Your username makes me think you would appreciate this joke of mine.,"{""admiration"": 4, ""amusement"": 1, ""anger"": 0, ""annoyance"": 0, ""approval"": 0, ""caring"": 0, ""confusion"": 0, ""curiosity"": 0, ""desire"": 0, ""disappointment"": 0, ""disapproval"": 0, ""disgust"": 0, ""embarrassment"": 0, ""excitement"": 0, ""fear"": 0, ""gratitude"": 0, ""grief"": 0, ""joy"": 0, ""love"": 0, ""nervousness"": 0, ""optimism"": 0, ""pride"": 0, ""realization"": 0, ""relief"": 0, ""remorse"": 0, ""sadness"": 0, ""surprise"": 0, ""neutral"": 0}",4,5,0.8,0
121,curiosity,curiosity,neutral,It is certainly interesting.....but is it anything?.....,"{""admiration"": 0, ""amusement"": 0, ""anger"": 0, ""annoyance"": 0, ""approval"": 0, ""caring"": 0, ""confusion"": 0, ""curiosity"": 0, ""desire"": 0, ""disappointment"": 0, ""disapproval"": 0, ""disgust"": 1, ""embarrassment"": 0, ""excitement"": 0, ""fear"": 0, ""gratitude"": 0, ""grief"": 0, ""joy"": 0, ""love"": 0, ""nervousness"": 0, ""optimism"": 0, ""pride"": 0, ""realization"": 0, ""relief"": 0, ""remorse"": 0, ""sadness"": 0, ""surprise"": 1, ""neutral"": 3}",3,5,0.6,0
122,excitement,excitement,admiration,Yaaaaaas! I need your curly hair routine!,"{""admiration"": 5, ""amusement"": 0, ""anger"": 0, ""annoyance"": 0, ""approval"": 0, ""caring"": 0, ""confusion"": 0, ""curiosity"": 0, ""desire"": 0, ""disappointment"": 0, ""disapproval"": 0, ""disgust"": 0, ""embarrassment"": 0, ""excitement"": 0, ""fear"": 0, ""gratitude"": 0, ""grief"": 0, ""joy"": 0, ""love"": 0, ""nervousness"": 0, ""optimism"": 0, ""pride"": 0, ""realization"": 0, ""relief"": 0, ""remorse"": 0, ""sadness"": 0, ""surprise"": 0, ""neutral"": 0}",5,5,1.0,0
123,neutral,neutral,excitement,59 days until opening day!!!!!,"{""admiration"": 0, ""amusement"": 0, ""anger"": 0, ""annoyance"": 0, ""approval"": 0, ""caring"": 0, ""confusion"": 0, ""curiosity"": 0, ""desire"": 0, ""disappointment"": 0, ""disapproval"": 0, ""disgust"": 2, ""embarrassment"": 0, ""excitement"": 3, ""fear"": 0, ""gratitude"": 0, ""grief"": 0, ""joy"": 0, ""love"": 0, ""nervousness"": 0, ""optimism"": 0, ""pride"": 0, ""realization"": 0, ""relief"": 0, ""remorse"": 0, ""sadness"": 0, ""surprise"": 0, ""neutral"": 0}",3,5,0.6,0
124,disapproval,disapproval,disgust,Trusting readers is something we cannot afford in this day and age.,"{""admiration"": 0, ""amusement"": 0, ""anger"": 0, ""annoyance"": 0, ""approval"": 0, ""caring"": 0, ""confusion"": 0, ""curiosity"": 0, ""desire"": 0, ""disappointment"": 0, ""disapproval"": 2, ""disgust"": 3, ""embarrassment"": 0, ""excitement"": 0, ""fear"": 0, ""gratitude"": 0, ""grief"": 0, ""joy"": 0, ""love"": 0, ""nervousness"": 0, ""optimism"": 0, ""pride"": 0, ""realization"": 0, ""relief"": 0, ""remorse"": 0, ""sadness"": 0, ""surprise"": 0, ""neutral"": 0}",3,5,0.6,0
125,neutral,neutral,amusement,Dilly dilly!,"{""admiration"": 0, ""amusement"": 5, ""anger"": 0, ""annoyance"": 0, ""approval"": 0, ""caring"": 0, ""confusion"": 0, ""curiosity"": 0, ""desire"": 0, ""disappointment"": 0, ""disapproval"": 0, ""disgust"": 0, ""embarrassment"": 0, ""excitement"": 0, ""fear"": 0, ""gratitude"": 0, ""grief"": 0, ""joy"": 0, ""love"": 0, ""nervousness"": 0, ""optimism"": 0, ""pride"": 0, ""realization"": 0, ""relief"": 0, ""remorse"": 0, ""sadness"": 0, ""surprise"": 0, ""neutral"": 0}",5,5,1.0,0
126,neutral,neutral,disgust,ASK AND YOU SHALL RECEIVE,"{""admiration"": 0, ""amusement"": 0, ""anger"": 0, ""annoyance"": 0, ""approval"": 0, ""caring"": 0, ""confusion"": 0, ""curiosity"": 0, ""desire"": 0, ""disappointment"": 0, ""disapproval"": 0, ""disgust"": 5, ""embarrassment"": 0, ""excitement"": 0, ""fear"": 0, ""gratitude"": 0, ""grief"": 0, ""joy"": 0, ""love"": 0, ""nervousness"": 0, ""optimism"": 0, ""pride"": 0, ""realization"": 0, ""relief"": 0, ""remorse"": 0, ""sadness"": 0, ""surprise"": 0, ""neutral"": 0}",5,5,1.0,0
127,curiosity,curiosity,neutral,Am i missing something or is this an antijoke that doesn't belong here?,"{""admiration"": 0, ""amusement"": 0, ""anger"": 0, ""annoyance"": 0, ""approval"": 0, ""caring"": 0, ""confusion"": 1, ""curiosity"": 0, ""desire"": 0, ""disappointment"": 0, ""disapproval"": 0, ""disgust"": 0, ""embarrassment"": 0, ""excitement"": 0, ""fear"": 0, ""gratitude"": 0, ""grief"": 0, ""joy"": 0, ""love"": 0, ""nervousness"": 0, ""optimism"": 0, ""pride"": 0, ""realization"": 0, ""relief"": 0, ""remorse"": 0, ""sadness"": 0, ""surprise"": 0, ""neutral"": 4}",4,5,0.8,0
128,amusement,amusement,amusement,Haha I was thinking Utah but... Florida makes sense too. There’s a few crazy states 🤷🏼‍♀️,"{""admiration"": 0, ""amusement"": 5, ""anger"": 0, ""annoyance"": 0, ""approval"": 0, ""caring"": 0, ""confusion"": 0, ""curiosity"": 0, ""desire"": 0, ""disappointment"": 0, ""disapproval"": 0, ""disgust"": 0, ""embarrassment"": 0, ""excitement"": 0, ""fear"": 0, ""gratitude"": 0, ""grief"": 0, ""joy"": 0, ""love"": 0, ""nervousness"": 0, ""optimism"": 0, ""pride"": 0, ""realization"": 0, ""relief"": 0, ""remorse"": 0, ""sadness"": 0, ""surprise"": 0, ""neutral"": 0}",5,5,1.0,1
129,neutral,neutral,disappointment,NJ has zero of their own picks from the 2010 draft still in the org,"{""admiration"": 0, ""amusement"": 0, ""anger"": 0, ""annoyance"": 0, ""approval"": 0, ""caring"": 0, ""confusion"": 0, ""curiosity"": 0, ""desire"": 0, ""disappointment"": 3, ""disapproval"": 1, ""disgust"": 1, ""embarrassment"": 0, ""excitement"": 0, ""fear"": 0, ""gratitude"": 0, ""grief"": 0, ""joy"": 0, ""love"": 0, ""nervousness"": 0, ""optimism"": 0, ""pride"": 0, ""realization"": 0, ""relief"": 0, ""remorse"": 0, ""sadness"": 0, ""surprise"": 0, ""neutral"": 0}",3,5,0.6,0
130,confusion,confusion,confusion,My dumb ass thought it was meant to be a magic wand and he was reversing time and I was really confused.,"{""admiration"": 0, ""amusement"": 0, ""anger"": 0, ""annoyance"": 0, ""approval"": 0, ""caring"": 0, ""confusion"": 5, ""curiosity"": 0, ""desire"": 0, ""disappointment"": 0, ""disapproval"": 0, ""disgust"": 0, ""embarrassment"": 0, ""excitement"": 0, ""fear"": 0, ""gratitude"": 0, ""grief"": 0, ""joy"": 0, ""love"": 0, ""nervousness"": 0, ""optimism"": 0, ""pride"": 0, ""realization"": 0, ""relief"": 0, ""remorse"": 0, ""sadness"": 0, ""surprise"": 0, ""neutral"": 0}",5,5,1.0,1
131,neutral,neutral,anger,"Yep, just back to how it was before, but this time with little public support as we are all pissed of with it all","{""admiration"": 0, ""amusement"": 0, ""anger"": 5, ""annoyance"": 0, ""approval"": 0, ""caring"": 0, ""confusion"": 0, ""curiosity"": 0, ""desire"": 0, ""disappointment"": 0, ""disapproval"": 0, ""disgust"": 0, ""embarrassment"": 0, ""excitement"": 0, ""fear"": 0, ""gratitude"": 0, ""grief"": 0, ""joy"": 0, ""love"": 0, ""nervousness"": 0, ""optimism"": 0, ""pride"": 0, ""realization"": 0, ""relief"": 0, ""remorse"": 0, ""sadness"": 0, ""surprise"": 0, ""neutral"": 0}",5,5,1.0,0
132,desire,desire,remorse,"Change your mindset to not expect anything in return, if they do great if not...their loss","{""admiration"": 0, ""amusement"": 0, ""anger"": 0, ""annoyance"": 0, ""approval"": 0, ""caring"": 0, ""confusion"": 0, ""curiosity"": 0, ""desire"": 0, ""disappointment"": 0, ""disapproval"": 1, ""disgust"": 0, ""embarrassment"": 0, ""excitement"": 0, ""fear"": 0, ""gratitude"": 0, ""grief"": 0, ""joy"": 0, ""love"": 0, ""nervousness"": 0, ""optimism"": 0, ""pride"": 0, ""realization"": 0, ""relief"": 0, ""remorse"": 4, ""sadness"": 0, ""surprise"": 0, ""neutral"": 0}",4,5,0.8,0
133,relief,relief,disgust,Resetting a dislocated knee hurts like hell but it feels a lot better immediately after.,"{""admiration"": 0, ""amusement"": 0, ""anger"": 0, ""annoyance"": 0, ""approval"": 0, ""caring"": 0, ""confusion"": 0, ""curiosity"": 0, ""desire"": 0, ""disappointment"": 0, ""disapproval"": 2, ""disgust"": 3, ""embarrassment"": 0, ""excitement"": 0, ""fear"": 0, ""gratitude"": 0, ""grief"": 0, ""joy"": 0, ""love"": 0, ""nervousness"": 0, ""optimism"": 0, ""pride"": 0, ""realization"": 0, ""relief"": 0, ""remorse"": 0, ""sadness"": 0, ""surprise"": 0, ""neutral"": 0}",3,5,0.6,0
134,neutral,neutral,disgust,I dunno. Backhanded compliments in girl world are like professional sports.,"{""admiration"": 0, ""amusement"": 0, ""anger"": 0, ""annoyance"": 0, ""approval"": 0, ""caring"": 0, ""confusion"": 0, ""curiosity"": 0, ""desire"": 0, ""disappointment"": 0, ""disapproval"": 0, ""disgust"": 5, ""embarrassment"": 0, ""excitement"": 0, ""fear"": 0, ""gratitude"": 0, ""grief"": 0, ""joy"": 0, ""love"": 0, ""nervousness"": 0, ""optimism"": 0, ""pride"": 0, ""realization"": 0, ""relief"": 0, ""remorse"": 0, ""sadness"": 0, ""surprise"": 0, ""neutral"": 0}",5,5,1.0,0
135,annoyance,annoyance|disapproval,disgust,"Right, but we want to shit talk them directly. Not agree with other people shit talking them.","{""admiration"": 0, ""amusement"": 0, ""anger"": 0, ""annoyance"": 0, ""approval"": 0, ""caring"": 0, ""confusion"": 0, ""curiosity"": 0, ""desire"": 0, ""disappointment"": 0, ""disapproval"": 1, ""disgust"": 4, ""embarrassment"": 0, ""excitement"": 0, ""fear"": 0, ""gratitude"": 0, ""grief"": 0, ""joy"": 0, ""love"": 0, ""nervousness"": 0, ""optimism"": 0, ""pride"": 0, ""realization"": 0, ""relief"": 0, ""remorse"": 0, ""sadness"": 0, ""surprise"": 0, ""neutral"": 0}",4,5,0.8,0
136,caring,caring|disapproval,disgust,She does NOT love you. Try to ask yourself why you are accepting this treatment.,"{""admiration"": 0, ""amusement"": 0, ""anger"": 0, ""annoyance"": 0, ""approval"": 0, ""caring"": 0, ""confusion"": 0, ""curiosity"": 0, ""desire"": 0, ""disappointment"": 0, ""disapproval"": 1, ""disgust"": 3, ""embarrassment"": 0, ""excitement"": 0, ""fear"": 0, ""gratitude"": 0, ""grief"": 0, ""joy"": 0, ""love"": 0, ""nervousness"": 0, ""optimism"": 0, ""pride"": 0, ""realization"": 0, ""relief"": 0, ""remorse"": 1, ""sadness"": 0, ""surprise"": 0, ""neutral"": 0}",3,5,0.6,0
137,annoyance,annoyance,admiration,Man you take your sims really seriously.,"{""admiration"": 5, ""amusement"": 0, ""anger"": 0, ""annoyance"": 0, ""approval"": 0, ""caring"": 0, ""confusion"": 0, ""curiosity"": 0, ""desire"": 0, ""disappointment"": 0, ""disapproval"": 0, ""disgust"": 0, ""embarrassment"": 0, ""excitement"": 0, ""fear"": 0, ""gratitude"": 0, ""grief"": 0, ""joy"": 0, ""love"": 0, ""nervousness"": 0, ""optimism"": 0, ""pride"": 0, ""realization"": 0, ""relief"": 0, ""remorse"": 0, ""sadness"": 0, ""surprise"": 0, ""neutral"": 0}",5,5,1.0,0
138,neutral,neutral,disgust,In collage. Now tell me that ain't insecurrr...,"{""admiration"": 0, ""amusement"": 0, ""anger"": 0, ""annoyance"": 0, ""approval"": 0, ""caring"": 0, ""confusion"": 0, ""curiosity"": 0, ""desire"": 0, ""disappointment"": 0, ""disapproval"": 0, ""disgust"": 5, ""embarrassment"": 0, ""excitement"": 0, ""fear"": 0, ""gratitude"": 0, ""grief"": 0, ""joy"": 0, ""love"": 0, ""nervousness"": 0, ""optimism"": 0, ""pride"": 0, ""realization"": 0, ""relief"": 0, ""remorse"": 0, ""sadness"": 0, ""surprise"": 0, ""neutral"": 0}",5,5,1.0,0
139,disapproval,disapproval,disappointment,Wait that... that doesn’t happen,"{""admiration"": 0, ""amusement"": 0, ""anger"": 0, ""annoyance"": 0, ""approval"": 0, ""caring"": 0, ""confusion"": 0, ""curiosity"": 0, ""desire"": 0, ""disappointment"": 4, ""disapproval"": 0, ""disgust"": 0, ""embarrassment"": 0, ""excitement"": 0, ""fear"": 0, ""gratitude"": 0, ""grief"": 0, ""joy"": 0, ""love"": 0, ""nervousness"": 0, ""optimism"": 0, ""pride"": 0, ""realization"": 0, ""relief"": 0, ""remorse"": 0, ""sadness"": 0, ""surprise"": 1, ""neutral"": 0}",4,5,0.8,0
140,neutral,neutral,disgust,"Ah yes, the poison. The worst part of any poisoning. ","{""admiration"": 0, ""amusement"": 0, ""anger"": 0, ""annoyance"": 0, ""approval"": 0, ""caring"": 0, ""confusion"": 0, ""curiosity"": 0, ""desire"": 0, ""disappointment"": 0, ""disapproval"": 0, ""disgust"": 5, ""embarrassment"": 0, ""excitement"": 0, ""fear"": 0, ""gratitude"": 0, ""grief"": 0, ""joy"": 0, ""love"": 0, ""nervousness"": 0, ""optimism"": 0, ""pride"": 0, ""realization"": 0, ""relief"": 0, ""remorse"": 0, ""sadness"": 0, ""surprise"": 0, ""neutral"": 0}",5,5,1.0,0
141,neutral,neutral,disappointment,that offense averaged 20 points a game. the same as this year and look where we are.,"{""admiration"": 0, ""amusement"": 0, ""anger"": 0, ""annoyance"": 0, ""approval"": 0, ""caring"": 0, ""confusion"": 0, ""curiosity"": 0, ""desire"": 0, ""disappointment"": 5, ""disapproval"": 0, ""disgust"": 0, ""embarrassment"": 0, ""excitement"": 0, ""fear"": 0, ""gratitude"": 0, ""grief"": 0, ""joy"": 0, ""love"": 0, ""nervousness"": 0, ""optimism"": 0, ""pride"": 0, ""realization"": 0, ""relief"": 0, ""remorse"": 0, ""sadness"": 0, ""surprise"": 0, ""neutral"": 0}",5,5,1.0,0
142,neutral,neutral,disapproval,"Also, allow athletes to come and train during the year, but grant a blackout period before the Olympics or something,","{""admiration"": 0, ""amusement"": 0, ""anger"": 0, ""annoyance"": 0, ""approval"": 0, ""caring"": 0, ""confusion"": 0, ""curiosity"": 0, ""desire"": 0, ""disappointment"": 1, ""disapproval"": 2, ""disgust"": 0, ""embarrassment"": 0, ""excitement"": 0, ""fear"": 0, ""gratitude"": 0, ""grief"": 0, ""joy"": 0, ""love"": 0, ""nervousness"": 0, ""optimism"": 0, ""pride"": 0, ""realization"": 0, ""relief"": 0, ""remorse"": 0, ""sadness"": 0, ""surprise"": 0, ""neutral"": 2}",2,5,0.4,0
143,disapproval,disapproval,disapproval,You’re wrong. Source: I looked before I commented the first time.,"{""admiration"": 0, ""amusement"": 0, ""anger"": 0, ""annoyance"": 0, ""approval"": 0, ""caring"": 0, ""confusion"": 0, ""curiosity"": 0, ""desire"": 0, ""disappointment"": 0, ""disapproval"": 5, ""disgust"": 0, ""embarrassment"": 0, ""excitement"": 0, ""fear"": 0, ""gratitude"": 0, ""grief"": 0, ""joy"": 0, ""love"": 0, ""nervousness"": 0, ""optimism"": 0, ""pride"": 0, ""realization"": 0, ""relief"": 0, ""remorse"": 0, ""sadness"": 0, ""surprise"": 0, ""neutral"": 0}",5,5,1.0,1
144,annoyance,annoyance,disgust,Hey! Your mom sucks.,"{""admiration"": 0, ""amusement"": 0, ""anger"": 0, ""annoyance"": 0, ""approval"": 0, ""caring"": 0, ""confusion"": 0, ""curiosity"": 0, ""desire"": 0, ""disappointment"": 0, ""disapproval"": 0, ""disgust"": 5, ""embarrassment"": 0, ""excitement"": 0, ""fear"": 0, ""gratitude"": 0, ""grief"": 0, ""joy"": 0, ""love"": 0, ""nervousness"": 0, ""optimism"": 0, ""pride"": 0, ""realization"": 0, ""relief"": 0, ""remorse"": 0, ""sadness"": 0, ""surprise"": 0, ""neutral"": 0}",5,5,1.0,0
145,neutral,neutral,disgust,The more unattractive the leader looks now the more attractive the new one will look come 2020,"{""admiration"": 0, ""amusement"": 0, ""anger"": 0, ""annoyance"": 0, ""approval"": 0, ""caring"": 0, ""confusion"": 0, ""curiosity"": 0, ""desire"": 0, ""disappointment"": 0, ""disapproval"": 0, ""disgust"": 5, ""embarrassment"": 0, ""excitement"": 0, ""fear"": 0, ""gratitude"": 0, ""grief"": 0, ""joy"": 0, ""love"": 0, ""nervousness"": 0, ""optimism"": 0, ""pride"": 0, ""realization"": 0, ""relief"": 0, ""remorse"": 0, ""sadness"": 0, ""surprise"": 0, ""neutral"": 0}",5,5,1.0,0
146,admiration,admiration,disgust,Fucking love [NAME]. [NAME] best couple don't @ me,"{""admiration"": 0, ""amusement"": 0, ""anger"": 0, ""annoyance"": 0, ""approval"": 0, ""caring"": 0, ""confusion"": 0, ""curiosity"": 0, ""desire"": 0, ""disappointment"": 0, ""disapproval"": 0, ""disgust"": 2, ""embarrassment"": 0, ""excitement"": 0, ""fear"": 0, ""gratitude"": 0, ""grief"": 0, ""joy"": 0, ""love"": 1, ""nervousness"": 0, ""optimism"": 0, ""pride"": 0, ""realization"": 0, ""relief"": 0, ""remorse"": 0, ""sadness"": 0, ""surprise"": 0, ""neutral"": 0}",2,5,0.4,0
147,neutral,neutral,admiration,Also one of my favorite parts of this story.,"{""admiration"": 5, ""amusement"": 0, ""anger"": 0, ""annoyance"": 0, ""approval"": 0, ""caring"": 0, ""confusion"": 0, ""curiosity"": 0, ""desire"": 0, ""disappointment"": 0, ""disapproval"": 0, ""disgust"": 0, ""embarrassment"": 0, ""excitement"": 0, ""fear"": 0, ""gratitude"": 0, ""grief"": 0, ""joy"": 0, ""love"": 0, ""nervousness"": 0, ""optimism"": 0, ""pride"": 0, ""realization"": 0, ""relief"": 0, ""remorse"": 0, ""sadness"": 0, ""surprise"": 0, ""neutral"": 0}",5,5,1.0,0
148,neutral,neutral,disapproval,There are plans to widen Parmer during the next few years.,"{""admiration"": 0, ""amusement"": 0, ""anger"": 0, ""annoyance"": 0, ""approval"": 0, ""caring"": 0, ""confusion"": 0, ""curiosity"": 0, ""desire"": 0, ""disappointment"": 0, ""disapproval"": 4, ""disgust"": 0, ""embarrassment"": 0, ""excitement"": 0, ""fear"": 0, ""gratitude"": 0, ""grief"": 0, ""joy"": 0, ""love"": 0, ""nervousness"": 0, ""optimism"": 0, ""pride"": 0, ""realization"": 0, ""relief"": 0, ""remorse"": 0, ""sadness"": 0, ""surprise"": 0, ""neutral"": 1}",4,5,0.8,0
149,curiosity,curiosity|neutral,disgust,Imagine what he thinks of TLJ...,"{""admiration"": 0, ""amusement"": 0, ""anger"": 0, ""annoyance"": 0, ""approval"": 0, ""caring"": 0, ""confusion"": 0, ""curiosity"": 0, ""desire"": 0, ""disappointment"": 0, ""disapproval"": 0, ""disgust"": 5, ""embarrassment"": 0, ""excitement"": 0, ""fear"": 0, ""gratitude"": 0, ""grief"": 0, ""joy"": 0, ""love"": 0, ""nervousness"": 0, ""optimism"": 0, ""pride"": 0, ""realization"": 0, ""relief"": 0, ""remorse"": 0, ""sadness"": 0, ""surprise"": 0, ""neutral"": 0}",5,5,1.0,0
150,neutral,neutral,disgust,Hands to the back,"{""admiration"": 0, ""amusement"": 0, ""anger"": 0, ""annoyance"": 0, ""approval"": 0, ""caring"": 0, ""confusion"": 0, ""curiosity"": 0, ""desire"": 0, ""disappointment"": 0, ""disapproval"": 0, ""disgust"": 3, ""embarrassment"": 0, ""excitement"": 0, ""fear"": 0, ""gratitude"": 0, ""grief"": 0, ""joy"": 0, ""love"": 0, ""nervousness"": 0, ""optimism"": 0, ""pride"": 0, ""realization"": 0, ""relief"": 0, ""remorse"": 2, ""sadness"": 0, ""surprise"": 0, ""neutral"": 0}",3,5,0.6,0
151,disgust,disgust|fear,disappointment,That’s always my worst fear when the idea of leaving during January comes up. I wish you the best of luck in unthawing them!,"{""admiration"": 0, ""amusement"": 0, ""anger"": 0, ""annoyance"": 0, ""approval"": 0, ""caring"": 0, ""confusion"": 0, ""curiosity"": 0, ""desire"": 0, ""disappointment"": 2, ""disapproval"": 0, ""disgust"": 0, ""embarrassment"": 0, ""excitement"": 0, ""fear"": 1, ""gratitude"": 0, ""grief"": 0, ""joy"": 0, ""love"": 0, ""nervousness"": 0, ""optimism"": 0, ""pride"": 0, ""realization"": 0, ""relief"": 0, ""remorse"": 2, ""sadness"": 0, ""surprise"": 0, ""neutral"": 0}",2,5,0.4,0
152,fear,fear,disgust,I find that relatable: I too am terrified of myself.,"{""admiration"": 0, ""amusement"": 0, ""anger"": 0, ""annoyance"": 0, ""approval"": 0, ""caring"": 0, ""confusion"": 0, ""curiosity"": 0, ""desire"": 0, ""disappointment"": 0, ""disapproval"": 0, ""disgust"": 3, ""embarrassment"": 0, ""excitement"": 0, ""fear"": 0, ""gratitude"": 0, ""grief"": 1, ""joy"": 0, ""love"": 0, ""nervousness"": 0, ""optimism"": 0, ""pride"": 0, ""realization"": 0, ""relief"": 0, ""remorse"": 1, ""sadness"": 0, ""surprise"": 0, ""neutral"": 0}",3,5,0.6,0
153,desire,desire,disgust,"I wish this was real but for girls, so I don't have to taste the bitter of being rejected because ""You are not my kind"".","{""admiration"": 0, ""amusement"": 0, ""anger"": 0, ""annoyance"": 0, ""approval"": 0, ""caring"": 0, ""confusion"": 0, ""curiosity"": 0, ""desire"": 0, ""disappointment"": 0, ""disapproval"": 0, ""disgust"": 5, ""embarrassment"": 0, ""excitement"": 0, ""fear"": 0, ""gratitude"": 0, ""grief"": 0, ""joy"": 0, ""love"": 0, ""nervousness"": 0, ""optimism"": 0, ""pride"": 0, ""realization"": 0, ""relief"": 0, ""remorse"": 0, ""sadness"": 0, ""surprise"": 0, ""neutral"": 0}",5,5,1.0,0
154,neutral,neutral,neutral,Some guy that I went to hs with 7 yrs ago but haven't seen him since.,"{""admiration"": 0, ""amusement"": 0, ""anger"": 0, ""annoyance"": 0, ""approval"": 0, ""caring"": 0, ""confusion"": 0, ""curiosity"": 0, ""desire"": 0, ""disappointment"": 0, ""disapproval"": 0, ""disgust"": 0, ""embarrassment"": 0, ""excitement"": 0, ""fear"": 0, ""gratitude"": 0, ""grief"": 0, ""joy"": 0, ""love"": 0, ""nervousness"": 0, ""optimism"": 0, ""pride"": 0, ""realization"": 0, ""relief"": 0, ""remorse"": 0, ""sadness"": 1, ""surprise"": 0, ""neutral"": 4}",4,5,0.8,1
155,neutral,neutral,disapproval,"Since you called me out for saying that I am defending the attacker, then just point out which sentence I wrote led you to that conclusion. ","{""admiration"": 0, ""amusement"": 0, ""anger"": 0, ""annoyance"": 0, ""approval"": 0, ""caring"": 0, ""confusion"": 0, ""curiosity"": 0, ""desire"": 0, ""disappointment"": 0, ""disapproval"": 3, ""disgust"": 2, ""embarrassment"": 0, ""excitement"": 0, ""fear"": 0, ""gratitude"": 0, ""grief"": 0, ""joy"": 0, ""love"": 0, ""nervousness"": 0, ""optimism"": 0, ""pride"": 0, ""realization"": 0, ""relief"": 0, ""remorse"": 0, ""sadness"": 0, ""surprise"": 0, ""neutral"": 0}",3,5,0.6,0
156,approval,approval,admiration,He already has a baby with his girlfriend who’s gorgeous,"{""admiration"": 5, ""amusement"": 0, ""anger"": 0, ""annoyance"": 0, ""approval"": 0, ""caring"": 0, ""confusion"": 0, ""curiosity"": 0, ""desire"": 0, ""disappointment"": 0, ""disapproval"": 0, ""disgust"": 0, ""embarrassment"": 0, ""excitement"": 0, ""fear"": 0, ""gratitude"": 0, ""grief"": 0, ""joy"": 0, ""love"": 0, ""nervousness"": 0, ""optimism"": 0, ""pride"": 0, ""realization"": 0, ""relief"": 0, ""remorse"": 0, ""sadness"": 0, ""surprise"": 0, ""neutral"": 0}",5,5,1.0,0
157,neutral,neutral,disgust,I wanna know about the sky being LCD! You ever hear the one about the [NAME] faking the return of [NAME]?,"{""admiration"": 0, ""amusement"": 0, ""anger"": 0, ""annoyance"": 0, ""approval"": 0, ""caring"": 0, ""confusion"": 0, ""curiosity"": 0, ""desire"": 0, ""disappointment"": 0, ""disapproval"": 0, ""disgust"": 4, ""embarrassment"": 0, ""excitement"": 0, ""fear"": 0, ""gratitude"": 0, ""grief"": 0, ""joy"": 0, ""love"": 0, ""nervousness"": 0, ""optimism"": 0, ""pride"": 0, ""realization"": 0, ""relief"": 0, ""remorse"": 0, ""sadness"": 0, ""surprise"": 1, ""neutral"": 0}",4,5,0.8,0
158,fear,fear,disgust,Because of this bad situation some people are afraid of becoming youtubers because of this,"{""admiration"": 0, ""amusement"": 0, ""anger"": 0, ""annoyance"": 0, ""approval"": 0, ""caring"": 0, ""confusion"": 0, ""curiosity"": 0, ""desire"": 0, ""disappointment"": 0, ""disapproval"": 0, ""disgust"": 3, ""embarrassment"": 0, ""excitement"": 0, ""fear"": 2, ""gratitude"": 0, ""grief"": 0, ""joy"": 0, ""love"": 0, ""nervousness"": 0, ""optimism"": 0, ""pride"": 0, ""realization"": 0, ""relief"": 0, ""remorse"": 0, ""sadness"": 0, ""surprise"": 0, ""neutral"": 0}",3,5,0.6,0
159,disapproval,disapproval|neutral,disapproval,That doesn’t seem like very responsible presentation of findings.,"{""admiration"": 0, ""amusement"": 0, ""anger"": 0, ""annoyance"": 0, ""approval"": 0, ""caring"": 0, ""confusion"": 0, ""curiosity"": 0, ""desire"": 0, ""disappointment"": 0, ""disapproval"": 5, ""disgust"": 0, ""embarrassment"": 0, ""excitement"": 0, ""fear"": 0, ""gratitude"": 0, ""grief"": 0, ""joy"": 0, ""love"": 0, ""nervousness"": 0, ""optimism"": 0, ""pride"": 0, ""realization"": 0, ""relief"": 0, ""remorse"": 0, ""sadness"": 0, ""surprise"": 0, ""neutral"": 0}",5,5,1.0,1
160,fear,fear,disgust,"Aaaand I'm still here. I don't have a alt account but whoever you reported I""m sure is alive and well. You're terrible.","{""admiration"": 0, ""amusement"": 0, ""anger"": 0, ""annoyance"": 0, ""approval"": 0, ""caring"": 0, ""confusion"": 0, ""curiosity"": 0, ""desire"": 0, ""disappointment"": 0, ""disapproval"": 0, ""disgust"": 2, ""embarrassment"": 0, ""excitement"": 0, ""fear"": 0, ""gratitude"": 0, ""grief"": 0, ""joy"": 0, ""love"": 0, ""nervousness"": 0, ""optimism"": 0, ""pride"": 0, ""realization"": 0, ""relief"": 0, ""remorse"": 0, ""sadness"": 0, ""surprise"": 0, ""neutral"": 0}",2,5,0.4,0
161,annoyance,annoyance,neutral,That doesn't sound right but I don't know enough about stars to dispute it,"{""admiration"": 0, ""amusement"": 0, ""anger"": 0, ""annoyance"": 0, ""approval"": 0, ""caring"": 0, ""confusion"": 0, ""curiosity"": 0, ""desire"": 0, ""disappointment"": 0, ""disapproval"": 0, ""disgust"": 0, ""embarrassment"": 0, ""excitement"": 0, ""fear"": 0, ""gratitude"": 0, ""grief"": 0, ""joy"": 0, ""love"": 0, ""nervousness"": 0, ""optimism"": 0, ""pride"": 0, ""realization"": 0, ""relief"": 0, ""remorse"": 0, ""sadness"": 0, ""surprise"": 0, ""neutral"": 5}",5,5,1.0,0
162,love,love,admiration,I'm loving the possibility of fighting a Chimera in the DLC.,"{""admiration"": 4, ""amusement"": 0, ""anger"": 0, ""annoyance"": 0, ""approval"": 0, ""caring"": 0, ""confusion"": 0, ""curiosity"": 0, ""desire"": 0, ""disappointment"": 0, ""disapproval"": 0, ""disgust"": 0, ""embarrassment"": 0, ""excitement"": 1, ""fear"": 0, ""gratitude"": 0, ""grief"": 0, ""joy"": 0, ""love"": 0, ""nervousness"": 0, ""optimism"": 0, ""pride"": 0, ""realization"": 0, ""relief"": 0, ""remorse"": 0, ""sadness"": 0, ""surprise"": 0, ""neutral"": 0}",4,5,0.8,0
163,neutral,neutral,amusement,[NAME]? Y’all [NAME] are weird AF (and I love it).,"{""admiration"": 1, ""amusement"": 2, ""anger"": 0, ""annoyance"": 0, ""approval"": 0, ""caring"": 0, ""confusion"": 0, ""curiosity"": 0, ""desire"": 0, ""disappointment"": 0, ""disapproval"": 0, ""disgust"": 1, ""embarrassment"": 0, ""excitement"": 1, ""fear"": 0, ""gratitude"": 0, ""grief"": 0, ""joy"": 0, ""love"": 0, ""nervousness"": 0, ""optimism"": 0, ""pride"": 0, ""realization"": 0, ""relief"": 0, ""remorse"": 0, ""sadness"": 0, ""surprise"": 0, ""neutral"": 0}",2,5,0.4,0
164,neutral,neutral,admiration,Please enlighten us,"{""admiration"": 5, ""amusement"": 0, ""anger"": 0, ""annoyance"": 0, ""approval"": 0, ""caring"": 0, ""confusion"": 0, ""curiosity"": 0, ""desire"": 0, ""disappointment"": 0, ""disapproval"": 0, ""disgust"": 0, ""embarrassment"": 0, ""excitement"": 0, ""fear"": 0, ""gratitude"": 0, ""grief"": 0, ""joy"": 0, ""love"": 0, ""nervousness"": 0, ""optimism"": 0, ""pride"": 0, ""realization"": 0, ""relief"": 0, ""remorse"": 0, ""sadness"": 0, ""surprise"": 0, ""neutral"": 0}",5,5,1.0,0
165,fear,fear,disgust,"[NAME] shot has been quite frankly terrible tonight, wayy too strong on most of his looks","{""admiration"": 0, ""amusement"": 0, ""anger"": 0, ""annoyance"": 0, ""approval"": 0, ""caring"": 0, ""confusion"": 0, ""curiosity"": 0, ""desire"": 0, ""disappointment"": 0, ""disapproval"": 0, ""disgust"": 5, ""embarrassment"": 0, ""excitement"": 0, ""fear"": 0, ""gratitude"": 0, ""grief"": 0, ""joy"": 0, ""love"": 0, ""nervousness"": 0, ""optimism"": 0, ""pride"": 0, ""realization"": 0, ""relief"": 0, ""remorse"": 0, ""sadness"": 0, ""surprise"": 0, ""neutral"": 0}",5,5,1.0,0
166,neutral,neutral,disgust,Of course I remember a time when I didn't know what calories were. I was a child.,"{""admiration"": 0, ""amusement"": 0, ""anger"": 0, ""annoyance"": 0, ""approval"": 0, ""caring"": 0, ""confusion"": 0, ""curiosity"": 0, ""desire"": 0, ""disappointment"": 0, ""disapproval"": 0, ""disgust"": 3, ""embarrassment"": 0, ""excitement"": 0, ""fear"": 0, ""gratitude"": 0, ""grief"": 0, ""joy"": 0, ""love"": 0, ""nervousness"": 0, ""optimism"": 0, ""pride"": 0, ""realization"": 0, ""relief"": 0, ""remorse"": 2, ""sadness"": 0, ""surprise"": 0, ""neutral"": 0}",3,5,0.6,0
167,neutral,neutral,disgust,>I mean look at socialist Germany. Look at Night of the Long Knives.,"{""admiration"": 0, ""amusement"": 0, ""anger"": 0, ""annoyance"": 0, ""approval"": 0, ""caring"": 0, ""confusion"": 0, ""curiosity"": 0, ""desire"": 0, ""disappointment"": 0, ""disapproval"": 0, ""disgust"": 5, ""embarrassment"": 0, ""excitement"": 0, ""fear"": 0, ""gratitude"": 0, ""grief"": 0, ""joy"": 0, ""love"": 0, ""nervousness"": 0, ""optimism"": 0, ""pride"": 0, ""realization"": 0, ""relief"": 0, ""remorse"": 0, ""sadness"": 0, ""surprise"": 0, ""neutral"": 0}",5,5,1.0,0
168,admiration,admiration,admiration,that's really good,"{""admiration"": 4, ""amusement"": 0, ""anger"": 0, ""annoyance"": 0, ""approval"": 1, ""caring"": 0, ""confusion"": 0, ""curiosity"": 0, ""desire"": 0, ""disappointment"": 0, ""disapproval"": 0, ""disgust"": 0, ""embarrassment"": 0, ""excitement"": 0, ""fear"": 0, ""gratitude"": 0, ""grief"": 0, ""joy"": 0, ""love"": 0, ""nervousness"": 0, ""optimism"": 0, ""pride"": 0, ""realization"": 0, ""relief"": 0, ""remorse"": 0, ""sadness"": 0, ""surprise"": 0, ""neutral"": 0}",4,5,0.8,1
169,confusion,confusion,disgust,why is this hard to believe it’s totally believable,"{""admiration"": 0, ""amusement"": 0, ""anger"": 0, ""annoyance"": 0, ""approval"": 0, ""caring"": 0, ""confusion"": 0, ""curiosity"": 0, ""desire"": 0, ""disappointment"": 0, ""disapproval"": 0, ""disgust"": 4, ""embarrassment"": 0, ""excitement"": 0, ""fear"": 0, ""gratitude"": 0, ""grief"": 0, ""joy"": 0, ""love"": 0, ""nervousness"": 0, ""optimism"": 0, ""pride"": 0, ""realization"": 0, ""relief"": 0, ""remorse"": 0, ""sadness"": 0, ""surprise"": 0, ""neutral"": 1}",4,5,0.8,0
170,approval,approval,disapproval,People say 'confidence is attractive' which is definitely true. That doesn't mean that being arrogant or pretending to be confident is attractive.,"{""admiration"": 0, ""amusement"": 0, ""anger"": 0, ""annoyance"": 0, ""approval"": 0, ""caring"": 0, ""confusion"": 0, ""curiosity"": 0, ""desire"": 0, ""disappointment"": 0, ""disapproval"": 4, ""disgust"": 1, ""embarrassment"": 0, ""excitement"": 0, ""fear"": 0, ""gratitude"": 0, ""grief"": 0, ""joy"": 0, ""love"": 0, ""nervousness"": 0, ""optimism"": 0, ""pride"": 0, ""realization"": 0, ""relief"": 0, ""remorse"": 0, ""sadness"": 0, ""surprise"": 0, ""neutral"": 0}",4,5,0.8,0
171,approval,approval,neutral,"That would be okay, I guess.","{""admiration"": 0, ""amusement"": 0, ""anger"": 0, ""annoyance"": 0, ""approval"": 0, ""caring"": 0, ""confusion"": 0, ""curiosity"": 0, ""desire"": 0, ""disappointment"": 0, ""disapproval"": 0, ""disgust"": 0, ""embarrassment"": 0, ""excitement"": 0, ""fear"": 0, ""gratitude"": 0, ""grief"": 0, ""joy"": 0, ""love"": 0, ""nervousness"": 0, ""optimism"": 0, ""pride"": 0, ""realization"": 0, ""relief"": 0, ""remorse"": 0, ""sadness"": 0, ""surprise"": 0, ""neutral"": 5}",5,5,1.0,0
172,gratitude,gratitude,disgust,Thank you for sharing this. I found my house in 1938. Very fascinating stuff :),"{""admiration"": 1, ""amusement"": 0, ""anger"": 0, ""annoyance"": 0, ""approval"": 0, ""caring"": 0, ""confusion"": 0, ""curiosity"": 0, ""desire"": 0, ""disappointment"": 0, ""disapproval"": 0, ""disgust"": 2, ""embarrassment"": 0, ""excitement"": 0, ""fear"": 0, ""gratitude"": 0, ""grief"": 0, ""joy"": 0, ""love"": 0, ""nervousness"": 0, ""optimism"": 0, ""pride"": 0, ""realization"": 0, ""relief"": 0, ""remorse"": 0, ""sadness"": 0, ""surprise"": 2, ""neutral"": 0}",2,5,0.4,0
173,curiosity,curiosity,neutral,Is that her phone in her back pocket?,"{""admiration"": 0, ""amusement"": 0, ""anger"": 0, ""annoyance"": 0, ""approval"": 0, ""caring"": 0, ""confusion"": 0, ""curiosity"": 0, ""desire"": 0, ""disappointment"": 0, ""disapproval"": 0, ""disgust"": 0, ""embarrassment"": 0, ""excitement"": 0, ""fear"": 0, ""gratitude"": 0, ""grief"": 0, ""joy"": 0, ""love"": 0, ""nervousness"": 0, ""optimism"": 0, ""pride"": 0, ""realization"": 0, ""relief"": 0, ""remorse"": 0, ""sadness"": 0, ""surprise"": 1, ""neutral"": 4}",4,5,0.8,0
174,disgust,disgust,disgust,That and he’s sneaky dirty,"{""admiration"": 0, ""amusement"": 0, ""anger"": 0, ""annoyance"": 0, ""approval"": 0, ""caring"": 0, ""confusion"": 0, ""curiosity"": 0, ""desire"": 0, ""disappointment"": 0, ""disapproval"": 0, ""disgust"": 5, ""embarrassment"": 0, ""excitement"": 0, ""fear"": 0, ""gratitude"": 0, ""grief"": 0, ""joy"": 0, ""love"": 0, ""nervousness"": 0, ""optimism"": 0, ""pride"": 0, ""realization"": 0, ""relief"": 0, ""remorse"": 0, ""sadness"": 0, ""surprise"": 0, ""neutral"": 0}",5,5,1.0,1
175,neutral,neutral,neutral,Mirror,"{""admiration"": 0, ""amusement"": 0, ""anger"": 0, ""annoyance"": 0, ""approval"": 0, ""caring"": 0, ""confusion"": 0, ""curiosity"": 0, ""desire"": 0, ""disappointment"": 0, ""disapproval"": 0, ""disgust"": 0, ""embarrassment"": 0, ""excitement"": 0, ""fear"": 0, ""gratitude"": 0, ""grief"": 0, ""joy"": 0, ""love"": 0, ""nervousness"": 0, ""optimism"": 0, ""pride"": 0, ""realization"": 0, ""relief"": 0, ""remorse"": 0, ""sadness"": 0, ""surprise"": 0, ""neutral"": 5}",5,5,1.0,1
176,amusement,amusement,disgust,Funny how we get more anxious about our heroes than their victims,"{""admiration"": 0, ""amusement"": 0, ""anger"": 0, ""annoyance"": 0, ""approval"": 0, ""caring"": 0, ""confusion"": 0, ""curiosity"": 0, ""desire"": 0, ""disappointment"": 0, ""disapproval"": 0, ""disgust"": 5, ""embarrassment"": 0, ""excitement"": 0, ""fear"": 0, ""gratitude"": 0, ""grief"": 0, ""joy"": 0, ""love"": 0, ""nervousness"": 0, ""optimism"": 0, ""pride"": 0, ""realization"": 0, ""relief"": 0, ""remorse"": 0, ""sadness"": 0, ""surprise"": 0, ""neutral"": 0}",5,5,1.0,0
177,amusement,amusement,amusement,You are goddam funny sir,"{""admiration"": 0, ""amusement"": 3, ""anger"": 0, ""annoyance"": 0, ""approval"": 0, ""caring"": 0, ""confusion"": 0, ""curiosity"": 0, ""desire"": 0, ""disappointment"": 0, ""disapproval"": 0, ""disgust"": 2, ""embarrassment"": 0, ""excitement"": 0, ""fear"": 0, ""gratitude"": 0, ""grief"": 0, ""joy"": 0, ""love"": 0, ""nervousness"": 0, ""optimism"": 0, ""pride"": 0, ""realization"": 0, ""relief"": 0, ""remorse"": 0, ""sadness"": 0, ""surprise"": 0, ""neutral"": 0}",3,5,0.6,1
178,amusement,amusement,anger,Haha Orange man bad,"{""admiration"": 0, ""amusement"": 0, ""anger"": 4, ""annoyance"": 0, ""approval"": 0, ""caring"": 0, ""confusion"": 0, ""curiosity"": 0, ""desire"": 0, ""disappointment"": 0, ""disapproval"": 0, ""disgust"": 1, ""embarrassment"": 0, ""excitement"": 0, ""fear"": 0, ""gratitude"": 0, ""grief"": 0, ""joy"": 0, ""love"": 0, ""nervousness"": 0, ""optimism"": 0, ""pride"": 0, ""realization"": 0, ""relief"": 0, ""remorse"": 0, ""sadness"": 0, ""surprise"": 0, ""neutral"": 0}",4,5,0.8,0
179,annoyance,annoyance|neutral,remorse,> Humans are empathetic and do this daily. I have to remind myself of this sometimes.,"{""admiration"": 1, ""amusement"": 0, ""anger"": 0, ""annoyance"": 0, ""approval"": 0, ""caring"": 0, ""confusion"": 0, ""curiosity"": 0, ""desire"": 0, ""disappointment"": 0, ""disapproval"": 0, ""disgust"": 1, ""embarrassment"": 0, ""excitement"": 0, ""fear"": 0, ""gratitude"": 1, ""grief"": 0, ""joy"": 0, ""love"": 0, ""nervousness"": 0, ""optimism"": 0, ""pride"": 0, ""realization"": 0, ""relief"": 0, ""remorse"": 2, ""sadness"": 0, ""surprise"": 0, ""neutral"": 0}",2,5,0.4,0
180,admiration,admiration|optimism,admiration,It’s beautiful. I think I need to move. 😊,"{""admiration"": 4, ""amusement"": 0, ""anger"": 0, ""annoyance"": 0, ""approval"": 0, ""caring"": 0, ""confusion"": 0, ""curiosity"": 0, ""desire"": 0, ""disappointment"": 0, ""disapproval"": 0, ""disgust"": 0, ""embarrassment"": 0, ""excitement"": 0, ""fear"": 0, ""gratitude"": 0, ""grief"": 0, ""joy"": 1, ""love"": 0, ""nervousness"": 0, ""optimism"": 0, ""pride"": 0, ""realization"": 0, ""relief"": 0, ""remorse"": 0, ""sadness"": 0, ""surprise"": 0, ""neutral"": 0}",4,5,0.8,1
181,neutral,neutral,neutral,Oh oh oh,"{""admiration"": 0, ""amusement"": 0, ""anger"": 0, ""annoyance"": 0, ""approval"": 0, ""caring"": 0, ""confusion"": 0, ""curiosity"": 0, ""desire"": 0, ""disappointment"": 0, ""disapproval"": 0, ""disgust"": 0, ""embarrassment"": 0, ""excitement"": 0, ""fear"": 0, ""gratitude"": 0, ""grief"": 0, ""joy"": 0, ""love"": 0, ""nervousness"": 0, ""optimism"": 0, ""pride"": 0, ""realization"": 0, ""relief"": 0, ""remorse"": 0, ""sadness"": 0, ""surprise"": 2, ""neutral"": 3}",3,5,0.6,1
182,neutral,neutral,disgust,Am I the only INTP here who cared about deadlines. It's how I got so good at crunch time and working last minute.,"{""admiration"": 0, ""amusement"": 0, ""anger"": 0, ""annoyance"": 0, ""approval"": 0, ""caring"": 0, ""confusion"": 0, ""curiosity"": 0, ""desire"": 0, ""disappointment"": 0, ""disapproval"": 0, ""disgust"": 3, ""embarrassment"": 0, ""excitement"": 0, ""fear"": 0, ""gratitude"": 0, ""grief"": 0, ""joy"": 0, ""love"": 0, ""nervousness"": 0, ""optimism"": 0, ""pride"": 0, ""realization"": 0, ""relief"": 0, ""remorse"": 2, ""sadness"": 0, ""surprise"": 0, ""neutral"": 0}",3,5,0.6,0
183,neutral,neutral,disappointment,"Lindt is premium brand, im not surprised by this.","{""admiration"": 0, ""amusement"": 0, ""anger"": 0, ""annoyance"": 0, ""approval"": 0, ""caring"": 0, ""confusion"": 0, ""curiosity"": 0, ""desire"": 0, ""disappointment"": 3, ""disapproval"": 0, ""disgust"": 0, ""embarrassment"": 0, ""excitement"": 0, ""fear"": 0, ""gratitude"": 0, ""grief"": 0, ""joy"": 0, ""love"": 0, ""nervousness"": 0, ""optimism"": 0, ""pride"": 0, ""realization"": 0, ""relief"": 0, ""remorse"": 0, ""sadness"": 0, ""surprise"": 1, ""neutral"": 1}",3,5,0.6,0
184,anger,anger|neutral,disgust,"Dude, its **life** it's not **trauma**. Grow up ","{""admiration"": 0, ""amusement"": 0, ""anger"": 0, ""annoyance"": 0, ""approval"": 0, ""caring"": 0, ""confusion"": 0, ""curiosity"": 0, ""desire"": 0, ""disappointment"": 0, ""disapproval"": 1, ""disgust"": 2, ""embarrassment"": 0, ""excitement"": 0, ""fear"": 0, ""gratitude"": 0, ""grief"": 0, ""joy"": 0, ""love"": 0, ""nervousness"": 0, ""optimism"": 0, ""pride"": 0, ""realization"": 0, ""relief"": 0, ""remorse"": 0, ""sadness"": 1, ""surprise"": 0, ""neutral"": 1}",2,5,0.4,0
185,disapproval,disapproval,disgust,"Oooo I see, I was hoping it wasn't a troll thing, it seemed really tasteless.","{""admiration"": 0, ""amusement"": 0, ""anger"": 0, ""annoyance"": 0, ""approval"": 0, ""caring"": 0, ""confusion"": 0, ""curiosity"": 0, ""desire"": 0, ""disappointment"": 0, ""disapproval"": 0, ""disgust"": 5, ""embarrassment"": 0, ""excitement"": 0, ""fear"": 0, ""gratitude"": 0, ""grief"": 0, ""joy"": 0, ""love"": 0, ""nervousness"": 0, ""optimism"": 0, ""pride"": 0, ""realization"": 0, ""relief"": 0, ""remorse"": 0, ""sadness"": 0, ""surprise"": 0, ""neutral"": 0}",5,5,1.0,0
186,disapproval,disapproval,approval,Couldn’t agree more,"{""admiration"": 1, ""amusement"": 0, ""anger"": 0, ""annoyance"": 0, ""approval"": 2, ""caring"": 0, ""confusion"": 0, ""curiosity"": 0, ""desire"": 0, ""disappointment"": 0, ""disapproval"": 2, ""disgust"": 0, ""embarrassment"": 0, ""excitement"": 0, ""fear"": 0, ""gratitude"": 0, ""grief"": 0, ""joy"": 0, ""love"": 0, ""nervousness"": 0, ""optimism"": 0, ""pride"": 0, ""realization"": 0, ""relief"": 0, ""remorse"": 0, ""sadness"": 0, ""surprise"": 0, ""neutral"": 0}",2,5,0.4,0
187,disappointment,disappointment,disappointment,WHO WON THIS FIGHT My thoughts: neither side did a good job at explaining their positions and this entire interview was mostly useless,"{""admiration"": 0, ""amusement"": 0, ""anger"": 0, ""annoyance"": 0, ""approval"": 0, ""caring"": 0, ""confusion"": 0, ""curiosity"": 0, ""desire"": 0, ""disappointment"": 3, ""disapproval"": 1, ""disgust"": 0, ""embarrassment"": 0, ""excitement"": 0, ""fear"": 0, ""gratitude"": 0, ""grief"": 0, ""joy"": 0, ""love"": 0, ""nervousness"": 0, ""optimism"": 0, ""pride"": 0, ""realization"": 0, ""relief"": 0, ""remorse"": 1, ""sadness"": 0, ""surprise"": 0, ""neutral"": 0}",3,5,0.6,1
188,neutral,neutral,disgust,How do you know this?,"{""admiration"": 0, ""amusement"": 0, ""anger"": 0, ""annoyance"": 0, ""approval"": 0, ""caring"": 0, ""confusion"": 0, ""curiosity"": 0, ""desire"": 0, ""disappointment"": 0, ""disapproval"": 0, ""disgust"": 4, ""embarrassment"": 0, ""excitement"": 0, ""fear"": 0, ""gratitude"": 0, ""grief"": 0, ""joy"": 0, ""love"": 0, ""nervousness"": 0, ""optimism"": 0, ""pride"": 0, ""realization"": 0, ""relief"": 0, ""remorse"": 0, ""sadness"": 0, ""surprise"": 0, ""neutral"": 1}",4,5,0.8,0
189,excitement,excitement,curiosity,I'm more interested in why there are goldfish in the picture...,"{""admiration"": 0, ""amusement"": 0, ""anger"": 0, ""annoyance"": 0, ""approval"": 0, ""caring"": 0, ""confusion"": 2, ""curiosity"": 3, ""desire"": 0, ""disappointment"": 0, ""disapproval"": 0, ""disgust"": 0, ""embarrassment"": 0, ""excitement"": 0, ""fear"": 0, ""gratitude"": 0, ""grief"": 0, ""joy"": 0, ""love"": 0, ""nervousness"": 0, ""optimism"": 0, ""pride"": 0, ""realization"": 0, ""relief"": 0, ""remorse"": 0, ""sadness"": 0, ""surprise"": 0, ""neutral"": 0}",3,5,0.6,0
190,disapproval,disapproval,disgust,oh pls no,"{""admiration"": 0, ""amusement"": 0, ""anger"": 0, ""annoyance"": 1, ""approval"": 0, ""caring"": 0, ""confusion"": 0, ""curiosity"": 0, ""desire"": 0, ""disappointment"": 0, ""disapproval"": 0, ""disgust"": 2, ""embarrassment"": 0, ""excitement"": 0, ""fear"": 0, ""gratitude"": 0, ""grief"": 0, ""joy"": 0, ""love"": 0, ""nervousness"": 0, ""optimism"": 0, ""pride"": 0, ""realization"": 0, ""relief"": 0, ""remorse"": 1, ""sadness"": 0, ""surprise"": 0, ""neutral"": 0}",2,5,0.4,0
191,gratitude,gratitude,admiration,"Yes, thank [NAME] the wisest of [NAME] live outside your country","{""admiration"": 5, ""amusement"": 0, ""anger"": 0, ""annoyance"": 0, ""approval"": 0, ""caring"": 0, ""confusion"": 0, ""curiosity"": 0, ""desire"": 0, ""disappointment"": 0, ""disapproval"": 0, ""disgust"": 0, ""embarrassment"": 0, ""excitement"": 0, ""fear"": 0, ""gratitude"": 0, ""grief"": 0, ""joy"": 0, ""love"": 0, ""nervousness"": 0, ""optimism"": 0, ""pride"": 0, ""realization"": 0, ""relief"": 0, ""remorse"": 0, ""sadness"": 0, ""surprise"": 0, ""neutral"": 0}",5,5,1.0,0
192,approval,approval,disgust,"Me too, [NAME]. Me too... ","{""admiration"": 0, ""amusement"": 0, ""anger"": 0, ""annoyance"": 0, ""approval"": 0, ""caring"": 0, ""confusion"": 0, ""curiosity"": 0, ""desire"": 0, ""disappointment"": 1, ""disapproval"": 1, ""disgust"": 2, ""embarrassment"": 0, ""excitement"": 0, ""fear"": 0, ""gratitude"": 0, ""grief"": 0, ""joy"": 0, ""love"": 0, ""nervousness"": 0, ""optimism"": 0, ""pride"": 0, ""realization"": 0, ""relief"": 0, ""remorse"": 1, ""sadness"": 0, ""surprise"": 0, ""neutral"": 0}",2,5,0.4,0
193,confusion,confusion,disgust,Wait a second what? The asshat found the story? Can someone teach me how to use the way back machine so i can read this?,"{""admiration"": 0, ""amusement"": 0, ""anger"": 2, ""annoyance"": 0, ""approval"": 0, ""caring"": 0, ""confusion"": 0, ""curiosity"": 0, ""desire"": 0, ""disappointment"": 0, ""disapproval"": 0, ""disgust"": 3, ""embarrassment"": 0, ""excitement"": 0, ""fear"": 0, ""gratitude"": 0, ""grief"": 0, ""joy"": 0, ""love"": 0, ""nervousness"": 0, ""optimism"": 0, ""pride"": 0, ""realization"": 0, ""relief"": 0, ""remorse"": 0, ""sadness"": 0, ""surprise"": 0, ""neutral"": 0}",3,5,0.6,0
194,gratitude,gratitude,disgust,Thank fucking [NAME].,"{""admiration"": 0, ""amusement"": 0, ""anger"": 0, ""annoyance"": 0, ""approval"": 0, ""caring"": 0, ""confusion"": 0, ""curiosity"": 0, ""desire"": 0, ""disappointment"": 0, ""disapproval"": 0, ""disgust"": 5, ""embarrassment"": 0, ""excitement"": 0, ""fear"": 0, ""gratitude"": 0, ""grief"": 0, ""joy"": 0, ""love"": 0, ""nervousness"": 0, ""optimism"": 0, ""pride"": 0, ""realization"": 0, ""relief"": 0, ""remorse"": 0, ""sadness"": 0, ""surprise"": 0, ""neutral"": 0}",5,5,1.0,0
195,neutral,neutral,admiration,The Future is BIG!,"{""admiration"": 5, ""amusement"": 0, ""anger"": 0, ""annoyance"": 0, ""approval"": 0, ""caring"": 0, ""confusion"": 0, ""curiosity"": 0, ""desire"": 0, ""disappointment"": 0, ""disapproval"": 0, ""disgust"": 0, ""embarrassment"": 0, ""excitement"": 0, ""fear"": 0, ""gratitude"": 0, ""grief"": 0, ""joy"": 0, ""love"": 0, ""nervousness"": 0, ""optimism"": 0, ""pride"": 0, ""realization"": 0, ""relief"": 0, ""remorse"": 0, ""sadness"": 0, ""surprise"": 0, ""neutral"": 0}",5,5,1.0,0
196,neutral,neutral,neutral,Less to keep track of,"{""admiration"": 0, ""amusement"": 0, ""anger"": 0, ""annoyance"": 0, ""approval"": 0, ""caring"": 0, ""confusion"": 0, ""curiosity"": 0, ""desire"": 0, ""disappointment"": 1, ""disapproval"": 0, ""disgust"": 0, ""embarrassment"": 0, ""excitement"": 0, ""fear"": 0, ""gratitude"": 0, ""grief"": 0, ""joy"": 0, ""love"": 0, ""nervousness"": 0, ""optimism"": 0, ""pride"": 0, ""realization"": 0, ""relief"": 1, ""remorse"": 0, ""sadness"": 0, ""surprise"": 0, ""neutral"": 3}",3,5,0.6,1
197,neutral,neutral,disgust,"I saw in another thread that the kid had previously pranked the barber, and this was his way of getting back at him. ","{""admiration"": 0, ""amusement"": 0, ""anger"": 0, ""annoyance"": 0, ""approval"": 0, ""caring"": 0, ""confusion"": 0, ""curiosity"": 0, ""desire"": 0, ""disappointment"": 0, ""disapproval"": 1, ""disgust"": 4, ""embarrassment"": 0, ""excitement"": 0, ""fear"": 0, ""gratitude"": 0, ""grief"": 0, ""joy"": 0, ""love"": 0, ""nervousness"": 0, ""optimism"": 0, ""pride"": 0, ""realization"": 0, ""relief"": 0, ""remorse"": 0, ""sadness"": 0, ""surprise"": 0, ""neutral"": 0}",4,5,0.8,0
198,neutral,neutral,admiration,[NAME] a pro,"{""admiration"": 5, ""amusement"": 0, ""anger"": 0, ""annoyance"": 0, ""approval"": 0, ""caring"": 0, ""confusion"": 0, ""curiosity"": 0, ""desire"": 0, ""disappointment"": 0, ""disapproval"": 0, ""disgust"": 0, ""embarrassment"": 0, ""excitement"": 0, ""fear"": 0, ""gratitude"": 0, ""grief"": 0, ""joy"": 0, ""love"": 0, ""nervousness"": 0, ""optimism"": 0, ""pride"": 0, ""realization"": 0, ""relief"": 0, ""remorse"": 0, ""sadness"": 0, ""surprise"": 0, ""neutral"": 0}",5,5,1.0,0
199,caring,caring,disapproval,Yea no problem just be aware that when you are trying to aim at someone it can lock onto the wrong target because of the bigger lock on area,"{""admiration"": 0, ""amusement"": 0, ""anger"": 0, ""annoyance"": 1, ""approval"": 0, ""caring"": 0, ""confusion"": 0, ""curiosity"": 0, ""desire"": 0, ""disappointment"": 0, ""disapproval"": 2, ""disgust"": 2, ""embarrassment"": 0, ""excitement"": 0, ""fear"": 0, ""gratitude"": 0, ""grief"": 0, ""joy"": 0, ""love"": 0, ""nervousness"": 0, ""optimism"": 0, ""pride"": 0, ""realization"": 0, ""relief"": 0, ""remorse"": 0, ""sadness"": 0, ""surprise"": 0, ""neutral"": 0}",2,5,0.4,0
200,disapproval,disapproval,neutral,Yeah that's not nearly as dramatic and aggressive as the ball in the above video.,"{""admiration"": 0, ""amusement"": 0, ""anger"": 0, ""annoyance"": 0, ""approval"": 0, ""caring"": 0, ""confusion"": 0, ""curiosity"": 0, ""desire"": 0, ""disappointment"": 0, ""disapproval"": 0, ""disgust"": 1, ""embarrassment"": 0, ""excitement"": 0, ""fear"": 0, ""gratitude"": 0, ""grief"": 0, ""joy"": 0, ""love"": 0, ""nervousness"": 0, ""optimism"": 0, ""pride"": 0, ""realization"": 0, ""relief"": 0, ""remorse"": 0, ""sadness"": 0, ""surprise"": 0, ""neutral"": 4}",4,5,0.8,0
201,gratitude,gratitude,remorse,Thanks. I'll be phoning the psych tomorrow (maybe) about med increase since I'm on the lowest anyways.,"{""admiration"": 0, ""amusement"": 0, ""anger"": 0, ""annoyance"": 0, ""approval"": 0, ""caring"": 0, ""confusion"": 0, ""curiosity"": 0, ""desire"": 0, ""disappointment"": 2, ""disapproval"": 0, ""disgust"": 0, ""embarrassment"": 0, ""excitement"": 0, ""fear"": 0, ""gratitude"": 0, ""grief"": 0, ""joy"": 0, ""love"": 0, ""nervousness"": 0, ""optimism"": 0, ""pride"": 0, ""realization"": 0, ""relief"": 0, ""remorse"": 3, ""sadness"": 0, ""surprise"": 0, ""neutral"": 0}",3,5,0.6,0
202,neutral,neutral,disgust,Or you end up getting innocent Chinese civillians who were just browsing reddit arrested and have their organs contributed to the system.,"{""admiration"": 0, ""amusement"": 0, ""anger"": 0, ""annoyance"": 0, ""approval"": 0, ""caring"": 0, ""confusion"": 0, ""curiosity"": 0, ""desire"": 0, ""disappointment"": 0, ""disapproval"": 0, ""disgust"": 2, ""embarrassment"": 0, ""excitement"": 0, ""fear"": 0, ""gratitude"": 0, ""grief"": 0, ""joy"": 0, ""love"": 0, ""nervousness"": 0, ""optimism"": 0, ""pride"": 0, ""realization"": 0, ""relief"": 0, ""remorse"": 0, ""sadness"": 0, ""surprise"": 0, ""neutral"": 0}",2,5,0.4,0
203,approval,approval,neutral,"It's a good thing that liopleurodon was actually only about six meters long and went extinct 155,000,000 years ago...","{""admiration"": 0, ""amusement"": 0, ""anger"": 0, ""annoyance"": 0, ""approval"": 0, ""caring"": 0, ""confusion"": 0, ""curiosity"": 0, ""desire"": 0, ""disappointment"": 0, ""disapproval"": 0, ""disgust"": 1, ""embarrassment"": 0, ""excitement"": 0, ""fear"": 0, ""gratitude"": 0, ""grief"": 0, ""joy"": 0, ""love"": 0, ""nervousness"": 0, ""optimism"": 0, ""pride"": 0, ""realization"": 0, ""relief"": 0, ""remorse"": 0, ""sadness"": 0, ""surprise"": 0, ""neutral"": 4}",4,5,0.8,0
204,fear,fear,fear,I’m kind of scared to talk to my manager about it,"{""admiration"": 0, ""amusement"": 0, ""anger"": 0, ""annoyance"": 0, ""approval"": 0, ""caring"": 0, ""confusion"": 0, ""curiosity"": 0, ""desire"": 0, ""disappointment"": 0, ""disapproval"": 0, ""disgust"": 0, ""embarrassment"": 0, ""excitement"": 0, ""fear"": 5, ""gratitude"": 0, ""grief"": 0, ""joy"": 0, ""love"": 0, ""nervousness"": 0, ""optimism"": 0, ""pride"": 0, ""realization"": 0, ""relief"": 0, ""remorse"": 0, ""sadness"": 0, ""surprise"": 0, ""neutral"": 0}",5,5,1.0,1
205,love,love,joy,Loving everyone so far. This is going to be a great season.,"{""admiration"": 1, ""amusement"": 0, ""anger"": 0, ""annoyance"": 0, ""approval"": 0, ""caring"": 0, ""confusion"": 0, ""curiosity"": 0, ""desire"": 0, ""disappointment"": 0, ""disapproval"": 0, ""disgust"": 0, ""embarrassment"": 0, ""excitement"": 0, ""fear"": 0, ""gratitude"": 0, ""grief"": 0, ""joy"": 2, ""love"": 2, ""nervousness"": 0, ""optimism"": 0, ""pride"": 0, ""realization"": 0, ""relief"": 0, ""remorse"": 0, ""sadness"": 0, ""surprise"": 0, ""neutral"": 0}",2,5,0.4,0
206,admiration,admiration,admiration,What a quote. Very perceptive.,"{""admiration"": 5, ""amusement"": 0, ""anger"": 0, ""annoyance"": 0, ""approval"": 0, ""caring"": 0, ""confusion"": 0, ""curiosity"": 0, ""desire"": 0, ""disappointment"": 0, ""disapproval"": 0, ""disgust"": 0, ""embarrassment"": 0, ""excitement"": 0, ""fear"": 0, ""gratitude"": 0, ""grief"": 0, ""joy"": 0, ""love"": 0, ""nervousness"": 0, ""optimism"": 0, ""pride"": 0, ""realization"": 0, ""relief"": 0, ""remorse"": 0, ""sadness"": 0, ""surprise"": 0, ""neutral"": 0}",5,5,1.0,1
207,approval,approval,disappointment,"Damn, [NAME] us just 2 steps behind all the time. It's just a matter of time before he gets some great shots in.","{""admiration"": 0, ""amusement"": 0, ""anger"": 0, ""annoyance"": 0, ""approval"": 0, ""caring"": 0, ""confusion"": 0, ""curiosity"": 0, ""desire"": 0, ""disappointment"": 3, ""disapproval"": 1, ""disgust"": 1, ""embarrassment"": 0, ""excitement"": 0, ""fear"": 0, ""gratitude"": 0, ""grief"": 0, ""joy"": 0, ""love"": 0, ""nervousness"": 0, ""optimism"": 0, ""pride"": 0, ""realization"": 0, ""relief"": 0, ""remorse"": 0, ""sadness"": 0, ""surprise"": 0, ""neutral"": 0}",3,5,0.6,0
208,neutral,neutral,disgust,"Asides from the max number of choices each share, probably being shamed on the internet","{""admiration"": 0, ""amusement"": 0, ""anger"": 0, ""annoyance"": 0, ""approval"": 0, ""caring"": 0, ""confusion"": 0, ""curiosity"": 0, ""desire"": 0, ""disappointment"": 0, ""disapproval"": 0, ""disgust"": 5, ""embarrassment"": 0, ""excitement"": 0, ""fear"": 0, ""gratitude"": 0, ""grief"": 0, ""joy"": 0, ""love"": 0, ""nervousness"": 0, ""optimism"": 0, ""pride"": 0, ""realization"": 0, ""relief"": 0, ""remorse"": 0, ""sadness"": 0, ""surprise"": 0, ""neutral"": 0}",5,5,1.0,0
209,joy,joy,amusement,I live in Canterbury haha,"{""admiration"": 0, ""amusement"": 5, ""anger"": 0, ""annoyance"": 0, ""approval"": 0, ""caring"": 0, ""confusion"": 0, ""curiosity"": 0, ""desire"": 0, ""disappointment"": 0, ""disapproval"": 0, ""disgust"": 0, ""embarrassment"": 0, ""excitement"": 0, ""fear"": 0, ""gratitude"": 0, ""grief"": 0, ""joy"": 0, ""love"": 0, ""nervousness"": 0, ""optimism"": 0, ""pride"": 0, ""realization"": 0, ""relief"": 0, ""remorse"": 0, ""sadness"": 0, ""surprise"": 0, ""neutral"": 0}",5,5,1.0,0
210,gratitude,gratitude,joy,Happy birthday!,"{""admiration"": 2, ""amusement"": 0, ""anger"": 0, ""annoyance"": 0, ""approval"": 0, ""caring"": 0, ""confusion"": 0, ""curiosity"": 0, ""desire"": 0, ""disappointment"": 0, ""disapproval"": 0, ""disgust"": 0, ""embarrassment"": 0, ""excitement"": 0, ""fear"": 0, ""gratitude"": 0, ""grief"": 0, ""joy"": 3, ""love"": 0, ""nervousness"": 0, ""optimism"": 0, ""pride"": 0, ""realization"": 0, ""relief"": 0, ""remorse"": 0, ""sadness"": 0, ""surprise"": 0, ""neutral"": 0}",3,5,0.6,0
211,admiration,admiration,amusement,SKAM was great. I literally binged all of S3 as soon as I got home last night.,"{""admiration"": 0, ""amusement"": 5, ""anger"": 0, ""annoyance"": 0, ""approval"": 0, ""caring"": 0, ""confusion"": 0, ""curiosity"": 0, ""desire"": 0, ""disappointment"": 0, ""disapproval"": 0, ""disgust"": 0, ""embarrassment"": 0, ""excitement"": 0, ""fear"": 0, ""gratitude"": 0, ""grief"": 0, ""joy"": 0, ""love"": 0, ""nervousness"": 0, ""optimism"": 0, ""pride"": 0, ""realization"": 0, ""relief"": 0, ""remorse"": 0, ""sadness"": 0, ""surprise"": 0, ""neutral"": 0}",5,5,1.0,0
212,gratitude,gratitude,gratitude,Thank you for the support!,"{""admiration"": 0, ""amusement"": 0, ""anger"": 0, ""annoyance"": 0, ""approval"": 0, ""caring"": 0, ""confusion"": 0, ""curiosity"": 0, ""desire"": 0, ""disappointment"": 0, ""disapproval"": 0, ""disgust"": 0, ""embarrassment"": 0, ""excitement"": 0, ""fear"": 0, ""gratitude"": 4, ""grief"": 0, ""joy"": 0, ""love"": 1, ""nervousness"": 0, ""optimism"": 0, ""pride"": 0, ""realization"": 0, ""relief"": 0, ""remorse"": 0, ""sadness"": 0, ""surprise"": 0, ""neutral"": 0}",4,5,0.8,1
213,neutral,neutral,disgust,They NEVER guard against that!,"{""admiration"": 0, ""amusement"": 0, ""anger"": 1, ""annoyance"": 0, ""approval"": 0, ""caring"": 0, ""confusion"": 0, ""curiosity"": 0, ""desire"": 0, ""disappointment"": 0, ""disapproval"": 0, ""disgust"": 4, ""embarrassment"": 0, ""excitement"": 0, ""fear"": 0, ""gratitude"": 0, ""grief"": 0, ""joy"": 0, ""love"": 0, ""nervousness"": 0, ""optimism"": 0, ""pride"": 0, ""realization"": 0, ""relief"": 0, ""remorse"": 0, ""sadness"": 0, ""surprise"": 0, ""neutral"": 0}",4,5,0.8,0
214,admiration,admiration,admiration,One of my favorite moments,"{""admiration"": 5, ""amusement"": 0, ""anger"": 0, ""annoyance"": 0, ""approval"": 0, ""caring"": 0, ""confusion"": 0, ""curiosity"": 0, ""desire"": 0, ""disappointment"": 0, ""disapproval"": 0, ""disgust"": 0, ""embarrassment"": 0, ""excitement"": 0, ""fear"": 0, ""gratitude"": 0, ""grief"": 0, ""joy"": 0, ""love"": 0, ""nervousness"": 0, ""optimism"": 0, ""pride"": 0, ""realization"": 0, ""relief"": 0, ""remorse"": 0, ""sadness"": 0, ""surprise"": 0, ""neutral"": 0}",5,5,1.0,1
215,neutral,neutral,anger,Waiting to see angry “pedos” or whatever they call themselves thinking this is fact and melting down over at t_d,"{""admiration"": 0, ""amusement"": 0, ""anger"": 5, ""annoyance"": 0, ""approval"": 0, ""caring"": 0, ""confusion"": 0, ""curiosity"": 0, ""desire"": 0, ""disappointment"": 0, ""disapproval"": 0, ""disgust"": 0, ""embarrassment"": 0, ""excitement"": 0, ""fear"": 0, ""gratitude"": 0, ""grief"": 0, ""joy"": 0, ""love"": 0, ""nervousness"": 0, ""optimism"": 0, ""pride"": 0, ""realization"": 0, ""relief"": 0, ""remorse"": 0, ""sadness"": 0, ""surprise"": 0, ""neutral"": 0}",5,5,1.0,0
216,approval,approval,admiration,"It's finally official, we got [NAME] ","{""admiration"": 2, ""amusement"": 0, ""anger"": 0, ""annoyance"": 0, ""approval"": 1, ""caring"": 0, ""confusion"": 0, ""curiosity"": 0, ""desire"": 0, ""disappointment"": 2, ""disapproval"": 0, ""disgust"": 0, ""embarrassment"": 0, ""excitement"": 0, ""fear"": 0, ""gratitude"": 0, ""grief"": 0, ""joy"": 0, ""love"": 0, ""nervousness"": 0, ""optimism"": 0, ""pride"": 0, ""realization"": 0, ""relief"": 0, ""remorse"": 0, ""sadness"": 0, ""surprise"": 0, ""neutral"": 0}",2,5,0.4,0
217,sadness,sadness,disappointment,What a beautiful memory for you to have found. So sorry for your loss ❤️,"{""admiration"": 0, ""amusement"": 0, ""anger"": 0, ""annoyance"": 0, ""approval"": 0, ""caring"": 0, ""confusion"": 0, ""curiosity"": 0, ""desire"": 0, ""disappointment"": 3, ""disapproval"": 1, ""disgust"": 0, ""embarrassment"": 0, ""excitement"": 0, ""fear"": 0, ""gratitude"": 0, ""grief"": 0, ""joy"": 0, ""love"": 0, ""nervousness"": 0, ""optimism"": 0, ""pride"": 0, ""realization"": 0, ""relief"": 0, ""remorse"": 1, ""sadness"": 0, ""surprise"": 0, ""neutral"": 0}",3,5,0.6,0
218,gratitude,gratitude,neutral,I believe that you can search for providers here. Good luck and good on ya.,"{""admiration"": 0, ""amusement"": 0, ""anger"": 0, ""annoyance"": 0, ""approval"": 0, ""caring"": 0, ""confusion"": 0, ""curiosity"": 0, ""desire"": 0, ""disappointment"": 0, ""disapproval"": 0, ""disgust"": 1, ""embarrassment"": 0, ""excitement"": 0, ""fear"": 0, ""gratitude"": 0, ""grief"": 0, ""joy"": 0, ""love"": 0, ""nervousness"": 0, ""optimism"": 0, ""pride"": 0, ""realization"": 0, ""relief"": 0, ""remorse"": 0, ""sadness"": 0, ""surprise"": 0, ""neutral"": 4}",4,5,0.8,0
219,desire,desire|neutral,disgust,">overt racism of that level would not be tolerated in America My thoughts also. That's why i needed context, its very VERY odd.","{""admiration"": 0, ""amusement"": 0, ""anger"": 0, ""annoyance"": 0, ""approval"": 0, ""caring"": 0, ""confusion"": 0, ""curiosity"": 0, ""desire"": 0, ""disappointment"": 0, ""disapproval"": 0, ""disgust"": 5, ""embarrassment"": 0, ""excitement"": 0, ""fear"": 0, ""gratitude"": 0, ""grief"": 0, ""joy"": 0, ""love"": 0, ""nervousness"": 0, ""optimism"": 0, ""pride"": 0, ""realization"": 0, ""relief"": 0, ""remorse"": 0, ""sadness"": 0, ""surprise"": 0, ""neutral"": 0}",5,5,1.0,0
220,optimism,optimism,disappointment,"I mean, they did just that in Djibouti I believe, and Sri Lanka before. Hopefully Kenya can avoid the debt trap","{""admiration"": 0, ""amusement"": 0, ""anger"": 0, ""annoyance"": 0, ""approval"": 0, ""caring"": 0, ""confusion"": 0, ""curiosity"": 0, ""desire"": 0, ""disappointment"": 2, ""disapproval"": 2, ""disgust"": 0, ""embarrassment"": 0, ""excitement"": 0, ""fear"": 0, ""gratitude"": 0, ""grief"": 0, ""joy"": 0, ""love"": 0, ""nervousness"": 0, ""optimism"": 0, ""pride"": 0, ""realization"": 0, ""relief"": 0, ""remorse"": 0, ""sadness"": 0, ""surprise"": 0, ""neutral"": 1}",2,5,0.4,0
221,admiration,admiration,disgust,Pretty nice to see CONCACAF signing for the CPL.,"{""admiration"": 0, ""amusement"": 0, ""anger"": 0, ""annoyance"": 0, ""approval"": 0, ""caring"": 0, ""confusion"": 0, ""curiosity"": 0, ""desire"": 0, ""disappointment"": 0, ""disapproval"": 0, ""disgust"": 3, ""embarrassment"": 0, ""excitement"": 0, ""fear"": 0, ""gratitude"": 0, ""grief"": 0, ""joy"": 0, ""love"": 0, ""nervousness"": 0, ""optimism"": 0, ""pride"": 0, ""realization"": 0, ""relief"": 0, ""remorse"": 0, ""sadness"": 0, ""surprise"": 0, ""neutral"": 0}",3,5,0.6,0
222,disgust,disgust,disgust,[NAME] is always the dirtiest psychopath,"{""admiration"": 0, ""amusement"": 0, ""anger"": 0, ""annoyance"": 0, ""approval"": 0, ""caring"": 0, ""confusion"": 0, ""curiosity"": 0, ""desire"": 0, ""disappointment"": 0, ""disapproval"": 0, ""disgust"": 5, ""embarrassment"": 0, ""excitement"": 0, ""fear"": 0, ""gratitude"": 0, ""grief"": 0, ""joy"": 0, ""love"": 0, ""nervousness"": 0, ""optimism"": 0, ""pride"": 0, ""realization"": 0, ""relief"": 0, ""remorse"": 0, ""sadness"": 0, ""surprise"": 0, ""neutral"": 0}",5,5,1.0,1
223,neutral,neutral,remorse,We mess up on a draft so we just nvr draft anymore?,"{""admiration"": 0, ""amusement"": 0, ""anger"": 0, ""annoyance"": 0, ""approval"": 0, ""caring"": 0, ""confusion"": 0, ""curiosity"": 0, ""desire"": 0, ""disappointment"": 0, ""disapproval"": 1, ""disgust"": 0, ""embarrassment"": 0, ""excitement"": 0, ""fear"": 0, ""gratitude"": 0, ""grief"": 0, ""joy"": 0, ""love"": 0, ""nervousness"": 0, ""optimism"": 0, ""pride"": 0, ""realization"": 0, ""relief"": 0, ""remorse"": 4, ""sadness"": 0, ""surprise"": 0, ""neutral"": 0}",4,5,0.8,0
224,neutral,neutral,disgust,Kind of strange when one country was nuked and the other wasn't.,"{""admiration"": 0, ""amusement"": 0, ""anger"": 0, ""annoyance"": 0, ""approval"": 0, ""caring"": 0, ""confusion"": 0, ""curiosity"": 0, ""desire"": 0, ""disappointment"": 0, ""disapproval"": 0, ""disgust"": 5, ""embarrassment"": 0, ""excitement"": 0, ""fear"": 0, ""gratitude"": 0, ""grief"": 0, ""joy"": 0, ""love"": 0, ""nervousness"": 0, ""optimism"": 0, ""pride"": 0, ""realization"": 0, ""relief"": 0, ""remorse"": 0, ""sadness"": 0, ""surprise"": 0, ""neutral"": 0}",5,5,1.0,0
225,surprise,surprise,disgust,I was there on the opposite side of the field. I did not believe he made that catch until we saw it later on tv. Unreal.,"{""admiration"": 0, ""amusement"": 0, ""anger"": 0, ""annoyance"": 0, ""approval"": 0, ""caring"": 0, ""confusion"": 0, ""curiosity"": 0, ""desire"": 0, ""disappointment"": 0, ""disapproval"": 0, ""disgust"": 3, ""embarrassment"": 0, ""excitement"": 0, ""fear"": 0, ""gratitude"": 0, ""grief"": 0, ""joy"": 0, ""love"": 0, ""nervousness"": 0, ""optimism"": 0, ""pride"": 0, ""realization"": 0, ""relief"": 0, ""remorse"": 0, ""sadness"": 0, ""surprise"": 2, ""neutral"": 0}",3,5,0.6,0
226,neutral,neutral,disapproval,">Pay workers more and charge customers less. I mean, they're a publicly traded company","{""admiration"": 0, ""amusement"": 0, ""anger"": 0, ""annoyance"": 0, ""approval"": 0, ""caring"": 0, ""confusion"": 0, ""curiosity"": 0, ""desire"": 0, ""disappointment"": 0, ""disapproval"": 3, ""disgust"": 1, ""embarrassment"": 0, ""excitement"": 0, ""fear"": 0, ""gratitude"": 0, ""grief"": 0, ""joy"": 0, ""love"": 0, ""nervousness"": 0, ""optimism"": 0, ""pride"": 0, ""realization"": 0, ""relief"": 0, ""remorse"": 1, ""sadness"": 0, ""surprise"": 0, ""neutral"": 0}",3,5,0.6,0
227,caring,caring,amusement,On days like this you can get an extra scoop. Just to make sure you have the finnnnnessst meals ;),"{""admiration"": 0, ""amusement"": 5, ""anger"": 0, ""annoyance"": 0, ""approval"": 0, ""caring"": 0, ""confusion"": 0, ""curiosity"": 0, ""desire"": 0, ""disappointment"": 0, ""disapproval"": 0, ""disgust"": 0, ""embarrassment"": 0, ""excitement"": 0, ""fear"": 0, ""gratitude"": 0, ""grief"": 0, ""joy"": 0, ""love"": 0, ""nervousness"": 0, ""optimism"": 0, ""pride"": 0, ""realization"": 0, ""relief"": 0, ""remorse"": 0, ""sadness"": 0, ""surprise"": 0, ""neutral"": 0}",5,5,1.0,0
228,neutral,neutral,sadness,I just need a quiet place to hide.,"{""admiration"": 0, ""amusement"": 0, ""anger"": 0, ""annoyance"": 0, ""approval"": 0, ""caring"": 0, ""confusion"": 0, ""curiosity"": 0, ""desire"": 0, ""disappointment"": 1, ""disapproval"": 0, ""disgust"": 0, ""embarrassment"": 0, ""excitement"": 0, ""fear"": 0, ""gratitude"": 0, ""grief"": 0, ""joy"": 0, ""love"": 0, ""nervousness"": 0, ""optimism"": 0, ""pride"": 0, ""realization"": 0, ""relief"": 0, ""remorse"": 0, ""sadness"": 4, ""surprise"": 0, ""neutral"": 0}",4,5,0.8,0
229,desire,desire,remorse,Gah sad high five. I tried once for a few weeks and will never try again. I need that support in my life.,"{""admiration"": 0, ""amusement"": 0, ""anger"": 0, ""annoyance"": 0, ""approval"": 0, ""caring"": 0, ""confusion"": 0, ""curiosity"": 0, ""desire"": 0, ""disappointment"": 1, ""disapproval"": 0, ""disgust"": 0, ""embarrassment"": 0, ""excitement"": 0, ""fear"": 0, ""gratitude"": 0, ""grief"": 0, ""joy"": 0, ""love"": 0, ""nervousness"": 0, ""optimism"": 0, ""pride"": 0, ""realization"": 0, ""relief"": 0, ""remorse"": 2, ""sadness"": 2, ""surprise"": 0, ""neutral"": 0}",2,5,0.4,0
230,caring,caring,anger,Like you said your tired probably mentally and physically. You need a dam break is what it sounds like my friend.,"{""admiration"": 0, ""amusement"": 0, ""anger"": 1, ""annoyance"": 0, ""approval"": 0, ""caring"": 0, ""confusion"": 0, ""curiosity"": 0, ""desire"": 0, ""disappointment"": 1, ""disapproval"": 1, ""disgust"": 1, ""embarrassment"": 0, ""excitement"": 0, ""fear"": 0, ""gratitude"": 0, ""grief"": 0, ""joy"": 0, ""love"": 0, ""nervousness"": 0, ""optimism"": 0, ""pride"": 0, ""realization"": 0, ""relief"": 0, ""remorse"": 1, ""sadness"": 0, ""surprise"": 0, ""neutral"": 0}",1,5,0.2,0
231,gratitude,gratitude,gratitude,Thanks man 🙏🏽,"{""admiration"": 1, ""amusement"": 0, ""anger"": 0, ""annoyance"": 0, ""approval"": 0, ""caring"": 0, ""confusion"": 0, ""curiosity"": 0, ""desire"": 0, ""disappointment"": 0, ""disapproval"": 0, ""disgust"": 0, ""embarrassment"": 0, ""excitement"": 0, ""fear"": 0, ""gratitude"": 4, ""grief"": 0, ""joy"": 0, ""love"": 0, ""nervousness"": 0, ""optimism"": 0, ""pride"": 0, ""realization"": 0, ""relief"": 0, ""remorse"": 0, ""sadness"": 0, ""surprise"": 0, ""neutral"": 0}",4,5,0.8,1
232,neutral,neutral,disgust,You don’t know how many screens it’s playing on in his room,"{""admiration"": 0, ""amusement"": 0, ""anger"": 0, ""annoyance"": 0, ""approval"": 0, ""caring"": 0, ""confusion"": 0, ""curiosity"": 0, ""desire"": 0, ""disappointment"": 0, ""disapproval"": 0, ""disgust"": 5, ""embarrassment"": 0, ""excitement"": 0, ""fear"": 0, ""gratitude"": 0, ""grief"": 0, ""joy"": 0, ""love"": 0, ""nervousness"": 0, ""optimism"": 0, ""pride"": 0, ""realization"": 0, ""relief"": 0, ""remorse"": 0, ""sadness"": 0, ""surprise"": 0, ""neutral"": 0}",5,5,1.0,0
233,neutral,neutral,disgust,“An eye for an eye” Proceeds to take 2 things away from killers,"{""admiration"": 0, ""amusement"": 0, ""anger"": 0, ""annoyance"": 0, ""approval"": 0, ""caring"": 0, ""confusion"": 0, ""curiosity"": 0, ""desire"": 0, ""disappointment"": 0, ""disapproval"": 0, ""disgust"": 3, ""embarrassment"": 0, ""excitement"": 0, ""fear"": 0, ""gratitude"": 0, ""grief"": 0, ""joy"": 0, ""love"": 0, ""nervousness"": 0, ""optimism"": 0, ""pride"": 0, ""realization"": 0, ""relief"": 0, ""remorse"": 2, ""sadness"": 0, ""surprise"": 0, ""neutral"": 0}",3,5,0.6,0
234,realization,realization,admiration,Didn't realize I'm so famous!,"{""admiration"": 3, ""amusement"": 0, ""anger"": 0, ""annoyance"": 0, ""approval"": 0, ""caring"": 0, ""confusion"": 0, ""curiosity"": 0, ""desire"": 0, ""disappointment"": 0, ""disapproval"": 0, ""disgust"": 0, ""embarrassment"": 0, ""excitement"": 0, ""fear"": 0, ""gratitude"": 0, ""grief"": 0, ""joy"": 0, ""love"": 0, ""nervousness"": 0, ""optimism"": 0, ""pride"": 0, ""realization"": 0, ""relief"": 0, ""remorse"": 0, ""sadness"": 0, ""surprise"": 2, ""neutral"": 0}",3,5,0.6,0
235,neutral,neutral,disapproval,There are far more bad ones than good ones. Stepparents that treat their stepchildren as their own are noteworthy for a reason.,"{""admiration"": 0, ""amusement"": 0, ""anger"": 0, ""annoyance"": 0, ""approval"": 0, ""caring"": 0, ""confusion"": 0, ""curiosity"": 0, ""desire"": 0, ""disappointment"": 0, ""disapproval"": 4, ""disgust"": 1, ""embarrassment"": 0, ""excitement"": 0, ""fear"": 0, ""gratitude"": 0, ""grief"": 0, ""joy"": 0, ""love"": 0, ""nervousness"": 0, ""optimism"": 0, ""pride"": 0, ""realization"": 0, ""relief"": 0, ""remorse"": 0, ""sadness"": 0, ""surprise"": 0, ""neutral"": 0}",4,5,0.8,0
236,remorse,remorse,disgust,Read his post again. 'It's more fact based than Fox.' I'm sorry but you might have some extra chromosomes.,"{""admiration"": 0, ""amusement"": 0, ""anger"": 0, ""annoyance"": 0, ""approval"": 0, ""caring"": 0, ""confusion"": 0, ""curiosity"": 0, ""desire"": 0, ""disappointment"": 0, ""disapproval"": 0, ""disgust"": 5, ""embarrassment"": 0, ""excitement"": 0, ""fear"": 0, ""gratitude"": 0, ""grief"": 0, ""joy"": 0, ""love"": 0, ""nervousness"": 0, ""optimism"": 0, ""pride"": 0, ""realization"": 0, ""relief"": 0, ""remorse"": 0, ""sadness"": 0, ""surprise"": 0, ""neutral"": 0}",5,5,1.0,0
237,remorse,remorse,disappointment,"Sorry, new at ","{""admiration"": 0, ""amusement"": 0, ""anger"": 0, ""annoyance"": 0, ""approval"": 0, ""caring"": 0, ""confusion"": 0, ""curiosity"": 0, ""desire"": 0, ""disappointment"": 2, ""disapproval"": 0, ""disgust"": 2, ""embarrassment"": 0, ""excitement"": 0, ""fear"": 0, ""gratitude"": 0, ""grief"": 0, ""joy"": 0, ""love"": 0, ""nervousness"": 0, ""optimism"": 0, ""pride"": 0, ""realization"": 0, ""relief"": 0, ""remorse"": 0, ""sadness"": 0, ""surprise"": 0, ""neutral"": 0}",2,5,0.4,0
238,anger,anger,anger,Yeah that was inexcusable,"{""admiration"": 0, ""amusement"": 0, ""anger"": 3, ""annoyance"": 0, ""approval"": 0, ""caring"": 0, ""confusion"": 0, ""curiosity"": 0, ""desire"": 0, ""disappointment"": 0, ""disapproval"": 0, ""disgust"": 2, ""embarrassment"": 0, ""excitement"": 0, ""fear"": 0, ""gratitude"": 0, ""grief"": 0, ""joy"": 0, ""love"": 0, ""nervousness"": 0, ""optimism"": 0, ""pride"": 0, ""realization"": 0, ""relief"": 0, ""remorse"": 0, ""sadness"": 0, ""surprise"": 0, ""neutral"": 0}",3,5,0.6,1
239,desire,desire,disappointment,"It's my dream to one day have a completely black wardrobe. For now, I'm stuck with the clothes my mom picks out for me.","{""admiration"": 0, ""amusement"": 0, ""anger"": 0, ""annoyance"": 0, ""approval"": 0, ""caring"": 0, ""confusion"": 0, ""curiosity"": 0, ""desire"": 0, ""disappointment"": 2, ""disapproval"": 0, ""disgust"": 0, ""embarrassment"": 0, ""excitement"": 0, ""fear"": 0, ""gratitude"": 0, ""grief"": 0, ""joy"": 0, ""love"": 0, ""nervousness"": 0, ""optimism"": 0, ""pride"": 0, ""realization"": 0, ""relief"": 0, ""remorse"": 0, ""sadness"": 0, ""surprise"": 0, ""neutral"": 0}",2,5,0.4,0
240,confusion,confusion|curiosity|neutral,disapproval,Would any gathering of the Knights of Ren count? Or would they have to officially organize a thing.,"{""admiration"": 0, ""amusement"": 0, ""anger"": 0, ""annoyance"": 0, ""approval"": 0, ""caring"": 0, ""confusion"": 0, ""curiosity"": 0, ""desire"": 0, ""disappointment"": 1, ""disapproval"": 2, ""disgust"": 0, ""embarrassment"": 0, ""excitement"": 0, ""fear"": 0, ""gratitude"": 0, ""grief"": 0, ""joy"": 0, ""love"": 0, ""nervousness"": 0, ""optimism"": 0, ""pride"": 0, ""realization"": 0, ""relief"": 0, ""remorse"": 0, ""sadness"": 0, ""surprise"": 0, ""neutral"": 2}",2,5,0.4,0
241,realization,realization,admiration,*Hey just noticed..* it's your **1st Cakeday** Spottedgriffin! ^(hug),"{""admiration"": 4, ""amusement"": 0, ""anger"": 0, ""annoyance"": 0, ""approval"": 0, ""caring"": 0, ""confusion"": 0, ""curiosity"": 0, ""desire"": 0, ""disappointment"": 0, ""disapproval"": 0, ""disgust"": 0, ""embarrassment"": 0, ""excitement"": 1, ""fear"": 0, ""gratitude"": 0, ""grief"": 0, ""joy"": 0, ""love"": 0, ""nervousness"": 0, ""optimism"": 0, ""pride"": 0, ""realization"": 0, ""relief"": 0, ""remorse"": 0, ""sadness"": 0, ""surprise"": 0, ""neutral"": 0}",4,5,0.8,0
242,admiration,admiration,disapproval,This sub doesn’t like the pro sports teams until they win a championship. Then everyone becomes a die hard fan.,"{""admiration"": 0, ""amusement"": 0, ""anger"": 0, ""annoyance"": 0, ""approval"": 0, ""caring"": 0, ""confusion"": 0, ""curiosity"": 0, ""desire"": 0, ""disappointment"": 0, ""disapproval"": 3, ""disgust"": 1, ""embarrassment"": 0, ""excitement"": 0, ""fear"": 0, ""gratitude"": 0, ""grief"": 0, ""joy"": 0, ""love"": 0, ""nervousness"": 0, ""optimism"": 0, ""pride"": 0, ""realization"": 0, ""relief"": 0, ""remorse"": 0, ""sadness"": 0, ""surprise"": 0, ""neutral"": 0}",3,5,0.6,0
243,neutral,neutral,disapproval,Folks are complaining about the new buses.,"{""admiration"": 0, ""amusement"": 0, ""anger"": 0, ""annoyance"": 0, ""approval"": 0, ""caring"": 0, ""confusion"": 0, ""curiosity"": 0, ""desire"": 0, ""disappointment"": 0, ""disapproval"": 3, ""disgust"": 1, ""embarrassment"": 0, ""excitement"": 0, ""fear"": 0, ""gratitude"": 0, ""grief"": 0, ""joy"": 0, ""love"": 0, ""nervousness"": 0, ""optimism"": 0, ""pride"": 0, ""realization"": 0, ""relief"": 0, ""remorse"": 0, ""sadness"": 0, ""surprise"": 0, ""neutral"": 0}",3,5,0.6,0
244,annoyance,annoyance,disgust,"I got sucked right back into the vicious cycle of love-bombing, gas-lighting and degradation.","{""admiration"": 0, ""amusement"": 0, ""anger"": 0, ""annoyance"": 0, ""approval"": 0, ""caring"": 0, ""confusion"": 0, ""curiosity"": 0, ""desire"": 0, ""disappointment"": 0, ""disapproval"": 1, ""disgust"": 4, ""embarrassment"": 0, ""excitement"": 0, ""fear"": 0, ""gratitude"": 0, ""grief"": 0, ""joy"": 0, ""love"": 0, ""nervousness"": 0, ""optimism"": 0, ""pride"": 0, ""realization"": 0, ""relief"": 0, ""remorse"": 0, ""sadness"": 0, ""surprise"": 0, ""neutral"": 0}",4,5,0.8,0
245,caring,caring|love,admiration,"Dive into that sweet sweet goodness, buddy. View the meetup the woman being lucky to be around you, and it gets much easier.","{""admiration"": 5, ""amusement"": 0, ""anger"": 0, ""annoyance"": 0, ""approval"": 0, ""caring"": 0, ""confusion"": 0, ""curiosity"": 0, ""desire"": 0, ""disappointment"": 0, ""disapproval"": 0, ""disgust"": 0, ""embarrassment"": 0, ""excitement"": 0, ""fear"": 0, ""gratitude"": 0, ""grief"": 0, ""joy"": 0, ""love"": 0, ""nervousness"": 0, ""optimism"": 0, ""pride"": 0, ""realization"": 0, ""relief"": 0, ""remorse"": 0, ""sadness"": 0, ""surprise"": 0, ""neutral"": 0}",5,5,1.0,0
246,realization,realization,remorse,"Oh, I realized that moments after rolling down my window, when his hand came through the space. ","{""admiration"": 0, ""amusement"": 0, ""anger"": 0, ""annoyance"": 0, ""approval"": 0, ""caring"": 0, ""confusion"": 0, ""curiosity"": 0, ""desire"": 0, ""disappointment"": 0, ""disapproval"": 0, ""disgust"": 0, ""embarrassment"": 0, ""excitement"": 0, ""fear"": 0, ""gratitude"": 0, ""grief"": 0, ""joy"": 0, ""love"": 0, ""nervousness"": 0, ""optimism"": 0, ""pride"": 0, ""realization"": 0, ""relief"": 0, ""remorse"": 5, ""sadness"": 0, ""surprise"": 0, ""neutral"": 0}",5,5,1.0,0
247,admiration,admiration,neutral,It’s a nice basket.,"{""admiration"": 0, ""amusement"": 0, ""anger"": 0, ""annoyance"": 0, ""approval"": 0, ""caring"": 0, ""confusion"": 0, ""curiosity"": 0, ""desire"": 0, ""disappointment"": 0, ""disapproval"": 0, ""disgust"": 0, ""embarrassment"": 0, ""excitement"": 0, ""fear"": 0, ""gratitude"": 0, ""grief"": 0, ""joy"": 0, ""love"": 0, ""nervousness"": 0, ""optimism"": 0, ""pride"": 0, ""realization"": 0, ""relief"": 0, ""remorse"": 0, ""sadness"": 0, ""surprise"": 0, ""neutral"": 5}",5,5,1.0,0
248,approval,approval,disapproval,I agree that you need more time in the later turns. But most games it feels like people wait until it is their turn to start thinking.,"{""admiration"": 0, ""amusement"": 0, ""anger"": 0, ""annoyance"": 0, ""approval"": 0, ""caring"": 0, ""confusion"": 0, ""curiosity"": 0, ""desire"": 0, ""disappointment"": 0, ""disapproval"": 4, ""disgust"": 0, ""embarrassment"": 0, ""excitement"": 0, ""fear"": 0, ""gratitude"": 0, ""grief"": 0, ""joy"": 0, ""love"": 0, ""nervousness"": 0, ""optimism"": 0, ""pride"": 0, ""realization"": 0, ""relief"": 0, ""remorse"": 1, ""sadness"": 0, ""surprise"": 0, ""neutral"": 0}",4,5,0.8,0
249,caring,caring|optimism,disgust,Rule 2 of firearms: Never point the muzzle at something unless you’re ready to poke tiny holes in it.,"{""admiration"": 0, ""amusement"": 0, ""anger"": 0, ""annoyance"": 0, ""approval"": 0, ""caring"": 0, ""confusion"": 0, ""curiosity"": 0, ""desire"": 0, ""disappointment"": 0, ""disapproval"": 0, ""disgust"": 5, ""embarrassment"": 0, ""excitement"": 0, ""fear"": 0, ""gratitude"": 0, ""grief"": 0, ""joy"": 0, ""love"": 0, ""nervousness"": 0, ""optimism"": 0, ""pride"": 0, ""realization"": 0, ""relief"": 0, ""remorse"": 0, ""sadness"": 0, ""surprise"": 0, ""neutral"": 0}",5,5,1.0,0
250,neutral,neutral,disgust,TIL I learned there are no drugs or violent incidents in prisons.,"{""admiration"": 0, ""amusement"": 0, ""anger"": 0, ""annoyance"": 0, ""approval"": 0, ""caring"": 0, ""confusion"": 0, ""curiosity"": 0, ""desire"": 0, ""disappointment"": 0, ""disapproval"": 0, ""disgust"": 2, ""embarrassment"": 0, ""excitement"": 0, ""fear"": 0, ""gratitude"": 0, ""grief"": 0, ""joy"": 0, ""love"": 0, ""nervousness"": 0, ""optimism"": 0, ""pride"": 0, ""realization"": 0, ""relief"": 0, ""remorse"": 0, ""sadness"": 0, ""surprise"": 1, ""neutral"": 2}",2,5,0.4,0
251,approval,approval,disgust,"Personally, I prefer my seafood not tainted by oil spills. But you do you!","{""admiration"": 0, ""amusement"": 0, ""anger"": 0, ""annoyance"": 0, ""approval"": 0, ""caring"": 0, ""confusion"": 0, ""curiosity"": 0, ""desire"": 0, ""disappointment"": 0, ""disapproval"": 0, ""disgust"": 5, ""embarrassment"": 0, ""excitement"": 0, ""fear"": 0, ""gratitude"": 0, ""grief"": 0, ""joy"": 0, ""love"": 0, ""nervousness"": 0, ""optimism"": 0, ""pride"": 0, ""realization"": 0, ""relief"": 0, ""remorse"": 0, ""sadness"": 0, ""surprise"": 0, ""neutral"": 0}",5,5,1.0,0
252,disappointment,disappointment|gratitude,remorse,"Ahh well too bad, thanks for sharing. ","{""admiration"": 0, ""amusement"": 0, ""anger"": 0, ""annoyance"": 0, ""approval"": 0, ""caring"": 0, ""confusion"": 0, ""curiosity"": 0, ""desire"": 0, ""disappointment"": 2, ""disapproval"": 0, ""disgust"": 0, ""embarrassment"": 0, ""excitement"": 0, ""fear"": 0, ""gratitude"": 0, ""grief"": 0, ""joy"": 0, ""love"": 0, ""nervousness"": 0, ""optimism"": 0, ""pride"": 0, ""realization"": 0, ""relief"": 0, ""remorse"": 3, ""sadness"": 0, ""surprise"": 0, ""neutral"": 0}",3,5,0.6,0
253,anger,anger,disgust,I do this but but feel better in the end because I use it for procrastination. It's a weird combinational to feel better and worse while cleaning.,"{""admiration"": 0, ""amusement"": 0, ""anger"": 0, ""annoyance"": 0, ""approval"": 0, ""caring"": 0, ""confusion"": 0, ""curiosity"": 0, ""desire"": 0, ""disappointment"": 0, ""disapproval"": 0, ""disgust"": 2, ""embarrassment"": 0, ""excitement"": 0, ""fear"": 0, ""gratitude"": 0, ""grief"": 0, ""joy"": 0, ""love"": 0, ""nervousness"": 0, ""optimism"": 0, ""pride"": 0, ""realization"": 0, ""relief"": 0, ""remorse"": 1, ""sadness"": 0, ""surprise"": 2, ""neutral"": 0}",2,5,0.4,0
254,caring,caring,love,Stay strong friend.,"{""admiration"": 2, ""amusement"": 0, ""anger"": 0, ""annoyance"": 0, ""approval"": 0, ""caring"": 0, ""confusion"": 0, ""curiosity"": 0, ""desire"": 0, ""disappointment"": 0, ""disapproval"": 0, ""disgust"": 0, ""embarrassment"": 0, ""excitement"": 0, ""fear"": 0, ""gratitude"": 0, ""grief"": 0, ""joy"": 0, ""love"": 3, ""nervousness"": 0, ""optimism"": 0, ""pride"": 0, ""realization"": 0, ""relief"": 0, ""remorse"": 0, ""sadness"": 0, ""surprise"": 0, ""neutral"": 0}",3,5,0.6,0
255,admiration,admiration,admiration,I’d love an ג׳‬וליאן if you have time! Good job keep up the hard work,"{""admiration"": 5, ""amusement"": 0, ""anger"": 0, ""annoyance"": 0, ""approval"": 0, ""caring"": 0, ""confusion"": 0, ""curiosity"": 0, ""desire"": 0, ""disappointment"": 0, ""disapproval"": 0, ""disgust"": 0, ""embarrassment"": 0, ""excitement"": 0, ""fear"": 0, ""gratitude"": 0, ""grief"": 0, ""joy"": 0, ""love"": 0, ""nervousness"": 0, ""optimism"": 0, ""pride"": 0, ""realization"": 0, ""relief"": 0, ""remorse"": 0, ""sadness"": 0, ""surprise"": 0, ""neutral"": 0}",5,5,1.0,1
256,amusement,amusement,amusement,lol classic [NAME],"{""admiration"": 0, ""amusement"": 5, ""anger"": 0, ""annoyance"": 0, ""approval"": 0, ""caring"": 0, ""confusion"": 0, ""curiosity"": 0, ""desire"": 0, ""disappointment"": 0, ""disapproval"": 0, ""disgust"": 0, ""embarrassment"": 0, ""excitement"": 0, ""fear"": 0, ""gratitude"": 0, ""grief"": 0, ""joy"": 0, ""love"": 0, ""nervousness"": 0, ""optimism"": 0, ""pride"": 0, ""realization"": 0, ""relief"": 0, ""remorse"": 0, ""sadness"": 0, ""surprise"": 0, ""neutral"": 0}",5,5,1.0,1
257,neutral,neutral,disapproval,"I never disappoint, just ask your mother. ;)","{""admiration"": 0, ""amusement"": 0, ""anger"": 0, ""annoyance"": 0, ""approval"": 0, ""caring"": 0, ""confusion"": 0, ""curiosity"": 0, ""desire"": 0, ""disappointment"": 0, ""disapproval"": 3, ""disgust"": 2, ""embarrassment"": 0, ""excitement"": 0, ""fear"": 0, ""gratitude"": 0, ""grief"": 0, ""joy"": 0, ""love"": 0, ""nervousness"": 0, ""optimism"": 0, ""pride"": 0, ""realization"": 0, ""relief"": 0, ""remorse"": 0, ""sadness"": 0, ""surprise"": 0, ""neutral"": 0}",3,5,0.6,0
258,curiosity,curiosity|neutral,disgust,"She likes sending nudes? I mean, just go with the flow and see what happens. ","{""admiration"": 0, ""amusement"": 0, ""anger"": 0, ""annoyance"": 0, ""approval"": 0, ""caring"": 0, ""confusion"": 0, ""curiosity"": 0, ""desire"": 0, ""disappointment"": 0, ""disapproval"": 0, ""disgust"": 5, ""embarrassment"": 0, ""excitement"": 0, ""fear"": 0, ""gratitude"": 0, ""grief"": 0, ""joy"": 0, ""love"": 0, ""nervousness"": 0, ""optimism"": 0, ""pride"": 0, ""realization"": 0, ""relief"": 0, ""remorse"": 0, ""sadness"": 0, ""surprise"": 0, ""neutral"": 0}",5,5,1.0,0
259,amusement,amusement,amusement,LOL how he not amused?! They dont like the truth haha,"{""admiration"": 0, ""amusement"": 5, ""anger"": 0, ""annoyance"": 0, ""approval"": 0, ""caring"": 0, ""confusion"": 0, ""curiosity"": 0, ""desire"": 0, ""disappointment"": 0, ""disapproval"": 0, ""disgust"": 0, ""embarrassment"": 0, ""excitement"": 0, ""fear"": 0, ""gratitude"": 0, ""grief"": 0, ""joy"": 0, ""love"": 0, ""nervousness"": 0, ""optimism"": 0, ""pride"": 0, ""realization"": 0, ""relief"": 0, ""remorse"": 0, ""sadness"": 0, ""surprise"": 0, ""neutral"": 0}",5,5,1.0,1
260,gratitude,gratitude,remorse,"Was she? Oh, never been good at picking up on stuff like that. Thanks for letting me know!","{""admiration"": 0, ""amusement"": 0, ""anger"": 0, ""annoyance"": 0, ""approval"": 0, ""caring"": 0, ""confusion"": 0, ""curiosity"": 0, ""desire"": 0, ""disappointment"": 1, ""disapproval"": 1, ""disgust"": 0, ""embarrassment"": 0, ""excitement"": 0, ""fear"": 0, ""gratitude"": 0, ""grief"": 0, ""joy"": 0, ""love"": 0, ""nervousness"": 0, ""optimism"": 0, ""pride"": 0, ""realization"": 0, ""relief"": 0, ""remorse"": 2, ""sadness"": 0, ""surprise"": 0, ""neutral"": 1}",2,5,0.4,0
261,amusement,amusement,amusement,Haha i have 2 chinchillas from a manic episode about 8 years ago. They're sweet little things.,"{""admiration"": 1, ""amusement"": 2, ""anger"": 0, ""annoyance"": 0, ""approval"": 0, ""caring"": 0, ""confusion"": 0, ""curiosity"": 0, ""desire"": 0, ""disappointment"": 0, ""disapproval"": 0, ""disgust"": 2, ""embarrassment"": 0, ""excitement"": 0, ""fear"": 0, ""gratitude"": 0, ""grief"": 0, ""joy"": 0, ""love"": 0, ""nervousness"": 0, ""optimism"": 0, ""pride"": 0, ""realization"": 0, ""relief"": 0, ""remorse"": 0, ""sadness"": 0, ""surprise"": 0, ""neutral"": 0}",2,5,0.4,1
262,gratitude,gratitude,approval,Thank you. ❤️ I really appreciate your comment,"{""admiration"": 1, ""amusement"": 0, ""anger"": 0, ""annoyance"": 0, ""approval"": 2, ""caring"": 0, ""confusion"": 0, ""curiosity"": 0, ""desire"": 0, ""disappointment"": 0, ""disapproval"": 0, ""disgust"": 0, ""embarrassment"": 0, ""excitement"": 0, ""fear"": 0, ""gratitude"": 0, ""grief"": 0, ""joy"": 0, ""love"": 2, ""nervousness"": 0, ""optimism"": 0, ""pride"": 0, ""realization"": 0, ""relief"": 0, ""remorse"": 0, ""sadness"": 0, ""surprise"": 0, ""neutral"": 0}",2,5,0.4,0
263,neutral,neutral,neutral,Are you an [NAME] or [NAME]?,"{""admiration"": 0, ""amusement"": 0, ""anger"": 0, ""annoyance"": 0, ""approval"": 0, ""caring"": 0, ""confusion"": 0, ""curiosity"": 0, ""desire"": 0, ""disappointment"": 0, ""disapproval"": 1, ""disgust"": 0, ""embarrassment"": 0, ""excitement"": 0, ""fear"": 0, ""gratitude"": 0, ""grief"": 0, ""joy"": 0, ""love"": 0, ""nervousness"": 0, ""optimism"": 0, ""pride"": 0, ""realization"": 0, ""relief"": 0, ""remorse"": 0, ""sadness"": 0, ""surprise"": 0, ""neutral"": 4}",4,5,0.8,1
264,neutral,neutral,disgust,Actually the Bills’ current uniforms make them look like the 1980-1999 Giants,"{""admiration"": 0, ""amusement"": 0, ""anger"": 0, ""annoyance"": 0, ""approval"": 0, ""caring"": 0, ""confusion"": 0, ""curiosity"": 0, ""desire"": 0, ""disappointment"": 0, ""disapproval"": 0, ""disgust"": 5, ""embarrassment"": 0, ""excitement"": 0, ""fear"": 0, ""gratitude"": 0, ""grief"": 0, ""joy"": 0, ""love"": 0, ""nervousness"": 0, ""optimism"": 0, ""pride"": 0, ""realization"": 0, ""relief"": 0, ""remorse"": 0, ""sadness"": 0, ""surprise"": 0, ""neutral"": 0}",5,5,1.0,0
265,joy,joy,amusement,"😂 i need one too i’m on break and honestly my life revolves around reddit at this point, cake day is special enjoy it! ","{""admiration"": 0, ""amusement"": 5, ""anger"": 0, ""annoyance"": 0, ""approval"": 0, ""caring"": 0, ""confusion"": 0, ""curiosity"": 0, ""desire"": 0, ""disappointment"": 0, ""disapproval"": 0, ""disgust"": 0, ""embarrassment"": 0, ""excitement"": 0, ""fear"": 0, ""gratitude"": 0, ""grief"": 0, ""joy"": 0, ""love"": 0, ""nervousness"": 0, ""optimism"": 0, ""pride"": 0, ""realization"": 0, ""relief"": 0, ""remorse"": 0, ""sadness"": 0, ""surprise"": 0, ""neutral"": 0}",5,5,1.0,0
266,optimism,optimism,disapproval,"There’s no evidence that 12-step programs work any better than no program, so you’re not missing anything if you quit. Good luck.","{""admiration"": 0, ""amusement"": 0, ""anger"": 0, ""annoyance"": 0, ""approval"": 0, ""caring"": 0, ""confusion"": 0, ""curiosity"": 0, ""desire"": 0, ""disappointment"": 0, ""disapproval"": 3, ""disgust"": 1, ""embarrassment"": 0, ""excitement"": 0, ""fear"": 0, ""gratitude"": 0, ""grief"": 0, ""joy"": 0, ""love"": 0, ""nervousness"": 0, ""optimism"": 0, ""pride"": 0, ""realization"": 0, ""relief"": 0, ""remorse"": 0, ""sadness"": 0, ""surprise"": 0, ""neutral"": 1}",3,5,0.6,0
267,neutral,neutral,amusement,We tell our girl friends too when we get asked out :),"{""admiration"": 0, ""amusement"": 5, ""anger"": 0, ""annoyance"": 0, ""approval"": 0, ""caring"": 0, ""confusion"": 0, ""curiosity"": 0, ""desire"": 0, ""disappointment"": 0, ""disapproval"": 0, ""disgust"": 0, ""embarrassment"": 0, ""excitement"": 0, ""fear"": 0, ""gratitude"": 0, ""grief"": 0, ""joy"": 0, ""love"": 0, ""nervousness"": 0, ""optimism"": 0, ""pride"": 0, ""realization"": 0, ""relief"": 0, ""remorse"": 0, ""sadness"": 0, ""surprise"": 0, ""neutral"": 0}",5,5,1.0,0
268,anger,anger,disgust,What the fuck is this about?,"{""admiration"": 0, ""amusement"": 0, ""anger"": 1, ""annoyance"": 0, ""approval"": 0, ""caring"": 0, ""confusion"": 0, ""curiosity"": 0, ""desire"": 0, ""disappointment"": 0, ""disapproval"": 0, ""disgust"": 4, ""embarrassment"": 0, ""excitement"": 0, ""fear"": 0, ""gratitude"": 0, ""grief"": 0, ""joy"": 0, ""love"": 0, ""nervousness"": 0, ""optimism"": 0, ""pride"": 0, ""realization"": 0, ""relief"": 0, ""remorse"": 0, ""sadness"": 0, ""surprise"": 0, ""neutral"": 0}",4,5,0.8,0
269,annoyance,annoyance,disgust,"Apparently, you'd want an Alberta with a censor on what we read. Bully for you.","{""admiration"": 0, ""amusement"": 0, ""anger"": 0, ""annoyance"": 0, ""approval"": 0, ""caring"": 0, ""confusion"": 0, ""curiosity"": 0, ""desire"": 0, ""disappointment"": 0, ""disapproval"": 0, ""disgust"": 5, ""embarrassment"": 0, ""excitement"": 0, ""fear"": 0, ""gratitude"": 0, ""grief"": 0, ""joy"": 0, ""love"": 0, ""nervousness"": 0, ""optimism"": 0, ""pride"": 0, ""realization"": 0, ""relief"": 0, ""remorse"": 0, ""sadness"": 0, ""surprise"": 0, ""neutral"": 0}",5,5,1.0,0
270,disapproval,disapproval,disappointment,Doesn't mean we can't improve on what we have,"{""admiration"": 0, ""amusement"": 0, ""anger"": 0, ""annoyance"": 0, ""approval"": 0, ""caring"": 0, ""confusion"": 0, ""curiosity"": 0, ""desire"": 0, ""disappointment"": 3, ""disapproval"": 0, ""disgust"": 0, ""embarrassment"": 0, ""excitement"": 0, ""fear"": 0, ""gratitude"": 0, ""grief"": 0, ""joy"": 0, ""love"": 0, ""nervousness"": 0, ""optimism"": 0, ""pride"": 0, ""realization"": 0, ""relief"": 0, ""remorse"": 2, ""sadness"": 0, ""surprise"": 0, ""neutral"": 0}",3,5,0.6,0
271,neutral,neutral,disgust,Yeah that does not mean anything It’s a wallet that they have been using with another exchange and they use it to send money to you.,"{""admiration"": 0, ""amusement"": 0, ""anger"": 0, ""annoyance"": 0, ""approval"": 0, ""caring"": 0, ""confusion"": 0, ""curiosity"": 0, ""desire"": 0, ""disappointment"": 1, ""disapproval"": 1, ""disgust"": 3, ""embarrassment"": 0, ""excitement"": 0, ""fear"": 0, ""gratitude"": 0, ""grief"": 0, ""joy"": 0, ""love"": 0, ""nervousness"": 0, ""optimism"": 0, ""pride"": 0, ""realization"": 0, ""relief"": 0, ""remorse"": 0, ""sadness"": 0, ""surprise"": 0, ""neutral"": 0}",3,5,0.6,0
272,neutral,neutral,disgust,That looks like food for a 12 year old.,"{""admiration"": 0, ""amusement"": 0, ""anger"": 0, ""annoyance"": 0, ""approval"": 0, ""caring"": 0, ""confusion"": 0, ""curiosity"": 0, ""desire"": 0, ""disappointment"": 0, ""disapproval"": 0, ""disgust"": 5, ""embarrassment"": 0, ""excitement"": 0, ""fear"": 0, ""gratitude"": 0, ""grief"": 0, ""joy"": 0, ""love"": 0, ""nervousness"": 0, ""optimism"": 0, ""pride"": 0, ""realization"": 0, ""relief"": 0, ""remorse"": 0, ""sadness"": 0, ""surprise"": 0, ""neutral"": 0}",5,5,1.0,0
273,confusion,confusion,neutral,Does windows xp count as odd or even?,"{""admiration"": 0, ""amusement"": 0, ""anger"": 0, ""annoyance"": 0, ""approval"": 0, ""caring"": 0, ""confusion"": 0, ""curiosity"": 0, ""desire"": 0, ""disappointment"": 0, ""disapproval"": 0, ""disgust"": 0, ""embarrassment"": 0, ""excitement"": 0, ""fear"": 0, ""gratitude"": 0, ""grief"": 0, ""joy"": 0, ""love"": 0, ""nervousness"": 0, ""optimism"": 0, ""pride"": 0, ""realization"": 0, ""relief"": 0, ""remorse"": 0, ""sadness"": 0, ""surprise"": 0, ""neutral"": 5}",5,5,1.0,0
274,realization,realization|neutral,disgust,"You probably just have a fashion preference, if you arn't dysphoric about it then you don't have another gender really. ","{""admiration"": 0, ""amusement"": 0, ""anger"": 0, ""annoyance"": 0, ""approval"": 0, ""caring"": 0, ""confusion"": 0, ""curiosity"": 0, ""desire"": 0, ""disappointment"": 0, ""disapproval"": 1, ""disgust"": 4, ""embarrassment"": 0, ""excitement"": 0, ""fear"": 0, ""gratitude"": 0, ""grief"": 0, ""joy"": 0, ""love"": 0, ""nervousness"": 0, ""optimism"": 0, ""pride"": 0, ""realization"": 0, ""relief"": 0, ""remorse"": 0, ""sadness"": 0, ""surprise"": 0, ""neutral"": 0}",4,5,0.8,0
275,disapproval,disapproval,disapproval,Not at all. I'm not going to argue with someone who doesn't understand what a strawman is.,"{""admiration"": 0, ""amusement"": 0, ""anger"": 0, ""annoyance"": 0, ""approval"": 0, ""caring"": 0, ""confusion"": 0, ""curiosity"": 0, ""desire"": 0, ""disappointment"": 0, ""disapproval"": 4, ""disgust"": 1, ""embarrassment"": 0, ""excitement"": 0, ""fear"": 0, ""gratitude"": 0, ""grief"": 0, ""joy"": 0, ""love"": 0, ""nervousness"": 0, ""optimism"": 0, ""pride"": 0, ""realization"": 0, ""relief"": 0, ""remorse"": 0, ""sadness"": 0, ""surprise"": 0, ""neutral"": 0}",4,5,0.8,1
276,neutral,neutral,disgust,I can't stand having my motives questioned.,"{""admiration"": 0, ""amusement"": 0, ""anger"": 1, ""annoyance"": 0, ""approval"": 0, ""caring"": 0, ""confusion"": 0, ""curiosity"": 0, ""desire"": 0, ""disappointment"": 0, ""disapproval"": 0, ""disgust"": 4, ""embarrassment"": 0, ""excitement"": 0, ""fear"": 0, ""gratitude"": 0, ""grief"": 0, ""joy"": 0, ""love"": 0, ""nervousness"": 0, ""optimism"": 0, ""pride"": 0, ""realization"": 0, ""relief"": 0, ""remorse"": 0, ""sadness"": 0, ""surprise"": 0, ""neutral"": 0}",4,5,0.8,0
277,pride,pride,sadness,I have no shame in saying I still have my blanket from when I was a child. And a favorite [NAME] plushie.,"{""admiration"": 0, ""amusement"": 0, ""anger"": 0, ""annoyance"": 0, ""approval"": 0, ""caring"": 0, ""confusion"": 0, ""curiosity"": 0, ""desire"": 0, ""disappointment"": 0, ""disapproval"": 0, ""disgust"": 1, ""embarrassment"": 0, ""excitement"": 0, ""fear"": 0, ""gratitude"": 0, ""grief"": 0, ""joy"": 0, ""love"": 0, ""nervousness"": 0, ""optimism"": 0, ""pride"": 0, ""realization"": 0, ""relief"": 0, ""remorse"": 1, ""sadness"": 2, ""surprise"": 0, ""neutral"": 1}",2,5,0.4,0
278,annoyance,annoyance|neutral,disgust,It would be a little less irritating if the 10 cents you pay if you want some paper bags didn't go to the government as a tax.,"{""admiration"": 0, ""amusement"": 0, ""anger"": 0, ""annoyance"": 0, ""approval"": 0, ""caring"": 0, ""confusion"": 0, ""curiosity"": 0, ""desire"": 0, ""disappointment"": 0, ""disapproval"": 1, ""disgust"": 4, ""embarrassment"": 0, ""excitement"": 0, ""fear"": 0, ""gratitude"": 0, ""grief"": 0, ""joy"": 0, ""love"": 0, ""nervousness"": 0, ""optimism"": 0, ""pride"": 0, ""realization"": 0, ""relief"": 0, ""remorse"": 0, ""sadness"": 0, ""surprise"": 0, ""neutral"": 0}",4,5,0.8,0
279,love,love,love,"""You're my best friend in the whole world Mister [NAME]."" *meows for food*","{""admiration"": 2, ""amusement"": 0, ""anger"": 0, ""annoyance"": 0, ""approval"": 0, ""caring"": 0, ""confusion"": 0, ""curiosity"": 0, ""desire"": 0, ""disappointment"": 0, ""disapproval"": 0, ""disgust"": 0, ""embarrassment"": 0, ""excitement"": 0, ""fear"": 0, ""gratitude"": 0, ""grief"": 0, ""joy"": 0, ""love"": 3, ""nervousness"": 0, ""optimism"": 0, ""pride"": 0, ""realization"": 0, ""relief"": 0, ""remorse"": 0, ""sadness"": 0, ""surprise"": 0, ""neutral"": 0}",3,5,0.6,1
280,neutral,neutral,disgust,If you bought it from Levi’s I think they do it for free at their flagship store,"{""admiration"": 0, ""amusement"": 0, ""anger"": 0, ""annoyance"": 0, ""approval"": 0, ""caring"": 0, ""confusion"": 0, ""curiosity"": 0, ""desire"": 0, ""disappointment"": 0, ""disapproval"": 1, ""disgust"": 3, ""embarrassment"": 0, ""excitement"": 0, ""fear"": 0, ""gratitude"": 0, ""grief"": 0, ""joy"": 0, ""love"": 0, ""nervousness"": 0, ""optimism"": 0, ""pride"": 0, ""realization"": 0, ""relief"": 0, ""remorse"": 0, ""sadness"": 0, ""surprise"": 0, ""neutral"": 0}",3,5,0.6,0
281,approval,approval,approval,"My point is that IQ basically works. As with literally everything, there are flaws, but it's not junk science. ","{""admiration"": 0, ""amusement"": 0, ""anger"": 0, ""annoyance"": 0, ""approval"": 3, ""caring"": 0, ""confusion"": 0, ""curiosity"": 0, ""desire"": 0, ""disappointment"": 0, ""disapproval"": 0, ""disgust"": 0, ""embarrassment"": 0, ""excitement"": 0, ""fear"": 0, ""gratitude"": 0, ""grief"": 0, ""joy"": 0, ""love"": 0, ""nervousness"": 0, ""optimism"": 1, ""pride"": 0, ""realization"": 0, ""relief"": 0, ""remorse"": 0, ""sadness"": 0, ""surprise"": 0, ""neutral"": 1}",3,5,0.6,1
282,annoyance,annoyance|optimism,disgust,"Eh, I think that i'd rather jerk off tbh..","{""admiration"": 0, ""amusement"": 0, ""anger"": 0, ""annoyance"": 0, ""approval"": 0, ""caring"": 0, ""confusion"": 0, ""curiosity"": 0, ""desire"": 0, ""disappointment"": 0, ""disapproval"": 0, ""disgust"": 5, ""embarrassment"": 0, ""excitement"": 0, ""fear"": 0, ""gratitude"": 0, ""grief"": 0, ""joy"": 0, ""love"": 0, ""nervousness"": 0, ""optimism"": 0, ""pride"": 0, ""realization"": 0, ""relief"": 0, ""remorse"": 0, ""sadness"": 0, ""surprise"": 0, ""neutral"": 0}",5,5,1.0,0
283,annoyance,annoyance,disapproval,"If you can't see how the mass killing of Landlords is related to Communist ideology, there is really no point discussing further.","{""admiration"": 0, ""amusement"": 0, ""anger"": 0, ""annoyance"": 0, ""approval"": 0, ""caring"": 0, ""confusion"": 0, ""curiosity"": 0, ""desire"": 0, ""disappointment"": 0, ""disapproval"": 4, ""disgust"": 1, ""embarrassment"": 0, ""excitement"": 0, ""fear"": 0, ""gratitude"": 0, ""grief"": 0, ""joy"": 0, ""love"": 0, ""nervousness"": 0, ""optimism"": 0, ""pride"": 0, ""realization"": 0, ""relief"": 0, ""remorse"": 0, ""sadness"": 0, ""surprise"": 0, ""neutral"": 0}",4,5,0.8,0
284,neutral,neutral,disapproval,[NAME]. Think there’s some controversy over how common that was though,"{""admiration"": 0, ""amusement"": 0, ""anger"": 0, ""annoyance"": 0, ""approval"": 0, ""caring"": 0, ""confusion"": 0, ""curiosity"": 0, ""desire"": 0, ""disappointment"": 0, ""disapproval"": 3, ""disgust"": 1, ""embarrassment"": 0, ""excitement"": 0, ""fear"": 0, ""gratitude"": 0, ""grief"": 0, ""joy"": 0, ""love"": 0, ""nervousness"": 0, ""optimism"": 0, ""pride"": 0, ""realization"": 0, ""relief"": 0, ""remorse"": 0, ""sadness"": 0, ""surprise"": 0, ""neutral"": 1}",3,5,0.6,0
285,neutral,neutral,amusement,Myers Briggs test is like the star sign for a different kind of nerd,"{""admiration"": 0, ""amusement"": 4, ""anger"": 0, ""annoyance"": 0, ""approval"": 0, ""caring"": 0, ""confusion"": 0, ""curiosity"": 0, ""desire"": 0, ""disappointment"": 0, ""disapproval"": 0, ""disgust"": 0, ""embarrassment"": 0, ""excitement"": 0, ""fear"": 0, ""gratitude"": 0, ""grief"": 0, ""joy"": 0, ""love"": 0, ""nervousness"": 0, ""optimism"": 0, ""pride"": 0, ""realization"": 0, ""relief"": 0, ""remorse"": 0, ""sadness"": 0, ""surprise"": 1, ""neutral"": 0}",4,5,0.8,0
286,neutral,neutral,disgust,"""We need more content."" ""OK. here's some ballerina shoes.""","{""admiration"": 0, ""amusement"": 1, ""anger"": 0, ""annoyance"": 0, ""approval"": 0, ""caring"": 0, ""confusion"": 0, ""curiosity"": 0, ""desire"": 0, ""disappointment"": 0, ""disapproval"": 1, ""disgust"": 2, ""embarrassment"": 0, ""excitement"": 0, ""fear"": 0, ""gratitude"": 0, ""grief"": 0, ""joy"": 0, ""love"": 0, ""nervousness"": 0, ""optimism"": 0, ""pride"": 0, ""realization"": 0, ""relief"": 0, ""remorse"": 0, ""sadness"": 0, ""surprise"": 0, ""neutral"": 0}",2,5,0.4,0
287,admiration,admiration,disapproval,"We are by far the greatest team the world has ever seen, we are just having a rough patch.","{""admiration"": 1, ""amusement"": 0, ""anger"": 0, ""annoyance"": 0, ""approval"": 0, ""caring"": 0, ""confusion"": 0, ""curiosity"": 0, ""desire"": 0, ""disappointment"": 1, ""disapproval"": 3, ""disgust"": 0, ""embarrassment"": 0, ""excitement"": 0, ""fear"": 0, ""gratitude"": 0, ""grief"": 0, ""joy"": 0, ""love"": 0, ""nervousness"": 0, ""optimism"": 0, ""pride"": 0, ""realization"": 0, ""relief"": 0, ""remorse"": 0, ""sadness"": 0, ""surprise"": 0, ""neutral"": 0}",3,5,0.6,0
288,admiration,admiration,disapproval,"Yeah, I'll admit I like Kuzma. [NAME] does kind of remind me of a less talented [NAME].","{""admiration"": 0, ""amusement"": 0, ""anger"": 0, ""annoyance"": 0, ""approval"": 0, ""caring"": 0, ""confusion"": 0, ""curiosity"": 0, ""desire"": 0, ""disappointment"": 0, ""disapproval"": 2, ""disgust"": 1, ""embarrassment"": 0, ""excitement"": 0, ""fear"": 0, ""gratitude"": 0, ""grief"": 0, ""joy"": 0, ""love"": 0, ""nervousness"": 0, ""optimism"": 0, ""pride"": 0, ""realization"": 0, ""relief"": 0, ""remorse"": 0, ""sadness"": 0, ""surprise"": 0, ""neutral"": 0}",2,5,0.4,0
289,sadness,sadness,anger,I'm literally screaming.,"{""admiration"": 0, ""amusement"": 0, ""anger"": 5, ""annoyance"": 0, ""approval"": 0, ""caring"": 0, ""confusion"": 0, ""curiosity"": 0, ""desire"": 0, ""disappointment"": 0, ""disapproval"": 0, ""disgust"": 0, ""embarrassment"": 0, ""excitement"": 0, ""fear"": 0, ""gratitude"": 0, ""grief"": 0, ""joy"": 0, ""love"": 0, ""nervousness"": 0, ""optimism"": 0, ""pride"": 0, ""realization"": 0, ""relief"": 0, ""remorse"": 0, ""sadness"": 0, ""surprise"": 0, ""neutral"": 0}",5,5,1.0,0
290,sadness,sadness,embarrassment,I’m so sorry 🤪,"{""admiration"": 0, ""amusement"": 0, ""anger"": 0, ""annoyance"": 0, ""approval"": 0, ""caring"": 0, ""confusion"": 0, ""curiosity"": 0, ""desire"": 0, ""disappointment"": 0, ""disapproval"": 0, ""disgust"": 0, ""embarrassment"": 4, ""excitement"": 0, ""fear"": 0, ""gratitude"": 0, ""grief"": 0, ""joy"": 0, ""love"": 0, ""nervousness"": 0, ""optimism"": 0, ""pride"": 0, ""realization"": 0, ""relief"": 0, ""remorse"": 1, ""sadness"": 0, ""surprise"": 0, ""neutral"": 0}",4,5,0.8,0
291,neutral,neutral,disgust,You're not really pissing anyone off. Mostly we just pity you.,"{""admiration"": 0, ""amusement"": 0, ""anger"": 0, ""annoyance"": 0, ""approval"": 0, ""caring"": 0, ""confusion"": 0, ""curiosity"": 0, ""desire"": 0, ""disappointment"": 0, ""disapproval"": 0, ""disgust"": 5, ""embarrassment"": 0, ""excitement"": 0, ""fear"": 0, ""gratitude"": 0, ""grief"": 0, ""joy"": 0, ""love"": 0, ""nervousness"": 0, ""optimism"": 0, ""pride"": 0, ""realization"": 0, ""relief"": 0, ""remorse"": 0, ""sadness"": 0, ""surprise"": 0, ""neutral"": 0}",5,5,1.0,0
292,optimism,optimism,surprise,I get wound up over completely imagined conversations too 😅 I'm trying to meditate and learn to stop myself from going down the rabbit hole.,"{""admiration"": 0, ""amusement"": 0, ""anger"": 1, ""annoyance"": 0, ""approval"": 0, ""caring"": 0, ""confusion"": 1, ""curiosity"": 0, ""desire"": 0, ""disappointment"": 1, ""disapproval"": 0, ""disgust"": 0, ""embarrassment"": 0, ""excitement"": 0, ""fear"": 0, ""gratitude"": 0, ""grief"": 0, ""joy"": 0, ""love"": 0, ""nervousness"": 0, ""optimism"": 0, ""pride"": 0, ""realization"": 0, ""relief"": 0, ""remorse"": 0, ""sadness"": 0, ""surprise"": 2, ""neutral"": 0}",2,5,0.4,0
293,neutral,neutral,disgust,"Was going to say, that’s common practice for most women’s health appointments to help deal with relationship abuse.","{""admiration"": 0, ""amusement"": 0, ""anger"": 0, ""annoyance"": 0, ""approval"": 0, ""caring"": 0, ""confusion"": 0, ""curiosity"": 0, ""desire"": 0, ""disappointment"": 0, ""disapproval"": 1, ""disgust"": 3, ""embarrassment"": 0, ""excitement"": 0, ""fear"": 0, ""gratitude"": 0, ""grief"": 0, ""joy"": 0, ""love"": 0, ""nervousness"": 0, ""optimism"": 0, ""pride"": 0, ""realization"": 0, ""relief"": 0, ""remorse"": 1, ""sadness"": 0, ""surprise"": 0, ""neutral"": 0}",3,5,0.6,0
294,amusement,amusement,amusement,"Lmao. Fuck, you got me good.","{""admiration"": 0, ""amusement"": 4, ""anger"": 0, ""annoyance"": 0, ""approval"": 0, ""caring"": 0, ""confusion"": 0, ""curiosity"": 0, ""desire"": 0, ""disappointment"": 0, ""disapproval"": 0, ""disgust"": 1, ""embarrassment"": 0, ""excitement"": 0, ""fear"": 0, ""gratitude"": 0, ""grief"": 0, ""joy"": 0, ""love"": 0, ""nervousness"": 0, ""optimism"": 0, ""pride"": 0, ""realization"": 0, ""relief"": 0, ""remorse"": 0, ""sadness"": 0, ""surprise"": 0, ""neutral"": 0}",4,5,0.8,1
295,joy,joy,joy,"Seriously, it really made me happy! I hope when OP scrolled through she felt a little tingle of happiness too.","{""admiration"": 0, ""amusement"": 0, ""anger"": 0, ""annoyance"": 0, ""approval"": 0, ""caring"": 0, ""confusion"": 0, ""curiosity"": 0, ""desire"": 0, ""disappointment"": 0, ""disapproval"": 0, ""disgust"": 0, ""embarrassment"": 0, ""excitement"": 0, ""fear"": 0, ""gratitude"": 0, ""grief"": 0, ""joy"": 5, ""love"": 0, ""nervousness"": 0, ""optimism"": 0, ""pride"": 0, ""realization"": 0, ""relief"": 0, ""remorse"": 0, ""sadness"": 0, ""surprise"": 0, ""neutral"": 0}",5,5,1.0,1
296,amusement,amusement,amusement,This made me snort while laughing. Well done!,"{""admiration"": 0, ""amusement"": 5, ""anger"": 0, ""annoyance"": 0, ""approval"": 0, ""caring"": 0, ""confusion"": 0, ""curiosity"": 0, ""desire"": 0, ""disappointment"": 0, ""disapproval"": 0, ""disgust"": 0, ""embarrassment"": 0, ""excitement"": 0, ""fear"": 0, ""gratitude"": 0, ""grief"": 0, ""joy"": 0, ""love"": 0, ""nervousness"": 0, ""optimism"": 0, ""pride"": 0, ""realization"": 0, ""relief"": 0, ""remorse"": 0, ""sadness"": 0, ""surprise"": 0, ""neutral"": 0}",5,5,1.0,1
297,optimism,optimism,disgust,Usually they dont even show up when you call them and they are a rare sight in the city. Good luck finding one.,"{""admiration"": 0, ""amusement"": 0, ""anger"": 0, ""annoyance"": 0, ""approval"": 0, ""caring"": 0, ""confusion"": 0, ""curiosity"": 0, ""desire"": 0, ""disappointment"": 2, ""disapproval"": 0, ""disgust"": 3, ""embarrassment"": 0, ""excitement"": 0, ""fear"": 0, ""gratitude"": 0, ""grief"": 0, ""joy"": 0, ""love"": 0, ""nervousness"": 0, ""optimism"": 0, ""pride"": 0, ""realization"": 0, ""relief"": 0, ""remorse"": 0, ""sadness"": 0, ""surprise"": 0, ""neutral"": 0}",3,5,0.6,0
298,amusement,amusement,admiration,Hunting would at least be more rewarding and fun. Every time I wanna meal prep in RDO I just horseback ride and lock-on to deer.,"{""admiration"": 4, ""amusement"": 0, ""anger"": 0, ""annoyance"": 0, ""approval"": 0, ""caring"": 0, ""confusion"": 0, ""curiosity"": 0, ""desire"": 0, ""disappointment"": 0, ""disapproval"": 0, ""disgust"": 0, ""embarrassment"": 0, ""excitement"": 1, ""fear"": 0, ""gratitude"": 0, ""grief"": 0, ""joy"": 0, ""love"": 0, ""nervousness"": 0, ""optimism"": 0, ""pride"": 0, ""realization"": 0, ""relief"": 0, ""remorse"": 0, ""sadness"": 0, ""surprise"": 0, ""neutral"": 0}",4,5,0.8,0
299,approval,approval,disappointment,"You are correct, this happens everytime to me","{""admiration"": 0, ""amusement"": 0, ""anger"": 0, ""annoyance"": 0, ""approval"": 0, ""caring"": 0, ""confusion"": 0, ""curiosity"": 0, ""desire"": 0, ""disappointment"": 3, ""disapproval"": 0, ""disgust"": 0, ""embarrassment"": 0, ""excitement"": 0, ""fear"": 0, ""gratitude"": 0, ""grief"": 0, ""joy"": 0, ""love"": 0, ""nervousness"": 0, ""optimism"": 0, ""pride"": 0, ""realization"": 0, ""relief"": 0, ""remorse"": 2, ""sadness"": 0, ""surprise"": 0, ""neutral"": 0}",3,5,0.6,0
300,curiosity,curiosity|gratitude,neutral,How many wins are they into those ranks and at what winrate. Regardless thanks for the info.,"{""admiration"": 0, ""amusement"": 0, ""anger"": 0, ""annoyance"": 0, ""approval"": 0, ""caring"": 0, ""confusion"": 0, ""curiosity"": 0, ""desire"": 0, ""disappointment"": 0, ""disapproval"": 1, ""disgust"": 0, ""embarrassment"": 0, ""excitement"": 0, ""fear"": 0, ""gratitude"": 0, ""grief"": 0, ""joy"": 0, ""love"": 0, ""nervousness"": 0, ""optimism"": 0, ""pride"": 0, ""realization"": 0, ""relief"": 0, ""remorse"": 0, ""sadness"": 0, ""surprise"": 0, ""neutral"": 4}",4,5,0.8,0
301,neutral,neutral,disgust,Whatever it is it’s not even worth hearing,"{""admiration"": 0, ""amusement"": 0, ""anger"": 0, ""annoyance"": 0, ""approval"": 0, ""caring"": 0, ""confusion"": 0, ""curiosity"": 0, ""desire"": 0, ""disappointment"": 0, ""disapproval"": 0, ""disgust"": 5, ""embarrassment"": 0, ""excitement"": 0, ""fear"": 0, ""gratitude"": 0, ""grief"": 0, ""joy"": 0, ""love"": 0, ""nervousness"": 0, ""optimism"": 0, ""pride"": 0, ""realization"": 0, ""relief"": 0, ""remorse"": 0, ""sadness"": 0, ""surprise"": 0, ""neutral"": 0}",5,5,1.0,0
302,fear,fear|neutral,disgust,Try wearing something unattractive when that student is around.,"{""admiration"": 0, ""amusement"": 0, ""anger"": 0, ""annoyance"": 0, ""approval"": 0, ""caring"": 0, ""confusion"": 0, ""curiosity"": 0, ""desire"": 0, ""disappointment"": 0, ""disapproval"": 2, ""disgust"": 3, ""embarrassment"": 0, ""excitement"": 0, ""fear"": 0, ""gratitude"": 0, ""grief"": 0, ""joy"": 0, ""love"": 0, ""nervousness"": 0, ""optimism"": 0, ""pride"": 0, ""realization"": 0, ""relief"": 0, ""remorse"": 0, ""sadness"": 0, ""surprise"": 0, ""neutral"": 0}",3,5,0.6,0
303,surprise,surprise,disgust,Omfg. I meant [NAME],"{""admiration"": 0, ""amusement"": 0, ""anger"": 0, ""annoyance"": 0, ""approval"": 0, ""caring"": 0, ""confusion"": 0, ""curiosity"": 0, ""desire"": 0, ""disappointment"": 0, ""disapproval"": 0, ""disgust"": 5, ""embarrassment"": 0, ""excitement"": 0, ""fear"": 0, ""gratitude"": 0, ""grief"": 0, ""joy"": 0, ""love"": 0, ""nervousness"": 0, ""optimism"": 0, ""pride"": 0, ""realization"": 0, ""relief"": 0, ""remorse"": 0, ""sadness"": 0, ""surprise"": 0, ""neutral"": 0}",5,5,1.0,0
304,neutral,neutral,disgust,It really do be like that sometimes,"{""admiration"": 0, ""amusement"": 0, ""anger"": 0, ""annoyance"": 0, ""approval"": 0, ""caring"": 0, ""confusion"": 0, ""curiosity"": 0, ""desire"": 0, ""disappointment"": 1, ""disapproval"": 0, ""disgust"": 2, ""embarrassment"": 0, ""excitement"": 0, ""fear"": 0, ""gratitude"": 0, ""grief"": 0, ""joy"": 0, ""love"": 0, ""nervousness"": 0, ""optimism"": 0, ""pride"": 0, ""realization"": 0, ""relief"": 0, ""remorse"": 0, ""sadness"": 0, ""surprise"": 1, ""neutral"": 1}",2,5,0.4,0
305,disgust,disgust,disgust,"[NAME] fucking [NAME] are you done yet racist motherfucker, you’re not helping society","{""admiration"": 0, ""amusement"": 0, ""anger"": 0, ""annoyance"": 0, ""approval"": 0, ""caring"": 0, ""confusion"": 0, ""curiosity"": 0, ""desire"": 0, ""disappointment"": 0, ""disapproval"": 0, ""disgust"": 5, ""embarrassment"": 0, ""excitement"": 0, ""fear"": 0, ""gratitude"": 0, ""grief"": 0, ""joy"": 0, ""love"": 0, ""nervousness"": 0, ""optimism"": 0, ""pride"": 0, ""realization"": 0, ""relief"": 0, ""remorse"": 0, ""sadness"": 0, ""surprise"": 0, ""neutral"": 0}",5,5,1.0,1
306,neutral,neutral,disapproval,"Well, no- the person serving you already provided ID to get the job, so they’ve already confirmed their age","{""admiration"": 0, ""amusement"": 0, ""anger"": 0, ""annoyance"": 0, ""approval"": 0, ""caring"": 0, ""confusion"": 0, ""curiosity"": 0, ""desire"": 0, ""disappointment"": 0, ""disapproval"": 5, ""disgust"": 0, ""embarrassment"": 0, ""excitement"": 0, ""fear"": 0, ""gratitude"": 0, ""grief"": 0, ""joy"": 0, ""love"": 0, ""nervousness"": 0, ""optimism"": 0, ""pride"": 0, ""realization"": 0, ""relief"": 0, ""remorse"": 0, ""sadness"": 0, ""surprise"": 0, ""neutral"": 0}",5,5,1.0,0
307,curiosity,curiosity|gratitude,admiration,"That’s an interesting take. Thank you for giving me some perspective, never saw it like that. ","{""admiration"": 3, ""amusement"": 0, ""anger"": 0, ""annoyance"": 0, ""approval"": 0, ""caring"": 0, ""confusion"": 0, ""curiosity"": 0, ""desire"": 0, ""disappointment"": 0, ""disapproval"": 0, ""disgust"": 0, ""embarrassment"": 0, ""excitement"": 0, ""fear"": 0, ""gratitude"": 0, ""grief"": 0, ""joy"": 0, ""love"": 0, ""nervousness"": 0, ""optimism"": 1, ""pride"": 0, ""realization"": 0, ""relief"": 0, ""remorse"": 0, ""sadness"": 0, ""surprise"": 1, ""neutral"": 0}",3,5,0.6,0
308,neutral,neutral,admiration,These style skins remind me so much of hollow knight,"{""admiration"": 5, ""amusement"": 0, ""anger"": 0, ""annoyance"": 0, ""approval"": 0, ""caring"": 0, ""confusion"": 0, ""curiosity"": 0, ""desire"": 0, ""disappointment"": 0, ""disapproval"": 0, ""disgust"": 0, ""embarrassment"": 0, ""excitement"": 0, ""fear"": 0, ""gratitude"": 0, ""grief"": 0, ""joy"": 0, ""love"": 0, ""nervousness"": 0, ""optimism"": 0, ""pride"": 0, ""realization"": 0, ""relief"": 0, ""remorse"": 0, ""sadness"": 0, ""surprise"": 0, ""neutral"": 0}",5,5,1.0,0
309,neutral,neutral,admiration,"Witness me, I will ride historic, dusty and lacquered, on the country road","{""admiration"": 4, ""amusement"": 0, ""anger"": 0, ""annoyance"": 0, ""approval"": 0, ""caring"": 0, ""confusion"": 0, ""curiosity"": 0, ""desire"": 0, ""disappointment"": 0, ""disapproval"": 0, ""disgust"": 1, ""embarrassment"": 0, ""excitement"": 0, ""fear"": 0, ""gratitude"": 0, ""grief"": 0, ""joy"": 0, ""love"": 0, ""nervousness"": 0, ""optimism"": 0, ""pride"": 0, ""realization"": 0, ""relief"": 0, ""remorse"": 0, ""sadness"": 0, ""surprise"": 0, ""neutral"": 0}",4,5,0.8,0
310,neutral,neutral,disgust,I'm trying to get you laid. Maybe then you'd stop acting like the giant douchebag you are.,"{""admiration"": 0, ""amusement"": 0, ""anger"": 1, ""annoyance"": 0, ""approval"": 0, ""caring"": 0, ""confusion"": 0, ""curiosity"": 0, ""desire"": 0, ""disappointment"": 0, ""disapproval"": 0, ""disgust"": 4, ""embarrassment"": 0, ""excitement"": 0, ""fear"": 0, ""gratitude"": 0, ""grief"": 0, ""joy"": 0, ""love"": 0, ""nervousness"": 0, ""optimism"": 0, ""pride"": 0, ""realization"": 0, ""relief"": 0, ""remorse"": 0, ""sadness"": 0, ""surprise"": 0, ""neutral"": 0}",4,5,0.8,0
311,neutral,neutral,neutral,Dude this is a repost from [NAME] you can see When you go into the comments,"{""admiration"": 0, ""amusement"": 0, ""anger"": 0, ""annoyance"": 0, ""approval"": 0, ""caring"": 0, ""confusion"": 0, ""curiosity"": 0, ""desire"": 0, ""disappointment"": 1, ""disapproval"": 1, ""disgust"": 1, ""embarrassment"": 0, ""excitement"": 0, ""fear"": 0, ""gratitude"": 0, ""grief"": 0, ""joy"": 0, ""love"": 0, ""nervousness"": 0, ""optimism"": 0, ""pride"": 0, ""realization"": 0, ""relief"": 0, ""remorse"": 0, ""sadness"": 0, ""surprise"": 0, ""neutral"": 2}",2,5,0.4,1
312,neutral,neutral,neutral,I came.,"{""admiration"": 0, ""amusement"": 0, ""anger"": 0, ""annoyance"": 0, ""approval"": 0, ""caring"": 0, ""confusion"": 0, ""curiosity"": 0, ""desire"": 0, ""disappointment"": 0, ""disapproval"": 0, ""disgust"": 1, ""embarrassment"": 0, ""excitement"": 0, ""fear"": 0, ""gratitude"": 0, ""grief"": 0, ""joy"": 0, ""love"": 0, ""nervousness"": 0, ""optimism"": 0, ""pride"": 0, ""realization"": 0, ""relief"": 0, ""remorse"": 0, ""sadness"": 0, ""surprise"": 0, ""neutral"": 4}",4,5,0.8,1
313,neutral,neutral,amusement,xD Add it to the meme list guys,"{""admiration"": 0, ""amusement"": 5, ""anger"": 0, ""annoyance"": 0, ""approval"": 0, ""caring"": 0, ""confusion"": 0, ""curiosity"": 0, ""desire"": 0, ""disappointment"": 0, ""disapproval"": 0, ""disgust"": 0, ""embarrassment"": 0, ""excitement"": 0, ""fear"": 0, ""gratitude"": 0, ""grief"": 0, ""joy"": 0, ""love"": 0, ""nervousness"": 0, ""optimism"": 0, ""pride"": 0, ""realization"": 0, ""relief"": 0, ""remorse"": 0, ""sadness"": 0, ""surprise"": 0, ""neutral"": 0}",5,5,1.0,0
314,love,love,love,[NAME] is such a gift. I love him.,"{""admiration"": 0, ""amusement"": 0, ""anger"": 0, ""annoyance"": 0, ""approval"": 0, ""caring"": 0, ""confusion"": 0, ""curiosity"": 0, ""desire"": 0, ""disappointment"": 0, ""disapproval"": 0, ""disgust"": 0, ""embarrassment"": 0, ""excitement"": 0, ""fear"": 0, ""gratitude"": 0, ""grief"": 0, ""joy"": 0, ""love"": 5, ""nervousness"": 0, ""optimism"": 0, ""pride"": 0, ""realization"": 0, ""relief"": 0, ""remorse"": 0, ""sadness"": 0, ""surprise"": 0, ""neutral"": 0}",5,5,1.0,1
315,love,love,disgust,Sounds really boring so I hope you like it,"{""admiration"": 0, ""amusement"": 0, ""anger"": 0, ""annoyance"": 0, ""approval"": 0, ""caring"": 0, ""confusion"": 0, ""curiosity"": 0, ""desire"": 0, ""disappointment"": 0, ""disapproval"": 1, ""disgust"": 2, ""embarrassment"": 0, ""excitement"": 0, ""fear"": 0, ""gratitude"": 0, ""grief"": 0, ""joy"": 0, ""love"": 0, ""nervousness"": 0, ""optimism"": 0, ""pride"": 0, ""realization"": 0, ""relief"": 0, ""remorse"": 0, ""sadness"": 0, ""surprise"": 0, ""neutral"": 0}",2,5,0.4,0
316,curiosity,curiosity,disappointment,Is that what happens is [NAME] route? I chose [NAME] and he only does once.,"{""admiration"": 0, ""amusement"": 0, ""anger"": 0, ""annoyance"": 0, ""approval"": 0, ""caring"": 0, ""confusion"": 0, ""curiosity"": 0, ""desire"": 0, ""disappointment"": 5, ""disapproval"": 0, ""disgust"": 0, ""embarrassment"": 0, ""excitement"": 0, ""fear"": 0, ""gratitude"": 0, ""grief"": 0, ""joy"": 0, ""love"": 0, ""nervousness"": 0, ""optimism"": 0, ""pride"": 0, ""realization"": 0, ""relief"": 0, ""remorse"": 0, ""sadness"": 0, ""surprise"": 0, ""neutral"": 0}",5,5,1.0,0
317,admiration,admiration,neutral,"Good potatoes, good pasta.","{""admiration"": 0, ""amusement"": 0, ""anger"": 0, ""annoyance"": 0, ""approval"": 0, ""caring"": 0, ""confusion"": 0, ""curiosity"": 0, ""desire"": 0, ""disappointment"": 0, ""disapproval"": 0, ""disgust"": 1, ""embarrassment"": 0, ""excitement"": 0, ""fear"": 0, ""gratitude"": 0, ""grief"": 0, ""joy"": 0, ""love"": 0, ""nervousness"": 0, ""optimism"": 0, ""pride"": 0, ""realization"": 0, ""relief"": 0, ""remorse"": 0, ""sadness"": 0, ""surprise"": 0, ""neutral"": 4}",4,5,0.8,0
318,neutral,neutral,disappointment,Tell me a couple,"{""admiration"": 0, ""amusement"": 0, ""anger"": 0, ""annoyance"": 0, ""approval"": 0, ""caring"": 0, ""confusion"": 1, ""curiosity"": 0, ""desire"": 0, ""disappointment"": 3, ""disapproval"": 0, ""disgust"": 0, ""embarrassment"": 0, ""excitement"": 0, ""fear"": 0, ""gratitude"": 0, ""grief"": 0, ""joy"": 0, ""love"": 0, ""nervousness"": 0, ""optimism"": 0, ""pride"": 0, ""realization"": 0, ""relief"": 0, ""remorse"": 0, ""sadness"": 0, ""surprise"": 1, ""neutral"": 0}",3,5,0.6,0
319,annoyance,annoyance,disgust,"Omg, *please*","{""admiration"": 0, ""amusement"": 0, ""anger"": 0, ""annoyance"": 0, ""approval"": 0, ""caring"": 0, ""confusion"": 0, ""curiosity"": 0, ""desire"": 0, ""disappointment"": 0, ""disapproval"": 0, ""disgust"": 4, ""embarrassment"": 0, ""excitement"": 0, ""fear"": 0, ""gratitude"": 0, ""grief"": 0, ""joy"": 0, ""love"": 0, ""nervousness"": 0, ""optimism"": 0, ""pride"": 0, ""realization"": 0, ""relief"": 0, ""remorse"": 1, ""sadness"": 0, ""surprise"": 0, ""neutral"": 0}",4,5,0.8,0
320,neutral,neutral,disgust,It was a tweet a while back.,"{""admiration"": 0, ""amusement"": 0, ""anger"": 0, ""annoyance"": 0, ""approval"": 0, ""caring"": 0, ""confusion"": 1, ""curiosity"": 0, ""desire"": 0, ""disappointment"": 0, ""disapproval"": 0, ""disgust"": 3, ""embarrassment"": 0, ""excitement"": 0, ""fear"": 0, ""gratitude"": 0, ""grief"": 0, ""joy"": 0, ""love"": 0, ""nervousness"": 0, ""optimism"": 0, ""pride"": 0, ""realization"": 0, ""relief"": 0, ""remorse"": 0, ""sadness"": 0, ""surprise"": 1, ""neutral"": 0}",3,5,0.6,0
321,joy,joy,admiration,Glad to see [NAME] back,"{""admiration"": 2, ""amusement"": 0, ""anger"": 0, ""annoyance"": 0, ""approval"": 0, ""caring"": 0, ""confusion"": 0, ""curiosity"": 0, ""desire"": 0, ""disappointment"": 0, ""disapproval"": 0, ""disgust"": 1, ""embarrassment"": 0, ""excitement"": 0, ""fear"": 0, ""gratitude"": 0, ""grief"": 0, ""joy"": 1, ""love"": 1, ""nervousness"": 0, ""optimism"": 0, ""pride"": 0, ""realization"": 0, ""relief"": 0, ""remorse"": 0, ""sadness"": 0, ""surprise"": 0, ""neutral"": 0}",2,5,0.4,0
322,neutral,neutral,disgust,You're naive if you think they won't balance it out somehow in the future.,"{""admiration"": 0, ""amusement"": 0, ""anger"": 0, ""annoyance"": 0, ""approval"": 0, ""caring"": 0, ""confusion"": 0, ""curiosity"": 0, ""desire"": 0, ""disappointment"": 0, ""disapproval"": 0, ""disgust"": 5, ""embarrassment"": 0, ""excitement"": 0, ""fear"": 0, ""gratitude"": 0, ""grief"": 0, ""joy"": 0, ""love"": 0, ""nervousness"": 0, ""optimism"": 0, ""pride"": 0, ""realization"": 0, ""relief"": 0, ""remorse"": 0, ""sadness"": 0, ""surprise"": 0, ""neutral"": 0}",5,5,1.0,0
323,disgust,disgust,ABSTAIN,Yea this past season her outfits were horrid,"{""admiration"": 0, ""amusement"": 0, ""anger"": 0, ""annoyance"": 0, ""approval"": 0, ""caring"": 0, ""confusion"": 0, ""curiosity"": 0, ""desire"": 0, ""disappointment"": 0, ""disapproval"": 0, ""disgust"": 0, ""embarrassment"": 0, ""excitement"": 0, ""fear"": 0, ""gratitude"": 0, ""grief"": 0, ""joy"": 0, ""love"": 0, ""nervousness"": 0, ""optimism"": 0, ""pride"": 0, ""realization"": 0, ""relief"": 0, ""remorse"": 0, ""sadness"": 0, ""surprise"": 0, ""neutral"": 0}",0,5,0.0,0
324,annoyance,annoyance|neutral,disgust,This really circled my jerk,"{""admiration"": 0, ""amusement"": 0, ""anger"": 0, ""annoyance"": 0, ""approval"": 0, ""caring"": 0, ""confusion"": 0, ""curiosity"": 0, ""desire"": 0, ""disappointment"": 0, ""disapproval"": 0, ""disgust"": 5, ""embarrassment"": 0, ""excitement"": 0, ""fear"": 0, ""gratitude"": 0, ""grief"": 0, ""joy"": 0, ""love"": 0, ""nervousness"": 0, ""optimism"": 0, ""pride"": 0, ""realization"": 0, ""relief"": 0, ""remorse"": 0, ""sadness"": 0, ""surprise"": 0, ""neutral"": 0}",5,5,1.0,0
325,neutral,neutral,disgust,Nor are they common in the UK. Never seen one in the middle.,"{""admiration"": 0, ""amusement"": 0, ""anger"": 0, ""annoyance"": 0, ""approval"": 0, ""caring"": 0, ""confusion"": 0, ""curiosity"": 0, ""desire"": 0, ""disappointment"": 1, ""disapproval"": 0, ""disgust"": 4, ""embarrassment"": 0, ""excitement"": 0, ""fear"": 0, ""gratitude"": 0, ""grief"": 0, ""joy"": 0, ""love"": 0, ""nervousness"": 0, ""optimism"": 0, ""pride"": 0, ""realization"": 0, ""relief"": 0, ""remorse"": 0, ""sadness"": 0, ""surprise"": 0, ""neutral"": 0}",4,5,0.8,0
326,confusion,confusion,neutral,I don't understand how her hair is 'too light' or how that effects the concealer.,"{""admiration"": 0, ""amusement"": 0, ""anger"": 0, ""annoyance"": 0, ""approval"": 0, ""caring"": 0, ""confusion"": 0, ""curiosity"": 0, ""desire"": 0, ""disappointment"": 0, ""disapproval"": 0, ""disgust"": 2, ""embarrassment"": 0, ""excitement"": 0, ""fear"": 0, ""gratitude"": 0, ""grief"": 0, ""joy"": 0, ""love"": 0, ""nervousness"": 0, ""optimism"": 0, ""pride"": 0, ""realization"": 0, ""relief"": 0, ""remorse"": 0, ""sadness"": 0, ""surprise"": 0, ""neutral"": 3}",3,5,0.6,0
327,love,love,love,I love it,"{""admiration"": 0, ""amusement"": 0, ""anger"": 0, ""annoyance"": 0, ""approval"": 0, ""caring"": 0, ""confusion"": 0, ""curiosity"": 0, ""desire"": 0, ""disappointment"": 0, ""disapproval"": 0, ""disgust"": 0, ""embarrassment"": 0, ""excitement"": 0, ""fear"": 0, ""gratitude"": 0, ""grief"": 0, ""joy"": 0, ""love"": 5, ""nervousness"": 0, ""optimism"": 0, ""pride"": 0, ""realization"": 0, ""relief"": 0, ""remorse"": 0, ""sadness"": 0, ""surprise"": 0, ""neutral"": 0}",5,5,1.0,1
328,joy,joy,disgust,"Wow, so he was pulling his own little mini [NAME] scam. Explains why he couldn't use your reporting tool.","{""admiration"": 0, ""amusement"": 0, ""anger"": 0, ""annoyance"": 0, ""approval"": 0, ""caring"": 0, ""confusion"": 0, ""curiosity"": 0, ""desire"": 0, ""disappointment"": 0, ""disapproval"": 0, ""disgust"": 5, ""embarrassment"": 0, ""excitement"": 0, ""fear"": 0, ""gratitude"": 0, ""grief"": 0, ""joy"": 0, ""love"": 0, ""nervousness"": 0, ""optimism"": 0, ""pride"": 0, ""realization"": 0, ""relief"": 0, ""remorse"": 0, ""sadness"": 0, ""surprise"": 0, ""neutral"": 0}",5,5,1.0,0
329,annoyance,annoyance|neutral,disgust,Watching [NAME] flip his head back every poke of contact is possibly the most frustrating thing to watch,"{""admiration"": 0, ""amusement"": 0, ""anger"": 0, ""annoyance"": 0, ""approval"": 0, ""caring"": 0, ""confusion"": 0, ""curiosity"": 0, ""desire"": 0, ""disappointment"": 0, ""disapproval"": 0, ""disgust"": 4, ""embarrassment"": 0, ""excitement"": 0, ""fear"": 0, ""gratitude"": 0, ""grief"": 0, ""joy"": 0, ""love"": 0, ""nervousness"": 0, ""optimism"": 0, ""pride"": 0, ""realization"": 0, ""relief"": 0, ""remorse"": 0, ""sadness"": 0, ""surprise"": 0, ""neutral"": 0}",4,5,0.8,0
330,disapproval,disapproval,disapproval,"I don't think either of them is a bad director. They are both bad writers, though.","{""admiration"": 0, ""amusement"": 0, ""anger"": 0, ""annoyance"": 0, ""approval"": 0, ""caring"": 0, ""confusion"": 0, ""curiosity"": 0, ""desire"": 0, ""disappointment"": 0, ""disapproval"": 3, ""disgust"": 0, ""embarrassment"": 0, ""excitement"": 0, ""fear"": 0, ""gratitude"": 0, ""grief"": 0, ""joy"": 0, ""love"": 0, ""nervousness"": 0, ""optimism"": 0, ""pride"": 0, ""realization"": 0, ""relief"": 0, ""remorse"": 0, ""sadness"": 0, ""surprise"": 0, ""neutral"": 2}",3,5,0.6,1
331,admiration,admiration,disgust,excuse me what. [NAME] played midfield pretty much the entire half of last season for Liverpool,"{""admiration"": 1, ""amusement"": 0, ""anger"": 0, ""annoyance"": 0, ""approval"": 0, ""caring"": 0, ""confusion"": 0, ""curiosity"": 0, ""desire"": 0, ""disappointment"": 0, ""disapproval"": 0, ""disgust"": 4, ""embarrassment"": 0, ""excitement"": 0, ""fear"": 0, ""gratitude"": 0, ""grief"": 0, ""joy"": 0, ""love"": 0, ""nervousness"": 0, ""optimism"": 0, ""pride"": 0, ""realization"": 0, ""relief"": 0, ""remorse"": 0, ""sadness"": 0, ""surprise"": 0, ""neutral"": 0}",4,5,0.8,0
332,approval,approval,amusement,Hahahahhahhaha!!! Thats the right wing in a nutshell.....,"{""admiration"": 0, ""amusement"": 5, ""anger"": 0, ""annoyance"": 0, ""approval"": 0, ""caring"": 0, ""confusion"": 0, ""curiosity"": 0, ""desire"": 0, ""disappointment"": 0, ""disapproval"": 0, ""disgust"": 0, ""embarrassment"": 0, ""excitement"": 0, ""fear"": 0, ""gratitude"": 0, ""grief"": 0, ""joy"": 0, ""love"": 0, ""nervousness"": 0, ""optimism"": 0, ""pride"": 0, ""realization"": 0, ""relief"": 0, ""remorse"": 0, ""sadness"": 0, ""surprise"": 0, ""neutral"": 0}",5,5,1.0,0
333,excitement,excitement|neutral,disgust,I'm not too excited to see [NAME] and [NAME] throwback offense again. Run 3 times punt and play great defense. Zzzzzz.,"{""admiration"": 0, ""amusement"": 0, ""anger"": 0, ""annoyance"": 0, ""approval"": 0, ""caring"": 0, ""confusion"": 0, ""curiosity"": 0, ""desire"": 0, ""disappointment"": 0, ""disapproval"": 0, ""disgust"": 5, ""embarrassment"": 0, ""excitement"": 0, ""fear"": 0, ""gratitude"": 0, ""grief"": 0, ""joy"": 0, ""love"": 0, ""nervousness"": 0, ""optimism"": 0, ""pride"": 0, ""realization"": 0, ""relief"": 0, ""remorse"": 0, ""sadness"": 0, ""surprise"": 0, ""neutral"": 0}",5,5,1.0,0
334,joy,joy,admiration,Enjoy it! You have a good one for your first!,"{""admiration"": 5, ""amusement"": 0, ""anger"": 0, ""annoyance"": 0, ""approval"": 0, ""caring"": 0, ""confusion"": 0, ""curiosity"": 0, ""desire"": 0, ""disappointment"": 0, ""disapproval"": 0, ""disgust"": 0, ""embarrassment"": 0, ""excitement"": 0, ""fear"": 0, ""gratitude"": 0, ""grief"": 0, ""joy"": 0, ""love"": 0, ""nervousness"": 0, ""optimism"": 0, ""pride"": 0, ""realization"": 0, ""relief"": 0, ""remorse"": 0, ""sadness"": 0, ""surprise"": 0, ""neutral"": 0}",5,5,1.0,0
335,admiration,admiration|amusement,amusement,Lol looks delicious,"{""admiration"": 0, ""amusement"": 5, ""anger"": 0, ""annoyance"": 0, ""approval"": 0, ""caring"": 0, ""confusion"": 0, ""curiosity"": 0, ""desire"": 0, ""disappointment"": 0, ""disapproval"": 0, ""disgust"": 0, ""embarrassment"": 0, ""excitement"": 0, ""fear"": 0, ""gratitude"": 0, ""grief"": 0, ""joy"": 0, ""love"": 0, ""nervousness"": 0, ""optimism"": 0, ""pride"": 0, ""realization"": 0, ""relief"": 0, ""remorse"": 0, ""sadness"": 0, ""surprise"": 0, ""neutral"": 0}",5,5,1.0,1
336,neutral,neutral,disgust,Most non immigrants won't do farm work for peanuts either,"{""admiration"": 0, ""amusement"": 0, ""anger"": 0, ""annoyance"": 0, ""approval"": 0, ""caring"": 0, ""confusion"": 0, ""curiosity"": 0, ""desire"": 0, ""disappointment"": 0, ""disapproval"": 0, ""disgust"": 5, ""embarrassment"": 0, ""excitement"": 0, ""fear"": 0, ""gratitude"": 0, ""grief"": 0, ""joy"": 0, ""love"": 0, ""nervousness"": 0, ""optimism"": 0, ""pride"": 0, ""realization"": 0, ""relief"": 0, ""remorse"": 0, ""sadness"": 0, ""surprise"": 0, ""neutral"": 0}",5,5,1.0,0
337,neutral,neutral,disappointment,I already told him off and typing the number into Facebook came back with a whole bunch of nothing.,"{""admiration"": 0, ""amusement"": 0, ""anger"": 0, ""annoyance"": 0, ""approval"": 0, ""caring"": 0, ""confusion"": 0, ""curiosity"": 0, ""desire"": 0, ""disappointment"": 5, ""disapproval"": 0, ""disgust"": 0, ""embarrassment"": 0, ""excitement"": 0, ""fear"": 0, ""gratitude"": 0, ""grief"": 0, ""joy"": 0, ""love"": 0, ""nervousness"": 0, ""optimism"": 0, ""pride"": 0, ""realization"": 0, ""relief"": 0, ""remorse"": 0, ""sadness"": 0, ""surprise"": 0, ""neutral"": 0}",5,5,1.0,0
338,joy,joy,admiration,Happy MLK day,"{""admiration"": 3, ""amusement"": 0, ""anger"": 0, ""annoyance"": 0, ""approval"": 0, ""caring"": 0, ""confusion"": 0, ""curiosity"": 0, ""desire"": 0, ""disappointment"": 0, ""disapproval"": 0, ""disgust"": 1, ""embarrassment"": 0, ""excitement"": 0, ""fear"": 0, ""gratitude"": 0, ""grief"": 0, ""joy"": 1, ""love"": 0, ""nervousness"": 0, ""optimism"": 0, ""pride"": 0, ""realization"": 0, ""relief"": 0, ""remorse"": 0, ""sadness"": 0, ""surprise"": 0, ""neutral"": 0}",3,5,0.6,0
339,sadness,sadness,disappointment,If that’s true it’s very desperate. You would think he had some better way of communicating.,"{""admiration"": 0, ""amusement"": 0, ""anger"": 0, ""annoyance"": 0, ""approval"": 0, ""caring"": 0, ""confusion"": 0, ""curiosity"": 0, ""desire"": 0, ""disappointment"": 3, ""disapproval"": 1, ""disgust"": 1, ""embarrassment"": 0, ""excitement"": 0, ""fear"": 0, ""gratitude"": 0, ""grief"": 0, ""joy"": 0, ""love"": 0, ""nervousness"": 0, ""optimism"": 0, ""pride"": 0, ""realization"": 0, ""relief"": 0, ""remorse"": 0, ""sadness"": 0, ""surprise"": 0, ""neutral"": 0}",3,5,0.6,0
340,annoyance,annoyance,disgust,Borrowed time is stupid,"{""admiration"": 0, ""amusement"": 0, ""anger"": 0, ""annoyance"": 0, ""approval"": 0, ""caring"": 0, ""confusion"": 0, ""curiosity"": 0, ""desire"": 0, ""disappointment"": 0, ""disapproval"": 0, ""disgust"": 5, ""embarrassment"": 0, ""excitement"": 0, ""fear"": 0, ""gratitude"": 0, ""grief"": 0, ""joy"": 0, ""love"": 0, ""nervousness"": 0, ""optimism"": 0, ""pride"": 0, ""realization"": 0, ""relief"": 0, ""remorse"": 0, ""sadness"": 0, ""surprise"": 0, ""neutral"": 0}",5,5,1.0,0
341,neutral,neutral,disapproval,"Ah, that's why they say don't run in the corridor","{""admiration"": 0, ""amusement"": 0, ""anger"": 0, ""annoyance"": 0, ""approval"": 0, ""caring"": 0, ""confusion"": 0, ""curiosity"": 0, ""desire"": 0, ""disappointment"": 0, ""disapproval"": 2, ""disgust"": 2, ""embarrassment"": 0, ""excitement"": 0, ""fear"": 0, ""gratitude"": 0, ""grief"": 0, ""joy"": 0, ""love"": 0, ""nervousness"": 0, ""optimism"": 0, ""pride"": 0, ""realization"": 0, ""relief"": 0, ""remorse"": 1, ""sadness"": 0, ""surprise"": 0, ""neutral"": 0}",2,5,0.4,0
342,annoyance,annoyance,disgust,[NAME] fucking practice and watch some tutorials before fucking up a $100 bottle of French champagne,"{""admiration"": 0, ""amusement"": 0, ""anger"": 1, ""annoyance"": 0, ""approval"": 0, ""caring"": 0, ""confusion"": 0, ""curiosity"": 0, ""desire"": 0, ""disappointment"": 0, ""disapproval"": 0, ""disgust"": 4, ""embarrassment"": 0, ""excitement"": 0, ""fear"": 0, ""gratitude"": 0, ""grief"": 0, ""joy"": 0, ""love"": 0, ""nervousness"": 0, ""optimism"": 0, ""pride"": 0, ""realization"": 0, ""relief"": 0, ""remorse"": 0, ""sadness"": 0, ""surprise"": 0, ""neutral"": 0}",4,5,0.8,0
343,neutral,neutral,disgust,I look at him as a performer but he's still human tho.,"{""admiration"": 1, ""amusement"": 0, ""anger"": 0, ""annoyance"": 0, ""approval"": 0, ""caring"": 0, ""confusion"": 0, ""curiosity"": 0, ""desire"": 0, ""disappointment"": 0, ""disapproval"": 0, ""disgust"": 3, ""embarrassment"": 0, ""excitement"": 0, ""fear"": 0, ""gratitude"": 0, ""grief"": 0, ""joy"": 0, ""love"": 0, ""nervousness"": 0, ""optimism"": 0, ""pride"": 0, ""realization"": 0, ""relief"": 0, ""remorse"": 0, ""sadness"": 0, ""surprise"": 0, ""neutral"": 1}",3,5,0.6,0
344,optimism,optimism|neutral,disappointment,[NAME] and [NAME] had equally good chances when they were on the same line in the first/second period - they just didn't convert.,"{""admiration"": 0, ""amusement"": 0, ""anger"": 0, ""annoyance"": 0, ""approval"": 0, ""caring"": 0, ""confusion"": 0, ""curiosity"": 0, ""desire"": 0, ""disappointment"": 5, ""disapproval"": 0, ""disgust"": 0, ""embarrassment"": 0, ""excitement"": 0, ""fear"": 0, ""gratitude"": 0, ""grief"": 0, ""joy"": 0, ""love"": 0, ""nervousness"": 0, ""optimism"": 0, ""pride"": 0, ""realization"": 0, ""relief"": 0, ""remorse"": 0, ""sadness"": 0, ""surprise"": 0, ""neutral"": 0}",5,5,1.0,0
345,excitement,excitement,disgust,*OOH* *AH* *OW*,"{""admiration"": 0, ""amusement"": 0, ""anger"": 0, ""annoyance"": 0, ""approval"": 0, ""caring"": 0, ""confusion"": 0, ""curiosity"": 0, ""desire"": 0, ""disappointment"": 0, ""disapproval"": 0, ""disgust"": 5, ""embarrassment"": 0, ""excitement"": 0, ""fear"": 0, ""gratitude"": 0, ""grief"": 0, ""joy"": 0, ""love"": 0, ""nervousness"": 0, ""optimism"": 0, ""pride"": 0, ""realization"": 0, ""relief"": 0, ""remorse"": 0, ""sadness"": 0, ""surprise"": 0, ""neutral"": 0}",5,5,1.0,0
346,curiosity,curiosity,neutral,"Eh, says who? Anyway, I like being by myself. I'm by myself right now.","{""admiration"": 0, ""amusement"": 0, ""anger"": 0, ""annoyance"": 0, ""approval"": 0, ""caring"": 0, ""confusion"": 0, ""curiosity"": 0, ""desire"": 0, ""disappointment"": 0, ""disapproval"": 0, ""disgust"": 1, ""embarrassment"": 0, ""excitement"": 0, ""fear"": 0, ""gratitude"": 0, ""grief"": 0, ""joy"": 0, ""love"": 0, ""nervousness"": 0, ""optimism"": 0, ""pride"": 0, ""realization"": 0, ""relief"": 0, ""remorse"": 0, ""sadness"": 1, ""surprise"": 0, ""neutral"": 3}",3,5,0.6,0
347,disgust,disgust,disapproval,[NAME] can’t space and [NAME] is getting worse defensively,"{""admiration"": 0, ""amusement"": 0, ""anger"": 0, ""annoyance"": 0, ""approval"": 0, ""caring"": 0, ""confusion"": 0, ""curiosity"": 0, ""desire"": 0, ""disappointment"": 0, ""disapproval"": 3, ""disgust"": 0, ""embarrassment"": 0, ""excitement"": 0, ""fear"": 0, ""gratitude"": 0, ""grief"": 0, ""joy"": 0, ""love"": 0, ""nervousness"": 0, ""optimism"": 0, ""pride"": 0, ""realization"": 0, ""relief"": 0, ""remorse"": 2, ""sadness"": 0, ""surprise"": 0, ""neutral"": 0}",3,5,0.6,0
348,curiosity,curiosity,disgust,Are they dead? I don’t recall this bit of the Nativity play.,"{""admiration"": 0, ""amusement"": 0, ""anger"": 0, ""annoyance"": 0, ""approval"": 0, ""caring"": 0, ""confusion"": 0, ""curiosity"": 0, ""desire"": 0, ""disappointment"": 0, ""disapproval"": 0, ""disgust"": 4, ""embarrassment"": 0, ""excitement"": 0, ""fear"": 0, ""gratitude"": 0, ""grief"": 0, ""joy"": 0, ""love"": 0, ""nervousness"": 0, ""optimism"": 0, ""pride"": 0, ""realization"": 0, ""relief"": 0, ""remorse"": 0, ""sadness"": 0, ""surprise"": 0, ""neutral"": 1}",4,5,0.8,0
349,annoyance,annoyance,ABSTAIN,Your kind honestly need to fuck off out of Ireland. Nobody wants your dumb fucking antisemitism here,"{""admiration"": 0, ""amusement"": 0, ""anger"": 0, ""annoyance"": 0, ""approval"": 0, ""caring"": 0, ""confusion"": 0, ""curiosity"": 0, ""desire"": 0, ""disappointment"": 0, ""disapproval"": 0, ""disgust"": 0, ""embarrassment"": 0, ""excitement"": 0, ""fear"": 0, ""gratitude"": 0, ""grief"": 0, ""joy"": 0, ""love"": 0, ""nervousness"": 0, ""optimism"": 0, ""pride"": 0, ""realization"": 0, ""relief"": 0, ""remorse"": 0, ""sadness"": 0, ""surprise"": 0, ""neutral"": 0}",0,5,0.0,0
350,neutral,neutral,surprise,"In the voice of [NAME] from The Office ""Incorrect. You didn't *Pin* anyone""","{""admiration"": 0, ""amusement"": 0, ""anger"": 1, ""annoyance"": 0, ""approval"": 0, ""caring"": 0, ""confusion"": 0, ""curiosity"": 0, ""desire"": 0, ""disappointment"": 0, ""disapproval"": 0, ""disgust"": 1, ""embarrassment"": 0, ""excitement"": 0, ""fear"": 0, ""gratitude"": 0, ""grief"": 0, ""joy"": 0, ""love"": 0, ""nervousness"": 0, ""optimism"": 0, ""pride"": 0, ""realization"": 0, ""relief"": 0, ""remorse"": 1, ""sadness"": 0, ""surprise"": 2, ""neutral"": 0}",2,5,0.4,0
351,anger,anger,disgust,"America is not a country, it's a fucking business. if you have zero money, no one cares about you.","{""admiration"": 0, ""amusement"": 0, ""anger"": 0, ""annoyance"": 0, ""approval"": 0, ""caring"": 0, ""confusion"": 0, ""curiosity"": 0, ""desire"": 0, ""disappointment"": 0, ""disapproval"": 0, ""disgust"": 5, ""embarrassment"": 0, ""excitement"": 0, ""fear"": 0, ""gratitude"": 0, ""grief"": 0, ""joy"": 0, ""love"": 0, ""nervousness"": 0, ""optimism"": 0, ""pride"": 0, ""realization"": 0, ""relief"": 0, ""remorse"": 0, ""sadness"": 0, ""surprise"": 0, ""neutral"": 0}",5,5,1.0,0
352,optimism,optimism,neutral,Cool. Good luck!,"{""admiration"": 0, ""amusement"": 0, ""anger"": 0, ""annoyance"": 0, ""approval"": 0, ""caring"": 0, ""confusion"": 0, ""curiosity"": 0, ""desire"": 0, ""disappointment"": 0, ""disapproval"": 0, ""disgust"": 0, ""embarrassment"": 0, ""excitement"": 0, ""fear"": 0, ""gratitude"": 0, ""grief"": 0, ""joy"": 0, ""love"": 0, ""nervousness"": 0, ""optimism"": 0, ""pride"": 0, ""realization"": 0, ""relief"": 0, ""remorse"": 0, ""sadness"": 0, ""surprise"": 0, ""neutral"": 5}",5,5,1.0,0
353,amusement,amusement,surprise,Yeah I can understand there their confusion more but yeah. Reminds me of [NAME] haha.,"{""admiration"": 0, ""amusement"": 0, ""anger"": 0, ""annoyance"": 0, ""approval"": 0, ""caring"": 0, ""confusion"": 1, ""curiosity"": 0, ""desire"": 0, ""disappointment"": 0, ""disapproval"": 0, ""disgust"": 0, ""embarrassment"": 0, ""excitement"": 0, ""fear"": 0, ""gratitude"": 0, ""grief"": 0, ""joy"": 0, ""love"": 0, ""nervousness"": 0, ""optimism"": 0, ""pride"": 0, ""realization"": 0, ""relief"": 0, ""remorse"": 0, ""sadness"": 0, ""surprise"": 3, ""neutral"": 1}",3,5,0.6,0
354,neutral,neutral,remorse,I tried to google up another but they were the only one reporting at the time.,"{""admiration"": 0, ""amusement"": 0, ""anger"": 0, ""annoyance"": 0, ""approval"": 0, ""caring"": 0, ""confusion"": 0, ""curiosity"": 0, ""desire"": 0, ""disappointment"": 1, ""disapproval"": 0, ""disgust"": 0, ""embarrassment"": 0, ""excitement"": 0, ""fear"": 0, ""gratitude"": 0, ""grief"": 0, ""joy"": 0, ""love"": 0, ""nervousness"": 0, ""optimism"": 0, ""pride"": 0, ""realization"": 0, ""relief"": 0, ""remorse"": 3, ""sadness"": 0, ""surprise"": 0, ""neutral"": 1}",3,5,0.6,0
355,approval,approval,disapproval,I think you'll find that dating is really difficult for poly men. It's the biggest reason why I'm monogamous.,"{""admiration"": 0, ""amusement"": 0, ""anger"": 0, ""annoyance"": 0, ""approval"": 0, ""caring"": 0, ""confusion"": 0, ""curiosity"": 0, ""desire"": 0, ""disappointment"": 1, ""disapproval"": 3, ""disgust"": 1, ""embarrassment"": 0, ""excitement"": 0, ""fear"": 0, ""gratitude"": 0, ""grief"": 0, ""joy"": 0, ""love"": 0, ""nervousness"": 0, ""optimism"": 0, ""pride"": 0, ""realization"": 0, ""relief"": 0, ""remorse"": 0, ""sadness"": 0, ""surprise"": 0, ""neutral"": 0}",3,5,0.6,0
356,sadness,sadness,anger,Outrage over something that isnt even true. Thats sad man Edit: well the bandwaggoning part is true,"{""admiration"": 0, ""amusement"": 0, ""anger"": 5, ""annoyance"": 0, ""approval"": 0, ""caring"": 0, ""confusion"": 0, ""curiosity"": 0, ""desire"": 0, ""disappointment"": 0, ""disapproval"": 0, ""disgust"": 0, ""embarrassment"": 0, ""excitement"": 0, ""fear"": 0, ""gratitude"": 0, ""grief"": 0, ""joy"": 0, ""love"": 0, ""nervousness"": 0, ""optimism"": 0, ""pride"": 0, ""realization"": 0, ""relief"": 0, ""remorse"": 0, ""sadness"": 0, ""surprise"": 0, ""neutral"": 0}",5,5,1.0,0
357,realization,realization,admiration,Better than mine.,"{""admiration"": 3, ""amusement"": 0, ""anger"": 0, ""annoyance"": 0, ""approval"": 0, ""caring"": 0, ""confusion"": 0, ""curiosity"": 0, ""desire"": 0, ""disappointment"": 0, ""disapproval"": 1, ""disgust"": 1, ""embarrassment"": 0, ""excitement"": 0, ""fear"": 0, ""gratitude"": 0, ""grief"": 0, ""joy"": 0, ""love"": 0, ""nervousness"": 0, ""optimism"": 0, ""pride"": 0, ""realization"": 0, ""relief"": 0, ""remorse"": 0, ""sadness"": 0, ""surprise"": 0, ""neutral"": 0}",3,5,0.6,0
358,neutral,neutral,disappointment,They'll just confiscate it here. I remember I had a pocket knife in my bag that I forgot about. They just took it away.,"{""admiration"": 0, ""amusement"": 0, ""anger"": 1, ""annoyance"": 0, ""approval"": 0, ""caring"": 0, ""confusion"": 0, ""curiosity"": 0, ""desire"": 0, ""disappointment"": 2, ""disapproval"": 0, ""disgust"": 2, ""embarrassment"": 0, ""excitement"": 0, ""fear"": 0, ""gratitude"": 0, ""grief"": 0, ""joy"": 0, ""love"": 0, ""nervousness"": 0, ""optimism"": 0, ""pride"": 0, ""realization"": 0, ""relief"": 0, ""remorse"": 0, ""sadness"": 0, ""surprise"": 0, ""neutral"": 0}",2,5,0.4,0
359,desire,desire,disgust,Someone get us a [NAME] version of the [NAME] nice lead meme!!!,"{""admiration"": 0, ""amusement"": 1, ""anger"": 0, ""annoyance"": 0, ""approval"": 0, ""caring"": 0, ""confusion"": 0, ""curiosity"": 0, ""desire"": 0, ""disappointment"": 0, ""disapproval"": 0, ""disgust"": 4, ""embarrassment"": 0, ""excitement"": 0, ""fear"": 0, ""gratitude"": 0, ""grief"": 0, ""joy"": 0, ""love"": 0, ""nervousness"": 0, ""optimism"": 0, ""pride"": 0, ""realization"": 0, ""relief"": 0, ""remorse"": 0, ""sadness"": 0, ""surprise"": 0, ""neutral"": 0}",4,5,0.8,0
360,neutral,neutral,disgust,I've picked scabs bigger than most aborted fetuses get. I don't see the police knocking on my door for committing assault against a human being.,"{""admiration"": 0, ""amusement"": 0, ""anger"": 0, ""annoyance"": 0, ""approval"": 0, ""caring"": 0, ""confusion"": 0, ""curiosity"": 0, ""desire"": 0, ""disappointment"": 0, ""disapproval"": 0, ""disgust"": 5, ""embarrassment"": 0, ""excitement"": 0, ""fear"": 0, ""gratitude"": 0, ""grief"": 0, ""joy"": 0, ""love"": 0, ""nervousness"": 0, ""optimism"": 0, ""pride"": 0, ""realization"": 0, ""relief"": 0, ""remorse"": 0, ""sadness"": 0, ""surprise"": 0, ""neutral"": 0}",5,5,1.0,0
361,neutral,neutral,disapproval,That’s her way of saying you aren’t getting the job,"{""admiration"": 0, ""amusement"": 0, ""anger"": 0, ""annoyance"": 0, ""approval"": 0, ""caring"": 0, ""confusion"": 0, ""curiosity"": 0, ""desire"": 0, ""disappointment"": 2, ""disapproval"": 3, ""disgust"": 0, ""embarrassment"": 0, ""excitement"": 0, ""fear"": 0, ""gratitude"": 0, ""grief"": 0, ""joy"": 0, ""love"": 0, ""nervousness"": 0, ""optimism"": 0, ""pride"": 0, ""realization"": 0, ""relief"": 0, ""remorse"": 0, ""sadness"": 0, ""surprise"": 0, ""neutral"": 0}",3,5,0.6,0
362,caring,caring|love,love,(#1)Just love him/her (#2) Be forgiving,"{""admiration"": 1, ""amusement"": 0, ""anger"": 0, ""annoyance"": 0, ""approval"": 0, ""caring"": 0, ""confusion"": 0, ""curiosity"": 0, ""desire"": 0, ""disappointment"": 0, ""disapproval"": 0, ""disgust"": 0, ""embarrassment"": 0, ""excitement"": 0, ""fear"": 0, ""gratitude"": 0, ""grief"": 0, ""joy"": 0, ""love"": 4, ""nervousness"": 0, ""optimism"": 0, ""pride"": 0, ""realization"": 0, ""relief"": 0, ""remorse"": 0, ""sadness"": 0, ""surprise"": 0, ""neutral"": 0}",4,5,0.8,1
363,neutral,neutral,disgust,Imagine having to pretend you didn't edit your link. The inferiority is dripping off you.,"{""admiration"": 0, ""amusement"": 0, ""anger"": 0, ""annoyance"": 0, ""approval"": 0, ""caring"": 0, ""confusion"": 0, ""curiosity"": 0, ""desire"": 0, ""disappointment"": 0, ""disapproval"": 0, ""disgust"": 5, ""embarrassment"": 0, ""excitement"": 0, ""fear"": 0, ""gratitude"": 0, ""grief"": 0, ""joy"": 0, ""love"": 0, ""nervousness"": 0, ""optimism"": 0, ""pride"": 0, ""realization"": 0, ""relief"": 0, ""remorse"": 0, ""sadness"": 0, ""surprise"": 0, ""neutral"": 0}",5,5,1.0,0
364,disappointment,disappointment,disappointment,I was forced into college and I wasted my gpa :(,"{""admiration"": 0, ""amusement"": 0, ""anger"": 0, ""annoyance"": 0, ""approval"": 0, ""caring"": 0, ""confusion"": 0, ""curiosity"": 0, ""desire"": 0, ""disappointment"": 3, ""disapproval"": 0, ""disgust"": 0, ""embarrassment"": 0, ""excitement"": 0, ""fear"": 0, ""gratitude"": 0, ""grief"": 0, ""joy"": 0, ""love"": 0, ""nervousness"": 0, ""optimism"": 0, ""pride"": 0, ""realization"": 0, ""relief"": 0, ""remorse"": 1, ""sadness"": 1, ""surprise"": 0, ""neutral"": 0}",3,5,0.6,1
365,neutral,neutral,admiration,Big and smooth as a marble.,"{""admiration"": 5, ""amusement"": 0, ""anger"": 0, ""annoyance"": 0, ""approval"": 0, ""caring"": 0, ""confusion"": 0, ""curiosity"": 0, ""desire"": 0, ""disappointment"": 0, ""disapproval"": 0, ""disgust"": 0, ""embarrassment"": 0, ""excitement"": 0, ""fear"": 0, ""gratitude"": 0, ""grief"": 0, ""joy"": 0, ""love"": 0, ""nervousness"": 0, ""optimism"": 0, ""pride"": 0, ""realization"": 0, ""relief"": 0, ""remorse"": 0, ""sadness"": 0, ""surprise"": 0, ""neutral"": 0}",5,5,1.0,0
366,approval,approval,admiration,Very legal and cool,"{""admiration"": 4, ""amusement"": 0, ""anger"": 0, ""annoyance"": 0, ""approval"": 0, ""caring"": 0, ""confusion"": 0, ""curiosity"": 0, ""desire"": 0, ""disappointment"": 0, ""disapproval"": 0, ""disgust"": 0, ""embarrassment"": 0, ""excitement"": 0, ""fear"": 0, ""gratitude"": 0, ""grief"": 0, ""joy"": 0, ""love"": 0, ""nervousness"": 0, ""optimism"": 0, ""pride"": 0, ""realization"": 0, ""relief"": 0, ""remorse"": 0, ""sadness"": 0, ""surprise"": 0, ""neutral"": 1}",4,5,0.8,0
367,anger,anger,anger,You fool! Now look what you've unleashed!,"{""admiration"": 0, ""amusement"": 0, ""anger"": 5, ""annoyance"": 0, ""approval"": 0, ""caring"": 0, ""confusion"": 0, ""curiosity"": 0, ""desire"": 0, ""disappointment"": 0, ""disapproval"": 0, ""disgust"": 0, ""embarrassment"": 0, ""excitement"": 0, ""fear"": 0, ""gratitude"": 0, ""grief"": 0, ""joy"": 0, ""love"": 0, ""nervousness"": 0, ""optimism"": 0, ""pride"": 0, ""realization"": 0, ""relief"": 0, ""remorse"": 0, ""sadness"": 0, ""surprise"": 0, ""neutral"": 0}",5,5,1.0,1
368,disapproval,disapproval|optimism,admiration,For the record I don’t necessarily want him either. I just think he’s a compelling person.,"{""admiration"": 4, ""amusement"": 0, ""anger"": 0, ""annoyance"": 0, ""approval"": 0, ""caring"": 0, ""confusion"": 0, ""curiosity"": 0, ""desire"": 0, ""disappointment"": 0, ""disapproval"": 1, ""disgust"": 0, ""embarrassment"": 0, ""excitement"": 0, ""fear"": 0, ""gratitude"": 0, ""grief"": 0, ""joy"": 0, ""love"": 0, ""nervousness"": 0, ""optimism"": 0, ""pride"": 0, ""realization"": 0, ""relief"": 0, ""remorse"": 0, ""sadness"": 0, ""surprise"": 0, ""neutral"": 0}",4,5,0.8,0
369,disapproval,disapproval|gratitude,disapproval,... I don't feel like your comment is from an objective point of view... Thanks though.,"{""admiration"": 0, ""amusement"": 0, ""anger"": 0, ""annoyance"": 0, ""approval"": 0, ""caring"": 0, ""confusion"": 0, ""curiosity"": 0, ""desire"": 0, ""disappointment"": 0, ""disapproval"": 3, ""disgust"": 2, ""embarrassment"": 0, ""excitement"": 0, ""fear"": 0, ""gratitude"": 0, ""grief"": 0, ""joy"": 0, ""love"": 0, ""nervousness"": 0, ""optimism"": 0, ""pride"": 0, ""realization"": 0, ""relief"": 0, ""remorse"": 0, ""sadness"": 0, ""surprise"": 0, ""neutral"": 0}",3,5,0.6,1
370,remorse,remorse,remorse,"I apologize, that sincerely was meant for Askreddit. If you look at my history you'll see that's where I always post. My mistake.","{""admiration"": 0, ""amusement"": 0, ""anger"": 0, ""annoyance"": 0, ""approval"": 0, ""caring"": 0, ""confusion"": 0, ""curiosity"": 0, ""desire"": 0, ""disappointment"": 0, ""disapproval"": 0, ""disgust"": 0, ""embarrassment"": 0, ""excitement"": 0, ""fear"": 0, ""gratitude"": 0, ""grief"": 0, ""joy"": 0, ""love"": 0, ""nervousness"": 0, ""optimism"": 0, ""pride"": 0, ""realization"": 0, ""relief"": 0, ""remorse"": 5, ""sadness"": 0, ""surprise"": 0, ""neutral"": 0}",5,5,1.0,1
371,remorse,remorse,disappointment,I’m sorry to hear that friend :(. It’s for the best most likely if she didn’t accept you for who you are,"{""admiration"": 0, ""amusement"": 0, ""anger"": 0, ""annoyance"": 0, ""approval"": 0, ""caring"": 0, ""confusion"": 0, ""curiosity"": 0, ""desire"": 0, ""disappointment"": 2, ""disapproval"": 2, ""disgust"": 0, ""embarrassment"": 0, ""excitement"": 0, ""fear"": 0, ""gratitude"": 0, ""grief"": 0, ""joy"": 0, ""love"": 0, ""nervousness"": 0, ""optimism"": 0, ""pride"": 0, ""realization"": 0, ""relief"": 0, ""remorse"": 1, ""sadness"": 0, ""surprise"": 0, ""neutral"": 0}",2,5,0.4,0
372,disapproval,disapproval,disgust,She muctb not really be that into you,"{""admiration"": 0, ""amusement"": 0, ""anger"": 0, ""annoyance"": 0, ""approval"": 0, ""caring"": 0, ""confusion"": 0, ""curiosity"": 0, ""desire"": 0, ""disappointment"": 0, ""disapproval"": 0, ""disgust"": 5, ""embarrassment"": 0, ""excitement"": 0, ""fear"": 0, ""gratitude"": 0, ""grief"": 0, ""joy"": 0, ""love"": 0, ""nervousness"": 0, ""optimism"": 0, ""pride"": 0, ""realization"": 0, ""relief"": 0, ""remorse"": 0, ""sadness"": 0, ""surprise"": 0, ""neutral"": 0}",5,5,1.0,0
373,neutral,neutral,disgust,Get her professional help.,"{""admiration"": 0, ""amusement"": 0, ""anger"": 0, ""annoyance"": 0, ""approval"": 0, ""caring"": 0, ""confusion"": 0, ""curiosity"": 0, ""desire"": 0, ""disappointment"": 0, ""disapproval"": 0, ""disgust"": 4, ""embarrassment"": 0, ""excitement"": 0, ""fear"": 0, ""gratitude"": 0, ""grief"": 0, ""joy"": 0, ""love"": 0, ""nervousness"": 0, ""optimism"": 0, ""pride"": 0, ""realization"": 0, ""relief"": 0, ""remorse"": 1, ""sadness"": 0, ""surprise"": 0, ""neutral"": 0}",4,5,0.8,0
374,neutral,neutral,disapproval,We need [NAME] to take a 7 year deal or less. I can picture the Dodgers giving [NAME] 7 years,"{""admiration"": 0, ""amusement"": 0, ""anger"": 0, ""annoyance"": 0, ""approval"": 0, ""caring"": 0, ""confusion"": 0, ""curiosity"": 0, ""desire"": 0, ""disappointment"": 0, ""disapproval"": 4, ""disgust"": 1, ""embarrassment"": 0, ""excitement"": 0, ""fear"": 0, ""gratitude"": 0, ""grief"": 0, ""joy"": 0, ""love"": 0, ""nervousness"": 0, ""optimism"": 0, ""pride"": 0, ""realization"": 0, ""relief"": 0, ""remorse"": 0, ""sadness"": 0, ""surprise"": 0, ""neutral"": 0}",4,5,0.8,0
375,realization,realization,disgust,Then I'll be accused of being a racist.,"{""admiration"": 0, ""amusement"": 0, ""anger"": 0, ""annoyance"": 0, ""approval"": 0, ""caring"": 0, ""confusion"": 0, ""curiosity"": 0, ""desire"": 0, ""disappointment"": 0, ""disapproval"": 1, ""disgust"": 4, ""embarrassment"": 0, ""excitement"": 0, ""fear"": 0, ""gratitude"": 0, ""grief"": 0, ""joy"": 0, ""love"": 0, ""nervousness"": 0, ""optimism"": 0, ""pride"": 0, ""realization"": 0, ""relief"": 0, ""remorse"": 0, ""sadness"": 0, ""surprise"": 0, ""neutral"": 0}",4,5,0.8,0
376,neutral,neutral,disgust,Big ol fesh,"{""admiration"": 0, ""amusement"": 0, ""anger"": 0, ""annoyance"": 0, ""approval"": 0, ""caring"": 0, ""confusion"": 0, ""curiosity"": 0, ""desire"": 0, ""disappointment"": 0, ""disapproval"": 0, ""disgust"": 5, ""embarrassment"": 0, ""excitement"": 0, ""fear"": 0, ""gratitude"": 0, ""grief"": 0, ""joy"": 0, ""love"": 0, ""nervousness"": 0, ""optimism"": 0, ""pride"": 0, ""realization"": 0, ""relief"": 0, ""remorse"": 0, ""sadness"": 0, ""surprise"": 0, ""neutral"": 0}",5,5,1.0,0
377,neutral,neutral,disgust,[NAME] is soft as hell boi got bullied in Minnesota,"{""admiration"": 0, ""amusement"": 0, ""anger"": 0, ""annoyance"": 0, ""approval"": 0, ""caring"": 0, ""confusion"": 0, ""curiosity"": 0, ""desire"": 0, ""disappointment"": 0, ""disapproval"": 0, ""disgust"": 4, ""embarrassment"": 0, ""excitement"": 0, ""fear"": 0, ""gratitude"": 0, ""grief"": 0, ""joy"": 0, ""love"": 0, ""nervousness"": 0, ""optimism"": 0, ""pride"": 0, ""realization"": 0, ""relief"": 0, ""remorse"": 0, ""sadness"": 1, ""surprise"": 0, ""neutral"": 0}",4,5,0.8,0
378,confusion,confusion|curiosity,disgust,"> It leads to touching and doing inappropriate things with the opposite sex I prefer the same sex, so are these things not inappropriate for me?","{""admiration"": 0, ""amusement"": 0, ""anger"": 0, ""annoyance"": 0, ""approval"": 0, ""caring"": 0, ""confusion"": 0, ""curiosity"": 0, ""desire"": 0, ""disappointment"": 0, ""disapproval"": 0, ""disgust"": 4, ""embarrassment"": 0, ""excitement"": 0, ""fear"": 0, ""gratitude"": 0, ""grief"": 0, ""joy"": 0, ""love"": 0, ""nervousness"": 0, ""optimism"": 0, ""pride"": 0, ""realization"": 0, ""relief"": 0, ""remorse"": 1, ""sadness"": 0, ""surprise"": 0, ""neutral"": 0}",4,5,0.8,0
379,gratitude,gratitude,disgust,Ok im om the hunt thanks,"{""admiration"": 0, ""amusement"": 1, ""anger"": 0, ""annoyance"": 0, ""approval"": 0, ""caring"": 0, ""confusion"": 0, ""curiosity"": 0, ""desire"": 0, ""disappointment"": 0, ""disapproval"": 0, ""disgust"": 3, ""embarrassment"": 0, ""excitement"": 0, ""fear"": 0, ""gratitude"": 0, ""grief"": 0, ""joy"": 0, ""love"": 0, ""nervousness"": 0, ""optimism"": 0, ""pride"": 0, ""realization"": 0, ""relief"": 0, ""remorse"": 0, ""sadness"": 0, ""surprise"": 0, ""neutral"": 1}",3,5,0.6,0
380,confusion,confusion,disgust,Not sure if guys like that are better or worse than regular Incels.,"{""admiration"": 0, ""amusement"": 0, ""anger"": 0, ""annoyance"": 0, ""approval"": 0, ""caring"": 0, ""confusion"": 0, ""curiosity"": 0, ""desire"": 0, ""disappointment"": 0, ""disapproval"": 0, ""disgust"": 5, ""embarrassment"": 0, ""excitement"": 0, ""fear"": 0, ""gratitude"": 0, ""grief"": 0, ""joy"": 0, ""love"": 0, ""nervousness"": 0, ""optimism"": 0, ""pride"": 0, ""realization"": 0, ""relief"": 0, ""remorse"": 0, ""sadness"": 0, ""surprise"": 0, ""neutral"": 0}",5,5,1.0,0
381,annoyance,annoyance,disgust,Don't make me kiss you!,"{""admiration"": 0, ""amusement"": 0, ""anger"": 1, ""annoyance"": 0, ""approval"": 0, ""caring"": 0, ""confusion"": 0, ""curiosity"": 0, ""desire"": 0, ""disappointment"": 0, ""disapproval"": 0, ""disgust"": 4, ""embarrassment"": 0, ""excitement"": 0, ""fear"": 0, ""gratitude"": 0, ""grief"": 0, ""joy"": 0, ""love"": 0, ""nervousness"": 0, ""optimism"": 0, ""pride"": 0, ""realization"": 0, ""relief"": 0, ""remorse"": 0, ""sadness"": 0, ""surprise"": 0, ""neutral"": 0}",4,5,0.8,0
382,neutral,neutral,disappointment,This counts as a problem if you have that many in one day or something,"{""admiration"": 0, ""amusement"": 0, ""anger"": 0, ""annoyance"": 0, ""approval"": 0, ""caring"": 0, ""confusion"": 0, ""curiosity"": 0, ""desire"": 0, ""disappointment"": 2, ""disapproval"": 1, ""disgust"": 1, ""embarrassment"": 0, ""excitement"": 0, ""fear"": 0, ""gratitude"": 0, ""grief"": 0, ""joy"": 0, ""love"": 0, ""nervousness"": 0, ""optimism"": 0, ""pride"": 0, ""realization"": 0, ""relief"": 0, ""remorse"": 1, ""sadness"": 0, ""surprise"": 0, ""neutral"": 0}",2,5,0.4,0
383,neutral,neutral,disappointment,Vr chat is free and you can play it without vr,"{""admiration"": 0, ""amusement"": 0, ""anger"": 0, ""annoyance"": 0, ""approval"": 0, ""caring"": 0, ""confusion"": 0, ""curiosity"": 0, ""desire"": 0, ""disappointment"": 3, ""disapproval"": 0, ""disgust"": 0, ""embarrassment"": 0, ""excitement"": 0, ""fear"": 0, ""gratitude"": 0, ""grief"": 0, ""joy"": 0, ""love"": 0, ""nervousness"": 0, ""optimism"": 0, ""pride"": 0, ""realization"": 0, ""relief"": 0, ""remorse"": 0, ""sadness"": 0, ""surprise"": 0, ""neutral"": 2}",3,5,0.6,0
384,amusement,amusement,disgust,> one of the better diss tracks out there Lol okay,"{""admiration"": 0, ""amusement"": 0, ""anger"": 0, ""annoyance"": 0, ""approval"": 0, ""caring"": 0, ""confusion"": 0, ""curiosity"": 0, ""desire"": 0, ""disappointment"": 0, ""disapproval"": 0, ""disgust"": 5, ""embarrassment"": 0, ""excitement"": 0, ""fear"": 0, ""gratitude"": 0, ""grief"": 0, ""joy"": 0, ""love"": 0, ""nervousness"": 0, ""optimism"": 0, ""pride"": 0, ""realization"": 0, ""relief"": 0, ""remorse"": 0, ""sadness"": 0, ""surprise"": 0, ""neutral"": 0}",5,5,1.0,0
385,neutral,neutral,disgust,I went skiing in another state and ran into a gaggle of students. Distance guarantees nothing.,"{""admiration"": 0, ""amusement"": 0, ""anger"": 0, ""annoyance"": 0, ""approval"": 0, ""caring"": 0, ""confusion"": 0, ""curiosity"": 0, ""desire"": 0, ""disappointment"": 0, ""disapproval"": 0, ""disgust"": 3, ""embarrassment"": 0, ""excitement"": 0, ""fear"": 0, ""gratitude"": 0, ""grief"": 0, ""joy"": 0, ""love"": 0, ""nervousness"": 0, ""optimism"": 0, ""pride"": 0, ""realization"": 0, ""relief"": 0, ""remorse"": 0, ""sadness"": 0, ""surprise"": 0, ""neutral"": 2}",3,5,0.6,0
386,admiration,admiration|optimism,approval,Well done OP for acting on your words. I hope you have a great day together!,"{""admiration"": 0, ""amusement"": 0, ""anger"": 0, ""annoyance"": 0, ""approval"": 3, ""caring"": 0, ""confusion"": 0, ""curiosity"": 0, ""desire"": 0, ""disappointment"": 0, ""disapproval"": 1, ""disgust"": 0, ""embarrassment"": 0, ""excitement"": 0, ""fear"": 0, ""gratitude"": 0, ""grief"": 0, ""joy"": 0, ""love"": 0, ""nervousness"": 0, ""optimism"": 0, ""pride"": 1, ""realization"": 0, ""relief"": 0, ""remorse"": 0, ""sadness"": 0, ""surprise"": 0, ""neutral"": 0}",3,5,0.6,0
387,gratitude,gratitude|joy,admiration,AS..... YOU.... WISSHHH!!!.. Inconceivable! My first ever silver. Thank you kind stranger.,"{""admiration"": 3, ""amusement"": 0, ""anger"": 0, ""annoyance"": 0, ""approval"": 0, ""caring"": 0, ""confusion"": 0, ""curiosity"": 0, ""desire"": 0, ""disappointment"": 0, ""disapproval"": 0, ""disgust"": 1, ""embarrassment"": 0, ""excitement"": 0, ""fear"": 0, ""gratitude"": 0, ""grief"": 0, ""joy"": 1, ""love"": 0, ""nervousness"": 0, ""optimism"": 0, ""pride"": 0, ""realization"": 0, ""relief"": 0, ""remorse"": 0, ""sadness"": 0, ""surprise"": 0, ""neutral"": 0}",3,5,0.6,0
388,neutral,neutral,disgust,I don't believe humanity is capable of running *any* system for the greater good of all. Regardless of population..,"{""admiration"": 0, ""amusement"": 0, ""anger"": 0, ""annoyance"": 0, ""approval"": 0, ""caring"": 0, ""confusion"": 0, ""curiosity"": 0, ""desire"": 0, ""disappointment"": 0, ""disapproval"": 0, ""disgust"": 5, ""embarrassment"": 0, ""excitement"": 0, ""fear"": 0, ""gratitude"": 0, ""grief"": 0, ""joy"": 0, ""love"": 0, ""nervousness"": 0, ""optimism"": 0, ""pride"": 0, ""realization"": 0, ""relief"": 0, ""remorse"": 0, ""sadness"": 0, ""surprise"": 0, ""neutral"": 0}",5,5,1.0,0
389,gratitude,gratitude,neutral,Thank you for posting this. I never heard this particular interview before.,"{""admiration"": 0, ""amusement"": 0, ""anger"": 0, ""annoyance"": 0, ""approval"": 0, ""caring"": 0, ""confusion"": 0, ""curiosity"": 0, ""desire"": 0, ""disappointment"": 0, ""disapproval"": 0, ""disgust"": 0, ""embarrassment"": 0, ""excitement"": 0, ""fear"": 0, ""gratitude"": 0, ""grief"": 0, ""joy"": 0, ""love"": 0, ""nervousness"": 0, ""optimism"": 0, ""pride"": 0, ""realization"": 0, ""relief"": 0, ""remorse"": 0, ""sadness"": 0, ""surprise"": 0, ""neutral"": 5}",5,5,1.0,0
390,admiration,admiration,admiration,Ay i saw that live. You have amazing movement! GG bro!,"{""admiration"": 4, ""amusement"": 1, ""anger"": 0, ""annoyance"": 0, ""approval"": 0, ""caring"": 0, ""confusion"": 0, ""curiosity"": 0, ""desire"": 0, ""disappointment"": 0, ""disapproval"": 0, ""disgust"": 0, ""embarrassment"": 0, ""excitement"": 0, ""fear"": 0, ""gratitude"": 0, ""grief"": 0, ""joy"": 0, ""love"": 0, ""nervousness"": 0, ""optimism"": 0, ""pride"": 0, ""realization"": 0, ""relief"": 0, ""remorse"": 0, ""sadness"": 0, ""surprise"": 0, ""neutral"": 0}",4,5,0.8,1
391,anger,anger,anger,Them boys smelling even more blood in the water. Rack them fuckin points up boys!,"{""admiration"": 0, ""amusement"": 0, ""anger"": 4, ""annoyance"": 0, ""approval"": 0, ""caring"": 0, ""confusion"": 0, ""curiosity"": 0, ""desire"": 0, ""disappointment"": 0, ""disapproval"": 0, ""disgust"": 1, ""embarrassment"": 0, ""excitement"": 0, ""fear"": 0, ""gratitude"": 0, ""grief"": 0, ""joy"": 0, ""love"": 0, ""nervousness"": 0, ""optimism"": 0, ""pride"": 0, ""realization"": 0, ""relief"": 0, ""remorse"": 0, ""sadness"": 0, ""surprise"": 0, ""neutral"": 0}",4,5,0.8,1
392,admiration,admiration,admiration,The best losers of grand finals cod has ever seen,"{""admiration"": 2, ""amusement"": 0, ""anger"": 0, ""annoyance"": 0, ""approval"": 0, ""caring"": 0, ""confusion"": 0, ""curiosity"": 0, ""desire"": 0, ""disappointment"": 0, ""disapproval"": 0, ""disgust"": 1, ""embarrassment"": 0, ""excitement"": 2, ""fear"": 0, ""gratitude"": 0, ""grief"": 0, ""joy"": 0, ""love"": 0, ""nervousness"": 0, ""optimism"": 0, ""pride"": 0, ""realization"": 0, ""relief"": 0, ""remorse"": 0, ""sadness"": 0, ""surprise"": 0, ""neutral"": 0}",2,5,0.4,1
393,neutral,neutral,disgust,"Takes all characteristics, good and bad ","{""admiration"": 0, ""amusement"": 0, ""anger"": 0, ""annoyance"": 0, ""approval"": 0, ""caring"": 0, ""confusion"": 0, ""curiosity"": 0, ""desire"": 0, ""disappointment"": 0, ""disapproval"": 0, ""disgust"": 2, ""embarrassment"": 0, ""excitement"": 0, ""fear"": 0, ""gratitude"": 0, ""grief"": 0, ""joy"": 0, ""love"": 0, ""nervousness"": 0, ""optimism"": 0, ""pride"": 0, ""realization"": 0, ""relief"": 0, ""remorse"": 1, ""sadness"": 1, ""surprise"": 0, ""neutral"": 1}",2,5,0.4,0
394,excitement,excitement,excitement,"[NAME], he’s who I’m most excited to see develop ","{""admiration"": 0, ""amusement"": 0, ""anger"": 0, ""annoyance"": 0, ""approval"": 0, ""caring"": 0, ""confusion"": 0, ""curiosity"": 0, ""desire"": 0, ""disappointment"": 0, ""disapproval"": 0, ""disgust"": 0, ""embarrassment"": 0, ""excitement"": 5, ""fear"": 0, ""gratitude"": 0, ""grief"": 0, ""joy"": 0, ""love"": 0, ""nervousness"": 0, ""optimism"": 0, ""pride"": 0, ""realization"": 0, ""relief"": 0, ""remorse"": 0, ""sadness"": 0, ""surprise"": 0, ""neutral"": 0}",5,5,1.0,1
395,disgust,disgust,disgust,"[NAME], what? That's pretty hilarious and disgusting. ","{""admiration"": 0, ""amusement"": 0, ""anger"": 0, ""annoyance"": 0, ""approval"": 0, ""caring"": 0, ""confusion"": 0, ""curiosity"": 0, ""desire"": 0, ""disappointment"": 0, ""disapproval"": 0, ""disgust"": 5, ""embarrassment"": 0, ""excitement"": 0, ""fear"": 0, ""gratitude"": 0, ""grief"": 0, ""joy"": 0, ""love"": 0, ""nervousness"": 0, ""optimism"": 0, ""pride"": 0, ""realization"": 0, ""relief"": 0, ""remorse"": 0, ""sadness"": 0, ""surprise"": 0, ""neutral"": 0}",5,5,1.0,1
396,disapproval,disapproval,disgust,The west is so unfair :(,"{""admiration"": 0, ""amusement"": 0, ""anger"": 1, ""annoyance"": 0, ""approval"": 0, ""caring"": 0, ""confusion"": 0, ""curiosity"": 0, ""desire"": 0, ""disappointment"": 0, ""disapproval"": 0, ""disgust"": 4, ""embarrassment"": 0, ""excitement"": 0, ""fear"": 0, ""gratitude"": 0, ""grief"": 0, ""joy"": 0, ""love"": 0, ""nervousness"": 0, ""optimism"": 0, ""pride"": 0, ""realization"": 0, ""relief"": 0, ""remorse"": 0, ""sadness"": 0, ""surprise"": 0, ""neutral"": 0}",4,5,0.8,0
397,love,love|realization,admiration,I met my partner online. It was romantic interest right away. No friendship period for us.,"{""admiration"": 2, ""amusement"": 0, ""anger"": 0, ""annoyance"": 0, ""approval"": 0, ""caring"": 0, ""confusion"": 0, ""curiosity"": 0, ""desire"": 0, ""disappointment"": 0, ""disapproval"": 0, ""disgust"": 0, ""embarrassment"": 0, ""excitement"": 0, ""fear"": 0, ""gratitude"": 0, ""grief"": 0, ""joy"": 0, ""love"": 2, ""nervousness"": 0, ""optimism"": 0, ""pride"": 0, ""realization"": 0, ""relief"": 0, ""remorse"": 0, ""sadness"": 0, ""surprise"": 0, ""neutral"": 0}",2,5,0.4,0
398,admiration,admiration|approval,disapproval,I much prefer when the CB is given a taste of their own medicine. Far more satisfying than being polite. This one is great!,"{""admiration"": 0, ""amusement"": 0, ""anger"": 0, ""annoyance"": 0, ""approval"": 0, ""caring"": 0, ""confusion"": 0, ""curiosity"": 0, ""desire"": 0, ""disappointment"": 0, ""disapproval"": 3, ""disgust"": 2, ""embarrassment"": 0, ""excitement"": 0, ""fear"": 0, ""gratitude"": 0, ""grief"": 0, ""joy"": 0, ""love"": 0, ""nervousness"": 0, ""optimism"": 0, ""pride"": 0, ""realization"": 0, ""relief"": 0, ""remorse"": 0, ""sadness"": 0, ""surprise"": 0, ""neutral"": 0}",3,5,0.6,0
399,annoyance,annoyance,disgust,they will also hate the eagles for years to come because their fans were a bunch of meanies,"{""admiration"": 0, ""amusement"": 0, ""anger"": 0, ""annoyance"": 0, ""approval"": 0, ""caring"": 0, ""confusion"": 0, ""curiosity"": 0, ""desire"": 0, ""disappointment"": 0, ""disapproval"": 0, ""disgust"": 5, ""embarrassment"": 0, ""excitement"": 0, ""fear"": 0, ""gratitude"": 0, ""grief"": 0, ""joy"": 0, ""love"": 0, ""nervousness"": 0, ""optimism"": 0, ""pride"": 0, ""realization"": 0, ""relief"": 0, ""remorse"": 0, ""sadness"": 0, ""surprise"": 0, ""neutral"": 0}",5,5,1.0,0
400,neutral,neutral,disapproval,LN is flawed by design and BTCs limited on-chain capacity cannot carry mainstream LN onboarding.,"{""admiration"": 0, ""amusement"": 0, ""anger"": 0, ""annoyance"": 0, ""approval"": 0, ""caring"": 0, ""confusion"": 0, ""curiosity"": 0, ""desire"": 0, ""disappointment"": 0, ""disapproval"": 3, ""disgust"": 1, ""embarrassment"": 0, ""excitement"": 0, ""fear"": 0, ""gratitude"": 0, ""grief"": 0, ""joy"": 0, ""love"": 0, ""nervousness"": 0, ""optimism"": 0, ""pride"": 0, ""realization"": 0, ""relief"": 0, ""remorse"": 1, ""sadness"": 0, ""surprise"": 0, ""neutral"": 0}",3,5,0.6,0
401,neutral,neutral,anger,(*ﾉωﾉ) O-okay senpai OWO *Nuzzles* Frick off I write whatever I want!,"{""admiration"": 0, ""amusement"": 0, ""anger"": 3, ""annoyance"": 0, ""approval"": 0, ""caring"": 0, ""confusion"": 0, ""curiosity"": 0, ""desire"": 0, ""disappointment"": 0, ""disapproval"": 0, ""disgust"": 2, ""embarrassment"": 0, ""excitement"": 0, ""fear"": 0, ""gratitude"": 0, ""grief"": 0, ""joy"": 0, ""love"": 0, ""nervousness"": 0, ""optimism"": 0, ""pride"": 0, ""realization"": 0, ""relief"": 0, ""remorse"": 0, ""sadness"": 0, ""surprise"": 0, ""neutral"": 0}",3,5,0.6,0
402,approval,approval|love,admiration,Dude you really like The Strokes.,"{""admiration"": 5, ""amusement"": 0, ""anger"": 0, ""annoyance"": 0, ""approval"": 0, ""caring"": 0, ""confusion"": 0, ""curiosity"": 0, ""desire"": 0, ""disappointment"": 0, ""disapproval"": 0, ""disgust"": 0, ""embarrassment"": 0, ""excitement"": 0, ""fear"": 0, ""gratitude"": 0, ""grief"": 0, ""joy"": 0, ""love"": 0, ""nervousness"": 0, ""optimism"": 0, ""pride"": 0, ""realization"": 0, ""relief"": 0, ""remorse"": 0, ""sadness"": 0, ""surprise"": 0, ""neutral"": 0}",5,5,1.0,0
403,approval,approval,neutral,"Man, never underestimate the power of a crock pot, some frozen chicken, veggies and cottage cheese.","{""admiration"": 0, ""amusement"": 0, ""anger"": 0, ""annoyance"": 0, ""approval"": 0, ""caring"": 0, ""confusion"": 0, ""curiosity"": 0, ""desire"": 0, ""disappointment"": 0, ""disapproval"": 0, ""disgust"": 2, ""embarrassment"": 0, ""excitement"": 0, ""fear"": 0, ""gratitude"": 0, ""grief"": 0, ""joy"": 0, ""love"": 0, ""nervousness"": 0, ""optimism"": 0, ""pride"": 0, ""realization"": 0, ""relief"": 0, ""remorse"": 0, ""sadness"": 0, ""surprise"": 0, ""neutral"": 3}",3,5,0.6,0
404,anger,anger,disapproval,Except forming an opinion of a topic without even having basic knowledge of said topic makes you sound pretty arrogant and entirely undercuts your opinion.,"{""admiration"": 0, ""amusement"": 0, ""anger"": 0, ""annoyance"": 0, ""approval"": 0, ""caring"": 0, ""confusion"": 0, ""curiosity"": 0, ""desire"": 0, ""disappointment"": 0, ""disapproval"": 5, ""disgust"": 0, ""embarrassment"": 0, ""excitement"": 0, ""fear"": 0, ""gratitude"": 0, ""grief"": 0, ""joy"": 0, ""love"": 0, ""nervousness"": 0, ""optimism"": 0, ""pride"": 0, ""realization"": 0, ""relief"": 0, ""remorse"": 0, ""sadness"": 0, ""surprise"": 0, ""neutral"": 0}",5,5,1.0,0
405,admiration,admiration,admiration,"I'd buy this and use the ""wash, dry, fold"" setting exclusively. Sounds great to me. ","{""admiration"": 3, ""amusement"": 0, ""anger"": 0, ""annoyance"": 0, ""approval"": 2, ""caring"": 0, ""confusion"": 0, ""curiosity"": 0, ""desire"": 0, ""disappointment"": 0, ""disapproval"": 0, ""disgust"": 0, ""embarrassment"": 0, ""excitement"": 0, ""fear"": 0, ""gratitude"": 0, ""grief"": 0, ""joy"": 0, ""love"": 0, ""nervousness"": 0, ""optimism"": 0, ""pride"": 0, ""realization"": 0, ""relief"": 0, ""remorse"": 0, ""sadness"": 0, ""surprise"": 0, ""neutral"": 0}",3,5,0.6,1
406,desire,desire,disappointment,If this happens in my dream then I will get up and do this.,"{""admiration"": 0, ""amusement"": 0, ""anger"": 0, ""annoyance"": 0, ""approval"": 0, ""caring"": 0, ""confusion"": 0, ""curiosity"": 0, ""desire"": 0, ""disappointment"": 4, ""disapproval"": 0, ""disgust"": 0, ""embarrassment"": 0, ""excitement"": 0, ""fear"": 0, ""gratitude"": 0, ""grief"": 0, ""joy"": 0, ""love"": 0, ""nervousness"": 0, ""optimism"": 0, ""pride"": 0, ""realization"": 0, ""relief"": 0, ""remorse"": 1, ""sadness"": 0, ""surprise"": 0, ""neutral"": 0}",4,5,0.8,0
407,gratitude,gratitude,excitement,"Thank you so much kind sir, now im excited to start reading the LN!","{""admiration"": 0, ""amusement"": 0, ""anger"": 0, ""annoyance"": 0, ""approval"": 0, ""caring"": 0, ""confusion"": 0, ""curiosity"": 0, ""desire"": 0, ""disappointment"": 0, ""disapproval"": 0, ""disgust"": 0, ""embarrassment"": 0, ""excitement"": 5, ""fear"": 0, ""gratitude"": 0, ""grief"": 0, ""joy"": 0, ""love"": 0, ""nervousness"": 0, ""optimism"": 0, ""pride"": 0, ""realization"": 0, ""relief"": 0, ""remorse"": 0, ""sadness"": 0, ""surprise"": 0, ""neutral"": 0}",5,5,1.0,0
408,admiration,admiration|amusement|approval,admiration,Lol omg yesssss. Probably the best suggestion anyone ever told me 🙌🏼,"{""admiration"": 4, ""amusement"": 0, ""anger"": 0, ""annoyance"": 0, ""approval"": 0, ""caring"": 0, ""confusion"": 0, ""curiosity"": 0, ""desire"": 0, ""disappointment"": 0, ""disapproval"": 0, ""disgust"": 0, ""embarrassment"": 0, ""excitement"": 1, ""fear"": 0, ""gratitude"": 0, ""grief"": 0, ""joy"": 0, ""love"": 0, ""nervousness"": 0, ""optimism"": 0, ""pride"": 0, ""realization"": 0, ""relief"": 0, ""remorse"": 0, ""sadness"": 0, ""surprise"": 0, ""neutral"": 0}",4,5,0.8,1
409,neutral,neutral,disgust,No justice with a cop's bullet in your head,"{""admiration"": 0, ""amusement"": 0, ""anger"": 0, ""annoyance"": 0, ""approval"": 0, ""caring"": 0, ""confusion"": 0, ""curiosity"": 0, ""desire"": 0, ""disappointment"": 0, ""disapproval"": 0, ""disgust"": 3, ""embarrassment"": 0, ""excitement"": 0, ""fear"": 0, ""gratitude"": 0, ""grief"": 0, ""joy"": 0, ""love"": 0, ""nervousness"": 0, ""optimism"": 0, ""pride"": 0, ""realization"": 0, ""relief"": 0, ""remorse"": 2, ""sadness"": 0, ""surprise"": 0, ""neutral"": 0}",3,5,0.6,0
410,desire,desire,disapproval,"Sorry, but [NAME] is too POWERFUL, not to be his own character. But seriously i definitely now want this.","{""admiration"": 0, ""amusement"": 0, ""anger"": 0, ""annoyance"": 0, ""approval"": 0, ""caring"": 0, ""confusion"": 0, ""curiosity"": 0, ""desire"": 0, ""disappointment"": 1, ""disapproval"": 2, ""disgust"": 2, ""embarrassment"": 0, ""excitement"": 0, ""fear"": 0, ""gratitude"": 0, ""grief"": 0, ""joy"": 0, ""love"": 0, ""nervousness"": 0, ""optimism"": 0, ""pride"": 0, ""realization"": 0, ""relief"": 0, ""remorse"": 0, ""sadness"": 0, ""surprise"": 0, ""neutral"": 0}",2,5,0.4,0
411,admiration,admiration,admiration,"But we did get an awesome transit line from downtown to the airport, plus most of the Olympic facilities existed before the games.","{""admiration"": 4, ""amusement"": 0, ""anger"": 0, ""annoyance"": 0, ""approval"": 0, ""caring"": 0, ""confusion"": 0, ""curiosity"": 0, ""desire"": 0, ""disappointment"": 1, ""disapproval"": 0, ""disgust"": 0, ""embarrassment"": 0, ""excitement"": 0, ""fear"": 0, ""gratitude"": 0, ""grief"": 0, ""joy"": 0, ""love"": 0, ""nervousness"": 0, ""optimism"": 0, ""pride"": 0, ""realization"": 0, ""relief"": 0, ""remorse"": 0, ""sadness"": 0, ""surprise"": 0, ""neutral"": 0}",4,5,0.8,1
412,gratitude,gratitude,relief,Yeah this is pretty eye opening. I’ve had pretty weird relationships with my reflection in the past but thankfully it’s not always this way.,"{""admiration"": 0, ""amusement"": 0, ""anger"": 0, ""annoyance"": 0, ""approval"": 0, ""caring"": 0, ""confusion"": 0, ""curiosity"": 0, ""desire"": 0, ""disappointment"": 0, ""disapproval"": 0, ""disgust"": 0, ""embarrassment"": 0, ""excitement"": 0, ""fear"": 0, ""gratitude"": 1, ""grief"": 0, ""joy"": 0, ""love"": 0, ""nervousness"": 0, ""optimism"": 0, ""pride"": 0, ""realization"": 0, ""relief"": 2, ""remorse"": 1, ""sadness"": 0, ""surprise"": 1, ""neutral"": 0}",2,5,0.4,0
413,disapproval,disapproval,disgust,Probably when they fired their cartoonist a few months ago for having the wrong opinions.,"{""admiration"": 0, ""amusement"": 0, ""anger"": 0, ""annoyance"": 0, ""approval"": 0, ""caring"": 0, ""confusion"": 0, ""curiosity"": 0, ""desire"": 0, ""disappointment"": 0, ""disapproval"": 0, ""disgust"": 5, ""embarrassment"": 0, ""excitement"": 0, ""fear"": 0, ""gratitude"": 0, ""grief"": 0, ""joy"": 0, ""love"": 0, ""nervousness"": 0, ""optimism"": 0, ""pride"": 0, ""realization"": 0, ""relief"": 0, ""remorse"": 0, ""sadness"": 0, ""surprise"": 0, ""neutral"": 0}",5,5,1.0,0
414,realization,realization,disgust,It's also complicated because a lot of videogame media outlets quote him,"{""admiration"": 0, ""amusement"": 0, ""anger"": 0, ""annoyance"": 0, ""approval"": 0, ""caring"": 0, ""confusion"": 0, ""curiosity"": 0, ""desire"": 0, ""disappointment"": 0, ""disapproval"": 1, ""disgust"": 3, ""embarrassment"": 0, ""excitement"": 0, ""fear"": 0, ""gratitude"": 0, ""grief"": 0, ""joy"": 0, ""love"": 0, ""nervousness"": 0, ""optimism"": 0, ""pride"": 0, ""realization"": 0, ""relief"": 0, ""remorse"": 0, ""sadness"": 0, ""surprise"": 0, ""neutral"": 1}",3,5,0.6,0
415,disapproval,disapproval,disgust,Trier is low key an awful defender,"{""admiration"": 0, ""amusement"": 0, ""anger"": 0, ""annoyance"": 0, ""approval"": 0, ""caring"": 0, ""confusion"": 0, ""curiosity"": 0, ""desire"": 0, ""disappointment"": 0, ""disapproval"": 0, ""disgust"": 4, ""embarrassment"": 0, ""excitement"": 0, ""fear"": 0, ""gratitude"": 0, ""grief"": 0, ""joy"": 0, ""love"": 0, ""nervousness"": 0, ""optimism"": 0, ""pride"": 0, ""realization"": 0, ""relief"": 0, ""remorse"": 0, ""sadness"": 0, ""surprise"": 0, ""neutral"": 0}",4,5,0.8,0
416,sadness,sadness,disappointment,Gonna be sad when Gameday is inside a gym for shooty hoops. I already miss CFB :(,"{""admiration"": 0, ""amusement"": 0, ""anger"": 0, ""annoyance"": 0, ""approval"": 0, ""caring"": 0, ""confusion"": 0, ""curiosity"": 0, ""desire"": 0, ""disappointment"": 5, ""disapproval"": 0, ""disgust"": 0, ""embarrassment"": 0, ""excitement"": 0, ""fear"": 0, ""gratitude"": 0, ""grief"": 0, ""joy"": 0, ""love"": 0, ""nervousness"": 0, ""optimism"": 0, ""pride"": 0, ""realization"": 0, ""relief"": 0, ""remorse"": 0, ""sadness"": 0, ""surprise"": 0, ""neutral"": 0}",5,5,1.0,0
417,fear,fear,disgust,Yikes. This kind of freaks me out.,"{""admiration"": 0, ""amusement"": 0, ""anger"": 0, ""annoyance"": 0, ""approval"": 0, ""caring"": 0, ""confusion"": 0, ""curiosity"": 0, ""desire"": 0, ""disappointment"": 0, ""disapproval"": 0, ""disgust"": 3, ""embarrassment"": 0, ""excitement"": 0, ""fear"": 2, ""gratitude"": 0, ""grief"": 0, ""joy"": 0, ""love"": 0, ""nervousness"": 0, ""optimism"": 0, ""pride"": 0, ""realization"": 0, ""relief"": 0, ""remorse"": 0, ""sadness"": 0, ""surprise"": 0, ""neutral"": 0}",3,5,0.6,0
418,disapproval,disapproval|neutral,disgust,But they didn't because it's fake.,"{""admiration"": 0, ""amusement"": 0, ""anger"": 0, ""annoyance"": 0, ""approval"": 0, ""caring"": 0, ""confusion"": 0, ""curiosity"": 0, ""desire"": 0, ""disappointment"": 0, ""disapproval"": 0, ""disgust"": 5, ""embarrassment"": 0, ""excitement"": 0, ""fear"": 0, ""gratitude"": 0, ""grief"": 0, ""joy"": 0, ""love"": 0, ""nervousness"": 0, ""optimism"": 0, ""pride"": 0, ""realization"": 0, ""relief"": 0, ""remorse"": 0, ""sadness"": 0, ""surprise"": 0, ""neutral"": 0}",5,5,1.0,0
419,confusion,confusion,disgust,Does [NAME] or [NAME] look happier that [NAME] chose to put his hand on [NAME] leg?,"{""admiration"": 0, ""amusement"": 0, ""anger"": 0, ""annoyance"": 0, ""approval"": 0, ""caring"": 0, ""confusion"": 0, ""curiosity"": 0, ""desire"": 0, ""disappointment"": 0, ""disapproval"": 0, ""disgust"": 4, ""embarrassment"": 0, ""excitement"": 0, ""fear"": 0, ""gratitude"": 0, ""grief"": 0, ""joy"": 0, ""love"": 0, ""nervousness"": 0, ""optimism"": 0, ""pride"": 0, ""realization"": 0, ""relief"": 0, ""remorse"": 0, ""sadness"": 0, ""surprise"": 1, ""neutral"": 0}",4,5,0.8,0
420,approval,approval,disgust,So [NAME] is really a fan of playing the bench vs the other team's starters at the end of halves. Really finding every tanking edge possible.,"{""admiration"": 0, ""amusement"": 0, ""anger"": 0, ""annoyance"": 0, ""approval"": 0, ""caring"": 0, ""confusion"": 0, ""curiosity"": 0, ""desire"": 0, ""disappointment"": 0, ""disapproval"": 0, ""disgust"": 5, ""embarrassment"": 0, ""excitement"": 0, ""fear"": 0, ""gratitude"": 0, ""grief"": 0, ""joy"": 0, ""love"": 0, ""nervousness"": 0, ""optimism"": 0, ""pride"": 0, ""realization"": 0, ""relief"": 0, ""remorse"": 0, ""sadness"": 0, ""surprise"": 0, ""neutral"": 0}",5,5,1.0,0
421,neutral,neutral,disapproval,I think the fan base is mostly past that at this point. Almost everyone has MASSIVE problems with some of the decisions Nintendo makes.,"{""admiration"": 0, ""amusement"": 0, ""anger"": 0, ""annoyance"": 0, ""approval"": 0, ""caring"": 0, ""confusion"": 0, ""curiosity"": 0, ""desire"": 0, ""disappointment"": 0, ""disapproval"": 5, ""disgust"": 0, ""embarrassment"": 0, ""excitement"": 0, ""fear"": 0, ""gratitude"": 0, ""grief"": 0, ""joy"": 0, ""love"": 0, ""nervousness"": 0, ""optimism"": 0, ""pride"": 0, ""realization"": 0, ""relief"": 0, ""remorse"": 0, ""sadness"": 0, ""surprise"": 0, ""neutral"": 0}",5,5,1.0,0
422,caring,caring,neutral,Hope all is well now xo,"{""admiration"": 0, ""amusement"": 0, ""anger"": 0, ""annoyance"": 0, ""approval"": 0, ""caring"": 0, ""confusion"": 0, ""curiosity"": 0, ""desire"": 0, ""disappointment"": 0, ""disapproval"": 0, ""disgust"": 2, ""embarrassment"": 0, ""excitement"": 0, ""fear"": 0, ""gratitude"": 0, ""grief"": 0, ""joy"": 0, ""love"": 0, ""nervousness"": 0, ""optimism"": 0, ""pride"": 0, ""realization"": 0, ""relief"": 0, ""remorse"": 0, ""sadness"": 0, ""surprise"": 0, ""neutral"": 3}",3,5,0.6,0
423,neutral,neutral,disgust,oh yeah? Mines real,"{""admiration"": 0, ""amusement"": 0, ""anger"": 0, ""annoyance"": 0, ""approval"": 0, ""caring"": 0, ""confusion"": 0, ""curiosity"": 0, ""desire"": 0, ""disappointment"": 0, ""disapproval"": 0, ""disgust"": 5, ""embarrassment"": 0, ""excitement"": 0, ""fear"": 0, ""gratitude"": 0, ""grief"": 0, ""joy"": 0, ""love"": 0, ""nervousness"": 0, ""optimism"": 0, ""pride"": 0, ""realization"": 0, ""relief"": 0, ""remorse"": 0, ""sadness"": 0, ""surprise"": 0, ""neutral"": 0}",5,5,1.0,0
424,amusement,amusement,amusement,"Getting outplayed by the Cavaliers LOL. Maybe [NAME] and [NAME] can take more bricks this quarter, seems to be working so far ","{""admiration"": 0, ""amusement"": 5, ""anger"": 0, ""annoyance"": 0, ""approval"": 0, ""caring"": 0, ""confusion"": 0, ""curiosity"": 0, ""desire"": 0, ""disappointment"": 0, ""disapproval"": 0, ""disgust"": 0, ""embarrassment"": 0, ""excitement"": 0, ""fear"": 0, ""gratitude"": 0, ""grief"": 0, ""joy"": 0, ""love"": 0, ""nervousness"": 0, ""optimism"": 0, ""pride"": 0, ""realization"": 0, ""relief"": 0, ""remorse"": 0, ""sadness"": 0, ""surprise"": 0, ""neutral"": 0}",5,5,1.0,1
425,admiration,admiration|gratitude,disappointment,"Daily would be great, but...life stuff like work sometimes get in the way.","{""admiration"": 0, ""amusement"": 0, ""anger"": 0, ""annoyance"": 0, ""approval"": 0, ""caring"": 0, ""confusion"": 0, ""curiosity"": 0, ""desire"": 0, ""disappointment"": 5, ""disapproval"": 0, ""disgust"": 0, ""embarrassment"": 0, ""excitement"": 0, ""fear"": 0, ""gratitude"": 0, ""grief"": 0, ""joy"": 0, ""love"": 0, ""nervousness"": 0, ""optimism"": 0, ""pride"": 0, ""realization"": 0, ""relief"": 0, ""remorse"": 0, ""sadness"": 0, ""surprise"": 0, ""neutral"": 0}",5,5,1.0,0
426,neutral,neutral,annoyance,Yep just googled it and she’s freezing her eggs and telling EVERYONE how I missed this...who knows,"{""admiration"": 0, ""amusement"": 0, ""anger"": 1, ""annoyance"": 2, ""approval"": 0, ""caring"": 0, ""confusion"": 0, ""curiosity"": 0, ""desire"": 0, ""disappointment"": 0, ""disapproval"": 2, ""disgust"": 0, ""embarrassment"": 0, ""excitement"": 0, ""fear"": 0, ""gratitude"": 0, ""grief"": 0, ""joy"": 0, ""love"": 0, ""nervousness"": 0, ""optimism"": 0, ""pride"": 0, ""realization"": 0, ""relief"": 0, ""remorse"": 0, ""sadness"": 0, ""surprise"": 0, ""neutral"": 0}",2,5,0.4,0
427,neutral,neutral,disgust,You missed a golden opportunity here 22meirl4meirl42meirl4meirl,"{""admiration"": 0, ""amusement"": 0, ""anger"": 0, ""annoyance"": 0, ""approval"": 0, ""caring"": 0, ""confusion"": 0, ""curiosity"": 0, ""desire"": 0, ""disappointment"": 0, ""disapproval"": 0, ""disgust"": 5, ""embarrassment"": 0, ""excitement"": 0, ""fear"": 0, ""gratitude"": 0, ""grief"": 0, ""joy"": 0, ""love"": 0, ""nervousness"": 0, ""optimism"": 0, ""pride"": 0, ""realization"": 0, ""relief"": 0, ""remorse"": 0, ""sadness"": 0, ""surprise"": 0, ""neutral"": 0}",5,5,1.0,0
428,annoyance,annoyance,disgust,I find this aspect of the law so ridiculous. I suppose pepper spray is lethal to people with respiratory conditions like asthma or certain rare allergies.,"{""admiration"": 0, ""amusement"": 0, ""anger"": 0, ""annoyance"": 0, ""approval"": 0, ""caring"": 0, ""confusion"": 0, ""curiosity"": 0, ""desire"": 0, ""disappointment"": 0, ""disapproval"": 1, ""disgust"": 4, ""embarrassment"": 0, ""excitement"": 0, ""fear"": 0, ""gratitude"": 0, ""grief"": 0, ""joy"": 0, ""love"": 0, ""nervousness"": 0, ""optimism"": 0, ""pride"": 0, ""realization"": 0, ""relief"": 0, ""remorse"": 0, ""sadness"": 0, ""surprise"": 0, ""neutral"": 0}",4,5,0.8,0
429,disgust,disgust,disgust,I'm ugly and able to bump uglies with someone I can make laugh. Mission accomplished.,"{""admiration"": 0, ""amusement"": 0, ""anger"": 0, ""annoyance"": 0, ""approval"": 0, ""caring"": 0, ""confusion"": 0, ""curiosity"": 0, ""desire"": 0, ""disappointment"": 0, ""disapproval"": 0, ""disgust"": 5, ""embarrassment"": 0, ""excitement"": 0, ""fear"": 0, ""gratitude"": 0, ""grief"": 0, ""joy"": 0, ""love"": 0, ""nervousness"": 0, ""optimism"": 0, ""pride"": 0, ""realization"": 0, ""relief"": 0, ""remorse"": 0, ""sadness"": 0, ""surprise"": 0, ""neutral"": 0}",5,5,1.0,1
430,admiration,admiration|love,admiration,gotta love the random spidey head to the left on the third shelf,"{""admiration"": 5, ""amusement"": 0, ""anger"": 0, ""annoyance"": 0, ""approval"": 0, ""caring"": 0, ""confusion"": 0, ""curiosity"": 0, ""desire"": 0, ""disappointment"": 0, ""disapproval"": 0, ""disgust"": 0, ""embarrassment"": 0, ""excitement"": 0, ""fear"": 0, ""gratitude"": 0, ""grief"": 0, ""joy"": 0, ""love"": 0, ""nervousness"": 0, ""optimism"": 0, ""pride"": 0, ""realization"": 0, ""relief"": 0, ""remorse"": 0, ""sadness"": 0, ""surprise"": 0, ""neutral"": 0}",5,5,1.0,1
431,neutral,neutral,disgust,>slaps windshield This bad boy can fit so many Leds on it,"{""admiration"": 0, ""amusement"": 0, ""anger"": 1, ""annoyance"": 0, ""approval"": 0, ""caring"": 0, ""confusion"": 0, ""curiosity"": 0, ""desire"": 0, ""disappointment"": 0, ""disapproval"": 0, ""disgust"": 4, ""embarrassment"": 0, ""excitement"": 0, ""fear"": 0, ""gratitude"": 0, ""grief"": 0, ""joy"": 0, ""love"": 0, ""nervousness"": 0, ""optimism"": 0, ""pride"": 0, ""realization"": 0, ""relief"": 0, ""remorse"": 0, ""sadness"": 0, ""surprise"": 0, ""neutral"": 0}",4,5,0.8,0
432,admiration,admiration,joy,Dam 😣 that was awesome!,"{""admiration"": 1, ""amusement"": 0, ""anger"": 0, ""annoyance"": 0, ""approval"": 0, ""caring"": 0, ""confusion"": 0, ""curiosity"": 0, ""desire"": 0, ""disappointment"": 0, ""disapproval"": 0, ""disgust"": 0, ""embarrassment"": 0, ""excitement"": 0, ""fear"": 0, ""gratitude"": 0, ""grief"": 0, ""joy"": 4, ""love"": 0, ""nervousness"": 0, ""optimism"": 0, ""pride"": 0, ""realization"": 0, ""relief"": 0, ""remorse"": 0, ""sadness"": 0, ""surprise"": 0, ""neutral"": 0}",4,5,0.8,0
433,fear,fear,disgust,I don't drink at all specifically because the next day is sheer terror.,"{""admiration"": 0, ""amusement"": 0, ""anger"": 0, ""annoyance"": 0, ""approval"": 0, ""caring"": 0, ""confusion"": 0, ""curiosity"": 0, ""desire"": 0, ""disappointment"": 0, ""disapproval"": 0, ""disgust"": 4, ""embarrassment"": 0, ""excitement"": 0, ""fear"": 0, ""gratitude"": 0, ""grief"": 0, ""joy"": 0, ""love"": 0, ""nervousness"": 0, ""optimism"": 0, ""pride"": 0, ""realization"": 0, ""relief"": 0, ""remorse"": 1, ""sadness"": 0, ""surprise"": 0, ""neutral"": 0}",4,5,0.8,0
434,admiration,admiration|gratitude,gratitude,Really good point here. Thanks.,"{""admiration"": 0, ""amusement"": 0, ""anger"": 0, ""annoyance"": 0, ""approval"": 0, ""caring"": 0, ""confusion"": 0, ""curiosity"": 0, ""desire"": 0, ""disappointment"": 0, ""disapproval"": 0, ""disgust"": 0, ""embarrassment"": 0, ""excitement"": 0, ""fear"": 0, ""gratitude"": 4, ""grief"": 0, ""joy"": 0, ""love"": 0, ""nervousness"": 0, ""optimism"": 0, ""pride"": 0, ""realization"": 0, ""relief"": 0, ""remorse"": 0, ""sadness"": 0, ""surprise"": 0, ""neutral"": 1}",4,5,0.8,1
435,neutral,neutral,amusement,Oh I'd wager it was as addictive :-) 7x70's :-/,"{""admiration"": 0, ""amusement"": 3, ""anger"": 0, ""annoyance"": 0, ""approval"": 0, ""caring"": 0, ""confusion"": 0, ""curiosity"": 0, ""desire"": 0, ""disappointment"": 0, ""disapproval"": 0, ""disgust"": 2, ""embarrassment"": 0, ""excitement"": 0, ""fear"": 0, ""gratitude"": 0, ""grief"": 0, ""joy"": 0, ""love"": 0, ""nervousness"": 0, ""optimism"": 0, ""pride"": 0, ""realization"": 0, ""relief"": 0, ""remorse"": 0, ""sadness"": 0, ""surprise"": 0, ""neutral"": 0}",3,5,0.6,0
436,desire,desire,disappointment,No I wish. They don't come to Texas very often.,"{""admiration"": 0, ""amusement"": 0, ""anger"": 0, ""annoyance"": 0, ""approval"": 0, ""caring"": 0, ""confusion"": 0, ""curiosity"": 0, ""desire"": 0, ""disappointment"": 5, ""disapproval"": 0, ""disgust"": 0, ""embarrassment"": 0, ""excitement"": 0, ""fear"": 0, ""gratitude"": 0, ""grief"": 0, ""joy"": 0, ""love"": 0, ""nervousness"": 0, ""optimism"": 0, ""pride"": 0, ""realization"": 0, ""relief"": 0, ""remorse"": 0, ""sadness"": 0, ""surprise"": 0, ""neutral"": 0}",5,5,1.0,0
437,disappointment,disappointment,disgust,"""what you want"" is a populated, limited set, and thus discrete.","{""admiration"": 0, ""amusement"": 0, ""anger"": 0, ""annoyance"": 0, ""approval"": 0, ""caring"": 0, ""confusion"": 0, ""curiosity"": 0, ""desire"": 0, ""disappointment"": 1, ""disapproval"": 0, ""disgust"": 2, ""embarrassment"": 0, ""excitement"": 0, ""fear"": 0, ""gratitude"": 0, ""grief"": 0, ""joy"": 0, ""love"": 0, ""nervousness"": 0, ""optimism"": 0, ""pride"": 0, ""realization"": 0, ""relief"": 0, ""remorse"": 1, ""sadness"": 0, ""surprise"": 0, ""neutral"": 0}",2,5,0.4,0
438,amusement,amusement,amusement,"Exactly, but I guess I've gotten used to people forgetting the club exists haha","{""admiration"": 0, ""amusement"": 4, ""anger"": 0, ""annoyance"": 0, ""approval"": 0, ""caring"": 0, ""confusion"": 0, ""curiosity"": 0, ""desire"": 0, ""disappointment"": 0, ""disapproval"": 0, ""disgust"": 0, ""embarrassment"": 0, ""excitement"": 0, ""fear"": 0, ""gratitude"": 0, ""grief"": 0, ""joy"": 0, ""love"": 0, ""nervousness"": 0, ""optimism"": 0, ""pride"": 0, ""realization"": 0, ""relief"": 0, ""remorse"": 0, ""sadness"": 0, ""surprise"": 0, ""neutral"": 1}",4,5,0.8,1
439,caring,caring|curiosity,neutral,Are you okay?,"{""admiration"": 0, ""amusement"": 0, ""anger"": 0, ""annoyance"": 0, ""approval"": 0, ""caring"": 0, ""confusion"": 0, ""curiosity"": 0, ""desire"": 0, ""disappointment"": 0, ""disapproval"": 0, ""disgust"": 0, ""embarrassment"": 0, ""excitement"": 0, ""fear"": 0, ""gratitude"": 0, ""grief"": 0, ""joy"": 0, ""love"": 0, ""nervousness"": 0, ""optimism"": 0, ""pride"": 0, ""realization"": 0, ""relief"": 0, ""remorse"": 1, ""sadness"": 0, ""surprise"": 0, ""neutral"": 4}",4,5,0.8,0
440,neutral,neutral,disgust,Dude this is definitely an exit scam. I went thru the crypsty collapse this feels exactly the same. It shouldn't take 30hrs to get 1btc out.,"{""admiration"": 0, ""amusement"": 0, ""anger"": 1, ""annoyance"": 0, ""approval"": 0, ""caring"": 0, ""confusion"": 0, ""curiosity"": 0, ""desire"": 0, ""disappointment"": 0, ""disapproval"": 0, ""disgust"": 4, ""embarrassment"": 0, ""excitement"": 0, ""fear"": 0, ""gratitude"": 0, ""grief"": 0, ""joy"": 0, ""love"": 0, ""nervousness"": 0, ""optimism"": 0, ""pride"": 0, ""realization"": 0, ""relief"": 0, ""remorse"": 0, ""sadness"": 0, ""surprise"": 0, ""neutral"": 0}",4,5,0.8,0
441,gratitude,gratitude,disappointment,"Hello, Could you try exiting the game and restarting? Please let us know if you're still getting the pop-up afterward. Thanks!","{""admiration"": 0, ""amusement"": 0, ""anger"": 0, ""annoyance"": 0, ""approval"": 0, ""caring"": 0, ""confusion"": 0, ""curiosity"": 0, ""desire"": 0, ""disappointment"": 2, ""disapproval"": 1, ""disgust"": 0, ""embarrassment"": 0, ""excitement"": 0, ""fear"": 0, ""gratitude"": 0, ""grief"": 0, ""joy"": 0, ""love"": 0, ""nervousness"": 0, ""optimism"": 0, ""pride"": 0, ""realization"": 0, ""relief"": 0, ""remorse"": 0, ""sadness"": 0, ""surprise"": 0, ""neutral"": 2}",2,5,0.4,0
442,neutral,neutral,disgust,Call it whatever you want. I’m just clearing a meaning that many atheists aren’t aware of or don’t consider.,"{""admiration"": 0, ""amusement"": 0, ""anger"": 0, ""annoyance"": 0, ""approval"": 0, ""caring"": 0, ""confusion"": 0, ""curiosity"": 0, ""desire"": 0, ""disappointment"": 0, ""disapproval"": 0, ""disgust"": 3, ""embarrassment"": 0, ""excitement"": 0, ""fear"": 0, ""gratitude"": 1, ""grief"": 0, ""joy"": 0, ""love"": 0, ""nervousness"": 0, ""optimism"": 0, ""pride"": 0, ""realization"": 0, ""relief"": 0, ""remorse"": 1, ""sadness"": 0, ""surprise"": 0, ""neutral"": 0}",3,5,0.6,0
443,confusion,confusion|curiosity,disapproval,How is [NAME] fleshed out? His entire role in ep1 was that he cooks. He's about as important as [NAME].,"{""admiration"": 0, ""amusement"": 0, ""anger"": 0, ""annoyance"": 0, ""approval"": 0, ""caring"": 0, ""confusion"": 0, ""curiosity"": 0, ""desire"": 0, ""disappointment"": 0, ""disapproval"": 2, ""disgust"": 0, ""embarrassment"": 0, ""excitement"": 0, ""fear"": 0, ""gratitude"": 0, ""grief"": 0, ""joy"": 0, ""love"": 0, ""nervousness"": 0, ""optimism"": 0, ""pride"": 0, ""realization"": 0, ""relief"": 0, ""remorse"": 0, ""sadness"": 0, ""surprise"": 0, ""neutral"": 1}",2,5,0.4,0
444,love,love,admiration,Gotta love that bison,"{""admiration"": 5, ""amusement"": 0, ""anger"": 0, ""annoyance"": 0, ""approval"": 0, ""caring"": 0, ""confusion"": 0, ""curiosity"": 0, ""desire"": 0, ""disappointment"": 0, ""disapproval"": 0, ""disgust"": 0, ""embarrassment"": 0, ""excitement"": 0, ""fear"": 0, ""gratitude"": 0, ""grief"": 0, ""joy"": 0, ""love"": 0, ""nervousness"": 0, ""optimism"": 0, ""pride"": 0, ""realization"": 0, ""relief"": 0, ""remorse"": 0, ""sadness"": 0, ""surprise"": 0, ""neutral"": 0}",5,5,1.0,0
445,love,love|sadness,disappointment,Sadly no... I’m in Delaware 😩. But I’d love to help in any way I can. Keep me posted. ,"{""admiration"": 0, ""amusement"": 0, ""anger"": 0, ""annoyance"": 0, ""approval"": 0, ""caring"": 0, ""confusion"": 0, ""curiosity"": 0, ""desire"": 0, ""disappointment"": 2, ""disapproval"": 0, ""disgust"": 0, ""embarrassment"": 0, ""excitement"": 0, ""fear"": 0, ""gratitude"": 0, ""grief"": 0, ""joy"": 0, ""love"": 0, ""nervousness"": 0, ""optimism"": 0, ""pride"": 0, ""realization"": 0, ""relief"": 0, ""remorse"": 1, ""sadness"": 1, ""surprise"": 0, ""neutral"": 1}",2,5,0.4,0
446,sadness,sadness,disgust,THIS IS TRAUMATISING,"{""admiration"": 0, ""amusement"": 0, ""anger"": 0, ""annoyance"": 0, ""approval"": 0, ""caring"": 0, ""confusion"": 0, ""curiosity"": 0, ""desire"": 0, ""disappointment"": 0, ""disapproval"": 0, ""disgust"": 5, ""embarrassment"": 0, ""excitement"": 0, ""fear"": 0, ""gratitude"": 0, ""grief"": 0, ""joy"": 0, ""love"": 0, ""nervousness"": 0, ""optimism"": 0, ""pride"": 0, ""realization"": 0, ""relief"": 0, ""remorse"": 0, ""sadness"": 0, ""surprise"": 0, ""neutral"": 0}",5,5,1.0,0
447,disappointment,disappointment|sadness,disappointment,I always move back and always regret it.,"{""admiration"": 0, ""amusement"": 0, ""anger"": 0, ""annoyance"": 0, ""approval"": 0, ""caring"": 0, ""confusion"": 0, ""curiosity"": 0, ""desire"": 0, ""disappointment"": 5, ""disapproval"": 0, ""disgust"": 0, ""embarrassment"": 0, ""excitement"": 0, ""fear"": 0, ""gratitude"": 0, ""grief"": 0, ""joy"": 0, ""love"": 0, ""nervousness"": 0, ""optimism"": 0, ""pride"": 0, ""realization"": 0, ""relief"": 0, ""remorse"": 0, ""sadness"": 0, ""surprise"": 0, ""neutral"": 0}",5,5,1.0,1
448,neutral,neutral,disgust,Thats How femboy works,"{""admiration"": 0, ""amusement"": 0, ""anger"": 0, ""annoyance"": 0, ""approval"": 0, ""caring"": 0, ""confusion"": 0, ""curiosity"": 0, ""desire"": 0, ""disappointment"": 0, ""disapproval"": 0, ""disgust"": 5, ""embarrassment"": 0, ""excitement"": 0, ""fear"": 0, ""gratitude"": 0, ""grief"": 0, ""joy"": 0, ""love"": 0, ""nervousness"": 0, ""optimism"": 0, ""pride"": 0, ""realization"": 0, ""relief"": 0, ""remorse"": 0, ""sadness"": 0, ""surprise"": 0, ""neutral"": 0}",5,5,1.0,0
449,approval,approval,amusement,"Last game I think someone said it well, ""[NAME] like a toddler in an NBA Pro's body. ","{""admiration"": 1, ""amusement"": 2, ""anger"": 0, ""annoyance"": 0, ""approval"": 0, ""caring"": 0, ""confusion"": 0, ""curiosity"": 0, ""desire"": 0, ""disappointment"": 0, ""disapproval"": 0, ""disgust"": 2, ""embarrassment"": 0, ""excitement"": 0, ""fear"": 0, ""gratitude"": 0, ""grief"": 0, ""joy"": 0, ""love"": 0, ""nervousness"": 0, ""optimism"": 0, ""pride"": 0, ""realization"": 0, ""relief"": 0, ""remorse"": 0, ""sadness"": 0, ""surprise"": 0, ""neutral"": 0}",2,5,0.4,0
450,curiosity,curiosity,amusement,"Why's it called going into 86'ed mode though? I've never heard that before, it's interesting","{""admiration"": 0, ""amusement"": 5, ""anger"": 0, ""annoyance"": 0, ""approval"": 0, ""caring"": 0, ""confusion"": 0, ""curiosity"": 0, ""desire"": 0, ""disappointment"": 0, ""disapproval"": 0, ""disgust"": 0, ""embarrassment"": 0, ""excitement"": 0, ""fear"": 0, ""gratitude"": 0, ""grief"": 0, ""joy"": 0, ""love"": 0, ""nervousness"": 0, ""optimism"": 0, ""pride"": 0, ""realization"": 0, ""relief"": 0, ""remorse"": 0, ""sadness"": 0, ""surprise"": 0, ""neutral"": 0}",5,5,1.0,0
451,annoyance,annoyance,anger,"They stole my joke, damn them!","{""admiration"": 0, ""amusement"": 0, ""anger"": 5, ""annoyance"": 0, ""approval"": 0, ""caring"": 0, ""confusion"": 0, ""curiosity"": 0, ""desire"": 0, ""disappointment"": 0, ""disapproval"": 0, ""disgust"": 0, ""embarrassment"": 0, ""excitement"": 0, ""fear"": 0, ""gratitude"": 0, ""grief"": 0, ""joy"": 0, ""love"": 0, ""nervousness"": 0, ""optimism"": 0, ""pride"": 0, ""realization"": 0, ""relief"": 0, ""remorse"": 0, ""sadness"": 0, ""surprise"": 0, ""neutral"": 0}",5,5,1.0,0
452,neutral,neutral,neutral,"I own literally no red shirts, would grey, tan, or purplish be okay?","{""admiration"": 0, ""amusement"": 0, ""anger"": 0, ""annoyance"": 0, ""approval"": 0, ""caring"": 0, ""confusion"": 0, ""curiosity"": 0, ""desire"": 0, ""disappointment"": 0, ""disapproval"": 0, ""disgust"": 0, ""embarrassment"": 0, ""excitement"": 0, ""fear"": 0, ""gratitude"": 0, ""grief"": 0, ""joy"": 0, ""love"": 0, ""nervousness"": 0, ""optimism"": 0, ""pride"": 0, ""realization"": 0, ""relief"": 0, ""remorse"": 1, ""sadness"": 0, ""surprise"": 0, ""neutral"": 2}",2,5,0.4,1
453,disapproval,disapproval,disgust,"YOUR momentum doesn't help you, its the direction you're aiming and THEIR momentum that does. they were probably backing up when that happened.","{""admiration"": 0, ""amusement"": 0, ""anger"": 0, ""annoyance"": 0, ""approval"": 0, ""caring"": 0, ""confusion"": 0, ""curiosity"": 0, ""desire"": 0, ""disappointment"": 0, ""disapproval"": 2, ""disgust"": 3, ""embarrassment"": 0, ""excitement"": 0, ""fear"": 0, ""gratitude"": 0, ""grief"": 0, ""joy"": 0, ""love"": 0, ""nervousness"": 0, ""optimism"": 0, ""pride"": 0, ""realization"": 0, ""relief"": 0, ""remorse"": 0, ""sadness"": 0, ""surprise"": 0, ""neutral"": 0}",3,5,0.6,0
454,confusion,confusion|neutral,disgust,His returns or his W2?,"{""admiration"": 0, ""amusement"": 0, ""anger"": 0, ""annoyance"": 0, ""approval"": 0, ""caring"": 0, ""confusion"": 0, ""curiosity"": 0, ""desire"": 0, ""disappointment"": 1, ""disapproval"": 1, ""disgust"": 3, ""embarrassment"": 0, ""excitement"": 0, ""fear"": 0, ""gratitude"": 0, ""grief"": 0, ""joy"": 0, ""love"": 0, ""nervousness"": 0, ""optimism"": 0, ""pride"": 0, ""realization"": 0, ""relief"": 0, ""remorse"": 0, ""sadness"": 0, ""surprise"": 0, ""neutral"": 0}",3,5,0.6,0
455,curiosity,curiosity,disgust,So you’ve never had a fwb situation and if you have it made you worthless for a real relationship to other women? Hope this goes both ways,"{""admiration"": 0, ""amusement"": 0, ""anger"": 0, ""annoyance"": 0, ""approval"": 0, ""caring"": 0, ""confusion"": 0, ""curiosity"": 0, ""desire"": 0, ""disappointment"": 0, ""disapproval"": 0, ""disgust"": 3, ""embarrassment"": 0, ""excitement"": 0, ""fear"": 0, ""gratitude"": 0, ""grief"": 0, ""joy"": 0, ""love"": 0, ""nervousness"": 0, ""optimism"": 0, ""pride"": 0, ""realization"": 0, ""relief"": 0, ""remorse"": 2, ""sadness"": 0, ""surprise"": 0, ""neutral"": 0}",3,5,0.6,0
456,amusement,amusement|confusion,confusion,Yeah super confused about that considering it was only [NAME] she had beef with lol,"{""admiration"": 0, ""amusement"": 0, ""anger"": 0, ""annoyance"": 0, ""approval"": 0, ""caring"": 0, ""confusion"": 5, ""curiosity"": 0, ""desire"": 0, ""disappointment"": 0, ""disapproval"": 0, ""disgust"": 0, ""embarrassment"": 0, ""excitement"": 0, ""fear"": 0, ""gratitude"": 0, ""grief"": 0, ""joy"": 0, ""love"": 0, ""nervousness"": 0, ""optimism"": 0, ""pride"": 0, ""realization"": 0, ""relief"": 0, ""remorse"": 0, ""sadness"": 0, ""surprise"": 0, ""neutral"": 0}",5,5,1.0,1
457,admiration,admiration,admiration,She better!!! .....nobody else will,"{""admiration"": 4, ""amusement"": 0, ""anger"": 0, ""annoyance"": 0, ""approval"": 0, ""caring"": 0, ""confusion"": 0, ""curiosity"": 0, ""desire"": 0, ""disappointment"": 0, ""disapproval"": 0, ""disgust"": 1, ""embarrassment"": 0, ""excitement"": 0, ""fear"": 0, ""gratitude"": 0, ""grief"": 0, ""joy"": 0, ""love"": 0, ""nervousness"": 0, ""optimism"": 0, ""pride"": 0, ""realization"": 0, ""relief"": 0, ""remorse"": 0, ""sadness"": 0, ""surprise"": 0, ""neutral"": 0}",4,5,0.8,1
458,gratitude,gratitude,approval,"Thank you for the great recommendation. I'll get on that as soon as I can, and keep you updated.","{""admiration"": 0, ""amusement"": 0, ""anger"": 0, ""annoyance"": 0, ""approval"": 4, ""caring"": 0, ""confusion"": 0, ""curiosity"": 0, ""desire"": 0, ""disappointment"": 0, ""disapproval"": 0, ""disgust"": 0, ""embarrassment"": 0, ""excitement"": 0, ""fear"": 0, ""gratitude"": 1, ""grief"": 0, ""joy"": 0, ""love"": 0, ""nervousness"": 0, ""optimism"": 0, ""pride"": 0, ""realization"": 0, ""relief"": 0, ""remorse"": 0, ""sadness"": 0, ""surprise"": 0, ""neutral"": 0}",4,5,0.8,0
459,admiration,admiration,admiration,"Edward Lear, lovely chap.","{""admiration"": 5, ""amusement"": 0, ""anger"": 0, ""annoyance"": 0, ""approval"": 0, ""caring"": 0, ""confusion"": 0, ""curiosity"": 0, ""desire"": 0, ""disappointment"": 0, ""disapproval"": 0, ""disgust"": 0, ""embarrassment"": 0, ""excitement"": 0, ""fear"": 0, ""gratitude"": 0, ""grief"": 0, ""joy"": 0, ""love"": 0, ""nervousness"": 0, ""optimism"": 0, ""pride"": 0, ""realization"": 0, ""relief"": 0, ""remorse"": 0, ""sadness"": 0, ""surprise"": 0, ""neutral"": 0}",5,5,1.0,1
460,annoyance,annoyance,disgust,"*DRAINS, CLOGS, BACKED UP LOGS [NAME]!* *OH, NO, TOILET OVERFLOW [NAME]!*","{""admiration"": 0, ""amusement"": 0, ""anger"": 0, ""annoyance"": 0, ""approval"": 0, ""caring"": 0, ""confusion"": 0, ""curiosity"": 0, ""desire"": 0, ""disappointment"": 0, ""disapproval"": 0, ""disgust"": 5, ""embarrassment"": 0, ""excitement"": 0, ""fear"": 0, ""gratitude"": 0, ""grief"": 0, ""joy"": 0, ""love"": 0, ""nervousness"": 0, ""optimism"": 0, ""pride"": 0, ""realization"": 0, ""relief"": 0, ""remorse"": 0, ""sadness"": 0, ""surprise"": 0, ""neutral"": 0}",5,5,1.0,0
461,neutral,neutral,disapproval,I always give my disclaimer when he asks for my phone number. I understand and respect my situation could be a deal breaker for some.,"{""admiration"": 0, ""amusement"": 0, ""anger"": 0, ""annoyance"": 0, ""approval"": 0, ""caring"": 0, ""confusion"": 0, ""curiosity"": 0, ""desire"": 0, ""disappointment"": 0, ""disapproval"": 5, ""disgust"": 0, ""embarrassment"": 0, ""excitement"": 0, ""fear"": 0, ""gratitude"": 0, ""grief"": 0, ""joy"": 0, ""love"": 0, ""nervousness"": 0, ""optimism"": 0, ""pride"": 0, ""realization"": 0, ""relief"": 0, ""remorse"": 0, ""sadness"": 0, ""surprise"": 0, ""neutral"": 0}",5,5,1.0,0
462,disgust,disgust,disgust,Today is the only day I really hate my job as a dog walker,"{""admiration"": 0, ""amusement"": 0, ""anger"": 1, ""annoyance"": 0, ""approval"": 0, ""caring"": 0, ""confusion"": 0, ""curiosity"": 0, ""desire"": 0, ""disappointment"": 0, ""disapproval"": 0, ""disgust"": 4, ""embarrassment"": 0, ""excitement"": 0, ""fear"": 0, ""gratitude"": 0, ""grief"": 0, ""joy"": 0, ""love"": 0, ""nervousness"": 0, ""optimism"": 0, ""pride"": 0, ""realization"": 0, ""relief"": 0, ""remorse"": 0, ""sadness"": 0, ""surprise"": 0, ""neutral"": 0}",4,5,0.8,1
463,curiosity,curiosity|neutral,neutral,"Anything intelligent to say, sometime maybe perhaps?","{""admiration"": 0, ""amusement"": 0, ""anger"": 0, ""annoyance"": 0, ""approval"": 0, ""caring"": 0, ""confusion"": 0, ""curiosity"": 0, ""desire"": 0, ""disappointment"": 0, ""disapproval"": 0, ""disgust"": 0, ""embarrassment"": 0, ""excitement"": 0, ""fear"": 0, ""gratitude"": 0, ""grief"": 0, ""joy"": 0, ""love"": 0, ""nervousness"": 0, ""optimism"": 0, ""pride"": 0, ""realization"": 0, ""relief"": 0, ""remorse"": 0, ""sadness"": 0, ""surprise"": 0, ""neutral"": 5}",5,5,1.0,1
464,disgust,disgust,disgust,Combination of lapses in defense and the continuing saga of the Sabres' god awful PP.,"{""admiration"": 0, ""amusement"": 0, ""anger"": 0, ""annoyance"": 0, ""approval"": 0, ""caring"": 0, ""confusion"": 0, ""curiosity"": 0, ""desire"": 0, ""disappointment"": 0, ""disapproval"": 2, ""disgust"": 3, ""embarrassment"": 0, ""excitement"": 0, ""fear"": 0, ""gratitude"": 0, ""grief"": 0, ""joy"": 0, ""love"": 0, ""nervousness"": 0, ""optimism"": 0, ""pride"": 0, ""realization"": 0, ""relief"": 0, ""remorse"": 0, ""sadness"": 0, ""surprise"": 0, ""neutral"": 0}",3,5,0.6,1
465,neutral,neutral,disgust,And you act like [RELIGION] wasn’t used to fuel slavery and control slaves go off tho...,"{""admiration"": 0, ""amusement"": 0, ""anger"": 0, ""annoyance"": 0, ""approval"": 0, ""caring"": 0, ""confusion"": 0, ""curiosity"": 0, ""desire"": 0, ""disappointment"": 0, ""disapproval"": 0, ""disgust"": 5, ""embarrassment"": 0, ""excitement"": 0, ""fear"": 0, ""gratitude"": 0, ""grief"": 0, ""joy"": 0, ""love"": 0, ""nervousness"": 0, ""optimism"": 0, ""pride"": 0, ""realization"": 0, ""relief"": 0, ""remorse"": 0, ""sadness"": 0, ""surprise"": 0, ""neutral"": 0}",5,5,1.0,0
466,excitement,excitement,disgust,damn that kid can jump,"{""admiration"": 0, ""amusement"": 0, ""anger"": 0, ""annoyance"": 0, ""approval"": 0, ""caring"": 0, ""confusion"": 0, ""curiosity"": 0, ""desire"": 0, ""disappointment"": 0, ""disapproval"": 0, ""disgust"": 4, ""embarrassment"": 0, ""excitement"": 0, ""fear"": 0, ""gratitude"": 0, ""grief"": 0, ""joy"": 0, ""love"": 0, ""nervousness"": 0, ""optimism"": 0, ""pride"": 0, ""realization"": 0, ""relief"": 0, ""remorse"": 0, ""sadness"": 0, ""surprise"": 1, ""neutral"": 0}",4,5,0.8,0
467,fear,fear,disgust,It was done before and it was terrible,"{""admiration"": 0, ""amusement"": 0, ""anger"": 0, ""annoyance"": 0, ""approval"": 0, ""caring"": 0, ""confusion"": 0, ""curiosity"": 0, ""desire"": 0, ""disappointment"": 2, ""disapproval"": 0, ""disgust"": 3, ""embarrassment"": 0, ""excitement"": 0, ""fear"": 0, ""gratitude"": 0, ""grief"": 0, ""joy"": 0, ""love"": 0, ""nervousness"": 0, ""optimism"": 0, ""pride"": 0, ""realization"": 0, ""relief"": 0, ""remorse"": 0, ""sadness"": 0, ""surprise"": 0, ""neutral"": 0}",3,5,0.6,0
468,approval,approval,disapproval,agreed....seems that due to plot force shes starting to slip,"{""admiration"": 0, ""amusement"": 0, ""anger"": 0, ""annoyance"": 0, ""approval"": 0, ""caring"": 0, ""confusion"": 0, ""curiosity"": 0, ""desire"": 0, ""disappointment"": 1, ""disapproval"": 4, ""disgust"": 0, ""embarrassment"": 0, ""excitement"": 0, ""fear"": 0, ""gratitude"": 0, ""grief"": 0, ""joy"": 0, ""love"": 0, ""nervousness"": 0, ""optimism"": 0, ""pride"": 0, ""realization"": 0, ""relief"": 0, ""remorse"": 0, ""sadness"": 0, ""surprise"": 0, ""neutral"": 0}",4,5,0.8,0
469,admiration,admiration,admiration,Congrats on the sex!,"{""admiration"": 3, ""amusement"": 0, ""anger"": 0, ""annoyance"": 0, ""approval"": 0, ""caring"": 0, ""confusion"": 0, ""curiosity"": 0, ""desire"": 0, ""disappointment"": 0, ""disapproval"": 0, ""disgust"": 2, ""embarrassment"": 0, ""excitement"": 0, ""fear"": 0, ""gratitude"": 0, ""grief"": 0, ""joy"": 0, ""love"": 0, ""nervousness"": 0, ""optimism"": 0, ""pride"": 0, ""realization"": 0, ""relief"": 0, ""remorse"": 0, ""sadness"": 0, ""surprise"": 0, ""neutral"": 0}",3,5,0.6,1
470,joy,joy,admiration,Cool! Glad to see some cooperation.,"{""admiration"": 3, ""amusement"": 0, ""anger"": 0, ""annoyance"": 0, ""approval"": 0, ""caring"": 0, ""confusion"": 0, ""curiosity"": 0, ""desire"": 0, ""disappointment"": 0, ""disapproval"": 0, ""disgust"": 0, ""embarrassment"": 0, ""excitement"": 0, ""fear"": 0, ""gratitude"": 1, ""grief"": 0, ""joy"": 0, ""love"": 0, ""nervousness"": 0, ""optimism"": 1, ""pride"": 0, ""realization"": 0, ""relief"": 0, ""remorse"": 0, ""sadness"": 0, ""surprise"": 0, ""neutral"": 0}",3,5,0.6,0
471,admiration,admiration,love,"[NAME] was such a nice and calm person, he makes everything wholesome He was just like his paintings Realistic, Hard worked, and with tons of love","{""admiration"": 1, ""amusement"": 0, ""anger"": 0, ""annoyance"": 0, ""approval"": 0, ""caring"": 0, ""confusion"": 0, ""curiosity"": 0, ""desire"": 0, ""disappointment"": 0, ""disapproval"": 1, ""disgust"": 0, ""embarrassment"": 0, ""excitement"": 0, ""fear"": 0, ""gratitude"": 0, ""grief"": 0, ""joy"": 0, ""love"": 3, ""nervousness"": 0, ""optimism"": 0, ""pride"": 0, ""realization"": 0, ""relief"": 0, ""remorse"": 0, ""sadness"": 0, ""surprise"": 0, ""neutral"": 0}",3,5,0.6,0
472,neutral,neutral,admiration,"Stay in bed and binge watch a new show, my suggestion Brooklyn 99","{""admiration"": 2, ""amusement"": 1, ""anger"": 0, ""annoyance"": 0, ""approval"": 0, ""caring"": 0, ""confusion"": 0, ""curiosity"": 0, ""desire"": 0, ""disappointment"": 0, ""disapproval"": 0, ""disgust"": 2, ""embarrassment"": 0, ""excitement"": 0, ""fear"": 0, ""gratitude"": 0, ""grief"": 0, ""joy"": 0, ""love"": 0, ""nervousness"": 0, ""optimism"": 0, ""pride"": 0, ""realization"": 0, ""relief"": 0, ""remorse"": 0, ""sadness"": 0, ""surprise"": 0, ""neutral"": 0}",2,5,0.4,0
473,sadness,sadness,disgust,I have an issue metabolizing medications fast. I'll wake up during surgeries so they give me a lot of drugs.,"{""admiration"": 0, ""amusement"": 0, ""anger"": 0, ""annoyance"": 0, ""approval"": 0, ""caring"": 0, ""confusion"": 0, ""curiosity"": 0, ""desire"": 0, ""disappointment"": 0, ""disapproval"": 0, ""disgust"": 3, ""embarrassment"": 0, ""excitement"": 0, ""fear"": 0, ""gratitude"": 0, ""grief"": 0, ""joy"": 0, ""love"": 0, ""nervousness"": 0, ""optimism"": 0, ""pride"": 0, ""realization"": 0, ""relief"": 0, ""remorse"": 0, ""sadness"": 0, ""surprise"": 0, ""neutral"": 0}",3,5,0.6,0
474,neutral,neutral,disgust,"Same reason the KKK, a radical [RELIGION] group, burns crosses.","{""admiration"": 0, ""amusement"": 0, ""anger"": 0, ""annoyance"": 0, ""approval"": 0, ""caring"": 0, ""confusion"": 0, ""curiosity"": 0, ""desire"": 0, ""disappointment"": 0, ""disapproval"": 0, ""disgust"": 5, ""embarrassment"": 0, ""excitement"": 0, ""fear"": 0, ""gratitude"": 0, ""grief"": 0, ""joy"": 0, ""love"": 0, ""nervousness"": 0, ""optimism"": 0, ""pride"": 0, ""realization"": 0, ""relief"": 0, ""remorse"": 0, ""sadness"": 0, ""surprise"": 0, ""neutral"": 0}",5,5,1.0,0
475,neutral,neutral,disgust,Its very popular in the not comic book demographics.,"{""admiration"": 0, ""amusement"": 0, ""anger"": 0, ""annoyance"": 0, ""approval"": 0, ""caring"": 0, ""confusion"": 0, ""curiosity"": 0, ""desire"": 0, ""disappointment"": 0, ""disapproval"": 0, ""disgust"": 2, ""embarrassment"": 0, ""excitement"": 0, ""fear"": 0, ""gratitude"": 0, ""grief"": 0, ""joy"": 0, ""love"": 0, ""nervousness"": 0, ""optimism"": 0, ""pride"": 0, ""realization"": 0, ""relief"": 0, ""remorse"": 0, ""sadness"": 0, ""surprise"": 0, ""neutral"": 2}",2,5,0.4,0
476,joy,joy|optimism,joy,I recently got a job that I wanted so now I don't have to live paycheck to paycheck.,"{""admiration"": 0, ""amusement"": 0, ""anger"": 0, ""annoyance"": 0, ""approval"": 0, ""caring"": 0, ""confusion"": 0, ""curiosity"": 0, ""desire"": 0, ""disappointment"": 0, ""disapproval"": 0, ""disgust"": 0, ""embarrassment"": 0, ""excitement"": 0, ""fear"": 0, ""gratitude"": 1, ""grief"": 0, ""joy"": 2, ""love"": 0, ""nervousness"": 0, ""optimism"": 1, ""pride"": 0, ""realization"": 0, ""relief"": 1, ""remorse"": 0, ""sadness"": 0, ""surprise"": 0, ""neutral"": 0}",2,5,0.4,1
477,neutral,neutral,disappointment,But it flattens the whole thing out.,"{""admiration"": 0, ""amusement"": 0, ""anger"": 0, ""annoyance"": 0, ""approval"": 0, ""caring"": 0, ""confusion"": 0, ""curiosity"": 0, ""desire"": 0, ""disappointment"": 4, ""disapproval"": 0, ""disgust"": 0, ""embarrassment"": 0, ""excitement"": 0, ""fear"": 0, ""gratitude"": 0, ""grief"": 0, ""joy"": 0, ""love"": 0, ""nervousness"": 0, ""optimism"": 0, ""pride"": 0, ""realization"": 0, ""relief"": 0, ""remorse"": 0, ""sadness"": 0, ""surprise"": 0, ""neutral"": 1}",4,5,0.8,0
478,neutral,neutral,disgust,I was hoping you could. :),"{""admiration"": 0, ""amusement"": 0, ""anger"": 0, ""annoyance"": 0, ""approval"": 0, ""caring"": 0, ""confusion"": 0, ""curiosity"": 0, ""desire"": 0, ""disappointment"": 0, ""disapproval"": 0, ""disgust"": 4, ""embarrassment"": 0, ""excitement"": 0, ""fear"": 0, ""gratitude"": 0, ""grief"": 0, ""joy"": 0, ""love"": 0, ""nervousness"": 0, ""optimism"": 0, ""pride"": 0, ""realization"": 0, ""relief"": 0, ""remorse"": 0, ""sadness"": 0, ""surprise"": 0, ""neutral"": 1}",4,5,0.8,0
479,surprise,surprise,disappointment,"Oh, grilled nuggets. Haven't really seen those at fast food places so I thought they were just the regular nuggets","{""admiration"": 0, ""amusement"": 0, ""anger"": 0, ""annoyance"": 0, ""approval"": 0, ""caring"": 0, ""confusion"": 0, ""curiosity"": 0, ""desire"": 0, ""disappointment"": 5, ""disapproval"": 0, ""disgust"": 0, ""embarrassment"": 0, ""excitement"": 0, ""fear"": 0, ""gratitude"": 0, ""grief"": 0, ""joy"": 0, ""love"": 0, ""nervousness"": 0, ""optimism"": 0, ""pride"": 0, ""realization"": 0, ""relief"": 0, ""remorse"": 0, ""sadness"": 0, ""surprise"": 0, ""neutral"": 0}",5,5,1.0,0
480,caring,caring,disapproval,"Get it out of the way as quickly as possible. Some people claim to like it, so maybe you'll be one of those weirdos.","{""admiration"": 0, ""amusement"": 0, ""anger"": 0, ""annoyance"": 0, ""approval"": 0, ""caring"": 0, ""confusion"": 0, ""curiosity"": 0, ""desire"": 0, ""disappointment"": 0, ""disapproval"": 2, ""disgust"": 2, ""embarrassment"": 0, ""excitement"": 0, ""fear"": 0, ""gratitude"": 0, ""grief"": 0, ""joy"": 0, ""love"": 0, ""nervousness"": 0, ""optimism"": 0, ""pride"": 0, ""realization"": 0, ""relief"": 0, ""remorse"": 1, ""sadness"": 0, ""surprise"": 0, ""neutral"": 0}",2,5,0.4,0
481,neutral,neutral,admiration,Softest fans in sports,"{""admiration"": 5, ""amusement"": 0, ""anger"": 0, ""annoyance"": 0, ""approval"": 0, ""caring"": 0, ""confusion"": 0, ""curiosity"": 0, ""desire"": 0, ""disappointment"": 0, ""disapproval"": 0, ""disgust"": 0, ""embarrassment"": 0, ""excitement"": 0, ""fear"": 0, ""gratitude"": 0, ""grief"": 0, ""joy"": 0, ""love"": 0, ""nervousness"": 0, ""optimism"": 0, ""pride"": 0, ""realization"": 0, ""relief"": 0, ""remorse"": 0, ""sadness"": 0, ""surprise"": 0, ""neutral"": 0}",5,5,1.0,0
482,admiration,admiration,admiration,That is amazing!,"{""admiration"": 5, ""amusement"": 0, ""anger"": 0, ""annoyance"": 0, ""approval"": 0, ""caring"": 0, ""confusion"": 0, ""curiosity"": 0, ""desire"": 0, ""disappointment"": 0, ""disapproval"": 0, ""disgust"": 0, ""embarrassment"": 0, ""excitement"": 0, ""fear"": 0, ""gratitude"": 0, ""grief"": 0, ""joy"": 0, ""love"": 0, ""nervousness"": 0, ""optimism"": 0, ""pride"": 0, ""realization"": 0, ""relief"": 0, ""remorse"": 0, ""sadness"": 0, ""surprise"": 0, ""neutral"": 0}",5,5,1.0,1
483,anger,anger|annoyance,disgust,"What was that behind the back nonsense, criminy. TO THE BENCH","{""admiration"": 0, ""amusement"": 0, ""anger"": 0, ""annoyance"": 0, ""approval"": 0, ""caring"": 0, ""confusion"": 0, ""curiosity"": 0, ""desire"": 0, ""disappointment"": 0, ""disapproval"": 0, ""disgust"": 5, ""embarrassment"": 0, ""excitement"": 0, ""fear"": 0, ""gratitude"": 0, ""grief"": 0, ""joy"": 0, ""love"": 0, ""nervousness"": 0, ""optimism"": 0, ""pride"": 0, ""realization"": 0, ""relief"": 0, ""remorse"": 0, ""sadness"": 0, ""surprise"": 0, ""neutral"": 0}",5,5,1.0,0
484,admiration,admiration|approval,admiration,"Yeah, I was thinking they would be super cute with black heels and a snug black crop top.","{""admiration"": 5, ""amusement"": 0, ""anger"": 0, ""annoyance"": 0, ""approval"": 0, ""caring"": 0, ""confusion"": 0, ""curiosity"": 0, ""desire"": 0, ""disappointment"": 0, ""disapproval"": 0, ""disgust"": 0, ""embarrassment"": 0, ""excitement"": 0, ""fear"": 0, ""gratitude"": 0, ""grief"": 0, ""joy"": 0, ""love"": 0, ""nervousness"": 0, ""optimism"": 0, ""pride"": 0, ""realization"": 0, ""relief"": 0, ""remorse"": 0, ""sadness"": 0, ""surprise"": 0, ""neutral"": 0}",5,5,1.0,1
485,admiration,admiration|joy,love,I live downtown and walk around at odd hours of the night all the time. Love the empty and abandoned feel of the city.,"{""admiration"": 1, ""amusement"": 0, ""anger"": 0, ""annoyance"": 0, ""approval"": 0, ""caring"": 0, ""confusion"": 0, ""curiosity"": 0, ""desire"": 0, ""disappointment"": 0, ""disapproval"": 0, ""disgust"": 0, ""embarrassment"": 0, ""excitement"": 0, ""fear"": 0, ""gratitude"": 0, ""grief"": 0, ""joy"": 0, ""love"": 4, ""nervousness"": 0, ""optimism"": 0, ""pride"": 0, ""realization"": 0, ""relief"": 0, ""remorse"": 0, ""sadness"": 0, ""surprise"": 0, ""neutral"": 0}",4,5,0.8,0
486,disappointment,disappointment,disapproval,Ouch. That hurt the ego. And that’s not easy to do.,"{""admiration"": 0, ""amusement"": 0, ""anger"": 1, ""annoyance"": 0, ""approval"": 0, ""caring"": 0, ""confusion"": 0, ""curiosity"": 0, ""desire"": 0, ""disappointment"": 1, ""disapproval"": 2, ""disgust"": 1, ""embarrassment"": 0, ""excitement"": 0, ""fear"": 0, ""gratitude"": 0, ""grief"": 0, ""joy"": 0, ""love"": 0, ""nervousness"": 0, ""optimism"": 0, ""pride"": 0, ""realization"": 0, ""relief"": 0, ""remorse"": 0, ""sadness"": 0, ""surprise"": 0, ""neutral"": 0}",2,5,0.4,0
487,disgust,disgust,disgust,Terrible shade of lipstick she's wearing...,"{""admiration"": 0, ""amusement"": 0, ""anger"": 0, ""annoyance"": 0, ""approval"": 0, ""caring"": 0, ""confusion"": 0, ""curiosity"": 0, ""desire"": 0, ""disappointment"": 0, ""disapproval"": 0, ""disgust"": 5, ""embarrassment"": 0, ""excitement"": 0, ""fear"": 0, ""gratitude"": 0, ""grief"": 0, ""joy"": 0, ""love"": 0, ""nervousness"": 0, ""optimism"": 0, ""pride"": 0, ""realization"": 0, ""relief"": 0, ""remorse"": 0, ""sadness"": 0, ""surprise"": 0, ""neutral"": 0}",5,5,1.0,1
488,approval,approval,disappointment,Oh 100%. And I could see [NAME] & [NAME] both picking [NAME] cause of how she wanted to play the game.,"{""admiration"": 0, ""amusement"": 0, ""anger"": 0, ""annoyance"": 0, ""approval"": 0, ""caring"": 0, ""confusion"": 0, ""curiosity"": 0, ""desire"": 0, ""disappointment"": 3, ""disapproval"": 0, ""disgust"": 1, ""embarrassment"": 0, ""excitement"": 0, ""fear"": 0, ""gratitude"": 0, ""grief"": 0, ""joy"": 0, ""love"": 0, ""nervousness"": 0, ""optimism"": 0, ""pride"": 0, ""realization"": 0, ""relief"": 0, ""remorse"": 0, ""sadness"": 0, ""surprise"": 1, ""neutral"": 0}",3,5,0.6,0
489,desire,desire|disappointment,disappointment,I know they don’t want it. I just wish they did.,"{""admiration"": 0, ""amusement"": 0, ""anger"": 0, ""annoyance"": 0, ""approval"": 0, ""caring"": 0, ""confusion"": 0, ""curiosity"": 0, ""desire"": 0, ""disappointment"": 5, ""disapproval"": 0, ""disgust"": 0, ""embarrassment"": 0, ""excitement"": 0, ""fear"": 0, ""gratitude"": 0, ""grief"": 0, ""joy"": 0, ""love"": 0, ""nervousness"": 0, ""optimism"": 0, ""pride"": 0, ""realization"": 0, ""relief"": 0, ""remorse"": 0, ""sadness"": 0, ""surprise"": 0, ""neutral"": 0}",5,5,1.0,1
490,gratitude,gratitude,disgust,I bet we'd all die. Thank [NAME] for colds and germs or we'd all be dead upon birth,"{""admiration"": 0, ""amusement"": 0, ""anger"": 0, ""annoyance"": 0, ""approval"": 0, ""caring"": 0, ""confusion"": 0, ""curiosity"": 0, ""desire"": 0, ""disappointment"": 0, ""disapproval"": 0, ""disgust"": 5, ""embarrassment"": 0, ""excitement"": 0, ""fear"": 0, ""gratitude"": 0, ""grief"": 0, ""joy"": 0, ""love"": 0, ""nervousness"": 0, ""optimism"": 0, ""pride"": 0, ""realization"": 0, ""relief"": 0, ""remorse"": 0, ""sadness"": 0, ""surprise"": 0, ""neutral"": 0}",5,5,1.0,0
491,neutral,neutral,surprise,I saw gluten free cat grass at the pet supplies store once. Did not know that was a thing,"{""admiration"": 0, ""amusement"": 0, ""anger"": 0, ""annoyance"": 0, ""approval"": 0, ""caring"": 0, ""confusion"": 0, ""curiosity"": 0, ""desire"": 0, ""disappointment"": 0, ""disapproval"": 0, ""disgust"": 1, ""embarrassment"": 0, ""excitement"": 0, ""fear"": 0, ""gratitude"": 0, ""grief"": 0, ""joy"": 0, ""love"": 0, ""nervousness"": 0, ""optimism"": 0, ""pride"": 0, ""realization"": 0, ""relief"": 0, ""remorse"": 0, ""sadness"": 0, ""surprise"": 3, ""neutral"": 1}",3,5,0.6,0
492,admiration,admiration,admiration,I still get goosebumps every time i hear this track. It's just beautiful .,"{""admiration"": 5, ""amusement"": 0, ""anger"": 0, ""annoyance"": 0, ""approval"": 0, ""caring"": 0, ""confusion"": 0, ""curiosity"": 0, ""desire"": 0, ""disappointment"": 0, ""disapproval"": 0, ""disgust"": 0, ""embarrassment"": 0, ""excitement"": 0, ""fear"": 0, ""gratitude"": 0, ""grief"": 0, ""joy"": 0, ""love"": 0, ""nervousness"": 0, ""optimism"": 0, ""pride"": 0, ""realization"": 0, ""relief"": 0, ""remorse"": 0, ""sadness"": 0, ""surprise"": 0, ""neutral"": 0}",5,5,1.0,1
493,desire,desire,disgust,"Good for you! I wish I had run for my life at 18, but brainwashing is real","{""admiration"": 0, ""amusement"": 0, ""anger"": 0, ""annoyance"": 0, ""approval"": 0, ""caring"": 0, ""confusion"": 0, ""curiosity"": 0, ""desire"": 0, ""disappointment"": 0, ""disapproval"": 0, ""disgust"": 5, ""embarrassment"": 0, ""excitement"": 0, ""fear"": 0, ""gratitude"": 0, ""grief"": 0, ""joy"": 0, ""love"": 0, ""nervousness"": 0, ""optimism"": 0, ""pride"": 0, ""realization"": 0, ""relief"": 0, ""remorse"": 0, ""sadness"": 0, ""surprise"": 0, ""neutral"": 0}",5,5,1.0,0
494,disappointment,disappointment,disapproval,I still maintain the packers were a worse team this year.,"{""admiration"": 0, ""amusement"": 0, ""anger"": 0, ""annoyance"": 0, ""approval"": 0, ""caring"": 0, ""confusion"": 0, ""curiosity"": 0, ""desire"": 0, ""disappointment"": 0, ""disapproval"": 5, ""disgust"": 0, ""embarrassment"": 0, ""excitement"": 0, ""fear"": 0, ""gratitude"": 0, ""grief"": 0, ""joy"": 0, ""love"": 0, ""nervousness"": 0, ""optimism"": 0, ""pride"": 0, ""realization"": 0, ""relief"": 0, ""remorse"": 0, ""sadness"": 0, ""surprise"": 0, ""neutral"": 0}",5,5,1.0,0
495,disappointment,disappointment|sadness,disgust,And still our government is not responsible enough to pay its bills. It's rather pathetic.,"{""admiration"": 0, ""amusement"": 0, ""anger"": 0, ""annoyance"": 0, ""approval"": 0, ""caring"": 0, ""confusion"": 0, ""curiosity"": 0, ""desire"": 0, ""disappointment"": 0, ""disapproval"": 2, ""disgust"": 3, ""embarrassment"": 0, ""excitement"": 0, ""fear"": 0, ""gratitude"": 0, ""grief"": 0, ""joy"": 0, ""love"": 0, ""nervousness"": 0, ""optimism"": 0, ""pride"": 0, ""realization"": 0, ""relief"": 0, ""remorse"": 0, ""sadness"": 0, ""surprise"": 0, ""neutral"": 0}",3,5,0.6,0
496,disapproval,disapproval,disgust,"Maybe you’re just extremely boring and bland, and outright refuse to learn to take photos that don’t suck. ","{""admiration"": 0, ""amusement"": 0, ""anger"": 0, ""annoyance"": 0, ""approval"": 0, ""caring"": 0, ""confusion"": 0, ""curiosity"": 0, ""desire"": 0, ""disappointment"": 0, ""disapproval"": 0, ""disgust"": 5, ""embarrassment"": 0, ""excitement"": 0, ""fear"": 0, ""gratitude"": 0, ""grief"": 0, ""joy"": 0, ""love"": 0, ""nervousness"": 0, ""optimism"": 0, ""pride"": 0, ""realization"": 0, ""relief"": 0, ""remorse"": 0, ""sadness"": 0, ""surprise"": 0, ""neutral"": 0}",5,5,1.0,0
497,neutral,neutral,pride,Just keep a spray bottle of rubbing alcohol on hand! It melts the ice and doesn't freeze.,"{""admiration"": 0, ""amusement"": 0, ""anger"": 0, ""annoyance"": 0, ""approval"": 1, ""caring"": 0, ""confusion"": 0, ""curiosity"": 0, ""desire"": 0, ""disappointment"": 0, ""disapproval"": 0, ""disgust"": 0, ""embarrassment"": 0, ""excitement"": 0, ""fear"": 0, ""gratitude"": 0, ""grief"": 0, ""joy"": 0, ""love"": 0, ""nervousness"": 0, ""optimism"": 0, ""pride"": 3, ""realization"": 0, ""relief"": 0, ""remorse"": 0, ""sadness"": 0, ""surprise"": 0, ""neutral"": 1}",3,5,0.6,0
498,neutral,neutral,disgust,As a Ringwraith this offends me. Please build me a snowfort.,"{""admiration"": 0, ""amusement"": 0, ""anger"": 2, ""annoyance"": 0, ""approval"": 0, ""caring"": 0, ""confusion"": 0, ""curiosity"": 0, ""desire"": 0, ""disappointment"": 0, ""disapproval"": 0, ""disgust"": 3, ""embarrassment"": 0, ""excitement"": 0, ""fear"": 0, ""gratitude"": 0, ""grief"": 0, ""joy"": 0, ""love"": 0, ""nervousness"": 0, ""optimism"": 0, ""pride"": 0, ""realization"": 0, ""relief"": 0, ""remorse"": 0, ""sadness"": 0, ""surprise"": 0, ""neutral"": 0}",3,5,0.6,0
499,neutral,neutral,disgust,they do poorly making me feel otherwise,"{""admiration"": 0, ""amusement"": 0, ""anger"": 0, ""annoyance"": 0, ""approval"": 0, ""caring"": 0, ""confusion"": 0, ""curiosity"": 0, ""desire"": 0, ""disappointment"": 1, ""disapproval"": 0, ""disgust"": 2, ""embarrassment"": 0, ""excitement"": 0, ""fear"": 0, ""gratitude"": 0, ""grief"": 0, ""joy"": 0, ""love"": 0, ""nervousness"": 0, ""optimism"": 0, ""pride"": 0, ""realization"": 0, ""relief"": 0, ""remorse"": 1, ""sadness"": 0, ""surprise"": 0, ""neutral"": 0}",2,5,0.4,0
500,neutral,neutral,disapproval,Well someone posted the ingredients in the comments below. I’m still new to the whole vegan thing.,"{""admiration"": 0, ""amusement"": 0, ""anger"": 0, ""annoyance"": 0, ""approval"": 0, ""caring"": 0, ""confusion"": 0, ""curiosity"": 0, ""desire"": 0, ""disappointment"": 2, ""disapproval"": 3, ""disgust"": 0, ""embarrassment"": 0, ""excitement"": 0, ""fear"": 0, ""gratitude"": 0, ""grief"": 0, ""joy"": 0, ""love"": 0, ""nervousness"": 0, ""optimism"": 0, ""pride"": 0, ""realization"": 0, ""relief"": 0, ""remorse"": 0, ""sadness"": 0, ""surprise"": 0, ""neutral"": 0}",3,5,0.6,0
501,annoyance,annoyance|disappointment|disgust,disgust,"It is so ugly I felt personally attacked by it, what can I say","{""admiration"": 0, ""amusement"": 0, ""anger"": 0, ""annoyance"": 0, ""approval"": 0, ""caring"": 0, ""confusion"": 0, ""curiosity"": 0, ""desire"": 0, ""disappointment"": 0, ""disapproval"": 0, ""disgust"": 5, ""embarrassment"": 0, ""excitement"": 0, ""fear"": 0, ""gratitude"": 0, ""grief"": 0, ""joy"": 0, ""love"": 0, ""nervousness"": 0, ""optimism"": 0, ""pride"": 0, ""realization"": 0, ""relief"": 0, ""remorse"": 0, ""sadness"": 0, ""surprise"": 0, ""neutral"": 0}",5,5,1.0,1
502,neutral,neutral,remorse,Approaching doesn't work unless you are [NAME] or something. I've only seen 2 approaches in my life and both were rejections.,"{""admiration"": 0, ""amusement"": 0, ""anger"": 0, ""annoyance"": 0, ""approval"": 0, ""caring"": 0, ""confusion"": 0, ""curiosity"": 0, ""desire"": 0, ""disappointment"": 2, ""disapproval"": 0, ""disgust"": 0, ""embarrassment"": 0, ""excitement"": 0, ""fear"": 0, ""gratitude"": 0, ""grief"": 0, ""joy"": 0, ""love"": 0, ""nervousness"": 0, ""optimism"": 0, ""pride"": 0, ""realization"": 0, ""relief"": 0, ""remorse"": 3, ""sadness"": 0, ""surprise"": 0, ""neutral"": 0}",3,5,0.6,0
503,neutral,neutral,disgust,"There's a correlation between how corrupt a country is and how corrupt it is perceived. edit: DOI:10.1023/A:1013882225402, If you can't acces, scihub still exist.","{""admiration"": 0, ""amusement"": 0, ""anger"": 0, ""annoyance"": 0, ""approval"": 0, ""caring"": 0, ""confusion"": 0, ""curiosity"": 0, ""desire"": 0, ""disappointment"": 0, ""disapproval"": 0, ""disgust"": 5, ""embarrassment"": 0, ""excitement"": 0, ""fear"": 0, ""gratitude"": 0, ""grief"": 0, ""joy"": 0, ""love"": 0, ""nervousness"": 0, ""optimism"": 0, ""pride"": 0, ""realization"": 0, ""relief"": 0, ""remorse"": 0, ""sadness"": 0, ""surprise"": 0, ""neutral"": 0}",5,5,1.0,0
504,caring,caring,optimism,I’m having a counseling this weekend ... nothing to be scared.... just tell them about your feelings and what are you worrying about..,"{""admiration"": 0, ""amusement"": 0, ""anger"": 0, ""annoyance"": 0, ""approval"": 0, ""caring"": 0, ""confusion"": 0, ""curiosity"": 0, ""desire"": 0, ""disappointment"": 0, ""disapproval"": 0, ""disgust"": 0, ""embarrassment"": 0, ""excitement"": 0, ""fear"": 0, ""gratitude"": 0, ""grief"": 0, ""joy"": 0, ""love"": 0, ""nervousness"": 0, ""optimism"": 2, ""pride"": 0, ""realization"": 0, ""relief"": 0, ""remorse"": 0, ""sadness"": 0, ""surprise"": 1, ""neutral"": 2}",2,5,0.4,0
505,gratitude,gratitude,neutral,Don't stress it. Good Luck!,"{""admiration"": 0, ""amusement"": 0, ""anger"": 0, ""annoyance"": 0, ""approval"": 0, ""caring"": 0, ""confusion"": 0, ""curiosity"": 0, ""desire"": 0, ""disappointment"": 0, ""disapproval"": 0, ""disgust"": 0, ""embarrassment"": 0, ""excitement"": 0, ""fear"": 0, ""gratitude"": 0, ""grief"": 0, ""joy"": 0, ""love"": 0, ""nervousness"": 0, ""optimism"": 0, ""pride"": 0, ""realization"": 0, ""relief"": 0, ""remorse"": 0, ""sadness"": 0, ""surprise"": 0, ""neutral"": 5}",5,5,1.0,0
506,neutral,neutral,disgust,WHY IS THERE WOMAN ON MY ENTERTAINMENT??????????,"{""admiration"": 0, ""amusement"": 0, ""anger"": 0, ""annoyance"": 0, ""approval"": 0, ""caring"": 0, ""confusion"": 0, ""curiosity"": 0, ""desire"": 0, ""disappointment"": 0, ""disapproval"": 0, ""disgust"": 5, ""embarrassment"": 0, ""excitement"": 0, ""fear"": 0, ""gratitude"": 0, ""grief"": 0, ""joy"": 0, ""love"": 0, ""nervousness"": 0, ""optimism"": 0, ""pride"": 0, ""realization"": 0, ""relief"": 0, ""remorse"": 0, ""sadness"": 0, ""surprise"": 0, ""neutral"": 0}",5,5,1.0,0
507,disappointment,disappointment,anger,"Seriously, I spit up my drink reading ""The GOP not the ones threatening children"". I know a few thousand kids in cages that might disagree. ","{""admiration"": 0, ""amusement"": 0, ""anger"": 3, ""annoyance"": 0, ""approval"": 0, ""caring"": 0, ""confusion"": 0, ""curiosity"": 0, ""desire"": 0, ""disappointment"": 0, ""disapproval"": 0, ""disgust"": 2, ""embarrassment"": 0, ""excitement"": 0, ""fear"": 0, ""gratitude"": 0, ""grief"": 0, ""joy"": 0, ""love"": 0, ""nervousness"": 0, ""optimism"": 0, ""pride"": 0, ""realization"": 0, ""relief"": 0, ""remorse"": 0, ""sadness"": 0, ""surprise"": 0, ""neutral"": 0}",3,5,0.6,0
508,admiration,admiration,admiration,What a brave man.,"{""admiration"": 5, ""amusement"": 0, ""anger"": 0, ""annoyance"": 0, ""approval"": 0, ""caring"": 0, ""confusion"": 0, ""curiosity"": 0, ""desire"": 0, ""disappointment"": 0, ""disapproval"": 0, ""disgust"": 0, ""embarrassment"": 0, ""excitement"": 0, ""fear"": 0, ""gratitude"": 0, ""grief"": 0, ""joy"": 0, ""love"": 0, ""nervousness"": 0, ""optimism"": 0, ""pride"": 0, ""realization"": 0, ""relief"": 0, ""remorse"": 0, ""sadness"": 0, ""surprise"": 0, ""neutral"": 0}",5,5,1.0,1
509,disgust,disgust,disgust,"My ETL been trying to tell us every box should take us 30 seconds max, and everyone ive asked about that has laughed and called it bullshit","{""admiration"": 0, ""amusement"": 0, ""anger"": 1, ""annoyance"": 0, ""approval"": 0, ""caring"": 0, ""confusion"": 0, ""curiosity"": 0, ""desire"": 0, ""disappointment"": 0, ""disapproval"": 0, ""disgust"": 4, ""embarrassment"": 0, ""excitement"": 0, ""fear"": 0, ""gratitude"": 0, ""grief"": 0, ""joy"": 0, ""love"": 0, ""nervousness"": 0, ""optimism"": 0, ""pride"": 0, ""realization"": 0, ""relief"": 0, ""remorse"": 0, ""sadness"": 0, ""surprise"": 0, ""neutral"": 0}",4,5,0.8,1
510,approval,approval,disgust,"I agree. His parents were very supportive then. When they did a cast change, they decided to make his parents jerks! ","{""admiration"": 0, ""amusement"": 0, ""anger"": 0, ""annoyance"": 0, ""approval"": 0, ""caring"": 0, ""confusion"": 0, ""curiosity"": 0, ""desire"": 0, ""disappointment"": 0, ""disapproval"": 2, ""disgust"": 3, ""embarrassment"": 0, ""excitement"": 0, ""fear"": 0, ""gratitude"": 0, ""grief"": 0, ""joy"": 0, ""love"": 0, ""nervousness"": 0, ""optimism"": 0, ""pride"": 0, ""realization"": 0, ""relief"": 0, ""remorse"": 0, ""sadness"": 0, ""surprise"": 0, ""neutral"": 0}",3,5,0.6,0
511,annoyance,annoyance,disgust,Oh I know lol I overdid it w that comparison. The point is singers have shit vocal nights but that doesn’t make them unprofessional. Shit happens.,"{""admiration"": 0, ""amusement"": 1, ""anger"": 0, ""annoyance"": 1, ""approval"": 0, ""caring"": 0, ""confusion"": 0, ""curiosity"": 0, ""desire"": 0, ""disappointment"": 0, ""disapproval"": 0, ""disgust"": 2, ""embarrassment"": 0, ""excitement"": 0, ""fear"": 0, ""gratitude"": 0, ""grief"": 0, ""joy"": 0, ""love"": 0, ""nervousness"": 0, ""optimism"": 0, ""pride"": 0, ""realization"": 0, ""relief"": 0, ""remorse"": 1, ""sadness"": 0, ""surprise"": 0, ""neutral"": 0}",2,5,0.4,0
512,neutral,neutral,disappointment,In what ways has [NAME] out-coached [NAME]? I see this all the time and yet never any examples.,"{""admiration"": 0, ""amusement"": 0, ""anger"": 0, ""annoyance"": 0, ""approval"": 0, ""caring"": 0, ""confusion"": 0, ""curiosity"": 0, ""desire"": 0, ""disappointment"": 5, ""disapproval"": 0, ""disgust"": 0, ""embarrassment"": 0, ""excitement"": 0, ""fear"": 0, ""gratitude"": 0, ""grief"": 0, ""joy"": 0, ""love"": 0, ""nervousness"": 0, ""optimism"": 0, ""pride"": 0, ""realization"": 0, ""relief"": 0, ""remorse"": 0, ""sadness"": 0, ""surprise"": 0, ""neutral"": 0}",5,5,1.0,0
513,anger,anger,disgust,Yeah... THEY are the one looking for attention. This type of comments should be ignored. I hate troll comments.,"{""admiration"": 0, ""amusement"": 0, ""anger"": 0, ""annoyance"": 0, ""approval"": 0, ""caring"": 0, ""confusion"": 0, ""curiosity"": 0, ""desire"": 0, ""disappointment"": 0, ""disapproval"": 0, ""disgust"": 5, ""embarrassment"": 0, ""excitement"": 0, ""fear"": 0, ""gratitude"": 0, ""grief"": 0, ""joy"": 0, ""love"": 0, ""nervousness"": 0, ""optimism"": 0, ""pride"": 0, ""realization"": 0, ""relief"": 0, ""remorse"": 0, ""sadness"": 0, ""surprise"": 0, ""neutral"": 0}",5,5,1.0,0
514,annoyance,annoyance|confusion|neutral,neutral,Dumb question: what's a gilding train?,"{""admiration"": 0, ""amusement"": 0, ""anger"": 0, ""annoyance"": 0, ""approval"": 0, ""caring"": 0, ""confusion"": 0, ""curiosity"": 0, ""desire"": 0, ""disappointment"": 0, ""disapproval"": 0, ""disgust"": 0, ""embarrassment"": 0, ""excitement"": 0, ""fear"": 0, ""gratitude"": 0, ""grief"": 0, ""joy"": 0, ""love"": 0, ""nervousness"": 0, ""optimism"": 0, ""pride"": 0, ""realization"": 0, ""relief"": 0, ""remorse"": 0, ""sadness"": 0, ""surprise"": 0, ""neutral"": 5}",5,5,1.0,1
515,confusion,confusion|neutral,disgust,Is that not with mice though? I could be wrong or maybe its rats & mice. Edit: field mice in particular.,"{""admiration"": 0, ""amusement"": 0, ""anger"": 0, ""annoyance"": 0, ""approval"": 0, ""caring"": 0, ""confusion"": 0, ""curiosity"": 0, ""desire"": 0, ""disappointment"": 0, ""disapproval"": 0, ""disgust"": 2, ""embarrassment"": 0, ""excitement"": 0, ""fear"": 0, ""gratitude"": 0, ""grief"": 0, ""joy"": 0, ""love"": 0, ""nervousness"": 0, ""optimism"": 0, ""pride"": 0, ""realization"": 0, ""relief"": 0, ""remorse"": 0, ""sadness"": 0, ""surprise"": 2, ""neutral"": 1}",2,5,0.4,0
516,neutral,neutral,disgust,"Does that person only eats rocks? Because if you put bacteria and human beings on an equal footing, everyone is a fucking cannibal.","{""admiration"": 0, ""amusement"": 0, ""anger"": 0, ""annoyance"": 0, ""approval"": 0, ""caring"": 0, ""confusion"": 0, ""curiosity"": 0, ""desire"": 0, ""disappointment"": 0, ""disapproval"": 0, ""disgust"": 5, ""embarrassment"": 0, ""excitement"": 0, ""fear"": 0, ""gratitude"": 0, ""grief"": 0, ""joy"": 0, ""love"": 0, ""nervousness"": 0, ""optimism"": 0, ""pride"": 0, ""realization"": 0, ""relief"": 0, ""remorse"": 0, ""sadness"": 0, ""surprise"": 0, ""neutral"": 0}",5,5,1.0,0
517,annoyance,annoyance,disgust,My uncle was hit by some kids doing the bird box challenge a few weeks back. It’s ridiculous.,"{""admiration"": 0, ""amusement"": 0, ""anger"": 0, ""annoyance"": 0, ""approval"": 0, ""caring"": 0, ""confusion"": 0, ""curiosity"": 0, ""desire"": 0, ""disappointment"": 0, ""disapproval"": 0, ""disgust"": 5, ""embarrassment"": 0, ""excitement"": 0, ""fear"": 0, ""gratitude"": 0, ""grief"": 0, ""joy"": 0, ""love"": 0, ""nervousness"": 0, ""optimism"": 0, ""pride"": 0, ""realization"": 0, ""relief"": 0, ""remorse"": 0, ""sadness"": 0, ""surprise"": 0, ""neutral"": 0}",5,5,1.0,0
518,anger,anger,disgust,"How dare you, she's in your flair too!","{""admiration"": 0, ""amusement"": 0, ""anger"": 1, ""annoyance"": 0, ""approval"": 0, ""caring"": 0, ""confusion"": 0, ""curiosity"": 0, ""desire"": 0, ""disappointment"": 0, ""disapproval"": 0, ""disgust"": 4, ""embarrassment"": 0, ""excitement"": 0, ""fear"": 0, ""gratitude"": 0, ""grief"": 0, ""joy"": 0, ""love"": 0, ""nervousness"": 0, ""optimism"": 0, ""pride"": 0, ""realization"": 0, ""relief"": 0, ""remorse"": 0, ""sadness"": 0, ""surprise"": 0, ""neutral"": 0}",4,5,0.8,0
519,disgust,disgust|surprise,neutral,I don't think either of them took that bump outside any worse than the other. That was jarring.,"{""admiration"": 0, ""amusement"": 0, ""anger"": 0, ""annoyance"": 0, ""approval"": 0, ""caring"": 0, ""confusion"": 0, ""curiosity"": 0, ""desire"": 0, ""disappointment"": 0, ""disapproval"": 1, ""disgust"": 0, ""embarrassment"": 0, ""excitement"": 0, ""fear"": 0, ""gratitude"": 0, ""grief"": 0, ""joy"": 0, ""love"": 0, ""nervousness"": 0, ""optimism"": 0, ""pride"": 0, ""realization"": 0, ""relief"": 0, ""remorse"": 0, ""sadness"": 0, ""surprise"": 0, ""neutral"": 4}",4,5,0.8,0
520,admiration,admiration,disgust,I have a really nice tempurpedic one and about 6 king sized fluffy ones that I use to just fall asleep hugging,"{""admiration"": 0, ""amusement"": 0, ""anger"": 0, ""annoyance"": 0, ""approval"": 0, ""caring"": 0, ""confusion"": 0, ""curiosity"": 0, ""desire"": 0, ""disappointment"": 0, ""disapproval"": 0, ""disgust"": 2, ""embarrassment"": 0, ""excitement"": 0, ""fear"": 0, ""gratitude"": 0, ""grief"": 0, ""joy"": 0, ""love"": 2, ""nervousness"": 0, ""optimism"": 0, ""pride"": 0, ""realization"": 0, ""relief"": 0, ""remorse"": 0, ""sadness"": 0, ""surprise"": 0, ""neutral"": 0}",2,5,0.4,0
521,disappointment,disappointment|disapproval,disgust,>the silent majority This is the most ignorant thing I've read so far today,"{""admiration"": 0, ""amusement"": 0, ""anger"": 0, ""annoyance"": 0, ""approval"": 0, ""caring"": 0, ""confusion"": 0, ""curiosity"": 0, ""desire"": 0, ""disappointment"": 0, ""disapproval"": 0, ""disgust"": 5, ""embarrassment"": 0, ""excitement"": 0, ""fear"": 0, ""gratitude"": 0, ""grief"": 0, ""joy"": 0, ""love"": 0, ""nervousness"": 0, ""optimism"": 0, ""pride"": 0, ""realization"": 0, ""relief"": 0, ""remorse"": 0, ""sadness"": 0, ""surprise"": 0, ""neutral"": 0}",5,5,1.0,0
522,excitement,excitement,admiration,"Oh wow this is good to know, it was always my go-to spicy ketchup when I make frozen fries at home.","{""admiration"": 2, ""amusement"": 0, ""anger"": 0, ""annoyance"": 0, ""approval"": 1, ""caring"": 0, ""confusion"": 0, ""curiosity"": 0, ""desire"": 0, ""disappointment"": 0, ""disapproval"": 0, ""disgust"": 2, ""embarrassment"": 0, ""excitement"": 0, ""fear"": 0, ""gratitude"": 0, ""grief"": 0, ""joy"": 0, ""love"": 0, ""nervousness"": 0, ""optimism"": 0, ""pride"": 0, ""realization"": 0, ""relief"": 0, ""remorse"": 0, ""sadness"": 0, ""surprise"": 0, ""neutral"": 0}",2,5,0.4,0
523,confusion,confusion|curiosity,disgust,I heard it's because of florida crime reporting laws - I.e. the same stuff could be happening elsewhere but it wouldn't make the press?,"{""admiration"": 0, ""amusement"": 0, ""anger"": 0, ""annoyance"": 0, ""approval"": 0, ""caring"": 0, ""confusion"": 0, ""curiosity"": 0, ""desire"": 0, ""disappointment"": 0, ""disapproval"": 0, ""disgust"": 2, ""embarrassment"": 0, ""excitement"": 0, ""fear"": 0, ""gratitude"": 0, ""grief"": 0, ""joy"": 0, ""love"": 0, ""nervousness"": 0, ""optimism"": 0, ""pride"": 0, ""realization"": 0, ""relief"": 0, ""remorse"": 2, ""sadness"": 0, ""surprise"": 0, ""neutral"": 1}",2,5,0.4,0
524,annoyance,annoyance|neutral,disgust,"Word salad. You want America to do Afghanistan's job for them. It's not happening, those days are over.","{""admiration"": 0, ""amusement"": 0, ""anger"": 0, ""annoyance"": 0, ""approval"": 0, ""caring"": 0, ""confusion"": 0, ""curiosity"": 0, ""desire"": 0, ""disappointment"": 0, ""disapproval"": 0, ""disgust"": 5, ""embarrassment"": 0, ""excitement"": 0, ""fear"": 0, ""gratitude"": 0, ""grief"": 0, ""joy"": 0, ""love"": 0, ""nervousness"": 0, ""optimism"": 0, ""pride"": 0, ""realization"": 0, ""relief"": 0, ""remorse"": 0, ""sadness"": 0, ""surprise"": 0, ""neutral"": 0}",5,5,1.0,0
525,admiration,admiration|confusion,confusion,Brilliant! I have absolutely no idea what's going on.,"{""admiration"": 0, ""amusement"": 0, ""anger"": 0, ""annoyance"": 0, ""approval"": 0, ""caring"": 0, ""confusion"": 2, ""curiosity"": 0, ""desire"": 0, ""disappointment"": 1, ""disapproval"": 0, ""disgust"": 0, ""embarrassment"": 0, ""excitement"": 0, ""fear"": 0, ""gratitude"": 0, ""grief"": 0, ""joy"": 0, ""love"": 0, ""nervousness"": 0, ""optimism"": 0, ""pride"": 0, ""realization"": 0, ""relief"": 0, ""remorse"": 0, ""sadness"": 0, ""surprise"": 1, ""neutral"": 1}",2,5,0.4,1
526,disapproval,disapproval,disgust,"Yea, very rude. Avoid anything with a strong smell like fish and popcorn, curry is just as strong. ","{""admiration"": 0, ""amusement"": 0, ""anger"": 0, ""annoyance"": 0, ""approval"": 0, ""caring"": 0, ""confusion"": 0, ""curiosity"": 0, ""desire"": 0, ""disappointment"": 0, ""disapproval"": 0, ""disgust"": 5, ""embarrassment"": 0, ""excitement"": 0, ""fear"": 0, ""gratitude"": 0, ""grief"": 0, ""joy"": 0, ""love"": 0, ""nervousness"": 0, ""optimism"": 0, ""pride"": 0, ""realization"": 0, ""relief"": 0, ""remorse"": 0, ""sadness"": 0, ""surprise"": 0, ""neutral"": 0}",5,5,1.0,0
527,fear,fear,disgust,This is creepy.,"{""admiration"": 0, ""amusement"": 0, ""anger"": 0, ""annoyance"": 0, ""approval"": 0, ""caring"": 0, ""confusion"": 0, ""curiosity"": 0, ""desire"": 0, ""disappointment"": 0, ""disapproval"": 0, ""disgust"": 5, ""embarrassment"": 0, ""excitement"": 0, ""fear"": 0, ""gratitude"": 0, ""grief"": 0, ""joy"": 0, ""love"": 0, ""nervousness"": 0, ""optimism"": 0, ""pride"": 0, ""realization"": 0, ""relief"": 0, ""remorse"": 0, ""sadness"": 0, ""surprise"": 0, ""neutral"": 0}",5,5,1.0,0
528,joy,joy,joy,Also Strike Anywhere. This thread makes my heart happy. <3,"{""admiration"": 0, ""amusement"": 0, ""anger"": 0, ""annoyance"": 0, ""approval"": 0, ""caring"": 0, ""confusion"": 0, ""curiosity"": 0, ""desire"": 0, ""disappointment"": 0, ""disapproval"": 0, ""disgust"": 0, ""embarrassment"": 0, ""excitement"": 0, ""fear"": 0, ""gratitude"": 0, ""grief"": 0, ""joy"": 5, ""love"": 0, ""nervousness"": 0, ""optimism"": 0, ""pride"": 0, ""realization"": 0, ""relief"": 0, ""remorse"": 0, ""sadness"": 0, ""surprise"": 0, ""neutral"": 0}",5,5,1.0,1
529,neutral,neutral,disgust,"Smh bro you cropped the answers, I gotta know!","{""admiration"": 0, ""amusement"": 0, ""anger"": 0, ""annoyance"": 0, ""approval"": 0, ""caring"": 0, ""confusion"": 0, ""curiosity"": 0, ""desire"": 0, ""disappointment"": 1, ""disapproval"": 0, ""disgust"": 3, ""embarrassment"": 0, ""excitement"": 0, ""fear"": 1, ""gratitude"": 0, ""grief"": 0, ""joy"": 0, ""love"": 0, ""nervousness"": 0, ""optimism"": 0, ""pride"": 0, ""realization"": 0, ""relief"": 0, ""remorse"": 0, ""sadness"": 0, ""surprise"": 0, ""neutral"": 0}",3,5,0.6,0
530,admiration,admiration|neutral,amusement,That was hot!,"{""admiration"": 0, ""amusement"": 5, ""anger"": 0, ""annoyance"": 0, ""approval"": 0, ""caring"": 0, ""confusion"": 0, ""curiosity"": 0, ""desire"": 0, ""disappointment"": 0, ""disapproval"": 0, ""disgust"": 0, ""embarrassment"": 0, ""excitement"": 0, ""fear"": 0, ""gratitude"": 0, ""grief"": 0, ""joy"": 0, ""love"": 0, ""nervousness"": 0, ""optimism"": 0, ""pride"": 0, ""realization"": 0, ""relief"": 0, ""remorse"": 0, ""sadness"": 0, ""surprise"": 0, ""neutral"": 0}",5,5,1.0,0
531,joy,joy,disgust,It was received on Jan 25th at 9:22 am .81627 BTC and $3800. for it with a $600. fee. Happy!,"{""admiration"": 1, ""amusement"": 0, ""anger"": 0, ""annoyance"": 0, ""approval"": 0, ""caring"": 0, ""confusion"": 0, ""curiosity"": 0, ""desire"": 0, ""disappointment"": 1, ""disapproval"": 0, ""disgust"": 3, ""embarrassment"": 0, ""excitement"": 0, ""fear"": 0, ""gratitude"": 0, ""grief"": 0, ""joy"": 0, ""love"": 0, ""nervousness"": 0, ""optimism"": 0, ""pride"": 0, ""realization"": 0, ""relief"": 0, ""remorse"": 0, ""sadness"": 0, ""surprise"": 0, ""neutral"": 0}",3,5,0.6,0
532,neutral,neutral,disappointment,"We had so much pvp before, during, and after this alliance was formed.","{""admiration"": 0, ""amusement"": 0, ""anger"": 0, ""annoyance"": 0, ""approval"": 0, ""caring"": 0, ""confusion"": 0, ""curiosity"": 0, ""desire"": 0, ""disappointment"": 2, ""disapproval"": 1, ""disgust"": 1, ""embarrassment"": 0, ""excitement"": 0, ""fear"": 0, ""gratitude"": 0, ""grief"": 0, ""joy"": 0, ""love"": 0, ""nervousness"": 0, ""optimism"": 0, ""pride"": 0, ""realization"": 0, ""relief"": 0, ""remorse"": 1, ""sadness"": 0, ""surprise"": 0, ""neutral"": 0}",2,5,0.4,0
533,approval,approval,disappointment,"Don’t regret the time, had it been sooner you might be absent a kid or three! ","{""admiration"": 1, ""amusement"": 0, ""anger"": 0, ""annoyance"": 0, ""approval"": 0, ""caring"": 0, ""confusion"": 0, ""curiosity"": 0, ""desire"": 0, ""disappointment"": 3, ""disapproval"": 0, ""disgust"": 1, ""embarrassment"": 0, ""excitement"": 0, ""fear"": 0, ""gratitude"": 0, ""grief"": 0, ""joy"": 0, ""love"": 0, ""nervousness"": 0, ""optimism"": 0, ""pride"": 0, ""realization"": 0, ""relief"": 0, ""remorse"": 0, ""sadness"": 0, ""surprise"": 0, ""neutral"": 0}",3,5,0.6,0
534,annoyance,annoyance,disgust,I just say I don't know shit. I'm just a ape man on a rock.,"{""admiration"": 0, ""amusement"": 0, ""anger"": 0, ""annoyance"": 0, ""approval"": 0, ""caring"": 0, ""confusion"": 0, ""curiosity"": 0, ""desire"": 0, ""disappointment"": 0, ""disapproval"": 0, ""disgust"": 4, ""embarrassment"": 0, ""excitement"": 0, ""fear"": 0, ""gratitude"": 0, ""grief"": 0, ""joy"": 0, ""love"": 0, ""nervousness"": 0, ""optimism"": 0, ""pride"": 0, ""realization"": 0, ""relief"": 0, ""remorse"": 1, ""sadness"": 0, ""surprise"": 0, ""neutral"": 0}",4,5,0.8,0
535,annoyance,annoyance,disgust,Just saw your history. Makes complete sense now. Your a trumptroll. Bye.,"{""admiration"": 0, ""amusement"": 0, ""anger"": 0, ""annoyance"": 0, ""approval"": 0, ""caring"": 0, ""confusion"": 0, ""curiosity"": 0, ""desire"": 0, ""disappointment"": 0, ""disapproval"": 1, ""disgust"": 4, ""embarrassment"": 0, ""excitement"": 0, ""fear"": 0, ""gratitude"": 0, ""grief"": 0, ""joy"": 0, ""love"": 0, ""nervousness"": 0, ""optimism"": 0, ""pride"": 0, ""realization"": 0, ""relief"": 0, ""remorse"": 0, ""sadness"": 0, ""surprise"": 0, ""neutral"": 0}",4,5,0.8,0
536,neutral,neutral,disgust,Literally one visit to that subreddit is proof enough it's mentally addictive. Brain craving dopamine when it's not producing it.,"{""admiration"": 0, ""amusement"": 0, ""anger"": 0, ""annoyance"": 1, ""approval"": 0, ""caring"": 0, ""confusion"": 0, ""curiosity"": 0, ""desire"": 0, ""disappointment"": 0, ""disapproval"": 0, ""disgust"": 4, ""embarrassment"": 0, ""excitement"": 0, ""fear"": 0, ""gratitude"": 0, ""grief"": 0, ""joy"": 0, ""love"": 0, ""nervousness"": 0, ""optimism"": 0, ""pride"": 0, ""realization"": 0, ""relief"": 0, ""remorse"": 0, ""sadness"": 0, ""surprise"": 0, ""neutral"": 0}",4,5,0.8,0
537,realization,realization,disappointment,My mom sent it to me so I knew it was bad but I didn’t realise it was already here,"{""admiration"": 0, ""amusement"": 0, ""anger"": 0, ""annoyance"": 0, ""approval"": 0, ""caring"": 0, ""confusion"": 0, ""curiosity"": 0, ""desire"": 0, ""disappointment"": 3, ""disapproval"": 0, ""disgust"": 0, ""embarrassment"": 0, ""excitement"": 0, ""fear"": 0, ""gratitude"": 0, ""grief"": 0, ""joy"": 0, ""love"": 0, ""nervousness"": 0, ""optimism"": 0, ""pride"": 0, ""realization"": 0, ""relief"": 0, ""remorse"": 2, ""sadness"": 0, ""surprise"": 0, ""neutral"": 0}",3,5,0.6,0
538,neutral,neutral,disgust,Oh my [NAME] why did I look,"{""admiration"": 0, ""amusement"": 0, ""anger"": 0, ""annoyance"": 0, ""approval"": 0, ""caring"": 0, ""confusion"": 0, ""curiosity"": 0, ""desire"": 0, ""disappointment"": 1, ""disapproval"": 0, ""disgust"": 4, ""embarrassment"": 0, ""excitement"": 0, ""fear"": 0, ""gratitude"": 0, ""grief"": 0, ""joy"": 0, ""love"": 0, ""nervousness"": 0, ""optimism"": 0, ""pride"": 0, ""realization"": 0, ""relief"": 0, ""remorse"": 0, ""sadness"": 0, ""surprise"": 0, ""neutral"": 0}",4,5,0.8,0
539,neutral,neutral,disgust,So you’re telling me [NAME] hasn’t got a baby face?,"{""admiration"": 0, ""amusement"": 0, ""anger"": 0, ""annoyance"": 0, ""approval"": 0, ""caring"": 0, ""confusion"": 0, ""curiosity"": 0, ""desire"": 0, ""disappointment"": 0, ""disapproval"": 0, ""disgust"": 5, ""embarrassment"": 0, ""excitement"": 0, ""fear"": 0, ""gratitude"": 0, ""grief"": 0, ""joy"": 0, ""love"": 0, ""nervousness"": 0, ""optimism"": 0, ""pride"": 0, ""realization"": 0, ""relief"": 0, ""remorse"": 0, ""sadness"": 0, ""surprise"": 0, ""neutral"": 0}",5,5,1.0,0
540,realization,realization,disappointment,Yeah 150 is a little much. Reverting to 125 would be perfect,"{""admiration"": 0, ""amusement"": 0, ""anger"": 0, ""annoyance"": 0, ""approval"": 0, ""caring"": 0, ""confusion"": 0, ""curiosity"": 0, ""desire"": 0, ""disappointment"": 4, ""disapproval"": 1, ""disgust"": 0, ""embarrassment"": 0, ""excitement"": 0, ""fear"": 0, ""gratitude"": 0, ""grief"": 0, ""joy"": 0, ""love"": 0, ""nervousness"": 0, ""optimism"": 0, ""pride"": 0, ""realization"": 0, ""relief"": 0, ""remorse"": 0, ""sadness"": 0, ""surprise"": 0, ""neutral"": 0}",4,5,0.8,0
541,neutral,neutral,disgust,Best thing about making moonshine is the ether vapors you get to collect :),"{""admiration"": 0, ""amusement"": 0, ""anger"": 0, ""annoyance"": 0, ""approval"": 0, ""caring"": 0, ""confusion"": 0, ""curiosity"": 0, ""desire"": 0, ""disappointment"": 0, ""disapproval"": 0, ""disgust"": 4, ""embarrassment"": 0, ""excitement"": 0, ""fear"": 0, ""gratitude"": 0, ""grief"": 0, ""joy"": 0, ""love"": 0, ""nervousness"": 0, ""optimism"": 0, ""pride"": 0, ""realization"": 0, ""relief"": 0, ""remorse"": 0, ""sadness"": 0, ""surprise"": 1, ""neutral"": 0}",4,5,0.8,0
542,annoyance,annoyance,disgust,> don't tax anyone what a stupid idea.,"{""admiration"": 0, ""amusement"": 0, ""anger"": 0, ""annoyance"": 0, ""approval"": 0, ""caring"": 0, ""confusion"": 0, ""curiosity"": 0, ""desire"": 0, ""disappointment"": 0, ""disapproval"": 0, ""disgust"": 5, ""embarrassment"": 0, ""excitement"": 0, ""fear"": 0, ""gratitude"": 0, ""grief"": 0, ""joy"": 0, ""love"": 0, ""nervousness"": 0, ""optimism"": 0, ""pride"": 0, ""realization"": 0, ""relief"": 0, ""remorse"": 0, ""sadness"": 0, ""surprise"": 0, ""neutral"": 0}",5,5,1.0,0
543,love,love,admiration,Almost like being in Love by [NAME].,"{""admiration"": 2, ""amusement"": 0, ""anger"": 0, ""annoyance"": 0, ""approval"": 0, ""caring"": 0, ""confusion"": 0, ""curiosity"": 0, ""desire"": 0, ""disappointment"": 0, ""disapproval"": 0, ""disgust"": 1, ""embarrassment"": 0, ""excitement"": 0, ""fear"": 0, ""gratitude"": 0, ""grief"": 0, ""joy"": 0, ""love"": 1, ""nervousness"": 0, ""optimism"": 0, ""pride"": 0, ""realization"": 0, ""relief"": 0, ""remorse"": 0, ""sadness"": 0, ""surprise"": 0, ""neutral"": 0}",2,5,0.4,0
544,neutral,neutral,disgust,"I saw a lot of it on Tumblr. A lot of young girls doing the ""ana-butterfly"" thing. ","{""admiration"": 2, ""amusement"": 0, ""anger"": 0, ""annoyance"": 0, ""approval"": 0, ""caring"": 0, ""confusion"": 0, ""curiosity"": 0, ""desire"": 0, ""disappointment"": 0, ""disapproval"": 0, ""disgust"": 3, ""embarrassment"": 0, ""excitement"": 0, ""fear"": 0, ""gratitude"": 0, ""grief"": 0, ""joy"": 0, ""love"": 0, ""nervousness"": 0, ""optimism"": 0, ""pride"": 0, ""realization"": 0, ""relief"": 0, ""remorse"": 0, ""sadness"": 0, ""surprise"": 0, ""neutral"": 0}",3,5,0.6,0
545,neutral,neutral,anger,"Calm down, dickwad","{""admiration"": 0, ""amusement"": 0, ""anger"": 5, ""annoyance"": 0, ""approval"": 0, ""caring"": 0, ""confusion"": 0, ""curiosity"": 0, ""desire"": 0, ""disappointment"": 0, ""disapproval"": 0, ""disgust"": 0, ""embarrassment"": 0, ""excitement"": 0, ""fear"": 0, ""gratitude"": 0, ""grief"": 0, ""joy"": 0, ""love"": 0, ""nervousness"": 0, ""optimism"": 0, ""pride"": 0, ""realization"": 0, ""relief"": 0, ""remorse"": 0, ""sadness"": 0, ""surprise"": 0, ""neutral"": 0}",5,5,1.0,0
546,amusement,amusement|optimism,disgust,I feel like I have to call bs on this one. I hope lol,"{""admiration"": 0, ""amusement"": 0, ""anger"": 0, ""annoyance"": 0, ""approval"": 0, ""caring"": 0, ""confusion"": 0, ""curiosity"": 0, ""desire"": 0, ""disappointment"": 0, ""disapproval"": 0, ""disgust"": 5, ""embarrassment"": 0, ""excitement"": 0, ""fear"": 0, ""gratitude"": 0, ""grief"": 0, ""joy"": 0, ""love"": 0, ""nervousness"": 0, ""optimism"": 0, ""pride"": 0, ""realization"": 0, ""relief"": 0, ""remorse"": 0, ""sadness"": 0, ""surprise"": 0, ""neutral"": 0}",5,5,1.0,0
547,curiosity,curiosity|surprise,disappointment,Really? I had no idea the bioavailability was the same,"{""admiration"": 0, ""amusement"": 0, ""anger"": 0, ""annoyance"": 0, ""approval"": 0, ""caring"": 0, ""confusion"": 0, ""curiosity"": 0, ""desire"": 0, ""disappointment"": 2, ""disapproval"": 0, ""disgust"": 2, ""embarrassment"": 0, ""excitement"": 0, ""fear"": 0, ""gratitude"": 0, ""grief"": 0, ""joy"": 0, ""love"": 0, ""nervousness"": 0, ""optimism"": 0, ""pride"": 0, ""realization"": 0, ""relief"": 0, ""remorse"": 0, ""sadness"": 0, ""surprise"": 1, ""neutral"": 0}",2,5,0.4,0
548,anger,anger|annoyance,disgust,"Honestly, fuck [NAME] after the bounty gate shit","{""admiration"": 0, ""amusement"": 0, ""anger"": 0, ""annoyance"": 0, ""approval"": 0, ""caring"": 0, ""confusion"": 0, ""curiosity"": 0, ""desire"": 0, ""disappointment"": 0, ""disapproval"": 0, ""disgust"": 1, ""embarrassment"": 0, ""excitement"": 0, ""fear"": 0, ""gratitude"": 0, ""grief"": 0, ""joy"": 0, ""love"": 0, ""nervousness"": 0, ""optimism"": 0, ""pride"": 0, ""realization"": 0, ""relief"": 0, ""remorse"": 0, ""sadness"": 0, ""surprise"": 0, ""neutral"": 0}",1,5,0.2,0
549,desire,desire,disapproval,I’m gonna need to see that in writing before I celebrate.,"{""admiration"": 0, ""amusement"": 0, ""anger"": 0, ""annoyance"": 0, ""approval"": 0, ""caring"": 0, ""confusion"": 0, ""curiosity"": 0, ""desire"": 0, ""disappointment"": 0, ""disapproval"": 5, ""disgust"": 0, ""embarrassment"": 0, ""excitement"": 0, ""fear"": 0, ""gratitude"": 0, ""grief"": 0, ""joy"": 0, ""love"": 0, ""nervousness"": 0, ""optimism"": 0, ""pride"": 0, ""realization"": 0, ""relief"": 0, ""remorse"": 0, ""sadness"": 0, ""surprise"": 0, ""neutral"": 0}",5,5,1.0,0
550,anger,anger,disgust,That's too many pills,"{""admiration"": 0, ""amusement"": 0, ""anger"": 0, ""annoyance"": 0, ""approval"": 0, ""caring"": 0, ""confusion"": 0, ""curiosity"": 0, ""desire"": 0, ""disappointment"": 0, ""disapproval"": 0, ""disgust"": 5, ""embarrassment"": 0, ""excitement"": 0, ""fear"": 0, ""gratitude"": 0, ""grief"": 0, ""joy"": 0, ""love"": 0, ""nervousness"": 0, ""optimism"": 0, ""pride"": 0, ""realization"": 0, ""relief"": 0, ""remorse"": 0, ""sadness"": 0, ""surprise"": 0, ""neutral"": 0}",5,5,1.0,0
551,excitement,excitement,admiration,Hell yeah I got the 420 upvote,"{""admiration"": 3, ""amusement"": 0, ""anger"": 0, ""annoyance"": 0, ""approval"": 0, ""caring"": 0, ""confusion"": 0, ""curiosity"": 0, ""desire"": 0, ""disappointment"": 0, ""disapproval"": 0, ""disgust"": 0, ""embarrassment"": 0, ""excitement"": 2, ""fear"": 0, ""gratitude"": 0, ""grief"": 0, ""joy"": 0, ""love"": 0, ""nervousness"": 0, ""optimism"": 0, ""pride"": 0, ""realization"": 0, ""relief"": 0, ""remorse"": 0, ""sadness"": 0, ""surprise"": 0, ""neutral"": 0}",3,5,0.6,0
552,neutral,neutral,amusement,Some people are just very special lmao,"{""admiration"": 0, ""amusement"": 5, ""anger"": 0, ""annoyance"": 0, ""approval"": 0, ""caring"": 0, ""confusion"": 0, ""curiosity"": 0, ""desire"": 0, ""disappointment"": 0, ""disapproval"": 0, ""disgust"": 0, ""embarrassment"": 0, ""excitement"": 0, ""fear"": 0, ""gratitude"": 0, ""grief"": 0, ""joy"": 0, ""love"": 0, ""nervousness"": 0, ""optimism"": 0, ""pride"": 0, ""realization"": 0, ""relief"": 0, ""remorse"": 0, ""sadness"": 0, ""surprise"": 0, ""neutral"": 0}",5,5,1.0,0
553,neutral,neutral,disgust,You better be!,"{""admiration"": 0, ""amusement"": 0, ""anger"": 0, ""annoyance"": 0, ""approval"": 0, ""caring"": 0, ""confusion"": 0, ""curiosity"": 0, ""desire"": 0, ""disappointment"": 0, ""disapproval"": 0, ""disgust"": 4, ""embarrassment"": 0, ""excitement"": 0, ""fear"": 0, ""gratitude"": 0, ""grief"": 0, ""joy"": 0, ""love"": 0, ""nervousness"": 0, ""optimism"": 0, ""pride"": 0, ""realization"": 0, ""relief"": 0, ""remorse"": 0, ""sadness"": 0, ""surprise"": 0, ""neutral"": 0}",4,5,0.8,0
554,caring,caring,remorse,learn to say no more. After a few times you have something you like destroyed it gets easier.,"{""admiration"": 0, ""amusement"": 0, ""anger"": 0, ""annoyance"": 0, ""approval"": 0, ""caring"": 0, ""confusion"": 0, ""curiosity"": 0, ""desire"": 0, ""disappointment"": 1, ""disapproval"": 1, ""disgust"": 0, ""embarrassment"": 0, ""excitement"": 0, ""fear"": 0, ""gratitude"": 0, ""grief"": 0, ""joy"": 0, ""love"": 0, ""nervousness"": 0, ""optimism"": 0, ""pride"": 0, ""realization"": 0, ""relief"": 0, ""remorse"": 3, ""sadness"": 0, ""surprise"": 0, ""neutral"": 0}",3,5,0.6,0
555,annoyance,annoyance,disgust,Looks like you just finished eating a shit covered ass.,"{""admiration"": 0, ""amusement"": 0, ""anger"": 0, ""annoyance"": 0, ""approval"": 0, ""caring"": 0, ""confusion"": 0, ""curiosity"": 0, ""desire"": 0, ""disappointment"": 0, ""disapproval"": 0, ""disgust"": 5, ""embarrassment"": 0, ""excitement"": 0, ""fear"": 0, ""gratitude"": 0, ""grief"": 0, ""joy"": 0, ""love"": 0, ""nervousness"": 0, ""optimism"": 0, ""pride"": 0, ""realization"": 0, ""relief"": 0, ""remorse"": 0, ""sadness"": 0, ""surprise"": 0, ""neutral"": 0}",5,5,1.0,0
556,caring,caring,disgust,Hang on to all sorts of things just in case. Eat inexpensive food.,"{""admiration"": 0, ""amusement"": 0, ""anger"": 0, ""annoyance"": 0, ""approval"": 0, ""caring"": 0, ""confusion"": 0, ""curiosity"": 0, ""desire"": 0, ""disappointment"": 0, ""disapproval"": 1, ""disgust"": 2, ""embarrassment"": 0, ""excitement"": 0, ""fear"": 0, ""gratitude"": 0, ""grief"": 0, ""joy"": 0, ""love"": 0, ""nervousness"": 0, ""optimism"": 0, ""pride"": 0, ""realization"": 0, ""relief"": 0, ""remorse"": 1, ""sadness"": 0, ""surprise"": 0, ""neutral"": 0}",2,5,0.4,0
557,amusement,amusement,disgust,Got a good laugh out of that. Plenty of wall of shame material.,"{""admiration"": 0, ""amusement"": 0, ""anger"": 0, ""annoyance"": 0, ""approval"": 0, ""caring"": 0, ""confusion"": 0, ""curiosity"": 0, ""desire"": 0, ""disappointment"": 0, ""disapproval"": 0, ""disgust"": 5, ""embarrassment"": 0, ""excitement"": 0, ""fear"": 0, ""gratitude"": 0, ""grief"": 0, ""joy"": 0, ""love"": 0, ""nervousness"": 0, ""optimism"": 0, ""pride"": 0, ""realization"": 0, ""relief"": 0, ""remorse"": 0, ""sadness"": 0, ""surprise"": 0, ""neutral"": 0}",5,5,1.0,0
558,annoyance,annoyance|disappointment,disappointment,Glossing over [NAME] doesn't do justice to how crippled my team was after picking him,"{""admiration"": 0, ""amusement"": 0, ""anger"": 0, ""annoyance"": 0, ""approval"": 0, ""caring"": 0, ""confusion"": 0, ""curiosity"": 0, ""desire"": 0, ""disappointment"": 2, ""disapproval"": 2, ""disgust"": 1, ""embarrassment"": 0, ""excitement"": 0, ""fear"": 0, ""gratitude"": 0, ""grief"": 0, ""joy"": 0, ""love"": 0, ""nervousness"": 0, ""optimism"": 0, ""pride"": 0, ""realization"": 0, ""relief"": 0, ""remorse"": 0, ""sadness"": 0, ""surprise"": 0, ""neutral"": 0}",2,5,0.4,1
559,disapproval,disapproval|disgust,disgust,Cats are repulsive and they don't deserve to be pets,"{""admiration"": 0, ""amusement"": 0, ""anger"": 0, ""annoyance"": 0, ""approval"": 0, ""caring"": 0, ""confusion"": 0, ""curiosity"": 0, ""desire"": 0, ""disappointment"": 0, ""disapproval"": 0, ""disgust"": 5, ""embarrassment"": 0, ""excitement"": 0, ""fear"": 0, ""gratitude"": 0, ""grief"": 0, ""joy"": 0, ""love"": 0, ""nervousness"": 0, ""optimism"": 0, ""pride"": 0, ""realization"": 0, ""relief"": 0, ""remorse"": 0, ""sadness"": 0, ""surprise"": 0, ""neutral"": 0}",5,5,1.0,1
560,admiration,admiration,admiration,3 under 3?! You are a true hero.,"{""admiration"": 5, ""amusement"": 0, ""anger"": 0, ""annoyance"": 0, ""approval"": 0, ""caring"": 0, ""confusion"": 0, ""curiosity"": 0, ""desire"": 0, ""disappointment"": 0, ""disapproval"": 0, ""disgust"": 0, ""embarrassment"": 0, ""excitement"": 0, ""fear"": 0, ""gratitude"": 0, ""grief"": 0, ""joy"": 0, ""love"": 0, ""nervousness"": 0, ""optimism"": 0, ""pride"": 0, ""realization"": 0, ""relief"": 0, ""remorse"": 0, ""sadness"": 0, ""surprise"": 0, ""neutral"": 0}",5,5,1.0,1
561,neutral,neutral,disgust,she also goes on to claim her memory started at 10 months old,"{""admiration"": 0, ""amusement"": 0, ""anger"": 0, ""annoyance"": 0, ""approval"": 0, ""caring"": 0, ""confusion"": 0, ""curiosity"": 0, ""desire"": 0, ""disappointment"": 0, ""disapproval"": 0, ""disgust"": 3, ""embarrassment"": 0, ""excitement"": 0, ""fear"": 0, ""gratitude"": 0, ""grief"": 0, ""joy"": 0, ""love"": 0, ""nervousness"": 0, ""optimism"": 0, ""pride"": 0, ""realization"": 0, ""relief"": 0, ""remorse"": 1, ""sadness"": 0, ""surprise"": 0, ""neutral"": 1}",3,5,0.6,0
562,caring,caring,remorse,Id rather have them be physically ok and make amends with [NAME] later than have one without the ability to communicate efficiently forever but have their feelings alright.,"{""admiration"": 0, ""amusement"": 0, ""anger"": 0, ""annoyance"": 0, ""approval"": 0, ""caring"": 0, ""confusion"": 0, ""curiosity"": 0, ""desire"": 0, ""disappointment"": 1, ""disapproval"": 0, ""disgust"": 0, ""embarrassment"": 0, ""excitement"": 0, ""fear"": 0, ""gratitude"": 0, ""grief"": 0, ""joy"": 0, ""love"": 0, ""nervousness"": 0, ""optimism"": 0, ""pride"": 0, ""realization"": 0, ""relief"": 0, ""remorse"": 4, ""sadness"": 0, ""surprise"": 0, ""neutral"": 0}",4,5,0.8,0
563,neutral,neutral,disgust,Wouldn't the powder be derived from the crystalline MDMA?,"{""admiration"": 0, ""amusement"": 0, ""anger"": 0, ""annoyance"": 0, ""approval"": 0, ""caring"": 0, ""confusion"": 0, ""curiosity"": 0, ""desire"": 0, ""disappointment"": 0, ""disapproval"": 0, ""disgust"": 5, ""embarrassment"": 0, ""excitement"": 0, ""fear"": 0, ""gratitude"": 0, ""grief"": 0, ""joy"": 0, ""love"": 0, ""nervousness"": 0, ""optimism"": 0, ""pride"": 0, ""realization"": 0, ""relief"": 0, ""remorse"": 0, ""sadness"": 0, ""surprise"": 0, ""neutral"": 0}",5,5,1.0,0
564,fear,fear,fear,"Help, I'm scared and want to go back.","{""admiration"": 0, ""amusement"": 0, ""anger"": 0, ""annoyance"": 0, ""approval"": 0, ""caring"": 0, ""confusion"": 0, ""curiosity"": 0, ""desire"": 0, ""disappointment"": 0, ""disapproval"": 0, ""disgust"": 0, ""embarrassment"": 0, ""excitement"": 0, ""fear"": 4, ""gratitude"": 0, ""grief"": 0, ""joy"": 0, ""love"": 0, ""nervousness"": 0, ""optimism"": 0, ""pride"": 0, ""realization"": 0, ""relief"": 0, ""remorse"": 0, ""sadness"": 1, ""surprise"": 0, ""neutral"": 0}",4,5,0.8,1
565,gratitude,gratitude,admiration,Yes I keep hearing it’s a great and eye opening read so it on my to read list. thanks 👍,"{""admiration"": 2, ""amusement"": 0, ""anger"": 0, ""annoyance"": 0, ""approval"": 2, ""caring"": 0, ""confusion"": 0, ""curiosity"": 0, ""desire"": 0, ""disappointment"": 0, ""disapproval"": 0, ""disgust"": 0, ""embarrassment"": 0, ""excitement"": 0, ""fear"": 0, ""gratitude"": 0, ""grief"": 0, ""joy"": 0, ""love"": 0, ""nervousness"": 0, ""optimism"": 0, ""pride"": 0, ""realization"": 0, ""relief"": 0, ""remorse"": 0, ""sadness"": 0, ""surprise"": 0, ""neutral"": 1}",2,5,0.4,0
566,neutral,neutral,neutral,Its more about Russia not making such overtly antagonistic statements about Iran.,"{""admiration"": 0, ""amusement"": 0, ""anger"": 0, ""annoyance"": 0, ""approval"": 0, ""caring"": 0, ""confusion"": 0, ""curiosity"": 0, ""desire"": 0, ""disappointment"": 0, ""disapproval"": 2, ""disgust"": 0, ""embarrassment"": 0, ""excitement"": 0, ""fear"": 0, ""gratitude"": 0, ""grief"": 0, ""joy"": 0, ""love"": 0, ""nervousness"": 0, ""optimism"": 0, ""pride"": 0, ""realization"": 0, ""relief"": 0, ""remorse"": 0, ""sadness"": 0, ""surprise"": 0, ""neutral"": 3}",3,5,0.6,1
567,caring,caring,disgust,Stop crying already,"{""admiration"": 0, ""amusement"": 0, ""anger"": 0, ""annoyance"": 0, ""approval"": 0, ""caring"": 0, ""confusion"": 0, ""curiosity"": 0, ""desire"": 0, ""disappointment"": 0, ""disapproval"": 0, ""disgust"": 5, ""embarrassment"": 0, ""excitement"": 0, ""fear"": 0, ""gratitude"": 0, ""grief"": 0, ""joy"": 0, ""love"": 0, ""nervousness"": 0, ""optimism"": 0, ""pride"": 0, ""realization"": 0, ""relief"": 0, ""remorse"": 0, ""sadness"": 0, ""surprise"": 0, ""neutral"": 0}",5,5,1.0,0
568,disapproval,disapproval,disgust,Nah I dont think the panthers are good enough,"{""admiration"": 0, ""amusement"": 0, ""anger"": 0, ""annoyance"": 0, ""approval"": 0, ""caring"": 0, ""confusion"": 0, ""curiosity"": 0, ""desire"": 0, ""disappointment"": 0, ""disapproval"": 1, ""disgust"": 2, ""embarrassment"": 0, ""excitement"": 0, ""fear"": 0, ""gratitude"": 0, ""grief"": 0, ""joy"": 0, ""love"": 0, ""nervousness"": 0, ""optimism"": 0, ""pride"": 0, ""realization"": 0, ""relief"": 0, ""remorse"": 0, ""sadness"": 0, ""surprise"": 0, ""neutral"": 0}",2,5,0.4,0
569,realization,realization,neutral,Right. He didn't even say a word. I feel like I've seen this before tho.,"{""admiration"": 0, ""amusement"": 0, ""anger"": 0, ""annoyance"": 0, ""approval"": 0, ""caring"": 0, ""confusion"": 0, ""curiosity"": 0, ""desire"": 0, ""disappointment"": 1, ""disapproval"": 0, ""disgust"": 0, ""embarrassment"": 0, ""excitement"": 0, ""fear"": 0, ""gratitude"": 0, ""grief"": 0, ""joy"": 0, ""love"": 0, ""nervousness"": 0, ""optimism"": 0, ""pride"": 0, ""realization"": 0, ""relief"": 0, ""remorse"": 0, ""sadness"": 0, ""surprise"": 0, ""neutral"": 4}",4,5,0.8,0
570,neutral,neutral,disgust,You get her off 3 times and she doesn't finish you? That seems very selfish.,"{""admiration"": 0, ""amusement"": 0, ""anger"": 0, ""annoyance"": 0, ""approval"": 0, ""caring"": 0, ""confusion"": 0, ""curiosity"": 0, ""desire"": 0, ""disappointment"": 0, ""disapproval"": 2, ""disgust"": 3, ""embarrassment"": 0, ""excitement"": 0, ""fear"": 0, ""gratitude"": 0, ""grief"": 0, ""joy"": 0, ""love"": 0, ""nervousness"": 0, ""optimism"": 0, ""pride"": 0, ""realization"": 0, ""relief"": 0, ""remorse"": 0, ""sadness"": 0, ""surprise"": 0, ""neutral"": 0}",3,5,0.6,0
571,anger,anger,anger,I'd piss right on their floor. Fuck this.,"{""admiration"": 0, ""amusement"": 0, ""anger"": 3, ""annoyance"": 0, ""approval"": 0, ""caring"": 0, ""confusion"": 0, ""curiosity"": 0, ""desire"": 0, ""disappointment"": 0, ""disapproval"": 0, ""disgust"": 2, ""embarrassment"": 0, ""excitement"": 0, ""fear"": 0, ""gratitude"": 0, ""grief"": 0, ""joy"": 0, ""love"": 0, ""nervousness"": 0, ""optimism"": 0, ""pride"": 0, ""realization"": 0, ""relief"": 0, ""remorse"": 0, ""sadness"": 0, ""surprise"": 0, ""neutral"": 0}",3,5,0.6,1
572,neutral,neutral,surprise,wh is that undertale,"{""admiration"": 0, ""amusement"": 0, ""anger"": 0, ""annoyance"": 0, ""approval"": 0, ""caring"": 0, ""confusion"": 0, ""curiosity"": 1, ""desire"": 0, ""disappointment"": 0, ""disapproval"": 0, ""disgust"": 0, ""embarrassment"": 0, ""excitement"": 0, ""fear"": 0, ""gratitude"": 0, ""grief"": 0, ""joy"": 0, ""love"": 0, ""nervousness"": 0, ""optimism"": 0, ""pride"": 0, ""realization"": 0, ""relief"": 0, ""remorse"": 0, ""sadness"": 0, ""surprise"": 2, ""neutral"": 2}",2,5,0.4,0
573,disapproval,disapproval,disgust,"says you, too bad you're totally wrong.","{""admiration"": 0, ""amusement"": 0, ""anger"": 0, ""annoyance"": 0, ""approval"": 0, ""caring"": 0, ""confusion"": 0, ""curiosity"": 0, ""desire"": 0, ""disappointment"": 0, ""disapproval"": 0, ""disgust"": 5, ""embarrassment"": 0, ""excitement"": 0, ""fear"": 0, ""gratitude"": 0, ""grief"": 0, ""joy"": 0, ""love"": 0, ""nervousness"": 0, ""optimism"": 0, ""pride"": 0, ""realization"": 0, ""relief"": 0, ""remorse"": 0, ""sadness"": 0, ""surprise"": 0, ""neutral"": 0}",5,5,1.0,0
574,admiration,admiration,admiration,Yes! My Big Fat Fabulous Life,"{""admiration"": 3, ""amusement"": 0, ""anger"": 0, ""annoyance"": 0, ""approval"": 0, ""caring"": 0, ""confusion"": 0, ""curiosity"": 0, ""desire"": 0, ""disappointment"": 0, ""disapproval"": 0, ""disgust"": 0, ""embarrassment"": 0, ""excitement"": 2, ""fear"": 0, ""gratitude"": 0, ""grief"": 0, ""joy"": 0, ""love"": 0, ""nervousness"": 0, ""optimism"": 0, ""pride"": 0, ""realization"": 0, ""relief"": 0, ""remorse"": 0, ""sadness"": 0, ""surprise"": 0, ""neutral"": 0}",3,5,0.6,1
575,curiosity,curiosity,disgust,Who's cutting onions?!,"{""admiration"": 0, ""amusement"": 0, ""anger"": 0, ""annoyance"": 0, ""approval"": 0, ""caring"": 0, ""confusion"": 0, ""curiosity"": 0, ""desire"": 0, ""disappointment"": 0, ""disapproval"": 0, ""disgust"": 5, ""embarrassment"": 0, ""excitement"": 0, ""fear"": 0, ""gratitude"": 0, ""grief"": 0, ""joy"": 0, ""love"": 0, ""nervousness"": 0, ""optimism"": 0, ""pride"": 0, ""realization"": 0, ""relief"": 0, ""remorse"": 0, ""sadness"": 0, ""surprise"": 0, ""neutral"": 0}",5,5,1.0,0
576,admiration,admiration,admiration,This is really cool and well made!,"{""admiration"": 5, ""amusement"": 0, ""anger"": 0, ""annoyance"": 0, ""approval"": 0, ""caring"": 0, ""confusion"": 0, ""curiosity"": 0, ""desire"": 0, ""disappointment"": 0, ""disapproval"": 0, ""disgust"": 0, ""embarrassment"": 0, ""excitement"": 0, ""fear"": 0, ""gratitude"": 0, ""grief"": 0, ""joy"": 0, ""love"": 0, ""nervousness"": 0, ""optimism"": 0, ""pride"": 0, ""realization"": 0, ""relief"": 0, ""remorse"": 0, ""sadness"": 0, ""surprise"": 0, ""neutral"": 0}",5,5,1.0,1
577,excitement,excitement,joy,Let's get things back on track! Happy new year!,"{""admiration"": 0, ""amusement"": 0, ""anger"": 0, ""annoyance"": 0, ""approval"": 0, ""caring"": 0, ""confusion"": 0, ""curiosity"": 0, ""desire"": 0, ""disappointment"": 0, ""disapproval"": 0, ""disgust"": 0, ""embarrassment"": 0, ""excitement"": 0, ""fear"": 0, ""gratitude"": 0, ""grief"": 0, ""joy"": 5, ""love"": 0, ""nervousness"": 0, ""optimism"": 0, ""pride"": 0, ""realization"": 0, ""relief"": 0, ""remorse"": 0, ""sadness"": 0, ""surprise"": 0, ""neutral"": 0}",5,5,1.0,0
578,neutral,neutral,disgust,This is a bit of a political post but I just felt like venting.,"{""admiration"": 0, ""amusement"": 0, ""anger"": 0, ""annoyance"": 0, ""approval"": 0, ""caring"": 0, ""confusion"": 0, ""curiosity"": 0, ""desire"": 0, ""disappointment"": 0, ""disapproval"": 1, ""disgust"": 2, ""embarrassment"": 0, ""excitement"": 0, ""fear"": 0, ""gratitude"": 0, ""grief"": 0, ""joy"": 0, ""love"": 0, ""nervousness"": 0, ""optimism"": 0, ""pride"": 0, ""realization"": 0, ""relief"": 0, ""remorse"": 2, ""sadness"": 0, ""surprise"": 0, ""neutral"": 0}",2,5,0.4,0
579,neutral,neutral,disapproval,Theres not really any structure or composition to this. The color scheme is tight but it's just kind of thrown on there without any direction.,"{""admiration"": 0, ""amusement"": 0, ""anger"": 0, ""annoyance"": 0, ""approval"": 0, ""caring"": 0, ""confusion"": 0, ""curiosity"": 0, ""desire"": 0, ""disappointment"": 1, ""disapproval"": 3, ""disgust"": 0, ""embarrassment"": 0, ""excitement"": 0, ""fear"": 0, ""gratitude"": 0, ""grief"": 0, ""joy"": 0, ""love"": 0, ""nervousness"": 0, ""optimism"": 0, ""pride"": 0, ""realization"": 0, ""relief"": 0, ""remorse"": 0, ""sadness"": 0, ""surprise"": 0, ""neutral"": 0}",3,5,0.6,0
580,admiration,admiration,admiration,Triple P Positive Parenting Program is excellent.,"{""admiration"": 5, ""amusement"": 0, ""anger"": 0, ""annoyance"": 0, ""approval"": 0, ""caring"": 0, ""confusion"": 0, ""curiosity"": 0, ""desire"": 0, ""disappointment"": 0, ""disapproval"": 0, ""disgust"": 0, ""embarrassment"": 0, ""excitement"": 0, ""fear"": 0, ""gratitude"": 0, ""grief"": 0, ""joy"": 0, ""love"": 0, ""nervousness"": 0, ""optimism"": 0, ""pride"": 0, ""realization"": 0, ""relief"": 0, ""remorse"": 0, ""sadness"": 0, ""surprise"": 0, ""neutral"": 0}",5,5,1.0,1
581,disappointment,disappointment,disappointment,"as a kpop stan and a army, i am very disappointed","{""admiration"": 0, ""amusement"": 0, ""anger"": 0, ""annoyance"": 0, ""approval"": 0, ""caring"": 0, ""confusion"": 0, ""curiosity"": 0, ""desire"": 0, ""disappointment"": 5, ""disapproval"": 0, ""disgust"": 0, ""embarrassment"": 0, ""excitement"": 0, ""fear"": 0, ""gratitude"": 0, ""grief"": 0, ""joy"": 0, ""love"": 0, ""nervousness"": 0, ""optimism"": 0, ""pride"": 0, ""realization"": 0, ""relief"": 0, ""remorse"": 0, ""sadness"": 0, ""surprise"": 0, ""neutral"": 0}",5,5,1.0,1
582,neutral,neutral,disgust,"[NAME] wouldn't breathe the same air as an anti vaxxer, don't slander her like this.","{""admiration"": 0, ""amusement"": 0, ""anger"": 0, ""annoyance"": 0, ""approval"": 0, ""caring"": 0, ""confusion"": 0, ""curiosity"": 0, ""desire"": 0, ""disappointment"": 0, ""disapproval"": 0, ""disgust"": 5, ""embarrassment"": 0, ""excitement"": 0, ""fear"": 0, ""gratitude"": 0, ""grief"": 0, ""joy"": 0, ""love"": 0, ""nervousness"": 0, ""optimism"": 0, ""pride"": 0, ""realization"": 0, ""relief"": 0, ""remorse"": 0, ""sadness"": 0, ""surprise"": 0, ""neutral"": 0}",5,5,1.0,0
583,disgust,disgust,disgust,Even worse.,"{""admiration"": 0, ""amusement"": 0, ""anger"": 0, ""annoyance"": 0, ""approval"": 0, ""caring"": 0, ""confusion"": 0, ""curiosity"": 0, ""desire"": 0, ""disappointment"": 0, ""disapproval"": 0, ""disgust"": 5, ""embarrassment"": 0, ""excitement"": 0, ""fear"": 0, ""gratitude"": 0, ""grief"": 0, ""joy"": 0, ""love"": 0, ""nervousness"": 0, ""optimism"": 0, ""pride"": 0, ""realization"": 0, ""relief"": 0, ""remorse"": 0, ""sadness"": 0, ""surprise"": 0, ""neutral"": 0}",5,5,1.0,1
584,confusion,confusion,neutral,He's not sure it's still relevant.,"{""admiration"": 0, ""amusement"": 0, ""anger"": 0, ""annoyance"": 0, ""approval"": 0, ""caring"": 0, ""confusion"": 0, ""curiosity"": 0, ""desire"": 0, ""disappointment"": 0, ""disapproval"": 0, ""disgust"": 0, ""embarrassment"": 0, ""excitement"": 0, ""fear"": 0, ""gratitude"": 0, ""grief"": 0, ""joy"": 0, ""love"": 0, ""nervousness"": 0, ""optimism"": 0, ""pride"": 0, ""realization"": 0, ""relief"": 0, ""remorse"": 0, ""sadness"": 0, ""surprise"": 0, ""neutral"": 5}",5,5,1.0,0
585,fear,fear,disgust,I thought that type of camouflage failed horribly because the high contrast and defined shapes made the ships really stand out.,"{""admiration"": 0, ""amusement"": 0, ""anger"": 0, ""annoyance"": 0, ""approval"": 0, ""caring"": 0, ""confusion"": 0, ""curiosity"": 0, ""desire"": 0, ""disappointment"": 0, ""disapproval"": 0, ""disgust"": 5, ""embarrassment"": 0, ""excitement"": 0, ""fear"": 0, ""gratitude"": 0, ""grief"": 0, ""joy"": 0, ""love"": 0, ""nervousness"": 0, ""optimism"": 0, ""pride"": 0, ""realization"": 0, ""relief"": 0, ""remorse"": 0, ""sadness"": 0, ""surprise"": 0, ""neutral"": 0}",5,5,1.0,0
586,gratitude,gratitude,disappointment,Where can you watch community? I can’t find it anywhere and it looks great.,"{""admiration"": 0, ""amusement"": 1, ""anger"": 0, ""annoyance"": 0, ""approval"": 0, ""caring"": 0, ""confusion"": 0, ""curiosity"": 0, ""desire"": 0, ""disappointment"": 4, ""disapproval"": 0, ""disgust"": 0, ""embarrassment"": 0, ""excitement"": 0, ""fear"": 0, ""gratitude"": 0, ""grief"": 0, ""joy"": 0, ""love"": 0, ""nervousness"": 0, ""optimism"": 0, ""pride"": 0, ""realization"": 0, ""relief"": 0, ""remorse"": 0, ""sadness"": 0, ""surprise"": 0, ""neutral"": 0}",4,5,0.8,0
587,caring,caring,embarrassment,"I usually say , DON'T BE EMBARRASSED ! They don't know you anyway...mm","{""admiration"": 0, ""amusement"": 0, ""anger"": 0, ""annoyance"": 0, ""approval"": 0, ""caring"": 0, ""confusion"": 0, ""curiosity"": 0, ""desire"": 0, ""disappointment"": 0, ""disapproval"": 2, ""disgust"": 0, ""embarrassment"": 3, ""excitement"": 0, ""fear"": 0, ""gratitude"": 0, ""grief"": 0, ""joy"": 0, ""love"": 0, ""nervousness"": 0, ""optimism"": 0, ""pride"": 0, ""realization"": 0, ""relief"": 0, ""remorse"": 0, ""sadness"": 0, ""surprise"": 0, ""neutral"": 0}",3,5,0.6,0
588,annoyance,annoyance,disgust,The self righteous feel no shame,"{""admiration"": 0, ""amusement"": 0, ""anger"": 0, ""annoyance"": 0, ""approval"": 0, ""caring"": 0, ""confusion"": 0, ""curiosity"": 0, ""desire"": 0, ""disappointment"": 0, ""disapproval"": 0, ""disgust"": 5, ""embarrassment"": 0, ""excitement"": 0, ""fear"": 0, ""gratitude"": 0, ""grief"": 0, ""joy"": 0, ""love"": 0, ""nervousness"": 0, ""optimism"": 0, ""pride"": 0, ""realization"": 0, ""relief"": 0, ""remorse"": 0, ""sadness"": 0, ""surprise"": 0, ""neutral"": 0}",5,5,1.0,0
589,neutral,neutral,disgust,They must have seen you.,"{""admiration"": 0, ""amusement"": 0, ""anger"": 0, ""annoyance"": 0, ""approval"": 0, ""caring"": 0, ""confusion"": 0, ""curiosity"": 0, ""desire"": 0, ""disappointment"": 0, ""disapproval"": 0, ""disgust"": 5, ""embarrassment"": 0, ""excitement"": 0, ""fear"": 0, ""gratitude"": 0, ""grief"": 0, ""joy"": 0, ""love"": 0, ""nervousness"": 0, ""optimism"": 0, ""pride"": 0, ""realization"": 0, ""relief"": 0, ""remorse"": 0, ""sadness"": 0, ""surprise"": 0, ""neutral"": 0}",5,5,1.0,0
590,curiosity,curiosity,curiosity,I don’t know who the hell [NAME] is but I am now curious after seeing the word “again”.,"{""admiration"": 0, ""amusement"": 0, ""anger"": 0, ""annoyance"": 0, ""approval"": 0, ""caring"": 0, ""confusion"": 0, ""curiosity"": 5, ""desire"": 0, ""disappointment"": 0, ""disapproval"": 0, ""disgust"": 0, ""embarrassment"": 0, ""excitement"": 0, ""fear"": 0, ""gratitude"": 0, ""grief"": 0, ""joy"": 0, ""love"": 0, ""nervousness"": 0, ""optimism"": 0, ""pride"": 0, ""realization"": 0, ""relief"": 0, ""remorse"": 0, ""sadness"": 0, ""surprise"": 0, ""neutral"": 0}",5,5,1.0,1
591,embarrassment,embarrassment,disapproval,Yah. I unfortunately was sitting and watching this documentary with my Mother. That was very awkward.,"{""admiration"": 0, ""amusement"": 0, ""anger"": 0, ""annoyance"": 0, ""approval"": 0, ""caring"": 0, ""confusion"": 0, ""curiosity"": 0, ""desire"": 0, ""disappointment"": 1, ""disapproval"": 4, ""disgust"": 0, ""embarrassment"": 0, ""excitement"": 0, ""fear"": 0, ""gratitude"": 0, ""grief"": 0, ""joy"": 0, ""love"": 0, ""nervousness"": 0, ""optimism"": 0, ""pride"": 0, ""realization"": 0, ""relief"": 0, ""remorse"": 0, ""sadness"": 0, ""surprise"": 0, ""neutral"": 0}",4,5,0.8,0
592,admiration,admiration|approval,admiration,"Ah, pillars of society. No wonder MLS is so highly regarded.","{""admiration"": 5, ""amusement"": 0, ""anger"": 0, ""annoyance"": 0, ""approval"": 0, ""caring"": 0, ""confusion"": 0, ""curiosity"": 0, ""desire"": 0, ""disappointment"": 0, ""disapproval"": 0, ""disgust"": 0, ""embarrassment"": 0, ""excitement"": 0, ""fear"": 0, ""gratitude"": 0, ""grief"": 0, ""joy"": 0, ""love"": 0, ""nervousness"": 0, ""optimism"": 0, ""pride"": 0, ""realization"": 0, ""relief"": 0, ""remorse"": 0, ""sadness"": 0, ""surprise"": 0, ""neutral"": 0}",5,5,1.0,1
593,neutral,neutral,disgust,They scammed you by wasting your time,"{""admiration"": 0, ""amusement"": 0, ""anger"": 0, ""annoyance"": 0, ""approval"": 0, ""caring"": 0, ""confusion"": 0, ""curiosity"": 0, ""desire"": 0, ""disappointment"": 0, ""disapproval"": 0, ""disgust"": 5, ""embarrassment"": 0, ""excitement"": 0, ""fear"": 0, ""gratitude"": 0, ""grief"": 0, ""joy"": 0, ""love"": 0, ""nervousness"": 0, ""optimism"": 0, ""pride"": 0, ""realization"": 0, ""relief"": 0, ""remorse"": 0, ""sadness"": 0, ""surprise"": 0, ""neutral"": 0}",5,5,1.0,0
594,disappointment,disappointment,disgust,Child labor laws are ruining this country,"{""admiration"": 0, ""amusement"": 0, ""anger"": 0, ""annoyance"": 0, ""approval"": 0, ""caring"": 0, ""confusion"": 0, ""curiosity"": 0, ""desire"": 0, ""disappointment"": 0, ""disapproval"": 0, ""disgust"": 5, ""embarrassment"": 0, ""excitement"": 0, ""fear"": 0, ""gratitude"": 0, ""grief"": 0, ""joy"": 0, ""love"": 0, ""nervousness"": 0, ""optimism"": 0, ""pride"": 0, ""realization"": 0, ""relief"": 0, ""remorse"": 0, ""sadness"": 0, ""surprise"": 0, ""neutral"": 0}",5,5,1.0,0
595,neutral,neutral,admiration,Bruh if y’all haven’t seen ‘Into the Spider-Verse’ yet you gotta stop what you’re doing and go see it.,"{""admiration"": 2, ""amusement"": 1, ""anger"": 0, ""annoyance"": 0, ""approval"": 0, ""caring"": 0, ""confusion"": 0, ""curiosity"": 0, ""desire"": 0, ""disappointment"": 0, ""disapproval"": 0, ""disgust"": 0, ""embarrassment"": 0, ""excitement"": 2, ""fear"": 0, ""gratitude"": 0, ""grief"": 0, ""joy"": 0, ""love"": 0, ""nervousness"": 0, ""optimism"": 0, ""pride"": 0, ""realization"": 0, ""relief"": 0, ""remorse"": 0, ""sadness"": 0, ""surprise"": 0, ""neutral"": 0}",2,5,0.4,0
596,fear,fear,disgust,"Wow that’s scary, she’s so young and healthy. I hate that. ","{""admiration"": 0, ""amusement"": 0, ""anger"": 0, ""annoyance"": 0, ""approval"": 0, ""caring"": 0, ""confusion"": 0, ""curiosity"": 0, ""desire"": 0, ""disappointment"": 0, ""disapproval"": 0, ""disgust"": 5, ""embarrassment"": 0, ""excitement"": 0, ""fear"": 0, ""gratitude"": 0, ""grief"": 0, ""joy"": 0, ""love"": 0, ""nervousness"": 0, ""optimism"": 0, ""pride"": 0, ""realization"": 0, ""relief"": 0, ""remorse"": 0, ""sadness"": 0, ""surprise"": 0, ""neutral"": 0}",5,5,1.0,0
597,neutral,neutral,disgust,Do you people just sit in meme economy and wait for something new to come up?,"{""admiration"": 0, ""amusement"": 0, ""anger"": 0, ""annoyance"": 0, ""approval"": 0, ""caring"": 0, ""confusion"": 0, ""curiosity"": 0, ""desire"": 0, ""disappointment"": 0, ""disapproval"": 0, ""disgust"": 5, ""embarrassment"": 0, ""excitement"": 0, ""fear"": 0, ""gratitude"": 0, ""grief"": 0, ""joy"": 0, ""love"": 0, ""nervousness"": 0, ""optimism"": 0, ""pride"": 0, ""realization"": 0, ""relief"": 0, ""remorse"": 0, ""sadness"": 0, ""surprise"": 0, ""neutral"": 0}",5,5,1.0,0
598,neutral,neutral,disgust,This hits a little too close to home,"{""admiration"": 0, ""amusement"": 0, ""anger"": 0, ""annoyance"": 0, ""approval"": 0, ""caring"": 0, ""confusion"": 0, ""curiosity"": 0, ""desire"": 0, ""disappointment"": 1, ""disapproval"": 0, ""disgust"": 3, ""embarrassment"": 0, ""excitement"": 0, ""fear"": 0, ""gratitude"": 0, ""grief"": 0, ""joy"": 0, ""love"": 0, ""nervousness"": 0, ""optimism"": 0, ""pride"": 0, ""realization"": 0, ""relief"": 0, ""remorse"": 0, ""sadness"": 1, ""surprise"": 0, ""neutral"": 0}",3,5,0.6,0
599,neutral,neutral,disgust,When her daughter says she wants to take all the weight from her and put it on her own body so her mom can go outside and play 😢❤️😢,"{""admiration"": 0, ""amusement"": 0, ""anger"": 0, ""annoyance"": 0, ""approval"": 0, ""caring"": 0, ""confusion"": 0, ""curiosity"": 0, ""desire"": 0, ""disappointment"": 0, ""disapproval"": 0, ""disgust"": 2, ""embarrassment"": 0, ""excitement"": 0, ""fear"": 0, ""gratitude"": 0, ""grief"": 0, ""joy"": 0, ""love"": 0, ""nervousness"": 0, ""optimism"": 0, ""pride"": 0, ""realization"": 0, ""relief"": 0, ""remorse"": 2, ""sadness"": 1, ""surprise"": 0, ""neutral"": 0}",2,5,0.4,0
600,neutral,neutral,disgust,When my Dad ([NAME] all the way) is Tsar of the Earth I'll have him make doxxing a crime with mandatory sentencing to terrible things.,"{""admiration"": 0, ""amusement"": 0, ""anger"": 0, ""annoyance"": 0, ""approval"": 0, ""caring"": 0, ""confusion"": 0, ""curiosity"": 0, ""desire"": 0, ""disappointment"": 0, ""disapproval"": 0, ""disgust"": 5, ""embarrassment"": 0, ""excitement"": 0, ""fear"": 0, ""gratitude"": 0, ""grief"": 0, ""joy"": 0, ""love"": 0, ""nervousness"": 0, ""optimism"": 0, ""pride"": 0, ""realization"": 0, ""relief"": 0, ""remorse"": 0, ""sadness"": 0, ""surprise"": 0, ""neutral"": 0}",5,5,1.0,0
601,surprise,surprise,disappointment,Wow there a lot to choose from for 10 bucks or less too,"{""admiration"": 0, ""amusement"": 0, ""anger"": 0, ""annoyance"": 0, ""approval"": 0, ""caring"": 0, ""confusion"": 0, ""curiosity"": 0, ""desire"": 0, ""disappointment"": 2, ""disapproval"": 1, ""disgust"": 2, ""embarrassment"": 0, ""excitement"": 0, ""fear"": 0, ""gratitude"": 0, ""grief"": 0, ""joy"": 0, ""love"": 0, ""nervousness"": 0, ""optimism"": 0, ""pride"": 0, ""realization"": 0, ""relief"": 0, ""remorse"": 0, ""sadness"": 0, ""surprise"": 0, ""neutral"": 0}",2,5,0.4,0
602,admiration,admiration|approval,admiration,O cool noworries ya I don't actually hate [NAME] he's now my favorite player for Vegas.,"{""admiration"": 3, ""amusement"": 0, ""anger"": 0, ""annoyance"": 0, ""approval"": 0, ""caring"": 0, ""confusion"": 0, ""curiosity"": 0, ""desire"": 0, ""disappointment"": 0, ""disapproval"": 0, ""disgust"": 1, ""embarrassment"": 0, ""excitement"": 1, ""fear"": 0, ""gratitude"": 0, ""grief"": 0, ""joy"": 0, ""love"": 0, ""nervousness"": 0, ""optimism"": 0, ""pride"": 0, ""realization"": 0, ""relief"": 0, ""remorse"": 0, ""sadness"": 0, ""surprise"": 0, ""neutral"": 0}",3,5,0.6,1
603,neutral,neutral,amusement,Take your pick bro.,"{""admiration"": 0, ""amusement"": 2, ""anger"": 0, ""annoyance"": 0, ""approval"": 0, ""caring"": 0, ""confusion"": 0, ""curiosity"": 0, ""desire"": 0, ""disappointment"": 0, ""disapproval"": 0, ""disgust"": 2, ""embarrassment"": 0, ""excitement"": 0, ""fear"": 0, ""gratitude"": 0, ""grief"": 0, ""joy"": 0, ""love"": 0, ""nervousness"": 0, ""optimism"": 0, ""pride"": 0, ""realization"": 0, ""relief"": 0, ""remorse"": 0, ""sadness"": 0, ""surprise"": 0, ""neutral"": 0}",2,5,0.4,0
604,neutral,neutral,disgust,"yep, you don't hate Mondays, you hate capitalism. ","{""admiration"": 0, ""amusement"": 0, ""anger"": 0, ""annoyance"": 0, ""approval"": 0, ""caring"": 0, ""confusion"": 0, ""curiosity"": 0, ""desire"": 0, ""disappointment"": 0, ""disapproval"": 0, ""disgust"": 5, ""embarrassment"": 0, ""excitement"": 0, ""fear"": 0, ""gratitude"": 0, ""grief"": 0, ""joy"": 0, ""love"": 0, ""nervousness"": 0, ""optimism"": 0, ""pride"": 0, ""realization"": 0, ""relief"": 0, ""remorse"": 0, ""sadness"": 0, ""surprise"": 0, ""neutral"": 0}",5,5,1.0,0
605,neutral,neutral,disgust,"Yes, your trolling is very good. You’re so brave for giving us the opportunity to downvote your sock account to hell.","{""admiration"": 0, ""amusement"": 0, ""anger"": 0, ""annoyance"": 0, ""approval"": 0, ""caring"": 0, ""confusion"": 0, ""curiosity"": 0, ""desire"": 0, ""disappointment"": 0, ""disapproval"": 1, ""disgust"": 4, ""embarrassment"": 0, ""excitement"": 0, ""fear"": 0, ""gratitude"": 0, ""grief"": 0, ""joy"": 0, ""love"": 0, ""nervousness"": 0, ""optimism"": 0, ""pride"": 0, ""realization"": 0, ""relief"": 0, ""remorse"": 0, ""sadness"": 0, ""surprise"": 0, ""neutral"": 0}",4,5,0.8,0
606,gratitude,gratitude,admiration,I was actually introduced to hbomb and breadtube in general Becuase of [NAME] vid on ds2. So thanks [NAME]?,"{""admiration"": 3, ""amusement"": 0, ""anger"": 0, ""annoyance"": 0, ""approval"": 0, ""caring"": 0, ""confusion"": 0, ""curiosity"": 0, ""desire"": 0, ""disappointment"": 0, ""disapproval"": 0, ""disgust"": 2, ""embarrassment"": 0, ""excitement"": 0, ""fear"": 0, ""gratitude"": 0, ""grief"": 0, ""joy"": 0, ""love"": 0, ""nervousness"": 0, ""optimism"": 0, ""pride"": 0, ""realization"": 0, ""relief"": 0, ""remorse"": 0, ""sadness"": 0, ""surprise"": 0, ""neutral"": 0}",3,5,0.6,0
607,neutral,neutral,disappointment,"Well, at least you'll have plenty of company","{""admiration"": 0, ""amusement"": 0, ""anger"": 0, ""annoyance"": 0, ""approval"": 0, ""caring"": 0, ""confusion"": 0, ""curiosity"": 0, ""desire"": 0, ""disappointment"": 2, ""disapproval"": 0, ""disgust"": 2, ""embarrassment"": 0, ""excitement"": 0, ""fear"": 0, ""gratitude"": 0, ""grief"": 0, ""joy"": 0, ""love"": 0, ""nervousness"": 0, ""optimism"": 0, ""pride"": 0, ""realization"": 0, ""relief"": 0, ""remorse"": 0, ""sadness"": 0, ""surprise"": 0, ""neutral"": 1}",2,5,0.4,0
608,disapproval,disapproval,disapproval,Upvoted for visibility. Disapprove of the poll results.,"{""admiration"": 0, ""amusement"": 0, ""anger"": 0, ""annoyance"": 0, ""approval"": 0, ""caring"": 0, ""confusion"": 0, ""curiosity"": 0, ""desire"": 0, ""disappointment"": 0, ""disapproval"": 5, ""disgust"": 0, ""embarrassment"": 0, ""excitement"": 0, ""fear"": 0, ""gratitude"": 0, ""grief"": 0, ""joy"": 0, ""love"": 0, ""nervousness"": 0, ""optimism"": 0, ""pride"": 0, ""realization"": 0, ""relief"": 0, ""remorse"": 0, ""sadness"": 0, ""surprise"": 0, ""neutral"": 0}",5,5,1.0,1
609,amusement,amusement|approval,neutral,Not sure how kittens “lol” but I’ll take your word for it.,"{""admiration"": 0, ""amusement"": 0, ""anger"": 0, ""annoyance"": 0, ""approval"": 0, ""caring"": 0, ""confusion"": 0, ""curiosity"": 0, ""desire"": 0, ""disappointment"": 0, ""disapproval"": 0, ""disgust"": 2, ""embarrassment"": 0, ""excitement"": 0, ""fear"": 0, ""gratitude"": 0, ""grief"": 0, ""joy"": 0, ""love"": 0, ""nervousness"": 0, ""optimism"": 0, ""pride"": 0, ""realization"": 0, ""relief"": 0, ""remorse"": 0, ""sadness"": 0, ""surprise"": 0, ""neutral"": 3}",3,5,0.6,0
610,neutral,neutral,disgust,They are the modern day Nickelback.,"{""admiration"": 0, ""amusement"": 0, ""anger"": 0, ""annoyance"": 0, ""approval"": 0, ""caring"": 0, ""confusion"": 0, ""curiosity"": 0, ""desire"": 0, ""disappointment"": 0, ""disapproval"": 0, ""disgust"": 4, ""embarrassment"": 0, ""excitement"": 0, ""fear"": 0, ""gratitude"": 0, ""grief"": 0, ""joy"": 0, ""love"": 0, ""nervousness"": 0, ""optimism"": 0, ""pride"": 0, ""realization"": 0, ""relief"": 0, ""remorse"": 0, ""sadness"": 0, ""surprise"": 0, ""neutral"": 0}",4,5,0.8,0
611,neutral,neutral,remorse,"I regale them with stories of times when the dfaq runs out of chocolate cake, reminding them that we too can sometimes have it rough. ","{""admiration"": 0, ""amusement"": 0, ""anger"": 0, ""annoyance"": 0, ""approval"": 0, ""caring"": 0, ""confusion"": 0, ""curiosity"": 0, ""desire"": 0, ""disappointment"": 0, ""disapproval"": 0, ""disgust"": 1, ""embarrassment"": 0, ""excitement"": 0, ""fear"": 0, ""gratitude"": 0, ""grief"": 0, ""joy"": 0, ""love"": 0, ""nervousness"": 0, ""optimism"": 0, ""pride"": 0, ""realization"": 0, ""relief"": 0, ""remorse"": 4, ""sadness"": 0, ""surprise"": 0, ""neutral"": 0}",4,5,0.8,0
612,neutral,neutral,disapproval,This is why I came to the comments section,"{""admiration"": 0, ""amusement"": 0, ""anger"": 0, ""annoyance"": 0, ""approval"": 0, ""caring"": 0, ""confusion"": 0, ""curiosity"": 0, ""desire"": 0, ""disappointment"": 0, ""disapproval"": 2, ""disgust"": 2, ""embarrassment"": 0, ""excitement"": 0, ""fear"": 0, ""gratitude"": 0, ""grief"": 0, ""joy"": 0, ""love"": 0, ""nervousness"": 0, ""optimism"": 0, ""pride"": 0, ""realization"": 0, ""relief"": 0, ""remorse"": 0, ""sadness"": 0, ""surprise"": 0, ""neutral"": 0}",2,5,0.4,0
613,curiosity,curiosity|surprise,surprise,Surprise my what now?,"{""admiration"": 0, ""amusement"": 0, ""anger"": 0, ""annoyance"": 0, ""approval"": 0, ""caring"": 0, ""confusion"": 0, ""curiosity"": 0, ""desire"": 0, ""disappointment"": 0, ""disapproval"": 0, ""disgust"": 0, ""embarrassment"": 0, ""excitement"": 0, ""fear"": 0, ""gratitude"": 0, ""grief"": 0, ""joy"": 0, ""love"": 0, ""nervousness"": 0, ""optimism"": 0, ""pride"": 0, ""realization"": 0, ""relief"": 0, ""remorse"": 0, ""sadness"": 0, ""surprise"": 5, ""neutral"": 0}",5,5,1.0,1
614,annoyance,annoyance,disgust,What is normal? It should be tho....,"{""admiration"": 0, ""amusement"": 0, ""anger"": 0, ""annoyance"": 0, ""approval"": 0, ""caring"": 0, ""confusion"": 0, ""curiosity"": 0, ""desire"": 0, ""disappointment"": 0, ""disapproval"": 0, ""disgust"": 5, ""embarrassment"": 0, ""excitement"": 0, ""fear"": 0, ""gratitude"": 0, ""grief"": 0, ""joy"": 0, ""love"": 0, ""nervousness"": 0, ""optimism"": 0, ""pride"": 0, ""realization"": 0, ""relief"": 0, ""remorse"": 0, ""sadness"": 0, ""surprise"": 0, ""neutral"": 0}",5,5,1.0,0
615,neutral,neutral,disgust,"You know it doesn't use the word ""boycott"" at all, right?","{""admiration"": 0, ""amusement"": 0, ""anger"": 0, ""annoyance"": 0, ""approval"": 0, ""caring"": 0, ""confusion"": 0, ""curiosity"": 0, ""desire"": 0, ""disappointment"": 0, ""disapproval"": 1, ""disgust"": 3, ""embarrassment"": 0, ""excitement"": 0, ""fear"": 0, ""gratitude"": 0, ""grief"": 0, ""joy"": 0, ""love"": 0, ""nervousness"": 0, ""optimism"": 0, ""pride"": 0, ""realization"": 0, ""relief"": 0, ""remorse"": 0, ""sadness"": 0, ""surprise"": 0, ""neutral"": 1}",3,5,0.6,0
616,realization,realization,disappointment,No because it's been a steady decline over 20 months.,"{""admiration"": 0, ""amusement"": 0, ""anger"": 0, ""annoyance"": 0, ""approval"": 0, ""caring"": 0, ""confusion"": 0, ""curiosity"": 0, ""desire"": 0, ""disappointment"": 4, ""disapproval"": 1, ""disgust"": 0, ""embarrassment"": 0, ""excitement"": 0, ""fear"": 0, ""gratitude"": 0, ""grief"": 0, ""joy"": 0, ""love"": 0, ""nervousness"": 0, ""optimism"": 0, ""pride"": 0, ""realization"": 0, ""relief"": 0, ""remorse"": 0, ""sadness"": 0, ""surprise"": 0, ""neutral"": 0}",4,5,0.8,0
617,admiration,admiration,disgust,congrats to everyone who picked the over,"{""admiration"": 0, ""amusement"": 0, ""anger"": 0, ""annoyance"": 0, ""approval"": 0, ""caring"": 0, ""confusion"": 0, ""curiosity"": 0, ""desire"": 0, ""disappointment"": 0, ""disapproval"": 2, ""disgust"": 3, ""embarrassment"": 0, ""excitement"": 0, ""fear"": 0, ""gratitude"": 0, ""grief"": 0, ""joy"": 0, ""love"": 0, ""nervousness"": 0, ""optimism"": 0, ""pride"": 0, ""realization"": 0, ""relief"": 0, ""remorse"": 0, ""sadness"": 0, ""surprise"": 0, ""neutral"": 0}",3,5,0.6,0
618,surprise,surprise|neutral,disgust,Can’t believe a club paid $550k for Sandow that’s absurd.,"{""admiration"": 0, ""amusement"": 0, ""anger"": 0, ""annoyance"": 0, ""approval"": 0, ""caring"": 0, ""confusion"": 0, ""curiosity"": 0, ""desire"": 0, ""disappointment"": 0, ""disapproval"": 0, ""disgust"": 5, ""embarrassment"": 0, ""excitement"": 0, ""fear"": 0, ""gratitude"": 0, ""grief"": 0, ""joy"": 0, ""love"": 0, ""nervousness"": 0, ""optimism"": 0, ""pride"": 0, ""realization"": 0, ""relief"": 0, ""remorse"": 0, ""sadness"": 0, ""surprise"": 0, ""neutral"": 0}",5,5,1.0,0
619,gratitude,gratitude,gratitude,Thank you so much. That means a lot. ❤,"{""admiration"": 0, ""amusement"": 0, ""anger"": 0, ""annoyance"": 0, ""approval"": 0, ""caring"": 0, ""confusion"": 0, ""curiosity"": 0, ""desire"": 0, ""disappointment"": 0, ""disapproval"": 0, ""disgust"": 0, ""embarrassment"": 0, ""excitement"": 0, ""fear"": 0, ""gratitude"": 4, ""grief"": 0, ""joy"": 0, ""love"": 1, ""nervousness"": 0, ""optimism"": 0, ""pride"": 0, ""realization"": 0, ""relief"": 0, ""remorse"": 0, ""sadness"": 0, ""surprise"": 0, ""neutral"": 0}",4,5,0.8,1
620,neutral,neutral,disgust,The problem is complex but in the 60's til now we where facing major propaganda against marijuana and this stuck to the head of most poeple.,"{""admiration"": 0, ""amusement"": 0, ""anger"": 0, ""annoyance"": 0, ""approval"": 0, ""caring"": 0, ""confusion"": 0, ""curiosity"": 0, ""desire"": 0, ""disappointment"": 0, ""disapproval"": 0, ""disgust"": 5, ""embarrassment"": 0, ""excitement"": 0, ""fear"": 0, ""gratitude"": 0, ""grief"": 0, ""joy"": 0, ""love"": 0, ""nervousness"": 0, ""optimism"": 0, ""pride"": 0, ""realization"": 0, ""relief"": 0, ""remorse"": 0, ""sadness"": 0, ""surprise"": 0, ""neutral"": 0}",5,5,1.0,0
621,disappointment,disappointment,disgust,"Conservative is massively brigaded on an hourly basis. Unfortunately, it requires strict moderation or else it is unreadable.","{""admiration"": 0, ""amusement"": 0, ""anger"": 0, ""annoyance"": 0, ""approval"": 0, ""caring"": 0, ""confusion"": 0, ""curiosity"": 0, ""desire"": 0, ""disappointment"": 0, ""disapproval"": 0, ""disgust"": 5, ""embarrassment"": 0, ""excitement"": 0, ""fear"": 0, ""gratitude"": 0, ""grief"": 0, ""joy"": 0, ""love"": 0, ""nervousness"": 0, ""optimism"": 0, ""pride"": 0, ""realization"": 0, ""relief"": 0, ""remorse"": 0, ""sadness"": 0, ""surprise"": 0, ""neutral"": 0}",5,5,1.0,0
622,admiration,admiration|gratitude,love,"Hey, thank you. :) I appreciate it.","{""admiration"": 0, ""amusement"": 0, ""anger"": 0, ""annoyance"": 0, ""approval"": 0, ""caring"": 0, ""confusion"": 0, ""curiosity"": 0, ""desire"": 0, ""disappointment"": 0, ""disapproval"": 0, ""disgust"": 0, ""embarrassment"": 0, ""excitement"": 0, ""fear"": 0, ""gratitude"": 2, ""grief"": 0, ""joy"": 0, ""love"": 3, ""nervousness"": 0, ""optimism"": 0, ""pride"": 0, ""realization"": 0, ""relief"": 0, ""remorse"": 0, ""sadness"": 0, ""surprise"": 0, ""neutral"": 0}",3,5,0.6,0
623,neutral,neutral,admiration,THE PACK RUNS DEEP AND HARD. I WOULD SHARE MY KRAFT MAC AND CHEESE WITH YOU ANY DAY. AROOOOOOOOO,"{""admiration"": 5, ""amusement"": 0, ""anger"": 0, ""annoyance"": 0, ""approval"": 0, ""caring"": 0, ""confusion"": 0, ""curiosity"": 0, ""desire"": 0, ""disappointment"": 0, ""disapproval"": 0, ""disgust"": 0, ""embarrassment"": 0, ""excitement"": 0, ""fear"": 0, ""gratitude"": 0, ""grief"": 0, ""joy"": 0, ""love"": 0, ""nervousness"": 0, ""optimism"": 0, ""pride"": 0, ""realization"": 0, ""relief"": 0, ""remorse"": 0, ""sadness"": 0, ""surprise"": 0, ""neutral"": 0}",5,5,1.0,0
624,disappointment,disappointment|neutral,disappointment,I got banned on an old account for no discernible reason months after I had last posted there.,"{""admiration"": 0, ""amusement"": 0, ""anger"": 0, ""annoyance"": 0, ""approval"": 0, ""caring"": 0, ""confusion"": 0, ""curiosity"": 0, ""desire"": 0, ""disappointment"": 2, ""disapproval"": 2, ""disgust"": 1, ""embarrassment"": 0, ""excitement"": 0, ""fear"": 0, ""gratitude"": 0, ""grief"": 0, ""joy"": 0, ""love"": 0, ""nervousness"": 0, ""optimism"": 0, ""pride"": 0, ""realization"": 0, ""relief"": 0, ""remorse"": 0, ""sadness"": 0, ""surprise"": 0, ""neutral"": 0}",2,5,0.4,1
625,disgust,disgust,disgust,Right now it sucks ass I gotta squat in snow in the freezing cold in the back yard of my apartment complex holding a little bong,"{""admiration"": 0, ""amusement"": 0, ""anger"": 0, ""annoyance"": 0, ""approval"": 0, ""caring"": 0, ""confusion"": 0, ""curiosity"": 0, ""desire"": 0, ""disappointment"": 0, ""disapproval"": 0, ""disgust"": 4, ""embarrassment"": 0, ""excitement"": 0, ""fear"": 0, ""gratitude"": 0, ""grief"": 0, ""joy"": 0, ""love"": 0, ""nervousness"": 0, ""optimism"": 0, ""pride"": 0, ""realization"": 0, ""relief"": 0, ""remorse"": 0, ""sadness"": 0, ""surprise"": 0, ""neutral"": 0}",4,5,0.8,1
626,neutral,neutral,disgust,Ugh. [NAME] [NAME] (another British celeb),"{""admiration"": 0, ""amusement"": 0, ""anger"": 0, ""annoyance"": 0, ""approval"": 0, ""caring"": 0, ""confusion"": 0, ""curiosity"": 0, ""desire"": 0, ""disappointment"": 0, ""disapproval"": 0, ""disgust"": 4, ""embarrassment"": 0, ""excitement"": 0, ""fear"": 0, ""gratitude"": 0, ""grief"": 0, ""joy"": 0, ""love"": 0, ""nervousness"": 0, ""optimism"": 0, ""pride"": 0, ""realization"": 0, ""relief"": 0, ""remorse"": 0, ""sadness"": 0, ""surprise"": 0, ""neutral"": 0}",4,5,0.8,0
627,confusion,confusion,disapproval,"What part of ""Yeah but still"" do you not understand dude?","{""admiration"": 0, ""amusement"": 0, ""anger"": 0, ""annoyance"": 1, ""approval"": 0, ""caring"": 0, ""confusion"": 0, ""curiosity"": 0, ""desire"": 0, ""disappointment"": 0, ""disapproval"": 2, ""disgust"": 1, ""embarrassment"": 0, ""excitement"": 0, ""fear"": 0, ""gratitude"": 0, ""grief"": 0, ""joy"": 0, ""love"": 0, ""nervousness"": 0, ""optimism"": 0, ""pride"": 0, ""realization"": 0, ""relief"": 0, ""remorse"": 0, ""sadness"": 0, ""surprise"": 0, ""neutral"": 0}",2,5,0.4,0
628,admiration,admiration|gratitude,amusement,Awesome guys! Thank you for the ideas. It interesting to see what people will do depending on whether they play killer or survivor lol,"{""admiration"": 0, ""amusement"": 5, ""anger"": 0, ""annoyance"": 0, ""approval"": 0, ""caring"": 0, ""confusion"": 0, ""curiosity"": 0, ""desire"": 0, ""disappointment"": 0, ""disapproval"": 0, ""disgust"": 0, ""embarrassment"": 0, ""excitement"": 0, ""fear"": 0, ""gratitude"": 0, ""grief"": 0, ""joy"": 0, ""love"": 0, ""nervousness"": 0, ""optimism"": 0, ""pride"": 0, ""realization"": 0, ""relief"": 0, ""remorse"": 0, ""sadness"": 0, ""surprise"": 0, ""neutral"": 0}",5,5,1.0,0
629,fear,fear,fear,This is terrifying,"{""admiration"": 0, ""amusement"": 0, ""anger"": 0, ""annoyance"": 0, ""approval"": 0, ""caring"": 0, ""confusion"": 0, ""curiosity"": 0, ""desire"": 0, ""disappointment"": 0, ""disapproval"": 0, ""disgust"": 0, ""embarrassment"": 0, ""excitement"": 0, ""fear"": 5, ""gratitude"": 0, ""grief"": 0, ""joy"": 0, ""love"": 0, ""nervousness"": 0, ""optimism"": 0, ""pride"": 0, ""realization"": 0, ""relief"": 0, ""remorse"": 0, ""sadness"": 0, ""surprise"": 0, ""neutral"": 0}",5,5,1.0,1
630,disgust,disgust,disapproval,My dad wears that sweater every game day! It’s in much worse condition however,"{""admiration"": 0, ""amusement"": 0, ""anger"": 0, ""annoyance"": 0, ""approval"": 0, ""caring"": 0, ""confusion"": 0, ""curiosity"": 0, ""desire"": 0, ""disappointment"": 2, ""disapproval"": 3, ""disgust"": 0, ""embarrassment"": 0, ""excitement"": 0, ""fear"": 0, ""gratitude"": 0, ""grief"": 0, ""joy"": 0, ""love"": 0, ""nervousness"": 0, ""optimism"": 0, ""pride"": 0, ""realization"": 0, ""relief"": 0, ""remorse"": 0, ""sadness"": 0, ""surprise"": 0, ""neutral"": 0}",3,5,0.6,0
631,embarrassment,embarrassment,disappointment,"Yeah, I always thought [NAME] would be an improved [NAME]. It's a damn shame we haven't thrown to him more often.","{""admiration"": 0, ""amusement"": 0, ""anger"": 0, ""annoyance"": 0, ""approval"": 0, ""caring"": 0, ""confusion"": 0, ""curiosity"": 0, ""desire"": 0, ""disappointment"": 5, ""disapproval"": 0, ""disgust"": 0, ""embarrassment"": 0, ""excitement"": 0, ""fear"": 0, ""gratitude"": 0, ""grief"": 0, ""joy"": 0, ""love"": 0, ""nervousness"": 0, ""optimism"": 0, ""pride"": 0, ""realization"": 0, ""relief"": 0, ""remorse"": 0, ""sadness"": 0, ""surprise"": 0, ""neutral"": 0}",5,5,1.0,0
632,amusement,amusement|gratitude,amusement,"That made me smile. Thank you!! And yes, definitely replacing her on my reference list lol. ","{""admiration"": 0, ""amusement"": 5, ""anger"": 0, ""annoyance"": 0, ""approval"": 0, ""caring"": 0, ""confusion"": 0, ""curiosity"": 0, ""desire"": 0, ""disappointment"": 0, ""disapproval"": 0, ""disgust"": 0, ""embarrassment"": 0, ""excitement"": 0, ""fear"": 0, ""gratitude"": 0, ""grief"": 0, ""joy"": 0, ""love"": 0, ""nervousness"": 0, ""optimism"": 0, ""pride"": 0, ""realization"": 0, ""relief"": 0, ""remorse"": 0, ""sadness"": 0, ""surprise"": 0, ""neutral"": 0}",5,5,1.0,1
633,admiration,admiration,admiration,"[NAME], [NAME] mother. I loved her in the one episode. She had great chemistry with everyone she met. ","{""admiration"": 5, ""amusement"": 0, ""anger"": 0, ""annoyance"": 0, ""approval"": 0, ""caring"": 0, ""confusion"": 0, ""curiosity"": 0, ""desire"": 0, ""disappointment"": 0, ""disapproval"": 0, ""disgust"": 0, ""embarrassment"": 0, ""excitement"": 0, ""fear"": 0, ""gratitude"": 0, ""grief"": 0, ""joy"": 0, ""love"": 0, ""nervousness"": 0, ""optimism"": 0, ""pride"": 0, ""realization"": 0, ""relief"": 0, ""remorse"": 0, ""sadness"": 0, ""surprise"": 0, ""neutral"": 0}",5,5,1.0,1
634,caring,caring,neutral,Not sinking in is it. I'm hardly speaking in riddles. Good luck,"{""admiration"": 0, ""amusement"": 0, ""anger"": 0, ""annoyance"": 0, ""approval"": 0, ""caring"": 0, ""confusion"": 0, ""curiosity"": 0, ""desire"": 0, ""disappointment"": 1, ""disapproval"": 0, ""disgust"": 1, ""embarrassment"": 0, ""excitement"": 0, ""fear"": 0, ""gratitude"": 0, ""grief"": 0, ""joy"": 0, ""love"": 0, ""nervousness"": 0, ""optimism"": 0, ""pride"": 0, ""realization"": 0, ""relief"": 0, ""remorse"": 0, ""sadness"": 0, ""surprise"": 0, ""neutral"": 3}",3,5,0.6,0
635,neutral,neutral,disapproval,"May live in Florida, but [NAME], NJ born and raised!!","{""admiration"": 0, ""amusement"": 0, ""anger"": 0, ""annoyance"": 0, ""approval"": 0, ""caring"": 0, ""confusion"": 0, ""curiosity"": 0, ""desire"": 0, ""disappointment"": 0, ""disapproval"": 5, ""disgust"": 0, ""embarrassment"": 0, ""excitement"": 0, ""fear"": 0, ""gratitude"": 0, ""grief"": 0, ""joy"": 0, ""love"": 0, ""nervousness"": 0, ""optimism"": 0, ""pride"": 0, ""realization"": 0, ""relief"": 0, ""remorse"": 0, ""sadness"": 0, ""surprise"": 0, ""neutral"": 0}",5,5,1.0,0
636,approval,approval,disgust,"Naaah, that is and always will be [NAME], especially since her redesign in MKX. perfect waifu.","{""admiration"": 2, ""amusement"": 0, ""anger"": 0, ""annoyance"": 0, ""approval"": 0, ""caring"": 0, ""confusion"": 0, ""curiosity"": 0, ""desire"": 0, ""disappointment"": 0, ""disapproval"": 0, ""disgust"": 3, ""embarrassment"": 0, ""excitement"": 0, ""fear"": 0, ""gratitude"": 0, ""grief"": 0, ""joy"": 0, ""love"": 0, ""nervousness"": 0, ""optimism"": 0, ""pride"": 0, ""realization"": 0, ""relief"": 0, ""remorse"": 0, ""sadness"": 0, ""surprise"": 0, ""neutral"": 0}",3,5,0.6,0
637,neutral,neutral,disgust,"“I hold that the more helpless a creature, the more entitled it is to protection by man from the cruelty of man” -[NAME]","{""admiration"": 0, ""amusement"": 0, ""anger"": 0, ""annoyance"": 0, ""approval"": 0, ""caring"": 0, ""confusion"": 0, ""curiosity"": 0, ""desire"": 0, ""disappointment"": 0, ""disapproval"": 0, ""disgust"": 4, ""embarrassment"": 0, ""excitement"": 0, ""fear"": 0, ""gratitude"": 0, ""grief"": 0, ""joy"": 0, ""love"": 0, ""nervousness"": 0, ""optimism"": 0, ""pride"": 0, ""realization"": 0, ""relief"": 0, ""remorse"": 1, ""sadness"": 0, ""surprise"": 0, ""neutral"": 0}",4,5,0.8,0
638,annoyance,annoyance|disappointment,disgust,Well fuck. I didn't think anybody cared at all...it's order than that?,"{""admiration"": 0, ""amusement"": 0, ""anger"": 0, ""annoyance"": 0, ""approval"": 0, ""caring"": 0, ""confusion"": 0, ""curiosity"": 0, ""desire"": 0, ""disappointment"": 0, ""disapproval"": 0, ""disgust"": 3, ""embarrassment"": 0, ""excitement"": 0, ""fear"": 0, ""gratitude"": 0, ""grief"": 0, ""joy"": 0, ""love"": 0, ""nervousness"": 0, ""optimism"": 0, ""pride"": 0, ""realization"": 0, ""relief"": 0, ""remorse"": 2, ""sadness"": 0, ""surprise"": 0, ""neutral"": 0}",3,5,0.6,0
639,admiration,admiration,disappointment,And I can't call the capitol switchboard to express my concern about this because the government is shut down. Awesome.,"{""admiration"": 0, ""amusement"": 0, ""anger"": 0, ""annoyance"": 0, ""approval"": 0, ""caring"": 0, ""confusion"": 0, ""curiosity"": 0, ""desire"": 0, ""disappointment"": 3, ""disapproval"": 0, ""disgust"": 2, ""embarrassment"": 0, ""excitement"": 0, ""fear"": 0, ""gratitude"": 0, ""grief"": 0, ""joy"": 0, ""love"": 0, ""nervousness"": 0, ""optimism"": 0, ""pride"": 0, ""realization"": 0, ""relief"": 0, ""remorse"": 0, ""sadness"": 0, ""surprise"": 0, ""neutral"": 0}",3,5,0.6,0
640,disappointment,disappointment,disappointment,"I got bad news for ya'll. I picked Chargers, Colts, Saints, and Cowboys to win. So Eagles might be winning :/ ","{""admiration"": 0, ""amusement"": 0, ""anger"": 0, ""annoyance"": 0, ""approval"": 0, ""caring"": 0, ""confusion"": 0, ""curiosity"": 0, ""desire"": 0, ""disappointment"": 4, ""disapproval"": 1, ""disgust"": 0, ""embarrassment"": 0, ""excitement"": 0, ""fear"": 0, ""gratitude"": 0, ""grief"": 0, ""joy"": 0, ""love"": 0, ""nervousness"": 0, ""optimism"": 0, ""pride"": 0, ""realization"": 0, ""relief"": 0, ""remorse"": 0, ""sadness"": 0, ""surprise"": 0, ""neutral"": 0}",4,5,0.8,1
641,love,love,disgust,Omg two little blankets for your penis. LOVE THAT.,"{""admiration"": 0, ""amusement"": 0, ""anger"": 0, ""annoyance"": 0, ""approval"": 0, ""caring"": 0, ""confusion"": 0, ""curiosity"": 0, ""desire"": 0, ""disappointment"": 0, ""disapproval"": 0, ""disgust"": 5, ""embarrassment"": 0, ""excitement"": 0, ""fear"": 0, ""gratitude"": 0, ""grief"": 0, ""joy"": 0, ""love"": 0, ""nervousness"": 0, ""optimism"": 0, ""pride"": 0, ""realization"": 0, ""relief"": 0, ""remorse"": 0, ""sadness"": 0, ""surprise"": 0, ""neutral"": 0}",5,5,1.0,0
642,neutral,neutral,confusion,those comments are perplexing,"{""admiration"": 0, ""amusement"": 0, ""anger"": 0, ""annoyance"": 0, ""approval"": 0, ""caring"": 0, ""confusion"": 4, ""curiosity"": 0, ""desire"": 0, ""disappointment"": 0, ""disapproval"": 0, ""disgust"": 0, ""embarrassment"": 0, ""excitement"": 0, ""fear"": 0, ""gratitude"": 0, ""grief"": 0, ""joy"": 0, ""love"": 0, ""nervousness"": 0, ""optimism"": 0, ""pride"": 0, ""realization"": 0, ""relief"": 0, ""remorse"": 0, ""sadness"": 0, ""surprise"": 0, ""neutral"": 1}",4,5,0.8,0
643,neutral,neutral,disgust,It really do be like that,"{""admiration"": 0, ""amusement"": 0, ""anger"": 0, ""annoyance"": 0, ""approval"": 0, ""caring"": 0, ""confusion"": 1, ""curiosity"": 0, ""desire"": 0, ""disappointment"": 0, ""disapproval"": 0, ""disgust"": 2, ""embarrassment"": 0, ""excitement"": 0, ""fear"": 0, ""gratitude"": 0, ""grief"": 0, ""joy"": 0, ""love"": 0, ""nervousness"": 0, ""optimism"": 0, ""pride"": 0, ""realization"": 0, ""relief"": 0, ""remorse"": 0, ""sadness"": 0, ""surprise"": 1, ""neutral"": 1}",2,5,0.4,0
644,confusion,confusion,disapproval,"Ok, fair enough. From your original post, it wasn't really clear that you looked at sources other than YouTube.","{""admiration"": 0, ""amusement"": 0, ""anger"": 0, ""annoyance"": 0, ""approval"": 0, ""caring"": 0, ""confusion"": 0, ""curiosity"": 0, ""desire"": 0, ""disappointment"": 0, ""disapproval"": 4, ""disgust"": 0, ""embarrassment"": 0, ""excitement"": 0, ""fear"": 0, ""gratitude"": 0, ""grief"": 0, ""joy"": 0, ""love"": 0, ""nervousness"": 0, ""optimism"": 0, ""pride"": 0, ""realization"": 0, ""relief"": 0, ""remorse"": 1, ""sadness"": 0, ""surprise"": 0, ""neutral"": 0}",4,5,0.8,0
645,anger,anger,disgust,[NAME] I hate my hometown,"{""admiration"": 0, ""amusement"": 0, ""anger"": 0, ""annoyance"": 0, ""approval"": 0, ""caring"": 0, ""confusion"": 0, ""curiosity"": 0, ""desire"": 0, ""disappointment"": 0, ""disapproval"": 0, ""disgust"": 5, ""embarrassment"": 0, ""excitement"": 0, ""fear"": 0, ""gratitude"": 0, ""grief"": 0, ""joy"": 0, ""love"": 0, ""nervousness"": 0, ""optimism"": 0, ""pride"": 0, ""realization"": 0, ""relief"": 0, ""remorse"": 0, ""sadness"": 0, ""surprise"": 0, ""neutral"": 0}",5,5,1.0,0
646,neutral,neutral,disgust,*french canadian fuck. They are the only ones who use it even though pretty much any french speaker knows what it means,"{""admiration"": 0, ""amusement"": 0, ""anger"": 0, ""annoyance"": 0, ""approval"": 0, ""caring"": 0, ""confusion"": 0, ""curiosity"": 0, ""desire"": 0, ""disappointment"": 0, ""disapproval"": 0, ""disgust"": 5, ""embarrassment"": 0, ""excitement"": 0, ""fear"": 0, ""gratitude"": 0, ""grief"": 0, ""joy"": 0, ""love"": 0, ""nervousness"": 0, ""optimism"": 0, ""pride"": 0, ""realization"": 0, ""relief"": 0, ""remorse"": 0, ""sadness"": 0, ""surprise"": 0, ""neutral"": 0}",5,5,1.0,0
647,approval,approval,neutral,It isn't incorrect to use 'they' even when a person is explicitly a women/man.,"{""admiration"": 0, ""amusement"": 0, ""anger"": 0, ""annoyance"": 0, ""approval"": 0, ""caring"": 0, ""confusion"": 0, ""curiosity"": 0, ""desire"": 0, ""disappointment"": 0, ""disapproval"": 0, ""disgust"": 0, ""embarrassment"": 0, ""excitement"": 0, ""fear"": 0, ""gratitude"": 1, ""grief"": 0, ""joy"": 0, ""love"": 0, ""nervousness"": 0, ""optimism"": 0, ""pride"": 0, ""realization"": 0, ""relief"": 0, ""remorse"": 0, ""sadness"": 0, ""surprise"": 0, ""neutral"": 4}",4,5,0.8,0
648,optimism,optimism,disappointment,Yeah I wish they could just finish 9th every year in the conference,"{""admiration"": 0, ""amusement"": 0, ""anger"": 0, ""annoyance"": 0, ""approval"": 0, ""caring"": 0, ""confusion"": 0, ""curiosity"": 0, ""desire"": 0, ""disappointment"": 5, ""disapproval"": 0, ""disgust"": 0, ""embarrassment"": 0, ""excitement"": 0, ""fear"": 0, ""gratitude"": 0, ""grief"": 0, ""joy"": 0, ""love"": 0, ""nervousness"": 0, ""optimism"": 0, ""pride"": 0, ""realization"": 0, ""relief"": 0, ""remorse"": 0, ""sadness"": 0, ""surprise"": 0, ""neutral"": 0}",5,5,1.0,0
649,curiosity,curiosity,disgust,Can you go see her in person?,"{""admiration"": 1, ""amusement"": 0, ""anger"": 0, ""annoyance"": 0, ""approval"": 0, ""caring"": 0, ""confusion"": 0, ""curiosity"": 0, ""desire"": 0, ""disappointment"": 1, ""disapproval"": 0, ""disgust"": 2, ""embarrassment"": 0, ""excitement"": 0, ""fear"": 0, ""gratitude"": 0, ""grief"": 0, ""joy"": 0, ""love"": 0, ""nervousness"": 0, ""optimism"": 0, ""pride"": 0, ""realization"": 0, ""relief"": 0, ""remorse"": 0, ""sadness"": 0, ""surprise"": 0, ""neutral"": 1}",2,5,0.4,0
650,neutral,neutral,disgust,You're telling me you dont get your meth from there?,"{""admiration"": 0, ""amusement"": 0, ""anger"": 0, ""annoyance"": 0, ""approval"": 0, ""caring"": 0, ""confusion"": 0, ""curiosity"": 0, ""desire"": 0, ""disappointment"": 0, ""disapproval"": 0, ""disgust"": 5, ""embarrassment"": 0, ""excitement"": 0, ""fear"": 0, ""gratitude"": 0, ""grief"": 0, ""joy"": 0, ""love"": 0, ""nervousness"": 0, ""optimism"": 0, ""pride"": 0, ""realization"": 0, ""relief"": 0, ""remorse"": 0, ""sadness"": 0, ""surprise"": 0, ""neutral"": 0}",5,5,1.0,0
651,disappointment,disappointment,disappointment,"Sadly, it ran. :( I hope you're enjoying your trip overseas! :D","{""admiration"": 0, ""amusement"": 0, ""anger"": 0, ""annoyance"": 0, ""approval"": 0, ""caring"": 0, ""confusion"": 0, ""curiosity"": 0, ""desire"": 0, ""disappointment"": 4, ""disapproval"": 0, ""disgust"": 0, ""embarrassment"": 0, ""excitement"": 0, ""fear"": 0, ""gratitude"": 0, ""grief"": 0, ""joy"": 0, ""love"": 0, ""nervousness"": 0, ""optimism"": 0, ""pride"": 0, ""realization"": 0, ""relief"": 0, ""remorse"": 0, ""sadness"": 1, ""surprise"": 0, ""neutral"": 0}",4,5,0.8,1
652,approval,approval,disappointment,This was definitely worth the $1000+ it cost to do,"{""admiration"": 0, ""amusement"": 0, ""anger"": 0, ""annoyance"": 0, ""approval"": 0, ""caring"": 0, ""confusion"": 0, ""curiosity"": 0, ""desire"": 0, ""disappointment"": 3, ""disapproval"": 1, ""disgust"": 1, ""embarrassment"": 0, ""excitement"": 0, ""fear"": 0, ""gratitude"": 0, ""grief"": 0, ""joy"": 0, ""love"": 0, ""nervousness"": 0, ""optimism"": 0, ""pride"": 0, ""realization"": 0, ""relief"": 0, ""remorse"": 0, ""sadness"": 0, ""surprise"": 0, ""neutral"": 0}",3,5,0.6,0
653,curiosity,curiosity|neutral,disapproval,"So which is more profitable for producers, brick n mortar or digital distribution? Which makes more money?","{""admiration"": 0, ""amusement"": 0, ""anger"": 0, ""annoyance"": 0, ""approval"": 0, ""caring"": 0, ""confusion"": 0, ""curiosity"": 0, ""desire"": 0, ""disappointment"": 0, ""disapproval"": 4, ""disgust"": 1, ""embarrassment"": 0, ""excitement"": 0, ""fear"": 0, ""gratitude"": 0, ""grief"": 0, ""joy"": 0, ""love"": 0, ""nervousness"": 0, ""optimism"": 0, ""pride"": 0, ""realization"": 0, ""relief"": 0, ""remorse"": 0, ""sadness"": 0, ""surprise"": 0, ""neutral"": 0}",4,5,0.8,0
654,neutral,neutral,neutral,"She's still looking for her [NAME], maybe? :)","{""admiration"": 0, ""amusement"": 0, ""anger"": 0, ""annoyance"": 0, ""approval"": 0, ""caring"": 0, ""confusion"": 1, ""curiosity"": 0, ""desire"": 0, ""disappointment"": 1, ""disapproval"": 0, ""disgust"": 1, ""embarrassment"": 0, ""excitement"": 0, ""fear"": 0, ""gratitude"": 0, ""grief"": 0, ""joy"": 0, ""love"": 0, ""nervousness"": 0, ""optimism"": 0, ""pride"": 0, ""realization"": 0, ""relief"": 0, ""remorse"": 0, ""sadness"": 0, ""surprise"": 0, ""neutral"": 2}",2,5,0.4,1
655,approval,approval,neutral,"Yes, that is exactly what happened.","{""admiration"": 0, ""amusement"": 0, ""anger"": 0, ""annoyance"": 0, ""approval"": 0, ""caring"": 0, ""confusion"": 0, ""curiosity"": 0, ""desire"": 0, ""disappointment"": 1, ""disapproval"": 0, ""disgust"": 0, ""embarrassment"": 0, ""excitement"": 0, ""fear"": 0, ""gratitude"": 0, ""grief"": 0, ""joy"": 0, ""love"": 0, ""nervousness"": 0, ""optimism"": 0, ""pride"": 0, ""realization"": 0, ""relief"": 0, ""remorse"": 1, ""sadness"": 0, ""surprise"": 0, ""neutral"": 3}",3,5,0.6,0
656,neutral,neutral,fear,then never drive because the person in the other lane could swerve over and kill you,"{""admiration"": 0, ""amusement"": 0, ""anger"": 2, ""annoyance"": 0, ""approval"": 0, ""caring"": 0, ""confusion"": 0, ""curiosity"": 0, ""desire"": 0, ""disappointment"": 0, ""disapproval"": 0, ""disgust"": 0, ""embarrassment"": 0, ""excitement"": 0, ""fear"": 3, ""gratitude"": 0, ""grief"": 0, ""joy"": 0, ""love"": 0, ""nervousness"": 0, ""optimism"": 0, ""pride"": 0, ""realization"": 0, ""relief"": 0, ""remorse"": 0, ""sadness"": 0, ""surprise"": 0, ""neutral"": 0}",3,5,0.6,0
657,neutral,neutral,disgust,there is also r/foreskin because why not,"{""admiration"": 0, ""amusement"": 0, ""anger"": 0, ""annoyance"": 0, ""approval"": 0, ""caring"": 0, ""confusion"": 0, ""curiosity"": 0, ""desire"": 0, ""disappointment"": 0, ""disapproval"": 0, ""disgust"": 5, ""embarrassment"": 0, ""excitement"": 0, ""fear"": 0, ""gratitude"": 0, ""grief"": 0, ""joy"": 0, ""love"": 0, ""nervousness"": 0, ""optimism"": 0, ""pride"": 0, ""realization"": 0, ""relief"": 0, ""remorse"": 0, ""sadness"": 0, ""surprise"": 0, ""neutral"": 0}",5,5,1.0,0
658,caring,caring|love,love,"I’m so proud of you for taking care of you and your babies, mama! We love you and stay strong.","{""admiration"": 0, ""amusement"": 0, ""anger"": 0, ""annoyance"": 0, ""approval"": 0, ""caring"": 0, ""confusion"": 0, ""curiosity"": 0, ""desire"": 0, ""disappointment"": 0, ""disapproval"": 0, ""disgust"": 0, ""embarrassment"": 0, ""excitement"": 0, ""fear"": 0, ""gratitude"": 0, ""grief"": 0, ""joy"": 0, ""love"": 5, ""nervousness"": 0, ""optimism"": 0, ""pride"": 0, ""realization"": 0, ""relief"": 0, ""remorse"": 0, ""sadness"": 0, ""surprise"": 0, ""neutral"": 0}",5,5,1.0,1
659,love,love,love,Why? I love it.,"{""admiration"": 0, ""amusement"": 0, ""anger"": 0, ""annoyance"": 0, ""approval"": 0, ""caring"": 0, ""confusion"": 0, ""curiosity"": 0, ""desire"": 0, ""disappointment"": 0, ""disapproval"": 0, ""disgust"": 0, ""embarrassment"": 0, ""excitement"": 0, ""fear"": 0, ""gratitude"": 0, ""grief"": 0, ""joy"": 0, ""love"": 5, ""nervousness"": 0, ""optimism"": 0, ""pride"": 0, ""realization"": 0, ""relief"": 0, ""remorse"": 0, ""sadness"": 0, ""surprise"": 0, ""neutral"": 0}",5,5,1.0,1
660,neutral,neutral,disgust,> Sure it might make the population 4:1 [RELIGION] but it's still an awefully large mibority The population already is 4:1 [RELIGION].,"{""admiration"": 0, ""amusement"": 0, ""anger"": 0, ""annoyance"": 0, ""approval"": 0, ""caring"": 0, ""confusion"": 0, ""curiosity"": 0, ""desire"": 0, ""disappointment"": 0, ""disapproval"": 2, ""disgust"": 3, ""embarrassment"": 0, ""excitement"": 0, ""fear"": 0, ""gratitude"": 0, ""grief"": 0, ""joy"": 0, ""love"": 0, ""nervousness"": 0, ""optimism"": 0, ""pride"": 0, ""realization"": 0, ""relief"": 0, ""remorse"": 0, ""sadness"": 0, ""surprise"": 0, ""neutral"": 0}",3,5,0.6,0
661,neutral,neutral,disappointment,You didnt!,"{""admiration"": 0, ""amusement"": 0, ""anger"": 0, ""annoyance"": 0, ""approval"": 0, ""caring"": 0, ""confusion"": 0, ""curiosity"": 0, ""desire"": 0, ""disappointment"": 3, ""disapproval"": 0, ""disgust"": 0, ""embarrassment"": 0, ""excitement"": 0, ""fear"": 0, ""gratitude"": 0, ""grief"": 0, ""joy"": 0, ""love"": 0, ""nervousness"": 0, ""optimism"": 0, ""pride"": 0, ""realization"": 0, ""relief"": 0, ""remorse"": 2, ""sadness"": 0, ""surprise"": 0, ""neutral"": 0}",3,5,0.6,0
662,disapproval,disapproval,disapproval,I believe it was clear I disagreed. And I don’t play wow.,"{""admiration"": 0, ""amusement"": 0, ""anger"": 0, ""annoyance"": 0, ""approval"": 0, ""caring"": 0, ""confusion"": 0, ""curiosity"": 0, ""desire"": 0, ""disappointment"": 0, ""disapproval"": 4, ""disgust"": 0, ""embarrassment"": 0, ""excitement"": 0, ""fear"": 0, ""gratitude"": 0, ""grief"": 0, ""joy"": 0, ""love"": 0, ""nervousness"": 0, ""optimism"": 0, ""pride"": 0, ""realization"": 0, ""relief"": 0, ""remorse"": 0, ""sadness"": 0, ""surprise"": 0, ""neutral"": 0}",4,5,0.8,1
663,annoyance,annoyance,disgust,This must be what you get angry about when you don’t have any actual problems in your life.,"{""admiration"": 0, ""amusement"": 0, ""anger"": 1, ""annoyance"": 0, ""approval"": 0, ""caring"": 0, ""confusion"": 0, ""curiosity"": 0, ""desire"": 0, ""disappointment"": 0, ""disapproval"": 0, ""disgust"": 4, ""embarrassment"": 0, ""excitement"": 0, ""fear"": 0, ""gratitude"": 0, ""grief"": 0, ""joy"": 0, ""love"": 0, ""nervousness"": 0, ""optimism"": 0, ""pride"": 0, ""realization"": 0, ""relief"": 0, ""remorse"": 0, ""sadness"": 0, ""surprise"": 0, ""neutral"": 0}",4,5,0.8,0
664,curiosity,curiosity,optimism,Only for a week? You are a great optimist!,"{""admiration"": 0, ""amusement"": 0, ""anger"": 0, ""annoyance"": 0, ""approval"": 0, ""caring"": 0, ""confusion"": 0, ""curiosity"": 0, ""desire"": 0, ""disappointment"": 0, ""disapproval"": 0, ""disgust"": 0, ""embarrassment"": 0, ""excitement"": 0, ""fear"": 0, ""gratitude"": 0, ""grief"": 0, ""joy"": 0, ""love"": 0, ""nervousness"": 0, ""optimism"": 5, ""pride"": 0, ""realization"": 0, ""relief"": 0, ""remorse"": 0, ""sadness"": 0, ""surprise"": 0, ""neutral"": 0}",5,5,1.0,0
665,confusion,confusion|curiosity,disgust,"Doubt that. Skins for [NAME], [NAME] and [NAME] don't change the shape of their wings, so why should they for [NAME]?","{""admiration"": 0, ""amusement"": 0, ""anger"": 0, ""annoyance"": 0, ""approval"": 0, ""caring"": 0, ""confusion"": 0, ""curiosity"": 0, ""desire"": 0, ""disappointment"": 0, ""disapproval"": 0, ""disgust"": 5, ""embarrassment"": 0, ""excitement"": 0, ""fear"": 0, ""gratitude"": 0, ""grief"": 0, ""joy"": 0, ""love"": 0, ""nervousness"": 0, ""optimism"": 0, ""pride"": 0, ""realization"": 0, ""relief"": 0, ""remorse"": 0, ""sadness"": 0, ""surprise"": 0, ""neutral"": 0}",5,5,1.0,0
666,approval,approval|love,love,"I downloaded this album yesterday, and love it!","{""admiration"": 0, ""amusement"": 0, ""anger"": 0, ""annoyance"": 0, ""approval"": 0, ""caring"": 0, ""confusion"": 0, ""curiosity"": 0, ""desire"": 0, ""disappointment"": 0, ""disapproval"": 0, ""disgust"": 0, ""embarrassment"": 0, ""excitement"": 0, ""fear"": 0, ""gratitude"": 0, ""grief"": 0, ""joy"": 0, ""love"": 5, ""nervousness"": 0, ""optimism"": 0, ""pride"": 0, ""realization"": 0, ""relief"": 0, ""remorse"": 0, ""sadness"": 0, ""surprise"": 0, ""neutral"": 0}",5,5,1.0,1
667,neutral,neutral,disgust,"Yep, she's completely isolated. Part of the abuse.","{""admiration"": 0, ""amusement"": 0, ""anger"": 0, ""annoyance"": 0, ""approval"": 0, ""caring"": 0, ""confusion"": 0, ""curiosity"": 0, ""desire"": 0, ""disappointment"": 0, ""disapproval"": 0, ""disgust"": 4, ""embarrassment"": 0, ""excitement"": 0, ""fear"": 0, ""gratitude"": 0, ""grief"": 0, ""joy"": 0, ""love"": 0, ""nervousness"": 0, ""optimism"": 0, ""pride"": 0, ""realization"": 0, ""relief"": 0, ""remorse"": 1, ""sadness"": 0, ""surprise"": 0, ""neutral"": 0}",4,5,0.8,0
668,amusement,amusement,disgust,"This should in r/funny not here, very expected","{""admiration"": 0, ""amusement"": 0, ""anger"": 0, ""annoyance"": 0, ""approval"": 0, ""caring"": 0, ""confusion"": 0, ""curiosity"": 0, ""desire"": 0, ""disappointment"": 1, ""disapproval"": 1, ""disgust"": 3, ""embarrassment"": 0, ""excitement"": 0, ""fear"": 0, ""gratitude"": 0, ""grief"": 0, ""joy"": 0, ""love"": 0, ""nervousness"": 0, ""optimism"": 0, ""pride"": 0, ""realization"": 0, ""relief"": 0, ""remorse"": 0, ""sadness"": 0, ""surprise"": 0, ""neutral"": 0}",3,5,0.6,0
669,joy,joy|neutral,admiration,"Paraphrasing [NAME], this brought warm feelings to my heart.","{""admiration"": 5, ""amusement"": 0, ""anger"": 0, ""annoyance"": 0, ""approval"": 0, ""caring"": 0, ""confusion"": 0, ""curiosity"": 0, ""desire"": 0, ""disappointment"": 0, ""disapproval"": 0, ""disgust"": 0, ""embarrassment"": 0, ""excitement"": 0, ""fear"": 0, ""gratitude"": 0, ""grief"": 0, ""joy"": 0, ""love"": 0, ""nervousness"": 0, ""optimism"": 0, ""pride"": 0, ""realization"": 0, ""relief"": 0, ""remorse"": 0, ""sadness"": 0, ""surprise"": 0, ""neutral"": 0}",5,5,1.0,0
670,disappointment,disappointment,disgust,I literally got the same bug,"{""admiration"": 0, ""amusement"": 0, ""anger"": 0, ""annoyance"": 2, ""approval"": 0, ""caring"": 0, ""confusion"": 0, ""curiosity"": 0, ""desire"": 0, ""disappointment"": 0, ""disapproval"": 0, ""disgust"": 3, ""embarrassment"": 0, ""excitement"": 0, ""fear"": 0, ""gratitude"": 0, ""grief"": 0, ""joy"": 0, ""love"": 0, ""nervousness"": 0, ""optimism"": 0, ""pride"": 0, ""realization"": 0, ""relief"": 0, ""remorse"": 0, ""sadness"": 0, ""surprise"": 0, ""neutral"": 0}",3,5,0.6,0
671,approval,approval,disgust,Your heart stopping is technically a natural cause.,"{""admiration"": 0, ""amusement"": 0, ""anger"": 0, ""annoyance"": 0, ""approval"": 0, ""caring"": 0, ""confusion"": 0, ""curiosity"": 0, ""desire"": 0, ""disappointment"": 0, ""disapproval"": 0, ""disgust"": 5, ""embarrassment"": 0, ""excitement"": 0, ""fear"": 0, ""gratitude"": 0, ""grief"": 0, ""joy"": 0, ""love"": 0, ""nervousness"": 0, ""optimism"": 0, ""pride"": 0, ""realization"": 0, ""relief"": 0, ""remorse"": 0, ""sadness"": 0, ""surprise"": 0, ""neutral"": 0}",5,5,1.0,0
672,admiration,admiration,amusement,I went to your profile to see the other pics & saw your kitty. He's super cute!,"{""admiration"": 0, ""amusement"": 5, ""anger"": 0, ""annoyance"": 0, ""approval"": 0, ""caring"": 0, ""confusion"": 0, ""curiosity"": 0, ""desire"": 0, ""disappointment"": 0, ""disapproval"": 0, ""disgust"": 0, ""embarrassment"": 0, ""excitement"": 0, ""fear"": 0, ""gratitude"": 0, ""grief"": 0, ""joy"": 0, ""love"": 0, ""nervousness"": 0, ""optimism"": 0, ""pride"": 0, ""realization"": 0, ""relief"": 0, ""remorse"": 0, ""sadness"": 0, ""surprise"": 0, ""neutral"": 0}",5,5,1.0,0
673,admiration,admiration,admiration,"Ah man I finished RDR2 twice, so decided to try out GTA V and ran into [NAME] last night! Awesome character!","{""admiration"": 3, ""amusement"": 0, ""anger"": 0, ""annoyance"": 0, ""approval"": 0, ""caring"": 0, ""confusion"": 0, ""curiosity"": 0, ""desire"": 0, ""disappointment"": 0, ""disapproval"": 0, ""disgust"": 0, ""embarrassment"": 0, ""excitement"": 2, ""fear"": 0, ""gratitude"": 0, ""grief"": 0, ""joy"": 0, ""love"": 0, ""nervousness"": 0, ""optimism"": 0, ""pride"": 0, ""realization"": 0, ""relief"": 0, ""remorse"": 0, ""sadness"": 0, ""surprise"": 0, ""neutral"": 0}",3,5,0.6,1
674,caring,caring,disgust,Look on the bright side. I dont know what your bright side is but just look at it.,"{""admiration"": 0, ""amusement"": 0, ""anger"": 0, ""annoyance"": 0, ""approval"": 0, ""caring"": 0, ""confusion"": 0, ""curiosity"": 0, ""desire"": 0, ""disappointment"": 0, ""disapproval"": 1, ""disgust"": 2, ""embarrassment"": 0, ""excitement"": 0, ""fear"": 0, ""gratitude"": 0, ""grief"": 0, ""joy"": 0, ""love"": 0, ""nervousness"": 0, ""optimism"": 0, ""pride"": 0, ""realization"": 0, ""relief"": 0, ""remorse"": 0, ""sadness"": 0, ""surprise"": 0, ""neutral"": 2}",2,5,0.4,0
675,neutral,neutral,disapproval,Out the playoffs [NAME] already showed he can't lead that Pacers team when [NAME] went down.,"{""admiration"": 0, ""amusement"": 0, ""anger"": 0, ""annoyance"": 0, ""approval"": 0, ""caring"": 0, ""confusion"": 0, ""curiosity"": 0, ""desire"": 0, ""disappointment"": 1, ""disapproval"": 3, ""disgust"": 1, ""embarrassment"": 0, ""excitement"": 0, ""fear"": 0, ""gratitude"": 0, ""grief"": 0, ""joy"": 0, ""love"": 0, ""nervousness"": 0, ""optimism"": 0, ""pride"": 0, ""realization"": 0, ""relief"": 0, ""remorse"": 0, ""sadness"": 0, ""surprise"": 0, ""neutral"": 0}",3,5,0.6,0
676,neutral,neutral,disgust,Day 1557: people still complaining about a commercial,"{""admiration"": 0, ""amusement"": 0, ""anger"": 0, ""annoyance"": 0, ""approval"": 0, ""caring"": 0, ""confusion"": 0, ""curiosity"": 0, ""desire"": 0, ""disappointment"": 0, ""disapproval"": 1, ""disgust"": 4, ""embarrassment"": 0, ""excitement"": 0, ""fear"": 0, ""gratitude"": 0, ""grief"": 0, ""joy"": 0, ""love"": 0, ""nervousness"": 0, ""optimism"": 0, ""pride"": 0, ""realization"": 0, ""relief"": 0, ""remorse"": 0, ""sadness"": 0, ""surprise"": 0, ""neutral"": 0}",4,5,0.8,0
677,neutral,neutral,disgust,Y'all i have option one. Lemme tell you. Sex is important. I miss it,"{""admiration"": 0, ""amusement"": 0, ""anger"": 0, ""annoyance"": 0, ""approval"": 0, ""caring"": 0, ""confusion"": 0, ""curiosity"": 0, ""desire"": 0, ""disappointment"": 0, ""disapproval"": 0, ""disgust"": 5, ""embarrassment"": 0, ""excitement"": 0, ""fear"": 0, ""gratitude"": 0, ""grief"": 0, ""joy"": 0, ""love"": 0, ""nervousness"": 0, ""optimism"": 0, ""pride"": 0, ""realization"": 0, ""relief"": 0, ""remorse"": 0, ""sadness"": 0, ""surprise"": 0, ""neutral"": 0}",5,5,1.0,0
678,neutral,neutral,disgust,oooops... now you tell me???,"{""admiration"": 0, ""amusement"": 0, ""anger"": 0, ""annoyance"": 0, ""approval"": 0, ""caring"": 0, ""confusion"": 0, ""curiosity"": 0, ""desire"": 0, ""disappointment"": 0, ""disapproval"": 0, ""disgust"": 5, ""embarrassment"": 0, ""excitement"": 0, ""fear"": 0, ""gratitude"": 0, ""grief"": 0, ""joy"": 0, ""love"": 0, ""nervousness"": 0, ""optimism"": 0, ""pride"": 0, ""realization"": 0, ""relief"": 0, ""remorse"": 0, ""sadness"": 0, ""surprise"": 0, ""neutral"": 0}",5,5,1.0,0
679,neutral,neutral,disgust,Kids are like pets. They just sit by a locked door and howl.,"{""admiration"": 0, ""amusement"": 0, ""anger"": 0, ""annoyance"": 0, ""approval"": 0, ""caring"": 0, ""confusion"": 0, ""curiosity"": 0, ""desire"": 0, ""disappointment"": 0, ""disapproval"": 0, ""disgust"": 5, ""embarrassment"": 0, ""excitement"": 0, ""fear"": 0, ""gratitude"": 0, ""grief"": 0, ""joy"": 0, ""love"": 0, ""nervousness"": 0, ""optimism"": 0, ""pride"": 0, ""realization"": 0, ""relief"": 0, ""remorse"": 0, ""sadness"": 0, ""surprise"": 0, ""neutral"": 0}",5,5,1.0,0
680,disapproval,disapproval,disapproval,"I'm sorry you needed to add this. I thought your humour was pretty obvious, but this is reddit....","{""admiration"": 0, ""amusement"": 0, ""anger"": 0, ""annoyance"": 0, ""approval"": 0, ""caring"": 0, ""confusion"": 0, ""curiosity"": 0, ""desire"": 0, ""disappointment"": 0, ""disapproval"": 5, ""disgust"": 0, ""embarrassment"": 0, ""excitement"": 0, ""fear"": 0, ""gratitude"": 0, ""grief"": 0, ""joy"": 0, ""love"": 0, ""nervousness"": 0, ""optimism"": 0, ""pride"": 0, ""realization"": 0, ""relief"": 0, ""remorse"": 0, ""sadness"": 0, ""surprise"": 0, ""neutral"": 0}",5,5,1.0,1
681,admiration,admiration|excitement,surprise,"wow, we really live in future","{""admiration"": 0, ""amusement"": 0, ""anger"": 0, ""annoyance"": 0, ""approval"": 0, ""caring"": 0, ""confusion"": 0, ""curiosity"": 0, ""desire"": 0, ""disappointment"": 0, ""disapproval"": 0, ""disgust"": 1, ""embarrassment"": 0, ""excitement"": 0, ""fear"": 0, ""gratitude"": 0, ""grief"": 0, ""joy"": 0, ""love"": 0, ""nervousness"": 0, ""optimism"": 0, ""pride"": 0, ""realization"": 0, ""relief"": 0, ""remorse"": 0, ""sadness"": 0, ""surprise"": 4, ""neutral"": 0}",4,5,0.8,0
682,sadness,sadness,love,"I’m really sorry about your situation :( Although I love the names Sapphira, Cirilla, and Scarlett!","{""admiration"": 0, ""amusement"": 0, ""anger"": 0, ""annoyance"": 0, ""approval"": 0, ""caring"": 0, ""confusion"": 0, ""curiosity"": 0, ""desire"": 0, ""disappointment"": 0, ""disapproval"": 0, ""disgust"": 2, ""embarrassment"": 0, ""excitement"": 0, ""fear"": 0, ""gratitude"": 0, ""grief"": 0, ""joy"": 0, ""love"": 3, ""nervousness"": 0, ""optimism"": 0, ""pride"": 0, ""realization"": 0, ""relief"": 0, ""remorse"": 0, ""sadness"": 0, ""surprise"": 0, ""neutral"": 0}",3,5,0.6,0
683,curiosity,curiosity,neutral,Is the use of stone that common for the medical field in the UK?,"{""admiration"": 0, ""amusement"": 0, ""anger"": 0, ""annoyance"": 0, ""approval"": 0, ""caring"": 0, ""confusion"": 0, ""curiosity"": 0, ""desire"": 0, ""disappointment"": 0, ""disapproval"": 0, ""disgust"": 0, ""embarrassment"": 0, ""excitement"": 0, ""fear"": 0, ""gratitude"": 0, ""grief"": 0, ""joy"": 0, ""love"": 0, ""nervousness"": 0, ""optimism"": 0, ""pride"": 0, ""realization"": 0, ""relief"": 0, ""remorse"": 0, ""sadness"": 0, ""surprise"": 0, ""neutral"": 5}",5,5,1.0,0
684,surprise,surprise,disgust,I wondered where the quote about “supporting your azz” and was very pleased to finally find the train wreck that said it.,"{""admiration"": 0, ""amusement"": 0, ""anger"": 0, ""annoyance"": 0, ""approval"": 0, ""caring"": 0, ""confusion"": 0, ""curiosity"": 0, ""desire"": 0, ""disappointment"": 0, ""disapproval"": 1, ""disgust"": 4, ""embarrassment"": 0, ""excitement"": 0, ""fear"": 0, ""gratitude"": 0, ""grief"": 0, ""joy"": 0, ""love"": 0, ""nervousness"": 0, ""optimism"": 0, ""pride"": 0, ""realization"": 0, ""relief"": 0, ""remorse"": 0, ""sadness"": 0, ""surprise"": 0, ""neutral"": 0}",4,5,0.8,0
685,neutral,neutral,disgust,"I totally thought the same thing! I was like, oh honey nooooo!","{""admiration"": 0, ""amusement"": 0, ""anger"": 2, ""annoyance"": 0, ""approval"": 0, ""caring"": 0, ""confusion"": 0, ""curiosity"": 0, ""desire"": 0, ""disappointment"": 0, ""disapproval"": 0, ""disgust"": 3, ""embarrassment"": 0, ""excitement"": 0, ""fear"": 0, ""gratitude"": 0, ""grief"": 0, ""joy"": 0, ""love"": 0, ""nervousness"": 0, ""optimism"": 0, ""pride"": 0, ""realization"": 0, ""relief"": 0, ""remorse"": 0, ""sadness"": 0, ""surprise"": 0, ""neutral"": 0}",3,5,0.6,0
686,confusion,confusion,neutral,What camouflage?,"{""admiration"": 0, ""amusement"": 0, ""anger"": 0, ""annoyance"": 0, ""approval"": 0, ""caring"": 0, ""confusion"": 0, ""curiosity"": 0, ""desire"": 0, ""disappointment"": 0, ""disapproval"": 0, ""disgust"": 1, ""embarrassment"": 0, ""excitement"": 0, ""fear"": 0, ""gratitude"": 0, ""grief"": 0, ""joy"": 0, ""love"": 0, ""nervousness"": 0, ""optimism"": 0, ""pride"": 0, ""realization"": 0, ""relief"": 0, ""remorse"": 0, ""sadness"": 0, ""surprise"": 0, ""neutral"": 4}",4,5,0.8,0
687,annoyance,annoyance,disgust,When I think about [NAME] and [NAME] at the same time I get a fucking aneurysm from the stupidity.,"{""admiration"": 0, ""amusement"": 0, ""anger"": 1, ""annoyance"": 0, ""approval"": 0, ""caring"": 0, ""confusion"": 0, ""curiosity"": 0, ""desire"": 0, ""disappointment"": 0, ""disapproval"": 0, ""disgust"": 4, ""embarrassment"": 0, ""excitement"": 0, ""fear"": 0, ""gratitude"": 0, ""grief"": 0, ""joy"": 0, ""love"": 0, ""nervousness"": 0, ""optimism"": 0, ""pride"": 0, ""realization"": 0, ""relief"": 0, ""remorse"": 0, ""sadness"": 0, ""surprise"": 0, ""neutral"": 0}",4,5,0.8,0
688,approval,approval,disgust,I think I’ll go ahead and continue criticizing silly unfounded and harmful beliefs,"{""admiration"": 0, ""amusement"": 0, ""anger"": 0, ""annoyance"": 0, ""approval"": 0, ""caring"": 0, ""confusion"": 0, ""curiosity"": 0, ""desire"": 0, ""disappointment"": 0, ""disapproval"": 1, ""disgust"": 4, ""embarrassment"": 0, ""excitement"": 0, ""fear"": 0, ""gratitude"": 0, ""grief"": 0, ""joy"": 0, ""love"": 0, ""nervousness"": 0, ""optimism"": 0, ""pride"": 0, ""realization"": 0, ""relief"": 0, ""remorse"": 0, ""sadness"": 0, ""surprise"": 0, ""neutral"": 0}",4,5,0.8,0
689,neutral,neutral,disappointment,I literally just finished watching the second episode of Daredevil. This pains me,"{""admiration"": 0, ""amusement"": 0, ""anger"": 0, ""annoyance"": 0, ""approval"": 0, ""caring"": 0, ""confusion"": 0, ""curiosity"": 0, ""desire"": 0, ""disappointment"": 4, ""disapproval"": 0, ""disgust"": 0, ""embarrassment"": 0, ""excitement"": 0, ""fear"": 0, ""gratitude"": 0, ""grief"": 0, ""joy"": 0, ""love"": 0, ""nervousness"": 0, ""optimism"": 0, ""pride"": 0, ""realization"": 0, ""relief"": 0, ""remorse"": 0, ""sadness"": 1, ""surprise"": 0, ""neutral"": 0}",4,5,0.8,0
690,neutral,neutral,disgust,"To be fair, I’m not slaughtering my own food ","{""admiration"": 0, ""amusement"": 0, ""anger"": 0, ""annoyance"": 0, ""approval"": 0, ""caring"": 0, ""confusion"": 0, ""curiosity"": 0, ""desire"": 0, ""disappointment"": 0, ""disapproval"": 0, ""disgust"": 3, ""embarrassment"": 0, ""excitement"": 0, ""fear"": 0, ""gratitude"": 0, ""grief"": 0, ""joy"": 0, ""love"": 0, ""nervousness"": 0, ""optimism"": 0, ""pride"": 0, ""realization"": 0, ""relief"": 0, ""remorse"": 2, ""sadness"": 0, ""surprise"": 0, ""neutral"": 0}",3,5,0.6,0
691,neutral,neutral,disappointment,It's real enough sadly. Kin have been around for awhile in their own corners of the net.,"{""admiration"": 0, ""amusement"": 0, ""anger"": 0, ""annoyance"": 0, ""approval"": 0, ""caring"": 0, ""confusion"": 0, ""curiosity"": 0, ""desire"": 0, ""disappointment"": 3, ""disapproval"": 0, ""disgust"": 0, ""embarrassment"": 0, ""excitement"": 0, ""fear"": 0, ""gratitude"": 0, ""grief"": 0, ""joy"": 0, ""love"": 0, ""nervousness"": 0, ""optimism"": 0, ""pride"": 0, ""realization"": 0, ""relief"": 0, ""remorse"": 0, ""sadness"": 2, ""surprise"": 0, ""neutral"": 0}",3,5,0.6,0
692,neutral,neutral,admiration,#YES.,"{""admiration"": 1, ""amusement"": 0, ""anger"": 0, ""annoyance"": 0, ""approval"": 0, ""caring"": 0, ""confusion"": 0, ""curiosity"": 0, ""desire"": 0, ""disappointment"": 0, ""disapproval"": 0, ""disgust"": 1, ""embarrassment"": 0, ""excitement"": 0, ""fear"": 0, ""gratitude"": 0, ""grief"": 0, ""joy"": 0, ""love"": 1, ""nervousness"": 0, ""optimism"": 0, ""pride"": 0, ""realization"": 0, ""relief"": 0, ""remorse"": 0, ""sadness"": 0, ""surprise"": 0, ""neutral"": 0}",1,5,0.2,0
693,anger,anger,disgust,what the fuck do you learn in first grade that’s so important anyway?,"{""admiration"": 0, ""amusement"": 0, ""anger"": 0, ""annoyance"": 0, ""approval"": 0, ""caring"": 0, ""confusion"": 0, ""curiosity"": 0, ""desire"": 0, ""disappointment"": 1, ""disapproval"": 1, ""disgust"": 3, ""embarrassment"": 0, ""excitement"": 0, ""fear"": 0, ""gratitude"": 0, ""grief"": 0, ""joy"": 0, ""love"": 0, ""nervousness"": 0, ""optimism"": 0, ""pride"": 0, ""realization"": 0, ""relief"": 0, ""remorse"": 0, ""sadness"": 0, ""surprise"": 0, ""neutral"": 0}",3,5,0.6,0
694,amusement,amusement,remorse,That’s exactly how mine is ! Wow that’s sort of funny there is an actual name For it 😳😔,"{""admiration"": 0, ""amusement"": 0, ""anger"": 0, ""annoyance"": 0, ""approval"": 0, ""caring"": 0, ""confusion"": 0, ""curiosity"": 0, ""desire"": 0, ""disappointment"": 1, ""disapproval"": 0, ""disgust"": 0, ""embarrassment"": 1, ""excitement"": 0, ""fear"": 0, ""gratitude"": 0, ""grief"": 0, ""joy"": 0, ""love"": 0, ""nervousness"": 0, ""optimism"": 0, ""pride"": 0, ""realization"": 0, ""relief"": 0, ""remorse"": 2, ""sadness"": 0, ""surprise"": 1, ""neutral"": 0}",2,5,0.4,0
695,disapproval,disapproval,disapproval,"[NAME] gets a lot of unfair criticism. [NAME], too","{""admiration"": 0, ""amusement"": 0, ""anger"": 0, ""annoyance"": 0, ""approval"": 0, ""caring"": 0, ""confusion"": 0, ""curiosity"": 0, ""desire"": 0, ""disappointment"": 0, ""disapproval"": 5, ""disgust"": 0, ""embarrassment"": 0, ""excitement"": 0, ""fear"": 0, ""gratitude"": 0, ""grief"": 0, ""joy"": 0, ""love"": 0, ""nervousness"": 0, ""optimism"": 0, ""pride"": 0, ""realization"": 0, ""relief"": 0, ""remorse"": 0, ""sadness"": 0, ""surprise"": 0, ""neutral"": 0}",5,5,1.0,1
696,excitement,excitement|gratitude,disappointment,That's really interesting. Thank you for the information. It's just hard to imagine lives you'll never live.,"{""admiration"": 0, ""amusement"": 0, ""anger"": 0, ""annoyance"": 0, ""approval"": 0, ""caring"": 0, ""confusion"": 0, ""curiosity"": 0, ""desire"": 0, ""disappointment"": 2, ""disapproval"": 0, ""disgust"": 0, ""embarrassment"": 0, ""excitement"": 0, ""fear"": 0, ""gratitude"": 0, ""grief"": 0, ""joy"": 0, ""love"": 0, ""nervousness"": 0, ""optimism"": 0, ""pride"": 0, ""realization"": 0, ""relief"": 0, ""remorse"": 1, ""sadness"": 2, ""surprise"": 0, ""neutral"": 0}",2,5,0.4,0
697,joy,joy|neutral,neutral,"That may be — we are talking about the stock market, though. :)","{""admiration"": 0, ""amusement"": 0, ""anger"": 0, ""annoyance"": 0, ""approval"": 0, ""caring"": 0, ""confusion"": 0, ""curiosity"": 0, ""desire"": 0, ""disappointment"": 0, ""disapproval"": 1, ""disgust"": 0, ""embarrassment"": 0, ""excitement"": 0, ""fear"": 0, ""gratitude"": 0, ""grief"": 0, ""joy"": 0, ""love"": 0, ""nervousness"": 0, ""optimism"": 0, ""pride"": 0, ""realization"": 0, ""relief"": 0, ""remorse"": 0, ""sadness"": 0, ""surprise"": 0, ""neutral"": 3}",3,5,0.6,1
698,gratitude,gratitude,approval,"oh yah, no worries. I appreciate your time and thoughtfulness. ","{""admiration"": 0, ""amusement"": 0, ""anger"": 0, ""annoyance"": 0, ""approval"": 5, ""caring"": 0, ""confusion"": 0, ""curiosity"": 0, ""desire"": 0, ""disappointment"": 0, ""disapproval"": 0, ""disgust"": 0, ""embarrassment"": 0, ""excitement"": 0, ""fear"": 0, ""gratitude"": 0, ""grief"": 0, ""joy"": 0, ""love"": 0, ""nervousness"": 0, ""optimism"": 0, ""pride"": 0, ""realization"": 0, ""relief"": 0, ""remorse"": 0, ""sadness"": 0, ""surprise"": 0, ""neutral"": 0}",5,5,1.0,0
699,caring,caring,admiration,Stay strong dude,"{""admiration"": 4, ""amusement"": 0, ""anger"": 0, ""annoyance"": 0, ""approval"": 0, ""caring"": 0, ""confusion"": 0, ""curiosity"": 0, ""desire"": 0, ""disappointment"": 0, ""disapproval"": 0, ""disgust"": 1, ""embarrassment"": 0, ""excitement"": 0, ""fear"": 0, ""gratitude"": 0, ""grief"": 0, ""joy"": 0, ""love"": 0, ""nervousness"": 0, ""optimism"": 0, ""pride"": 0, ""realization"": 0, ""relief"": 0, ""remorse"": 0, ""sadness"": 0, ""surprise"": 0, ""neutral"": 0}",4,5,0.8,0
700,approval,approval,nervousness,"You could notice he was a little bit nervous, i think that was the main reason for his way of playing in this game.","{""admiration"": 0, ""amusement"": 0, ""anger"": 0, ""annoyance"": 0, ""approval"": 0, ""caring"": 0, ""confusion"": 0, ""curiosity"": 0, ""desire"": 0, ""disappointment"": 0, ""disapproval"": 0, ""disgust"": 0, ""embarrassment"": 0, ""excitement"": 0, ""fear"": 0, ""gratitude"": 0, ""grief"": 0, ""joy"": 0, ""love"": 0, ""nervousness"": 2, ""optimism"": 0, ""pride"": 0, ""realization"": 0, ""relief"": 0, ""remorse"": 0, ""sadness"": 0, ""surprise"": 1, ""neutral"": 2}",2,5,0.4,0
701,admiration,admiration,admiration,New Haven has tons of locations that have strong cyber punk-y vibes at night!,"{""admiration"": 5, ""amusement"": 0, ""anger"": 0, ""annoyance"": 0, ""approval"": 0, ""caring"": 0, ""confusion"": 0, ""curiosity"": 0, ""desire"": 0, ""disappointment"": 0, ""disapproval"": 0, ""disgust"": 0, ""embarrassment"": 0, ""excitement"": 0, ""fear"": 0, ""gratitude"": 0, ""grief"": 0, ""joy"": 0, ""love"": 0, ""nervousness"": 0, ""optimism"": 0, ""pride"": 0, ""realization"": 0, ""relief"": 0, ""remorse"": 0, ""sadness"": 0, ""surprise"": 0, ""neutral"": 0}",5,5,1.0,1
702,admiration,admiration,approval,I appreciate it! I spent a lot of time crafting a story I wanted to tell.,"{""admiration"": 1, ""amusement"": 0, ""anger"": 0, ""annoyance"": 0, ""approval"": 4, ""caring"": 0, ""confusion"": 0, ""curiosity"": 0, ""desire"": 0, ""disappointment"": 0, ""disapproval"": 0, ""disgust"": 0, ""embarrassment"": 0, ""excitement"": 0, ""fear"": 0, ""gratitude"": 0, ""grief"": 0, ""joy"": 0, ""love"": 0, ""nervousness"": 0, ""optimism"": 0, ""pride"": 0, ""realization"": 0, ""relief"": 0, ""remorse"": 0, ""sadness"": 0, ""surprise"": 0, ""neutral"": 0}",4,5,0.8,0
703,anger,anger|annoyance,disgust,Guice was a fuckin monster.,"{""admiration"": 0, ""amusement"": 0, ""anger"": 2, ""annoyance"": 0, ""approval"": 0, ""caring"": 0, ""confusion"": 0, ""curiosity"": 0, ""desire"": 0, ""disappointment"": 0, ""disapproval"": 0, ""disgust"": 3, ""embarrassment"": 0, ""excitement"": 0, ""fear"": 0, ""gratitude"": 0, ""grief"": 0, ""joy"": 0, ""love"": 0, ""nervousness"": 0, ""optimism"": 0, ""pride"": 0, ""realization"": 0, ""relief"": 0, ""remorse"": 0, ""sadness"": 0, ""surprise"": 0, ""neutral"": 0}",3,5,0.6,0
704,caring,caring,disgust,Congrats and be well. Peace and tranquility to you. !,"{""admiration"": 1, ""amusement"": 0, ""anger"": 0, ""annoyance"": 0, ""approval"": 0, ""caring"": 0, ""confusion"": 0, ""curiosity"": 0, ""desire"": 0, ""disappointment"": 0, ""disapproval"": 0, ""disgust"": 2, ""embarrassment"": 0, ""excitement"": 0, ""fear"": 0, ""gratitude"": 0, ""grief"": 0, ""joy"": 0, ""love"": 1, ""nervousness"": 0, ""optimism"": 0, ""pride"": 0, ""realization"": 0, ""relief"": 0, ""remorse"": 0, ""sadness"": 0, ""surprise"": 0, ""neutral"": 1}",2,5,0.4,0
705,realization,realization,neutral,"I don’t cry, either. It’s weird. I think it’s a personality/mentality thing. Just depends on how your brain is wired I think","{""admiration"": 0, ""amusement"": 0, ""anger"": 0, ""annoyance"": 0, ""approval"": 0, ""caring"": 0, ""confusion"": 1, ""curiosity"": 0, ""desire"": 0, ""disappointment"": 0, ""disapproval"": 0, ""disgust"": 0, ""embarrassment"": 0, ""excitement"": 0, ""fear"": 0, ""gratitude"": 0, ""grief"": 0, ""joy"": 0, ""love"": 0, ""nervousness"": 0, ""optimism"": 0, ""pride"": 0, ""realization"": 0, ""relief"": 0, ""remorse"": 0, ""sadness"": 0, ""surprise"": 1, ""neutral"": 3}",3,5,0.6,0
706,admiration,admiration,disgust,"Such a good doggo, and no one gets to pet her and let her know.","{""admiration"": 0, ""amusement"": 0, ""anger"": 0, ""annoyance"": 0, ""approval"": 0, ""caring"": 0, ""confusion"": 0, ""curiosity"": 0, ""desire"": 0, ""disappointment"": 0, ""disapproval"": 0, ""disgust"": 4, ""embarrassment"": 0, ""excitement"": 0, ""fear"": 0, ""gratitude"": 0, ""grief"": 0, ""joy"": 0, ""love"": 0, ""nervousness"": 0, ""optimism"": 0, ""pride"": 0, ""realization"": 0, ""relief"": 0, ""remorse"": 0, ""sadness"": 1, ""surprise"": 0, ""neutral"": 0}",4,5,0.8,0
707,annoyance,annoyance|approval,disgust,"""You aren't important, just impertinent."" That's a third degree burn","{""admiration"": 0, ""amusement"": 0, ""anger"": 0, ""annoyance"": 0, ""approval"": 0, ""caring"": 0, ""confusion"": 0, ""curiosity"": 0, ""desire"": 0, ""disappointment"": 0, ""disapproval"": 0, ""disgust"": 5, ""embarrassment"": 0, ""excitement"": 0, ""fear"": 0, ""gratitude"": 0, ""grief"": 0, ""joy"": 0, ""love"": 0, ""nervousness"": 0, ""optimism"": 0, ""pride"": 0, ""realization"": 0, ""relief"": 0, ""remorse"": 0, ""sadness"": 0, ""surprise"": 0, ""neutral"": 0}",5,5,1.0,0
708,anger,anger,love,"BEN ""[NAME]"" LOVEJOY!","{""admiration"": 0, ""amusement"": 0, ""anger"": 0, ""annoyance"": 0, ""approval"": 0, ""caring"": 0, ""confusion"": 0, ""curiosity"": 0, ""desire"": 0, ""disappointment"": 0, ""disapproval"": 0, ""disgust"": 0, ""embarrassment"": 0, ""excitement"": 0, ""fear"": 0, ""gratitude"": 0, ""grief"": 0, ""joy"": 0, ""love"": 4, ""nervousness"": 0, ""optimism"": 0, ""pride"": 0, ""realization"": 0, ""relief"": 0, ""remorse"": 0, ""sadness"": 0, ""surprise"": 0, ""neutral"": 0}",4,5,0.8,0
709,neutral,neutral,disgust,"Unpack it, spread it around, share your fatphobia with everyone!","{""admiration"": 0, ""amusement"": 0, ""anger"": 0, ""annoyance"": 0, ""approval"": 0, ""caring"": 0, ""confusion"": 0, ""curiosity"": 0, ""desire"": 0, ""disappointment"": 0, ""disapproval"": 0, ""disgust"": 5, ""embarrassment"": 0, ""excitement"": 0, ""fear"": 0, ""gratitude"": 0, ""grief"": 0, ""joy"": 0, ""love"": 0, ""nervousness"": 0, ""optimism"": 0, ""pride"": 0, ""realization"": 0, ""relief"": 0, ""remorse"": 0, ""sadness"": 0, ""surprise"": 0, ""neutral"": 0}",5,5,1.0,0
710,neutral,neutral,disgust,Yeah cuz it's not like eggs ever roll over or anything. /s,"{""admiration"": 0, ""amusement"": 0, ""anger"": 0, ""annoyance"": 0, ""approval"": 0, ""caring"": 0, ""confusion"": 0, ""curiosity"": 0, ""desire"": 0, ""disappointment"": 0, ""disapproval"": 0, ""disgust"": 5, ""embarrassment"": 0, ""excitement"": 0, ""fear"": 0, ""gratitude"": 0, ""grief"": 0, ""joy"": 0, ""love"": 0, ""nervousness"": 0, ""optimism"": 0, ""pride"": 0, ""realization"": 0, ""relief"": 0, ""remorse"": 0, ""sadness"": 0, ""surprise"": 0, ""neutral"": 0}",5,5,1.0,0
711,approval,approval|excitement|surprise,admiration,Wow! Congratulations on taking your sex life back! Nice to wake up and see such positivity.,"{""admiration"": 4, ""amusement"": 0, ""anger"": 0, ""annoyance"": 0, ""approval"": 0, ""caring"": 0, ""confusion"": 0, ""curiosity"": 0, ""desire"": 0, ""disappointment"": 0, ""disapproval"": 0, ""disgust"": 0, ""embarrassment"": 0, ""excitement"": 0, ""fear"": 0, ""gratitude"": 1, ""grief"": 0, ""joy"": 0, ""love"": 0, ""nervousness"": 0, ""optimism"": 0, ""pride"": 0, ""realization"": 0, ""relief"": 0, ""remorse"": 0, ""sadness"": 0, ""surprise"": 0, ""neutral"": 0}",4,5,0.8,0
712,optimism,optimism,disgust,Insomuch that I'll probably avoid any Stahly products in future :|,"{""admiration"": 0, ""amusement"": 0, ""anger"": 0, ""annoyance"": 0, ""approval"": 0, ""caring"": 0, ""confusion"": 0, ""curiosity"": 0, ""desire"": 0, ""disappointment"": 0, ""disapproval"": 0, ""disgust"": 4, ""embarrassment"": 0, ""excitement"": 0, ""fear"": 0, ""gratitude"": 0, ""grief"": 0, ""joy"": 0, ""love"": 0, ""nervousness"": 0, ""optimism"": 0, ""pride"": 0, ""realization"": 0, ""relief"": 0, ""remorse"": 0, ""sadness"": 0, ""surprise"": 0, ""neutral"": 0}",4,5,0.8,0
713,neutral,neutral,disgust,"Thimerosal isn't even in vaccines anymore, due to the controversy. ","{""admiration"": 0, ""amusement"": 0, ""anger"": 0, ""annoyance"": 0, ""approval"": 0, ""caring"": 0, ""confusion"": 0, ""curiosity"": 0, ""desire"": 0, ""disappointment"": 0, ""disapproval"": 0, ""disgust"": 4, ""embarrassment"": 0, ""excitement"": 0, ""fear"": 0, ""gratitude"": 0, ""grief"": 0, ""joy"": 0, ""love"": 0, ""nervousness"": 0, ""optimism"": 0, ""pride"": 0, ""realization"": 0, ""relief"": 1, ""remorse"": 0, ""sadness"": 0, ""surprise"": 0, ""neutral"": 0}",4,5,0.8,0
714,curiosity,curiosity,disgust,The banana speaks! Do you just type one to three words in your comments or do you get an integer overflow if you go for four?,"{""admiration"": 0, ""amusement"": 0, ""anger"": 0, ""annoyance"": 0, ""approval"": 0, ""caring"": 0, ""confusion"": 0, ""curiosity"": 0, ""desire"": 0, ""disappointment"": 0, ""disapproval"": 0, ""disgust"": 3, ""embarrassment"": 0, ""excitement"": 0, ""fear"": 0, ""gratitude"": 0, ""grief"": 0, ""joy"": 0, ""love"": 0, ""nervousness"": 0, ""optimism"": 0, ""pride"": 0, ""realization"": 0, ""relief"": 0, ""remorse"": 0, ""sadness"": 0, ""surprise"": 2, ""neutral"": 0}",3,5,0.6,0
715,surprise,surprise,disgust,Sounds weird but dont swallow,"{""admiration"": 0, ""amusement"": 0, ""anger"": 0, ""annoyance"": 0, ""approval"": 0, ""caring"": 0, ""confusion"": 0, ""curiosity"": 0, ""desire"": 0, ""disappointment"": 0, ""disapproval"": 0, ""disgust"": 5, ""embarrassment"": 0, ""excitement"": 0, ""fear"": 0, ""gratitude"": 0, ""grief"": 0, ""joy"": 0, ""love"": 0, ""nervousness"": 0, ""optimism"": 0, ""pride"": 0, ""realization"": 0, ""relief"": 0, ""remorse"": 0, ""sadness"": 0, ""surprise"": 0, ""neutral"": 0}",5,5,1.0,0
716,neutral,neutral,disgust,Now you're appropriating the Bullingdon Club's culture.,"{""admiration"": 0, ""amusement"": 0, ""anger"": 0, ""annoyance"": 0, ""approval"": 0, ""caring"": 0, ""confusion"": 0, ""curiosity"": 0, ""desire"": 0, ""disappointment"": 0, ""disapproval"": 0, ""disgust"": 5, ""embarrassment"": 0, ""excitement"": 0, ""fear"": 0, ""gratitude"": 0, ""grief"": 0, ""joy"": 0, ""love"": 0, ""nervousness"": 0, ""optimism"": 0, ""pride"": 0, ""realization"": 0, ""relief"": 0, ""remorse"": 0, ""sadness"": 0, ""surprise"": 0, ""neutral"": 0}",5,5,1.0,0
717,annoyance,annoyance,disgust,you in the wrong *childhood*,"{""admiration"": 0, ""amusement"": 0, ""anger"": 0, ""annoyance"": 0, ""approval"": 0, ""caring"": 0, ""confusion"": 0, ""curiosity"": 0, ""desire"": 0, ""disappointment"": 0, ""disapproval"": 0, ""disgust"": 4, ""embarrassment"": 0, ""excitement"": 0, ""fear"": 0, ""gratitude"": 0, ""grief"": 0, ""joy"": 0, ""love"": 0, ""nervousness"": 0, ""optimism"": 0, ""pride"": 0, ""realization"": 0, ""relief"": 0, ""remorse"": 1, ""sadness"": 0, ""surprise"": 0, ""neutral"": 0}",4,5,0.8,0
718,neutral,neutral,disgust,Then he is innocent. I'd rather have a president that we know for sure isnt undermining our democracy by conspiring with a foreign nation.,"{""admiration"": 0, ""amusement"": 0, ""anger"": 0, ""annoyance"": 0, ""approval"": 0, ""caring"": 0, ""confusion"": 0, ""curiosity"": 0, ""desire"": 0, ""disappointment"": 0, ""disapproval"": 2, ""disgust"": 3, ""embarrassment"": 0, ""excitement"": 0, ""fear"": 0, ""gratitude"": 0, ""grief"": 0, ""joy"": 0, ""love"": 0, ""nervousness"": 0, ""optimism"": 0, ""pride"": 0, ""realization"": 0, ""relief"": 0, ""remorse"": 0, ""sadness"": 0, ""surprise"": 0, ""neutral"": 0}",3,5,0.6,0
719,neutral,neutral,disgust,He looks like he's 10 years old...,"{""admiration"": 0, ""amusement"": 0, ""anger"": 0, ""annoyance"": 0, ""approval"": 0, ""caring"": 0, ""confusion"": 0, ""curiosity"": 0, ""desire"": 0, ""disappointment"": 0, ""disapproval"": 1, ""disgust"": 4, ""embarrassment"": 0, ""excitement"": 0, ""fear"": 0, ""gratitude"": 0, ""grief"": 0, ""joy"": 0, ""love"": 0, ""nervousness"": 0, ""optimism"": 0, ""pride"": 0, ""realization"": 0, ""relief"": 0, ""remorse"": 0, ""sadness"": 0, ""surprise"": 0, ""neutral"": 0}",4,5,0.8,0
720,neutral,neutral,disgust,My ex with BPD said this to me about her ex. They have been apart for nearly a year.,"{""admiration"": 0, ""amusement"": 0, ""anger"": 0, ""annoyance"": 0, ""approval"": 0, ""caring"": 0, ""confusion"": 0, ""curiosity"": 0, ""desire"": 0, ""disappointment"": 1, ""disapproval"": 0, ""disgust"": 3, ""embarrassment"": 0, ""excitement"": 0, ""fear"": 0, ""gratitude"": 0, ""grief"": 0, ""joy"": 0, ""love"": 0, ""nervousness"": 0, ""optimism"": 0, ""pride"": 0, ""realization"": 0, ""relief"": 0, ""remorse"": 1, ""sadness"": 0, ""surprise"": 0, ""neutral"": 0}",3,5,0.6,0
721,neutral,neutral,admiration,Finally Mesut!,"{""admiration"": 5, ""amusement"": 0, ""anger"": 0, ""annoyance"": 0, ""approval"": 0, ""caring"": 0, ""confusion"": 0, ""curiosity"": 0, ""desire"": 0, ""disappointment"": 0, ""disapproval"": 0, ""disgust"": 0, ""embarrassment"": 0, ""excitement"": 0, ""fear"": 0, ""gratitude"": 0, ""grief"": 0, ""joy"": 0, ""love"": 0, ""nervousness"": 0, ""optimism"": 0, ""pride"": 0, ""realization"": 0, ""relief"": 0, ""remorse"": 0, ""sadness"": 0, ""surprise"": 0, ""neutral"": 0}",5,5,1.0,0
722,amusement,amusement|love,love,Lol! But I love your last name though. XD,"{""admiration"": 0, ""amusement"": 0, ""anger"": 0, ""annoyance"": 0, ""approval"": 0, ""caring"": 0, ""confusion"": 0, ""curiosity"": 0, ""desire"": 0, ""disappointment"": 0, ""disapproval"": 0, ""disgust"": 0, ""embarrassment"": 0, ""excitement"": 0, ""fear"": 0, ""gratitude"": 0, ""grief"": 0, ""joy"": 0, ""love"": 5, ""nervousness"": 0, ""optimism"": 0, ""pride"": 0, ""realization"": 0, ""relief"": 0, ""remorse"": 0, ""sadness"": 0, ""surprise"": 0, ""neutral"": 0}",5,5,1.0,1
723,neutral,neutral,disgust,It's real and it plays SO OFTEN I CAN'T STAND IT!!,"{""admiration"": 0, ""amusement"": 0, ""anger"": 0, ""annoyance"": 0, ""approval"": 0, ""caring"": 0, ""confusion"": 0, ""curiosity"": 0, ""desire"": 0, ""disappointment"": 0, ""disapproval"": 0, ""disgust"": 5, ""embarrassment"": 0, ""excitement"": 0, ""fear"": 0, ""gratitude"": 0, ""grief"": 0, ""joy"": 0, ""love"": 0, ""nervousness"": 0, ""optimism"": 0, ""pride"": 0, ""realization"": 0, ""relief"": 0, ""remorse"": 0, ""sadness"": 0, ""surprise"": 0, ""neutral"": 0}",5,5,1.0,0
724,love,love,admiration,[NAME] I loved [NAME].,"{""admiration"": 3, ""amusement"": 0, ""anger"": 0, ""annoyance"": 0, ""approval"": 0, ""caring"": 0, ""confusion"": 0, ""curiosity"": 0, ""desire"": 0, ""disappointment"": 0, ""disapproval"": 0, ""disgust"": 0, ""embarrassment"": 0, ""excitement"": 0, ""fear"": 0, ""gratitude"": 0, ""grief"": 0, ""joy"": 0, ""love"": 2, ""nervousness"": 0, ""optimism"": 0, ""pride"": 0, ""realization"": 0, ""relief"": 0, ""remorse"": 0, ""sadness"": 0, ""surprise"": 0, ""neutral"": 0}",3,5,0.6,0
725,gratitude,gratitude,remorse,Thanks mate. It's just a process now. Fingers crossed that time will heal all (or most) wounds!,"{""admiration"": 0, ""amusement"": 0, ""anger"": 0, ""annoyance"": 0, ""approval"": 0, ""caring"": 0, ""confusion"": 0, ""curiosity"": 0, ""desire"": 0, ""disappointment"": 1, ""disapproval"": 0, ""disgust"": 0, ""embarrassment"": 0, ""excitement"": 0, ""fear"": 0, ""gratitude"": 1, ""grief"": 0, ""joy"": 0, ""love"": 0, ""nervousness"": 0, ""optimism"": 0, ""pride"": 0, ""realization"": 0, ""relief"": 0, ""remorse"": 3, ""sadness"": 0, ""surprise"": 0, ""neutral"": 0}",3,5,0.6,0
726,realization,realization|sadness,disappointment,I honestly miss [NAME],"{""admiration"": 0, ""amusement"": 0, ""anger"": 0, ""annoyance"": 0, ""approval"": 0, ""caring"": 0, ""confusion"": 0, ""curiosity"": 0, ""desire"": 0, ""disappointment"": 4, ""disapproval"": 0, ""disgust"": 0, ""embarrassment"": 0, ""excitement"": 0, ""fear"": 0, ""gratitude"": 0, ""grief"": 0, ""joy"": 0, ""love"": 0, ""nervousness"": 0, ""optimism"": 0, ""pride"": 0, ""realization"": 0, ""relief"": 0, ""remorse"": 0, ""sadness"": 1, ""surprise"": 0, ""neutral"": 0}",4,5,0.8,0
727,sadness,sadness,disgust,"This, in top of my already terrible mental health, is the reason why I'm severely underweight and need help.","{""admiration"": 0, ""amusement"": 0, ""anger"": 0, ""annoyance"": 0, ""approval"": 0, ""caring"": 0, ""confusion"": 0, ""curiosity"": 0, ""desire"": 0, ""disappointment"": 0, ""disapproval"": 0, ""disgust"": 4, ""embarrassment"": 0, ""excitement"": 0, ""fear"": 0, ""gratitude"": 0, ""grief"": 0, ""joy"": 0, ""love"": 0, ""nervousness"": 0, ""optimism"": 0, ""pride"": 0, ""realization"": 0, ""relief"": 0, ""remorse"": 0, ""sadness"": 1, ""surprise"": 0, ""neutral"": 0}",4,5,0.8,0
728,annoyance,annoyance|disapproval,disgust,"I don't date women who smoke. As for pills or syringes etc, I don't find recreational drug users attractive. Similarly for being drunk.","{""admiration"": 0, ""amusement"": 0, ""anger"": 0, ""annoyance"": 0, ""approval"": 0, ""caring"": 0, ""confusion"": 0, ""curiosity"": 0, ""desire"": 0, ""disappointment"": 0, ""disapproval"": 0, ""disgust"": 5, ""embarrassment"": 0, ""excitement"": 0, ""fear"": 0, ""gratitude"": 0, ""grief"": 0, ""joy"": 0, ""love"": 0, ""nervousness"": 0, ""optimism"": 0, ""pride"": 0, ""realization"": 0, ""relief"": 0, ""remorse"": 0, ""sadness"": 0, ""surprise"": 0, ""neutral"": 0}",5,5,1.0,0
729,neutral,neutral,disgust,It was some other girls,"{""admiration"": 0, ""amusement"": 0, ""anger"": 0, ""annoyance"": 0, ""approval"": 0, ""caring"": 0, ""confusion"": 0, ""curiosity"": 0, ""desire"": 0, ""disappointment"": 0, ""disapproval"": 0, ""disgust"": 5, ""embarrassment"": 0, ""excitement"": 0, ""fear"": 0, ""gratitude"": 0, ""grief"": 0, ""joy"": 0, ""love"": 0, ""nervousness"": 0, ""optimism"": 0, ""pride"": 0, ""realization"": 0, ""relief"": 0, ""remorse"": 0, ""sadness"": 0, ""surprise"": 0, ""neutral"": 0}",5,5,1.0,0
730,confusion,confusion,disgust,oh man. it took me so long to figure out what you are saying. its literally [NAME],"{""admiration"": 0, ""amusement"": 0, ""anger"": 0, ""annoyance"": 0, ""approval"": 0, ""caring"": 0, ""confusion"": 0, ""curiosity"": 0, ""desire"": 0, ""disappointment"": 0, ""disapproval"": 0, ""disgust"": 4, ""embarrassment"": 0, ""excitement"": 0, ""fear"": 0, ""gratitude"": 0, ""grief"": 0, ""joy"": 0, ""love"": 0, ""nervousness"": 0, ""optimism"": 0, ""pride"": 0, ""realization"": 0, ""relief"": 0, ""remorse"": 1, ""sadness"": 0, ""surprise"": 0, ""neutral"": 0}",4,5,0.8,0
731,admiration,admiration,admiration,Good Job,"{""admiration"": 1, ""amusement"": 0, ""anger"": 0, ""annoyance"": 0, ""approval"": 1, ""caring"": 0, ""confusion"": 0, ""curiosity"": 0, ""desire"": 0, ""disappointment"": 0, ""disapproval"": 1, ""disgust"": 1, ""embarrassment"": 0, ""excitement"": 0, ""fear"": 0, ""gratitude"": 0, ""grief"": 0, ""joy"": 0, ""love"": 0, ""nervousness"": 0, ""optimism"": 0, ""pride"": 0, ""realization"": 0, ""relief"": 0, ""remorse"": 0, ""sadness"": 0, ""surprise"": 0, ""neutral"": 0}",1,5,0.2,1
732,admiration,admiration,disapproval,Franchise QB's are leaders who set the tone for the entire lockerroom. [NAME] is a terrible leader.,"{""admiration"": 0, ""amusement"": 0, ""anger"": 0, ""annoyance"": 0, ""approval"": 0, ""caring"": 0, ""confusion"": 0, ""curiosity"": 0, ""desire"": 0, ""disappointment"": 0, ""disapproval"": 4, ""disgust"": 1, ""embarrassment"": 0, ""excitement"": 0, ""fear"": 0, ""gratitude"": 0, ""grief"": 0, ""joy"": 0, ""love"": 0, ""nervousness"": 0, ""optimism"": 0, ""pride"": 0, ""realization"": 0, ""relief"": 0, ""remorse"": 0, ""sadness"": 0, ""surprise"": 0, ""neutral"": 0}",4,5,0.8,0
733,sadness,sadness,disapproval,I don't think you're allowed to administer a vaccine to someone who is sick/injured.,"{""admiration"": 0, ""amusement"": 0, ""anger"": 0, ""annoyance"": 0, ""approval"": 0, ""caring"": 0, ""confusion"": 0, ""curiosity"": 0, ""desire"": 0, ""disappointment"": 0, ""disapproval"": 3, ""disgust"": 2, ""embarrassment"": 0, ""excitement"": 0, ""fear"": 0, ""gratitude"": 0, ""grief"": 0, ""joy"": 0, ""love"": 0, ""nervousness"": 0, ""optimism"": 0, ""pride"": 0, ""realization"": 0, ""relief"": 0, ""remorse"": 0, ""sadness"": 0, ""surprise"": 0, ""neutral"": 0}",3,5,0.6,0
734,neutral,neutral,disgust,[NAME] has cast a Magic Shield of Jesus [NAME] Claims He Cast “Shield of Protection” That Will Send Hurricane [NAME] Back Out to,"{""admiration"": 0, ""amusement"": 0, ""anger"": 0, ""annoyance"": 0, ""approval"": 0, ""caring"": 0, ""confusion"": 0, ""curiosity"": 0, ""desire"": 0, ""disappointment"": 0, ""disapproval"": 0, ""disgust"": 5, ""embarrassment"": 0, ""excitement"": 0, ""fear"": 0, ""gratitude"": 0, ""grief"": 0, ""joy"": 0, ""love"": 0, ""nervousness"": 0, ""optimism"": 0, ""pride"": 0, ""realization"": 0, ""relief"": 0, ""remorse"": 0, ""sadness"": 0, ""surprise"": 0, ""neutral"": 0}",5,5,1.0,0
735,neutral,neutral,neutral,"I have my kids signal baño, the letter T in ASL so they don't disturb the class while asking. ","{""admiration"": 1, ""amusement"": 0, ""anger"": 0, ""annoyance"": 0, ""approval"": 0, ""caring"": 0, ""confusion"": 0, ""curiosity"": 0, ""desire"": 0, ""disappointment"": 0, ""disapproval"": 0, ""disgust"": 1, ""embarrassment"": 0, ""excitement"": 0, ""fear"": 0, ""gratitude"": 0, ""grief"": 0, ""joy"": 0, ""love"": 1, ""nervousness"": 0, ""optimism"": 0, ""pride"": 0, ""realization"": 0, ""relief"": 0, ""remorse"": 0, ""sadness"": 0, ""surprise"": 0, ""neutral"": 2}",2,5,0.4,1
736,optimism,optimism,disappointment,"I sure hope so! Otherwise, I've been in the wrong sub.","{""admiration"": 0, ""amusement"": 0, ""anger"": 0, ""annoyance"": 0, ""approval"": 0, ""caring"": 0, ""confusion"": 0, ""curiosity"": 0, ""desire"": 0, ""disappointment"": 4, ""disapproval"": 0, ""disgust"": 0, ""embarrassment"": 0, ""excitement"": 0, ""fear"": 0, ""gratitude"": 0, ""grief"": 0, ""joy"": 0, ""love"": 0, ""nervousness"": 0, ""optimism"": 0, ""pride"": 0, ""realization"": 0, ""relief"": 0, ""remorse"": 1, ""sadness"": 0, ""surprise"": 0, ""neutral"": 0}",4,5,0.8,0
737,realization,realization,excitement,I had forgotten it was coming up until I saw this. That us my level of excitement and anticipation.,"{""admiration"": 0, ""amusement"": 0, ""anger"": 0, ""annoyance"": 0, ""approval"": 0, ""caring"": 0, ""confusion"": 0, ""curiosity"": 0, ""desire"": 0, ""disappointment"": 0, ""disapproval"": 0, ""disgust"": 0, ""embarrassment"": 0, ""excitement"": 5, ""fear"": 0, ""gratitude"": 0, ""grief"": 0, ""joy"": 0, ""love"": 0, ""nervousness"": 0, ""optimism"": 0, ""pride"": 0, ""realization"": 0, ""relief"": 0, ""remorse"": 0, ""sadness"": 0, ""surprise"": 0, ""neutral"": 0}",5,5,1.0,0
738,joy,joy,amusement,THATS WHAT SHE SAID...HAHAHAHAHAHAHA!,"{""admiration"": 0, ""amusement"": 5, ""anger"": 0, ""annoyance"": 0, ""approval"": 0, ""caring"": 0, ""confusion"": 0, ""curiosity"": 0, ""desire"": 0, ""disappointment"": 0, ""disapproval"": 0, ""disgust"": 0, ""embarrassment"": 0, ""excitement"": 0, ""fear"": 0, ""gratitude"": 0, ""grief"": 0, ""joy"": 0, ""love"": 0, ""nervousness"": 0, ""optimism"": 0, ""pride"": 0, ""realization"": 0, ""relief"": 0, ""remorse"": 0, ""sadness"": 0, ""surprise"": 0, ""neutral"": 0}",5,5,1.0,0
739,curiosity,curiosity,disgust,I thought there's a top 5 and they filmed each elimination? What makes you say [NAME] isn't there (though I'd love [NAME] to be),"{""admiration"": 0, ""amusement"": 0, ""anger"": 0, ""annoyance"": 0, ""approval"": 0, ""caring"": 0, ""confusion"": 0, ""curiosity"": 0, ""desire"": 0, ""disappointment"": 1, ""disapproval"": 1, ""disgust"": 3, ""embarrassment"": 0, ""excitement"": 0, ""fear"": 0, ""gratitude"": 0, ""grief"": 0, ""joy"": 0, ""love"": 0, ""nervousness"": 0, ""optimism"": 0, ""pride"": 0, ""realization"": 0, ""relief"": 0, ""remorse"": 0, ""sadness"": 0, ""surprise"": 0, ""neutral"": 0}",3,5,0.6,0
740,admiration,admiration,admiration,This is just so sweet! That's all. :). So sweet.,"{""admiration"": 5, ""amusement"": 0, ""anger"": 0, ""annoyance"": 0, ""approval"": 0, ""caring"": 0, ""confusion"": 0, ""curiosity"": 0, ""desire"": 0, ""disappointment"": 0, ""disapproval"": 0, ""disgust"": 0, ""embarrassment"": 0, ""excitement"": 0, ""fear"": 0, ""gratitude"": 0, ""grief"": 0, ""joy"": 0, ""love"": 0, ""nervousness"": 0, ""optimism"": 0, ""pride"": 0, ""realization"": 0, ""relief"": 0, ""remorse"": 0, ""sadness"": 0, ""surprise"": 0, ""neutral"": 0}",5,5,1.0,1
741,neutral,neutral,disgust,Firemen make roughly 30000£ in UK today.,"{""admiration"": 0, ""amusement"": 0, ""anger"": 0, ""annoyance"": 0, ""approval"": 0, ""caring"": 0, ""confusion"": 0, ""curiosity"": 0, ""desire"": 0, ""disappointment"": 0, ""disapproval"": 0, ""disgust"": 5, ""embarrassment"": 0, ""excitement"": 0, ""fear"": 0, ""gratitude"": 0, ""grief"": 0, ""joy"": 0, ""love"": 0, ""nervousness"": 0, ""optimism"": 0, ""pride"": 0, ""realization"": 0, ""relief"": 0, ""remorse"": 0, ""sadness"": 0, ""surprise"": 0, ""neutral"": 0}",5,5,1.0,0
742,approval,approval|love,love,I love that you made sure not to let the last 4 or 5 fall over. That’s important.,"{""admiration"": 0, ""amusement"": 0, ""anger"": 0, ""annoyance"": 0, ""approval"": 0, ""caring"": 0, ""confusion"": 0, ""curiosity"": 0, ""desire"": 0, ""disappointment"": 0, ""disapproval"": 0, ""disgust"": 0, ""embarrassment"": 0, ""excitement"": 0, ""fear"": 0, ""gratitude"": 0, ""grief"": 0, ""joy"": 0, ""love"": 5, ""nervousness"": 0, ""optimism"": 0, ""pride"": 0, ""realization"": 0, ""relief"": 0, ""remorse"": 0, ""sadness"": 0, ""surprise"": 0, ""neutral"": 0}",5,5,1.0,1
743,neutral,neutral,disapproval,Before things like that can happen we need to first atleast make it stable and usable for the people that actually do pay,"{""admiration"": 0, ""amusement"": 0, ""anger"": 0, ""annoyance"": 0, ""approval"": 0, ""caring"": 0, ""confusion"": 0, ""curiosity"": 0, ""desire"": 0, ""disappointment"": 1, ""disapproval"": 4, ""disgust"": 0, ""embarrassment"": 0, ""excitement"": 0, ""fear"": 0, ""gratitude"": 0, ""grief"": 0, ""joy"": 0, ""love"": 0, ""nervousness"": 0, ""optimism"": 0, ""pride"": 0, ""realization"": 0, ""relief"": 0, ""remorse"": 0, ""sadness"": 0, ""surprise"": 0, ""neutral"": 0}",4,5,0.8,0
744,anger,anger|curiosity,disgust,Your point? That doesn't mean it had 2 of EVERY FREAKING LAND MAMMAL on it!,"{""admiration"": 0, ""amusement"": 0, ""anger"": 0, ""annoyance"": 0, ""approval"": 0, ""caring"": 0, ""confusion"": 0, ""curiosity"": 0, ""desire"": 0, ""disappointment"": 0, ""disapproval"": 0, ""disgust"": 5, ""embarrassment"": 0, ""excitement"": 0, ""fear"": 0, ""gratitude"": 0, ""grief"": 0, ""joy"": 0, ""love"": 0, ""nervousness"": 0, ""optimism"": 0, ""pride"": 0, ""realization"": 0, ""relief"": 0, ""remorse"": 0, ""sadness"": 0, ""surprise"": 0, ""neutral"": 0}",5,5,1.0,0
745,neutral,neutral,disgust,Now go to Gulag!!!!,"{""admiration"": 0, ""amusement"": 0, ""anger"": 2, ""annoyance"": 0, ""approval"": 0, ""caring"": 0, ""confusion"": 0, ""curiosity"": 0, ""desire"": 0, ""disappointment"": 0, ""disapproval"": 0, ""disgust"": 3, ""embarrassment"": 0, ""excitement"": 0, ""fear"": 0, ""gratitude"": 0, ""grief"": 0, ""joy"": 0, ""love"": 0, ""nervousness"": 0, ""optimism"": 0, ""pride"": 0, ""realization"": 0, ""relief"": 0, ""remorse"": 0, ""sadness"": 0, ""surprise"": 0, ""neutral"": 0}",3,5,0.6,0
746,neutral,neutral,disgust,Because your considered “boring”. Girls love drama. It’s a thing.,"{""admiration"": 0, ""amusement"": 0, ""anger"": 0, ""annoyance"": 0, ""approval"": 0, ""caring"": 0, ""confusion"": 0, ""curiosity"": 0, ""desire"": 0, ""disappointment"": 0, ""disapproval"": 0, ""disgust"": 2, ""embarrassment"": 0, ""excitement"": 0, ""fear"": 0, ""gratitude"": 0, ""grief"": 0, ""joy"": 0, ""love"": 0, ""nervousness"": 0, ""optimism"": 0, ""pride"": 0, ""realization"": 0, ""relief"": 0, ""remorse"": 0, ""sadness"": 0, ""surprise"": 0, ""neutral"": 0}",2,5,0.4,0
747,confusion,confusion,disgust,I'd very much doubt many people believe there was no awareness or complicity.,"{""admiration"": 0, ""amusement"": 0, ""anger"": 0, ""annoyance"": 0, ""approval"": 0, ""caring"": 0, ""confusion"": 0, ""curiosity"": 0, ""desire"": 0, ""disappointment"": 0, ""disapproval"": 1, ""disgust"": 4, ""embarrassment"": 0, ""excitement"": 0, ""fear"": 0, ""gratitude"": 0, ""grief"": 0, ""joy"": 0, ""love"": 0, ""nervousness"": 0, ""optimism"": 0, ""pride"": 0, ""realization"": 0, ""relief"": 0, ""remorse"": 0, ""sadness"": 0, ""surprise"": 0, ""neutral"": 0}",4,5,0.8,0
748,approval,approval,disgust,"Same here! I thought too long and hard about whether or not la jolla/Encinitas was known as the ""treasure coast""","{""admiration"": 0, ""amusement"": 0, ""anger"": 0, ""annoyance"": 0, ""approval"": 0, ""caring"": 0, ""confusion"": 0, ""curiosity"": 0, ""desire"": 0, ""disappointment"": 1, ""disapproval"": 0, ""disgust"": 2, ""embarrassment"": 0, ""excitement"": 0, ""fear"": 0, ""gratitude"": 0, ""grief"": 0, ""joy"": 0, ""love"": 0, ""nervousness"": 0, ""optimism"": 0, ""pride"": 0, ""realization"": 0, ""relief"": 0, ""remorse"": 0, ""sadness"": 0, ""surprise"": 1, ""neutral"": 1}",2,5,0.4,0
749,gratitude,gratitude,gratitude,Thank you. [NAME],"{""admiration"": 0, ""amusement"": 0, ""anger"": 0, ""annoyance"": 0, ""approval"": 0, ""caring"": 0, ""confusion"": 0, ""curiosity"": 0, ""desire"": 0, ""disappointment"": 0, ""disapproval"": 0, ""disgust"": 1, ""embarrassment"": 0, ""excitement"": 0, ""fear"": 0, ""gratitude"": 4, ""grief"": 0, ""joy"": 0, ""love"": 0, ""nervousness"": 0, ""optimism"": 0, ""pride"": 0, ""realization"": 0, ""relief"": 0, ""remorse"": 0, ""sadness"": 0, ""surprise"": 0, ""neutral"": 0}",4,5,0.8,1
750,sadness,sadness,disappointment,Oh man that hurt to watch,"{""admiration"": 0, ""amusement"": 0, ""anger"": 0, ""annoyance"": 0, ""approval"": 0, ""caring"": 0, ""confusion"": 0, ""curiosity"": 0, ""desire"": 0, ""disappointment"": 3, ""disapproval"": 0, ""disgust"": 2, ""embarrassment"": 0, ""excitement"": 0, ""fear"": 0, ""gratitude"": 0, ""grief"": 0, ""joy"": 0, ""love"": 0, ""nervousness"": 0, ""optimism"": 0, ""pride"": 0, ""realization"": 0, ""relief"": 0, ""remorse"": 0, ""sadness"": 0, ""surprise"": 0, ""neutral"": 0}",3,5,0.6,0
751,neutral,neutral,neutral,This isn't meant to be a diy thing I think it's a YouTube craft channel they exist because it's calming to watxh,"{""admiration"": 0, ""amusement"": 0, ""anger"": 0, ""annoyance"": 0, ""approval"": 0, ""caring"": 0, ""confusion"": 0, ""curiosity"": 0, ""desire"": 0, ""disappointment"": 0, ""disapproval"": 0, ""disgust"": 0, ""embarrassment"": 0, ""excitement"": 0, ""fear"": 0, ""gratitude"": 0, ""grief"": 0, ""joy"": 0, ""love"": 0, ""nervousness"": 0, ""optimism"": 0, ""pride"": 0, ""realization"": 0, ""relief"": 0, ""remorse"": 0, ""sadness"": 0, ""surprise"": 0, ""neutral"": 5}",5,5,1.0,1
752,disgust,disgust,disappointment,Things were significantly worse back then than they are now.,"{""admiration"": 0, ""amusement"": 0, ""anger"": 0, ""annoyance"": 0, ""approval"": 0, ""caring"": 0, ""confusion"": 0, ""curiosity"": 0, ""desire"": 0, ""disappointment"": 4, ""disapproval"": 0, ""disgust"": 0, ""embarrassment"": 0, ""excitement"": 0, ""fear"": 0, ""gratitude"": 0, ""grief"": 0, ""joy"": 0, ""love"": 0, ""nervousness"": 0, ""optimism"": 0, ""pride"": 0, ""realization"": 0, ""relief"": 0, ""remorse"": 1, ""sadness"": 0, ""surprise"": 0, ""neutral"": 0}",4,5,0.8,0
753,pride,pride,admiration,My jersey has the great number 10 on it!!,"{""admiration"": 5, ""amusement"": 0, ""anger"": 0, ""annoyance"": 0, ""approval"": 0, ""caring"": 0, ""confusion"": 0, ""curiosity"": 0, ""desire"": 0, ""disappointment"": 0, ""disapproval"": 0, ""disgust"": 0, ""embarrassment"": 0, ""excitement"": 0, ""fear"": 0, ""gratitude"": 0, ""grief"": 0, ""joy"": 0, ""love"": 0, ""nervousness"": 0, ""optimism"": 0, ""pride"": 0, ""realization"": 0, ""relief"": 0, ""remorse"": 0, ""sadness"": 0, ""surprise"": 0, ""neutral"": 0}",5,5,1.0,0
754,desire,desire|neutral,disgust,Now I wanna know how the hell did you stole the body of an NPC :o,"{""admiration"": 0, ""amusement"": 0, ""anger"": 0, ""annoyance"": 0, ""approval"": 0, ""caring"": 0, ""confusion"": 0, ""curiosity"": 0, ""desire"": 0, ""disappointment"": 0, ""disapproval"": 0, ""disgust"": 5, ""embarrassment"": 0, ""excitement"": 0, ""fear"": 0, ""gratitude"": 0, ""grief"": 0, ""joy"": 0, ""love"": 0, ""nervousness"": 0, ""optimism"": 0, ""pride"": 0, ""realization"": 0, ""relief"": 0, ""remorse"": 0, ""sadness"": 0, ""surprise"": 0, ""neutral"": 0}",5,5,1.0,0
755,love,love,disapproval,"So more [NAME]? No thanks. Love the guys, but that’s for side projects. ","{""admiration"": 0, ""amusement"": 0, ""anger"": 0, ""annoyance"": 0, ""approval"": 0, ""caring"": 0, ""confusion"": 0, ""curiosity"": 0, ""desire"": 0, ""disappointment"": 0, ""disapproval"": 5, ""disgust"": 0, ""embarrassment"": 0, ""excitement"": 0, ""fear"": 0, ""gratitude"": 0, ""grief"": 0, ""joy"": 0, ""love"": 0, ""nervousness"": 0, ""optimism"": 0, ""pride"": 0, ""realization"": 0, ""relief"": 0, ""remorse"": 0, ""sadness"": 0, ""surprise"": 0, ""neutral"": 0}",5,5,1.0,0
756,amusement,amusement,amusement,This is honestly the cherry on top of the cake with this story. That's absolutely hilarious!,"{""admiration"": 0, ""amusement"": 5, ""anger"": 0, ""annoyance"": 0, ""approval"": 0, ""caring"": 0, ""confusion"": 0, ""curiosity"": 0, ""desire"": 0, ""disappointment"": 0, ""disapproval"": 0, ""disgust"": 0, ""embarrassment"": 0, ""excitement"": 0, ""fear"": 0, ""gratitude"": 0, ""grief"": 0, ""joy"": 0, ""love"": 0, ""nervousness"": 0, ""optimism"": 0, ""pride"": 0, ""realization"": 0, ""relief"": 0, ""remorse"": 0, ""sadness"": 0, ""surprise"": 0, ""neutral"": 0}",5,5,1.0,1
757,desire,desire,disgust,All I want for Christmas is a broken home,"{""admiration"": 0, ""amusement"": 0, ""anger"": 0, ""annoyance"": 0, ""approval"": 0, ""caring"": 0, ""confusion"": 0, ""curiosity"": 0, ""desire"": 0, ""disappointment"": 1, ""disapproval"": 0, ""disgust"": 3, ""embarrassment"": 0, ""excitement"": 0, ""fear"": 0, ""gratitude"": 0, ""grief"": 0, ""joy"": 0, ""love"": 0, ""nervousness"": 0, ""optimism"": 0, ""pride"": 0, ""realization"": 0, ""relief"": 0, ""remorse"": 0, ""sadness"": 1, ""surprise"": 0, ""neutral"": 0}",3,5,0.6,0
758,anger,anger|disgust,anger,Fucking hell they're bringing on all the giants,"{""admiration"": 0, ""amusement"": 0, ""anger"": 5, ""annoyance"": 0, ""approval"": 0, ""caring"": 0, ""confusion"": 0, ""curiosity"": 0, ""desire"": 0, ""disappointment"": 0, ""disapproval"": 0, ""disgust"": 0, ""embarrassment"": 0, ""excitement"": 0, ""fear"": 0, ""gratitude"": 0, ""grief"": 0, ""joy"": 0, ""love"": 0, ""nervousness"": 0, ""optimism"": 0, ""pride"": 0, ""realization"": 0, ""relief"": 0, ""remorse"": 0, ""sadness"": 0, ""surprise"": 0, ""neutral"": 0}",5,5,1.0,1
759,caring,caring,disgust,The food you are putting in your mouth is causing obesity. Stop abusing it. A higher body weight is the cause of your increased risk of ILLNESSES,"{""admiration"": 0, ""amusement"": 0, ""anger"": 0, ""annoyance"": 0, ""approval"": 0, ""caring"": 0, ""confusion"": 0, ""curiosity"": 0, ""desire"": 0, ""disappointment"": 0, ""disapproval"": 0, ""disgust"": 5, ""embarrassment"": 0, ""excitement"": 0, ""fear"": 0, ""gratitude"": 0, ""grief"": 0, ""joy"": 0, ""love"": 0, ""nervousness"": 0, ""optimism"": 0, ""pride"": 0, ""realization"": 0, ""relief"": 0, ""remorse"": 0, ""sadness"": 0, ""surprise"": 0, ""neutral"": 0}",5,5,1.0,0
760,optimism,optimism,optimism,"You're going to be free one day, but never if you stop trying. Every weeks a new week, goodluck !","{""admiration"": 0, ""amusement"": 0, ""anger"": 0, ""annoyance"": 0, ""approval"": 0, ""caring"": 0, ""confusion"": 0, ""curiosity"": 0, ""desire"": 0, ""disappointment"": 2, ""disapproval"": 0, ""disgust"": 0, ""embarrassment"": 0, ""excitement"": 0, ""fear"": 0, ""gratitude"": 0, ""grief"": 0, ""joy"": 0, ""love"": 0, ""nervousness"": 0, ""optimism"": 3, ""pride"": 0, ""realization"": 0, ""relief"": 0, ""remorse"": 0, ""sadness"": 0, ""surprise"": 0, ""neutral"": 0}",3,5,0.6,1
761,neutral,neutral,disgust,good news is his fall was cushioned by [NAME] soft hairy body,"{""admiration"": 0, ""amusement"": 0, ""anger"": 0, ""annoyance"": 0, ""approval"": 0, ""caring"": 0, ""confusion"": 0, ""curiosity"": 0, ""desire"": 0, ""disappointment"": 0, ""disapproval"": 0, ""disgust"": 5, ""embarrassment"": 0, ""excitement"": 0, ""fear"": 0, ""gratitude"": 0, ""grief"": 0, ""joy"": 0, ""love"": 0, ""nervousness"": 0, ""optimism"": 0, ""pride"": 0, ""realization"": 0, ""relief"": 0, ""remorse"": 0, ""sadness"": 0, ""surprise"": 0, ""neutral"": 0}",5,5,1.0,0
762,neutral,neutral,disgust,"Pft, don't kid yourself. ","{""admiration"": 0, ""amusement"": 0, ""anger"": 0, ""annoyance"": 0, ""approval"": 0, ""caring"": 0, ""confusion"": 0, ""curiosity"": 0, ""desire"": 0, ""disappointment"": 0, ""disapproval"": 0, ""disgust"": 5, ""embarrassment"": 0, ""excitement"": 0, ""fear"": 0, ""gratitude"": 0, ""grief"": 0, ""joy"": 0, ""love"": 0, ""nervousness"": 0, ""optimism"": 0, ""pride"": 0, ""realization"": 0, ""relief"": 0, ""remorse"": 0, ""sadness"": 0, ""surprise"": 0, ""neutral"": 0}",5,5,1.0,0
763,disapproval,disapproval,disapproval,It would be really bad for relations between the two cities if we took Memphis' NBA team.,"{""admiration"": 0, ""amusement"": 0, ""anger"": 0, ""annoyance"": 0, ""approval"": 0, ""caring"": 0, ""confusion"": 0, ""curiosity"": 0, ""desire"": 0, ""disappointment"": 0, ""disapproval"": 3, ""disgust"": 2, ""embarrassment"": 0, ""excitement"": 0, ""fear"": 0, ""gratitude"": 0, ""grief"": 0, ""joy"": 0, ""love"": 0, ""nervousness"": 0, ""optimism"": 0, ""pride"": 0, ""realization"": 0, ""relief"": 0, ""remorse"": 0, ""sadness"": 0, ""surprise"": 0, ""neutral"": 0}",3,5,0.6,1
764,surprise,surprise,remorse,Honestly? I dont know. My parents told me that itd be seen as suspicious,"{""admiration"": 0, ""amusement"": 0, ""anger"": 0, ""annoyance"": 0, ""approval"": 0, ""caring"": 0, ""confusion"": 0, ""curiosity"": 0, ""desire"": 0, ""disappointment"": 0, ""disapproval"": 0, ""disgust"": 2, ""embarrassment"": 0, ""excitement"": 0, ""fear"": 0, ""gratitude"": 0, ""grief"": 0, ""joy"": 0, ""love"": 0, ""nervousness"": 0, ""optimism"": 0, ""pride"": 0, ""realization"": 0, ""relief"": 0, ""remorse"": 3, ""sadness"": 0, ""surprise"": 0, ""neutral"": 0}",3,5,0.6,0
765,realization,realization,admiration,Can't lose if you never stop appealing. Or at least that's what I'm told by your cohorts.,"{""admiration"": 4, ""amusement"": 0, ""anger"": 0, ""annoyance"": 0, ""approval"": 0, ""caring"": 0, ""confusion"": 0, ""curiosity"": 0, ""desire"": 0, ""disappointment"": 0, ""disapproval"": 0, ""disgust"": 1, ""embarrassment"": 0, ""excitement"": 0, ""fear"": 0, ""gratitude"": 0, ""grief"": 0, ""joy"": 0, ""love"": 0, ""nervousness"": 0, ""optimism"": 0, ""pride"": 0, ""realization"": 0, ""relief"": 0, ""remorse"": 0, ""sadness"": 0, ""surprise"": 0, ""neutral"": 0}",4,5,0.8,0
766,anger,anger,disgust,So you then took that lie and began aggressively cheating on him? Your post history. Wow.,"{""admiration"": 0, ""amusement"": 0, ""anger"": 0, ""annoyance"": 0, ""approval"": 0, ""caring"": 0, ""confusion"": 0, ""curiosity"": 0, ""desire"": 0, ""disappointment"": 0, ""disapproval"": 1, ""disgust"": 4, ""embarrassment"": 0, ""excitement"": 0, ""fear"": 0, ""gratitude"": 0, ""grief"": 0, ""joy"": 0, ""love"": 0, ""nervousness"": 0, ""optimism"": 0, ""pride"": 0, ""realization"": 0, ""relief"": 0, ""remorse"": 0, ""sadness"": 0, ""surprise"": 0, ""neutral"": 0}",4,5,0.8,0
767,admiration,admiration|approval|curiosity,disapproval,"Did he beat all the bosses solo? If he did, he's less of a scrub than I am.","{""admiration"": 0, ""amusement"": 0, ""anger"": 0, ""annoyance"": 0, ""approval"": 0, ""caring"": 0, ""confusion"": 0, ""curiosity"": 0, ""desire"": 0, ""disappointment"": 0, ""disapproval"": 3, ""disgust"": 2, ""embarrassment"": 0, ""excitement"": 0, ""fear"": 0, ""gratitude"": 0, ""grief"": 0, ""joy"": 0, ""love"": 0, ""nervousness"": 0, ""optimism"": 0, ""pride"": 0, ""realization"": 0, ""relief"": 0, ""remorse"": 0, ""sadness"": 0, ""surprise"": 0, ""neutral"": 0}",3,5,0.6,0
768,neutral,neutral,disgust,YOU MUST CONSTRUCT ADDITIONAL PYLONS,"{""admiration"": 0, ""amusement"": 0, ""anger"": 0, ""annoyance"": 0, ""approval"": 0, ""caring"": 0, ""confusion"": 0, ""curiosity"": 0, ""desire"": 0, ""disappointment"": 0, ""disapproval"": 0, ""disgust"": 5, ""embarrassment"": 0, ""excitement"": 0, ""fear"": 0, ""gratitude"": 0, ""grief"": 0, ""joy"": 0, ""love"": 0, ""nervousness"": 0, ""optimism"": 0, ""pride"": 0, ""realization"": 0, ""relief"": 0, ""remorse"": 0, ""sadness"": 0, ""surprise"": 0, ""neutral"": 0}",5,5,1.0,0
769,anger,anger,disappointment,"For the people and finding out how they end up? Sure. Other than that, it’s not great. Frustrating at best. ","{""admiration"": 0, ""amusement"": 0, ""anger"": 0, ""annoyance"": 0, ""approval"": 0, ""caring"": 0, ""confusion"": 0, ""curiosity"": 0, ""desire"": 0, ""disappointment"": 2, ""disapproval"": 2, ""disgust"": 0, ""embarrassment"": 0, ""excitement"": 0, ""fear"": 0, ""gratitude"": 0, ""grief"": 0, ""joy"": 0, ""love"": 0, ""nervousness"": 0, ""optimism"": 0, ""pride"": 0, ""realization"": 0, ""relief"": 0, ""remorse"": 0, ""sadness"": 0, ""surprise"": 0, ""neutral"": 0}",2,5,0.4,0
770,optimism,optimism,disgust,Hope he gets rich from this too!,"{""admiration"": 2, ""amusement"": 0, ""anger"": 0, ""annoyance"": 0, ""approval"": 0, ""caring"": 0, ""confusion"": 0, ""curiosity"": 0, ""desire"": 0, ""disappointment"": 0, ""disapproval"": 0, ""disgust"": 3, ""embarrassment"": 0, ""excitement"": 0, ""fear"": 0, ""gratitude"": 0, ""grief"": 0, ""joy"": 0, ""love"": 0, ""nervousness"": 0, ""optimism"": 0, ""pride"": 0, ""realization"": 0, ""relief"": 0, ""remorse"": 0, ""sadness"": 0, ""surprise"": 0, ""neutral"": 0}",3,5,0.6,0
771,optimism,optimism,disgust,Going to the doctor tomorrow for a checkup to make sure everything is normal and hopefully this shit is just in my head.,"{""admiration"": 0, ""amusement"": 0, ""anger"": 0, ""annoyance"": 0, ""approval"": 0, ""caring"": 0, ""confusion"": 0, ""curiosity"": 0, ""desire"": 0, ""disappointment"": 0, ""disapproval"": 0, ""disgust"": 3, ""embarrassment"": 0, ""excitement"": 0, ""fear"": 0, ""gratitude"": 0, ""grief"": 0, ""joy"": 0, ""love"": 0, ""nervousness"": 0, ""optimism"": 0, ""pride"": 0, ""realization"": 0, ""relief"": 0, ""remorse"": 2, ""sadness"": 0, ""surprise"": 0, ""neutral"": 0}",3,5,0.6,0
772,caring,caring,neutral,Cats/dogs for sure. It would be refreshing.,"{""admiration"": 0, ""amusement"": 0, ""anger"": 0, ""annoyance"": 0, ""approval"": 0, ""caring"": 0, ""confusion"": 0, ""curiosity"": 0, ""desire"": 0, ""disappointment"": 0, ""disapproval"": 0, ""disgust"": 2, ""embarrassment"": 0, ""excitement"": 0, ""fear"": 0, ""gratitude"": 0, ""grief"": 0, ""joy"": 0, ""love"": 0, ""nervousness"": 0, ""optimism"": 0, ""pride"": 0, ""realization"": 0, ""relief"": 0, ""remorse"": 0, ""sadness"": 0, ""surprise"": 0, ""neutral"": 3}",3,5,0.6,0
773,annoyance,annoyance|disgust,disgust,"I just rewatched season 5. My god, I had forgotten how horrible [NAME] is. ","{""admiration"": 0, ""amusement"": 0, ""anger"": 0, ""annoyance"": 0, ""approval"": 0, ""caring"": 0, ""confusion"": 0, ""curiosity"": 0, ""desire"": 0, ""disappointment"": 0, ""disapproval"": 0, ""disgust"": 5, ""embarrassment"": 0, ""excitement"": 0, ""fear"": 0, ""gratitude"": 0, ""grief"": 0, ""joy"": 0, ""love"": 0, ""nervousness"": 0, ""optimism"": 0, ""pride"": 0, ""realization"": 0, ""relief"": 0, ""remorse"": 0, ""sadness"": 0, ""surprise"": 0, ""neutral"": 0}",5,5,1.0,1
774,anger,anger,anger,Are you fucking serious? That’s a foul??,"{""admiration"": 0, ""amusement"": 0, ""anger"": 4, ""annoyance"": 0, ""approval"": 0, ""caring"": 0, ""confusion"": 0, ""curiosity"": 0, ""desire"": 0, ""disappointment"": 0, ""disapproval"": 0, ""disgust"": 1, ""embarrassment"": 0, ""excitement"": 0, ""fear"": 0, ""gratitude"": 0, ""grief"": 0, ""joy"": 0, ""love"": 0, ""nervousness"": 0, ""optimism"": 0, ""pride"": 0, ""realization"": 0, ""relief"": 0, ""remorse"": 0, ""sadness"": 0, ""surprise"": 0, ""neutral"": 0}",4,5,0.8,1
775,love,love,love,"Damn, sometimes I love people here. ","{""admiration"": 0, ""amusement"": 0, ""anger"": 0, ""annoyance"": 0, ""approval"": 0, ""caring"": 0, ""confusion"": 0, ""curiosity"": 0, ""desire"": 0, ""disappointment"": 0, ""disapproval"": 0, ""disgust"": 0, ""embarrassment"": 0, ""excitement"": 0, ""fear"": 0, ""gratitude"": 0, ""grief"": 0, ""joy"": 0, ""love"": 5, ""nervousness"": 0, ""optimism"": 0, ""pride"": 0, ""realization"": 0, ""relief"": 0, ""remorse"": 0, ""sadness"": 0, ""surprise"": 0, ""neutral"": 0}",5,5,1.0,1
776,disappointment,disappointment,disgust,"Nice bosses are still just bosses here to exploit you, just to also make you feel bad for, instead of afraid of, defying them","{""admiration"": 0, ""amusement"": 0, ""anger"": 0, ""annoyance"": 0, ""approval"": 0, ""caring"": 0, ""confusion"": 0, ""curiosity"": 0, ""desire"": 0, ""disappointment"": 0, ""disapproval"": 1, ""disgust"": 3, ""embarrassment"": 0, ""excitement"": 0, ""fear"": 0, ""gratitude"": 0, ""grief"": 0, ""joy"": 0, ""love"": 0, ""nervousness"": 0, ""optimism"": 0, ""pride"": 0, ""realization"": 0, ""relief"": 0, ""remorse"": 1, ""sadness"": 0, ""surprise"": 0, ""neutral"": 0}",3,5,0.6,0
777,neutral,neutral,amusement,"4 5 everybody in the car, so come on let's ride!","{""admiration"": 0, ""amusement"": 4, ""anger"": 0, ""annoyance"": 0, ""approval"": 0, ""caring"": 0, ""confusion"": 0, ""curiosity"": 0, ""desire"": 0, ""disappointment"": 0, ""disapproval"": 0, ""disgust"": 0, ""embarrassment"": 0, ""excitement"": 1, ""fear"": 0, ""gratitude"": 0, ""grief"": 0, ""joy"": 0, ""love"": 0, ""nervousness"": 0, ""optimism"": 0, ""pride"": 0, ""realization"": 0, ""relief"": 0, ""remorse"": 0, ""sadness"": 0, ""surprise"": 0, ""neutral"": 0}",4,5,0.8,0
778,remorse,remorse,disappointment,I have a bad feeling I’m gonna regret not tuning into this,"{""admiration"": 0, ""amusement"": 0, ""anger"": 0, ""annoyance"": 0, ""approval"": 0, ""caring"": 0, ""confusion"": 0, ""curiosity"": 0, ""desire"": 0, ""disappointment"": 5, ""disapproval"": 0, ""disgust"": 0, ""embarrassment"": 0, ""excitement"": 0, ""fear"": 0, ""gratitude"": 0, ""grief"": 0, ""joy"": 0, ""love"": 0, ""nervousness"": 0, ""optimism"": 0, ""pride"": 0, ""realization"": 0, ""relief"": 0, ""remorse"": 0, ""sadness"": 0, ""surprise"": 0, ""neutral"": 0}",5,5,1.0,0
779,curiosity,curiosity,disappointment,"Do you ever get extremely inspired at night, make plans and then wake up with no drive at all? Or is this just a general thing? ","{""admiration"": 0, ""amusement"": 0, ""anger"": 0, ""annoyance"": 0, ""approval"": 0, ""caring"": 0, ""confusion"": 0, ""curiosity"": 0, ""desire"": 0, ""disappointment"": 3, ""disapproval"": 0, ""disgust"": 0, ""embarrassment"": 0, ""excitement"": 0, ""fear"": 0, ""gratitude"": 0, ""grief"": 0, ""joy"": 0, ""love"": 0, ""nervousness"": 0, ""optimism"": 0, ""pride"": 0, ""realization"": 0, ""relief"": 0, ""remorse"": 1, ""sadness"": 0, ""surprise"": 0, ""neutral"": 1}",3,5,0.6,0
780,neutral,neutral,disgust,Logic and facts are verboten on that sub. Truly bizarre that people are that sensitive.,"{""admiration"": 0, ""amusement"": 0, ""anger"": 0, ""annoyance"": 0, ""approval"": 0, ""caring"": 0, ""confusion"": 0, ""curiosity"": 0, ""desire"": 0, ""disappointment"": 0, ""disapproval"": 0, ""disgust"": 5, ""embarrassment"": 0, ""excitement"": 0, ""fear"": 0, ""gratitude"": 0, ""grief"": 0, ""joy"": 0, ""love"": 0, ""nervousness"": 0, ""optimism"": 0, ""pride"": 0, ""realization"": 0, ""relief"": 0, ""remorse"": 0, ""sadness"": 0, ""surprise"": 0, ""neutral"": 0}",5,5,1.0,0
781,gratitude,gratitude,approval,"That’s what I’m thinking too, so I may just go with the referral after all. Thanks again for the help!","{""admiration"": 0, ""amusement"": 0, ""anger"": 0, ""annoyance"": 0, ""approval"": 4, ""caring"": 0, ""confusion"": 0, ""curiosity"": 0, ""desire"": 0, ""disappointment"": 0, ""disapproval"": 0, ""disgust"": 0, ""embarrassment"": 0, ""excitement"": 0, ""fear"": 0, ""gratitude"": 1, ""grief"": 0, ""joy"": 0, ""love"": 0, ""nervousness"": 0, ""optimism"": 0, ""pride"": 0, ""realization"": 0, ""relief"": 0, ""remorse"": 0, ""sadness"": 0, ""surprise"": 0, ""neutral"": 0}",4,5,0.8,0
782,gratitude,gratitude,neutral,"Anyway, it's 00:33 am here at the moment, so I'm gonna head to bed. Thank you for reading and good night :)","{""admiration"": 0, ""amusement"": 0, ""anger"": 0, ""annoyance"": 0, ""approval"": 0, ""caring"": 0, ""confusion"": 0, ""curiosity"": 0, ""desire"": 0, ""disappointment"": 0, ""disapproval"": 0, ""disgust"": 0, ""embarrassment"": 0, ""excitement"": 0, ""fear"": 0, ""gratitude"": 0, ""grief"": 0, ""joy"": 0, ""love"": 0, ""nervousness"": 0, ""optimism"": 0, ""pride"": 0, ""realization"": 0, ""relief"": 0, ""remorse"": 0, ""sadness"": 0, ""surprise"": 0, ""neutral"": 5}",5,5,1.0,0
783,neutral,neutral,amusement,"I recently came upon the term ""that slaps"" in reference to delicious food, or simply an enjoyable experience. ","{""admiration"": 0, ""amusement"": 5, ""anger"": 0, ""annoyance"": 0, ""approval"": 0, ""caring"": 0, ""confusion"": 0, ""curiosity"": 0, ""desire"": 0, ""disappointment"": 0, ""disapproval"": 0, ""disgust"": 0, ""embarrassment"": 0, ""excitement"": 0, ""fear"": 0, ""gratitude"": 0, ""grief"": 0, ""joy"": 0, ""love"": 0, ""nervousness"": 0, ""optimism"": 0, ""pride"": 0, ""realization"": 0, ""relief"": 0, ""remorse"": 0, ""sadness"": 0, ""surprise"": 0, ""neutral"": 0}",5,5,1.0,0
784,joy,joy,remorse,"Because they enjoy their toxic umoderated cesspool, apparently. Either way i'm done trying to care.","{""admiration"": 0, ""amusement"": 0, ""anger"": 0, ""annoyance"": 0, ""approval"": 0, ""caring"": 0, ""confusion"": 0, ""curiosity"": 0, ""desire"": 0, ""disappointment"": 0, ""disapproval"": 0, ""disgust"": 2, ""embarrassment"": 0, ""excitement"": 0, ""fear"": 0, ""gratitude"": 0, ""grief"": 0, ""joy"": 0, ""love"": 0, ""nervousness"": 0, ""optimism"": 0, ""pride"": 0, ""realization"": 0, ""relief"": 0, ""remorse"": 3, ""sadness"": 0, ""surprise"": 0, ""neutral"": 0}",3,5,0.6,0
785,neutral,neutral,disgust,i'm calling [NAME] noms with [NAME] [NAME],"{""admiration"": 0, ""amusement"": 0, ""anger"": 0, ""annoyance"": 0, ""approval"": 0, ""caring"": 0, ""confusion"": 0, ""curiosity"": 0, ""desire"": 0, ""disappointment"": 0, ""disapproval"": 0, ""disgust"": 5, ""embarrassment"": 0, ""excitement"": 0, ""fear"": 0, ""gratitude"": 0, ""grief"": 0, ""joy"": 0, ""love"": 0, ""nervousness"": 0, ""optimism"": 0, ""pride"": 0, ""realization"": 0, ""relief"": 0, ""remorse"": 0, ""sadness"": 0, ""surprise"": 0, ""neutral"": 0}",5,5,1.0,0
786,neutral,neutral,disgust,No if anything the exact opposite. Couldn’t be further from the truth,"{""admiration"": 0, ""amusement"": 0, ""anger"": 0, ""annoyance"": 0, ""approval"": 0, ""caring"": 0, ""confusion"": 0, ""curiosity"": 0, ""desire"": 0, ""disappointment"": 0, ""disapproval"": 0, ""disgust"": 5, ""embarrassment"": 0, ""excitement"": 0, ""fear"": 0, ""gratitude"": 0, ""grief"": 0, ""joy"": 0, ""love"": 0, ""nervousness"": 0, ""optimism"": 0, ""pride"": 0, ""realization"": 0, ""relief"": 0, ""remorse"": 0, ""sadness"": 0, ""surprise"": 0, ""neutral"": 0}",5,5,1.0,0
787,disapproval,disapproval,disappointment,"She's not an hero we deserve, she's an hero we have. ","{""admiration"": 0, ""amusement"": 0, ""anger"": 0, ""annoyance"": 0, ""approval"": 0, ""caring"": 0, ""confusion"": 0, ""curiosity"": 0, ""desire"": 0, ""disappointment"": 2, ""disapproval"": 2, ""disgust"": 1, ""embarrassment"": 0, ""excitement"": 0, ""fear"": 0, ""gratitude"": 0, ""grief"": 0, ""joy"": 0, ""love"": 0, ""nervousness"": 0, ""optimism"": 0, ""pride"": 0, ""realization"": 0, ""relief"": 0, ""remorse"": 0, ""sadness"": 0, ""surprise"": 0, ""neutral"": 0}",2,5,0.4,0
788,curiosity,curiosity|disapproval,disapproval,"Can we not say ""Team [NAME]"" or ""Team [NAME]"" etc. That's too close to us style politics for my likes...","{""admiration"": 0, ""amusement"": 0, ""anger"": 0, ""annoyance"": 0, ""approval"": 0, ""caring"": 0, ""confusion"": 0, ""curiosity"": 0, ""desire"": 0, ""disappointment"": 0, ""disapproval"": 5, ""disgust"": 0, ""embarrassment"": 0, ""excitement"": 0, ""fear"": 0, ""gratitude"": 0, ""grief"": 0, ""joy"": 0, ""love"": 0, ""nervousness"": 0, ""optimism"": 0, ""pride"": 0, ""realization"": 0, ""relief"": 0, ""remorse"": 0, ""sadness"": 0, ""surprise"": 0, ""neutral"": 0}",5,5,1.0,1
789,admiration,admiration,admiration,I watched the CWC from the stadium and boy is he amazing.,"{""admiration"": 5, ""amusement"": 0, ""anger"": 0, ""annoyance"": 0, ""approval"": 0, ""caring"": 0, ""confusion"": 0, ""curiosity"": 0, ""desire"": 0, ""disappointment"": 0, ""disapproval"": 0, ""disgust"": 0, ""embarrassment"": 0, ""excitement"": 0, ""fear"": 0, ""gratitude"": 0, ""grief"": 0, ""joy"": 0, ""love"": 0, ""nervousness"": 0, ""optimism"": 0, ""pride"": 0, ""realization"": 0, ""relief"": 0, ""remorse"": 0, ""sadness"": 0, ""surprise"": 0, ""neutral"": 0}",5,5,1.0,1
790,neutral,neutral,admiration,KAMALA 2020!!!!!!,"{""admiration"": 3, ""amusement"": 0, ""anger"": 0, ""annoyance"": 0, ""approval"": 0, ""caring"": 0, ""confusion"": 0, ""curiosity"": 0, ""desire"": 0, ""disappointment"": 0, ""disapproval"": 0, ""disgust"": 1, ""embarrassment"": 0, ""excitement"": 1, ""fear"": 0, ""gratitude"": 0, ""grief"": 0, ""joy"": 0, ""love"": 0, ""nervousness"": 0, ""optimism"": 0, ""pride"": 0, ""realization"": 0, ""relief"": 0, ""remorse"": 0, ""sadness"": 0, ""surprise"": 0, ""neutral"": 0}",3,5,0.6,0
791,neutral,neutral,disgust,And chocolate comes from child slavery.,"{""admiration"": 0, ""amusement"": 0, ""anger"": 0, ""annoyance"": 0, ""approval"": 0, ""caring"": 0, ""confusion"": 0, ""curiosity"": 0, ""desire"": 0, ""disappointment"": 0, ""disapproval"": 0, ""disgust"": 5, ""embarrassment"": 0, ""excitement"": 0, ""fear"": 0, ""gratitude"": 0, ""grief"": 0, ""joy"": 0, ""love"": 0, ""nervousness"": 0, ""optimism"": 0, ""pride"": 0, ""realization"": 0, ""relief"": 0, ""remorse"": 0, ""sadness"": 0, ""surprise"": 0, ""neutral"": 0}",5,5,1.0,0
792,neutral,neutral,admiration,That would look enormous if [NAME] ordered it!,"{""admiration"": 5, ""amusement"": 0, ""anger"": 0, ""annoyance"": 0, ""approval"": 0, ""caring"": 0, ""confusion"": 0, ""curiosity"": 0, ""desire"": 0, ""disappointment"": 0, ""disapproval"": 0, ""disgust"": 0, ""embarrassment"": 0, ""excitement"": 0, ""fear"": 0, ""gratitude"": 0, ""grief"": 0, ""joy"": 0, ""love"": 0, ""nervousness"": 0, ""optimism"": 0, ""pride"": 0, ""realization"": 0, ""relief"": 0, ""remorse"": 0, ""sadness"": 0, ""surprise"": 0, ""neutral"": 0}",5,5,1.0,0
793,confusion,confusion,remorse,Someone tell me how to feel about this,"{""admiration"": 0, ""amusement"": 0, ""anger"": 0, ""annoyance"": 0, ""approval"": 0, ""caring"": 0, ""confusion"": 1, ""curiosity"": 0, ""desire"": 0, ""disappointment"": 0, ""disapproval"": 0, ""disgust"": 0, ""embarrassment"": 0, ""excitement"": 0, ""fear"": 0, ""gratitude"": 0, ""grief"": 0, ""joy"": 0, ""love"": 0, ""nervousness"": 0, ""optimism"": 0, ""pride"": 0, ""realization"": 0, ""relief"": 0, ""remorse"": 2, ""sadness"": 0, ""surprise"": 0, ""neutral"": 2}",2,5,0.4,0
794,confusion,confusion,disapproval,> [NAME] That is going to get sooo confusing if he does join our division.,"{""admiration"": 0, ""amusement"": 0, ""anger"": 0, ""annoyance"": 0, ""approval"": 0, ""caring"": 0, ""confusion"": 0, ""curiosity"": 0, ""desire"": 0, ""disappointment"": 2, ""disapproval"": 3, ""disgust"": 0, ""embarrassment"": 0, ""excitement"": 0, ""fear"": 0, ""gratitude"": 0, ""grief"": 0, ""joy"": 0, ""love"": 0, ""nervousness"": 0, ""optimism"": 0, ""pride"": 0, ""realization"": 0, ""relief"": 0, ""remorse"": 0, ""sadness"": 0, ""surprise"": 0, ""neutral"": 0}",3,5,0.6,0
795,neutral,neutral,disapproval,You can make a complaint and get damages if this happens. They are required to not pester you for two years if you fill it in online.,"{""admiration"": 0, ""amusement"": 0, ""anger"": 0, ""annoyance"": 0, ""approval"": 0, ""caring"": 0, ""confusion"": 0, ""curiosity"": 0, ""desire"": 0, ""disappointment"": 0, ""disapproval"": 5, ""disgust"": 0, ""embarrassment"": 0, ""excitement"": 0, ""fear"": 0, ""gratitude"": 0, ""grief"": 0, ""joy"": 0, ""love"": 0, ""nervousness"": 0, ""optimism"": 0, ""pride"": 0, ""realization"": 0, ""relief"": 0, ""remorse"": 0, ""sadness"": 0, ""surprise"": 0, ""neutral"": 0}",5,5,1.0,0
796,neutral,neutral,neutral,I'M HERE,"{""admiration"": 0, ""amusement"": 0, ""anger"": 0, ""annoyance"": 0, ""approval"": 0, ""caring"": 0, ""confusion"": 0, ""curiosity"": 0, ""desire"": 0, ""disappointment"": 0, ""disapproval"": 0, ""disgust"": 0, ""embarrassment"": 0, ""excitement"": 0, ""fear"": 0, ""gratitude"": 0, ""grief"": 0, ""joy"": 0, ""love"": 0, ""nervousness"": 0, ""optimism"": 0, ""pride"": 0, ""realization"": 0, ""relief"": 0, ""remorse"": 0, ""sadness"": 0, ""surprise"": 0, ""neutral"": 5}",5,5,1.0,1
797,admiration,admiration,disgust,May [NAME] bless and keep the President... far away from us!,"{""admiration"": 0, ""amusement"": 0, ""anger"": 0, ""annoyance"": 0, ""approval"": 0, ""caring"": 0, ""confusion"": 0, ""curiosity"": 0, ""desire"": 0, ""disappointment"": 0, ""disapproval"": 0, ""disgust"": 5, ""embarrassment"": 0, ""excitement"": 0, ""fear"": 0, ""gratitude"": 0, ""grief"": 0, ""joy"": 0, ""love"": 0, ""nervousness"": 0, ""optimism"": 0, ""pride"": 0, ""realization"": 0, ""relief"": 0, ""remorse"": 0, ""sadness"": 0, ""surprise"": 0, ""neutral"": 0}",5,5,1.0,0
798,neutral,neutral,disgust,BOOM BOOM BOOM (not Bitton related),"{""admiration"": 0, ""amusement"": 0, ""anger"": 0, ""annoyance"": 0, ""approval"": 0, ""caring"": 0, ""confusion"": 0, ""curiosity"": 0, ""desire"": 0, ""disappointment"": 0, ""disapproval"": 0, ""disgust"": 4, ""embarrassment"": 0, ""excitement"": 0, ""fear"": 0, ""gratitude"": 0, ""grief"": 0, ""joy"": 0, ""love"": 0, ""nervousness"": 0, ""optimism"": 0, ""pride"": 0, ""realization"": 0, ""relief"": 0, ""remorse"": 0, ""sadness"": 0, ""surprise"": 1, ""neutral"": 0}",4,5,0.8,0
799,neutral,neutral,anger,People got angry about Apple getting royalty free photos as part of the competition so now Apple is actually paying people.,"{""admiration"": 0, ""amusement"": 0, ""anger"": 4, ""annoyance"": 0, ""approval"": 0, ""caring"": 0, ""confusion"": 0, ""curiosity"": 0, ""desire"": 0, ""disappointment"": 0, ""disapproval"": 0, ""disgust"": 1, ""embarrassment"": 0, ""excitement"": 0, ""fear"": 0, ""gratitude"": 0, ""grief"": 0, ""joy"": 0, ""love"": 0, ""nervousness"": 0, ""optimism"": 0, ""pride"": 0, ""realization"": 0, ""relief"": 0, ""remorse"": 0, ""sadness"": 0, ""surprise"": 0, ""neutral"": 0}",4,5,0.8,0
800,desire,desire|optimism,disappointment,I've always wanted one of those but like worry it'll make a huge mess in my washer,"{""admiration"": 0, ""amusement"": 0, ""anger"": 0, ""annoyance"": 0, ""approval"": 0, ""caring"": 0, ""confusion"": 0, ""curiosity"": 0, ""desire"": 0, ""disappointment"": 5, ""disapproval"": 0, ""disgust"": 0, ""embarrassment"": 0, ""excitement"": 0, ""fear"": 0, ""gratitude"": 0, ""grief"": 0, ""joy"": 0, ""love"": 0, ""nervousness"": 0, ""optimism"": 0, ""pride"": 0, ""realization"": 0, ""relief"": 0, ""remorse"": 0, ""sadness"": 0, ""surprise"": 0, ""neutral"": 0}",5,5,1.0,0
801,neutral,neutral,disgust,You know even when women wear their hair natural they’re still putting products in it right?,"{""admiration"": 0, ""amusement"": 0, ""anger"": 0, ""annoyance"": 0, ""approval"": 0, ""caring"": 0, ""confusion"": 0, ""curiosity"": 0, ""desire"": 0, ""disappointment"": 0, ""disapproval"": 1, ""disgust"": 4, ""embarrassment"": 0, ""excitement"": 0, ""fear"": 0, ""gratitude"": 0, ""grief"": 0, ""joy"": 0, ""love"": 0, ""nervousness"": 0, ""optimism"": 0, ""pride"": 0, ""realization"": 0, ""relief"": 0, ""remorse"": 0, ""sadness"": 0, ""surprise"": 0, ""neutral"": 0}",4,5,0.8,0
802,admiration,admiration,admiration,Well done! Keep it going mate. If you’re struggling reach out to whoever you can!,"{""admiration"": 3, ""amusement"": 0, ""anger"": 0, ""annoyance"": 0, ""approval"": 1, ""caring"": 0, ""confusion"": 0, ""curiosity"": 0, ""desire"": 0, ""disappointment"": 0, ""disapproval"": 0, ""disgust"": 0, ""embarrassment"": 0, ""excitement"": 0, ""fear"": 0, ""gratitude"": 0, ""grief"": 0, ""joy"": 0, ""love"": 0, ""nervousness"": 0, ""optimism"": 1, ""pride"": 0, ""realization"": 0, ""relief"": 0, ""remorse"": 0, ""sadness"": 0, ""surprise"": 0, ""neutral"": 0}",3,5,0.6,1
803,joy,joy,approval,"No problem, glad to help.","{""admiration"": 1, ""amusement"": 0, ""anger"": 0, ""annoyance"": 0, ""approval"": 3, ""caring"": 0, ""confusion"": 0, ""curiosity"": 0, ""desire"": 0, ""disappointment"": 0, ""disapproval"": 0, ""disgust"": 0, ""embarrassment"": 0, ""excitement"": 0, ""fear"": 0, ""gratitude"": 0, ""grief"": 0, ""joy"": 1, ""love"": 0, ""nervousness"": 0, ""optimism"": 0, ""pride"": 0, ""realization"": 0, ""relief"": 0, ""remorse"": 0, ""sadness"": 0, ""surprise"": 0, ""neutral"": 0}",3,5,0.6,0
804,gratitude,gratitude,disappointment,"I do have a drain beside the water heater, thanks I'll look into getting a drain pan.","{""admiration"": 0, ""amusement"": 0, ""anger"": 0, ""annoyance"": 0, ""approval"": 0, ""caring"": 0, ""confusion"": 0, ""curiosity"": 0, ""desire"": 0, ""disappointment"": 1, ""disapproval"": 1, ""disgust"": 1, ""embarrassment"": 0, ""excitement"": 0, ""fear"": 0, ""gratitude"": 0, ""grief"": 0, ""joy"": 0, ""love"": 0, ""nervousness"": 0, ""optimism"": 0, ""pride"": 0, ""realization"": 0, ""relief"": 0, ""remorse"": 1, ""sadness"": 0, ""surprise"": 0, ""neutral"": 1}",1,5,0.2,0
805,confusion,confusion,disgust,Why cinnamon powder instead of bark?,"{""admiration"": 0, ""amusement"": 0, ""anger"": 0, ""annoyance"": 0, ""approval"": 0, ""caring"": 0, ""confusion"": 0, ""curiosity"": 0, ""desire"": 0, ""disappointment"": 0, ""disapproval"": 0, ""disgust"": 5, ""embarrassment"": 0, ""excitement"": 0, ""fear"": 0, ""gratitude"": 0, ""grief"": 0, ""joy"": 0, ""love"": 0, ""nervousness"": 0, ""optimism"": 0, ""pride"": 0, ""realization"": 0, ""relief"": 0, ""remorse"": 0, ""sadness"": 0, ""surprise"": 0, ""neutral"": 0}",5,5,1.0,0
806,admiration,admiration,admiration,That's a great comparison,"{""admiration"": 5, ""amusement"": 0, ""anger"": 0, ""annoyance"": 0, ""approval"": 0, ""caring"": 0, ""confusion"": 0, ""curiosity"": 0, ""desire"": 0, ""disappointment"": 0, ""disapproval"": 0, ""disgust"": 0, ""embarrassment"": 0, ""excitement"": 0, ""fear"": 0, ""gratitude"": 0, ""grief"": 0, ""joy"": 0, ""love"": 0, ""nervousness"": 0, ""optimism"": 0, ""pride"": 0, ""realization"": 0, ""relief"": 0, ""remorse"": 0, ""sadness"": 0, ""surprise"": 0, ""neutral"": 0}",5,5,1.0,1
807,realization,realization|neutral,disapproval,"If you know it's the right thing to do, it's better to ""lose"" that person than to ""lose"" that opportunity.","{""admiration"": 0, ""amusement"": 0, ""anger"": 0, ""annoyance"": 0, ""approval"": 1, ""caring"": 0, ""confusion"": 0, ""curiosity"": 0, ""desire"": 0, ""disappointment"": 1, ""disapproval"": 2, ""disgust"": 1, ""embarrassment"": 0, ""excitement"": 0, ""fear"": 0, ""gratitude"": 0, ""grief"": 0, ""joy"": 0, ""love"": 0, ""nervousness"": 0, ""optimism"": 0, ""pride"": 0, ""realization"": 0, ""relief"": 0, ""remorse"": 0, ""sadness"": 0, ""surprise"": 0, ""neutral"": 0}",2,5,0.4,0
808,disapproval,disapproval,disgust,Noooo no more NEXTs anymore! They are obviously just a kid who is excited to discover music. Give them a break! :/,"{""admiration"": 0, ""amusement"": 0, ""anger"": 0, ""annoyance"": 0, ""approval"": 0, ""caring"": 0, ""confusion"": 0, ""curiosity"": 0, ""desire"": 0, ""disappointment"": 0, ""disapproval"": 2, ""disgust"": 3, ""embarrassment"": 0, ""excitement"": 0, ""fear"": 0, ""gratitude"": 0, ""grief"": 0, ""joy"": 0, ""love"": 0, ""nervousness"": 0, ""optimism"": 0, ""pride"": 0, ""realization"": 0, ""relief"": 0, ""remorse"": 0, ""sadness"": 0, ""surprise"": 0, ""neutral"": 0}",3,5,0.6,0
809,caring,caring|neutral,disapproval,Just take them and get them vaccinated without his knowledge. Only one parent is needed. Dont even tell him after it's done.,"{""admiration"": 0, ""amusement"": 0, ""anger"": 0, ""annoyance"": 0, ""approval"": 0, ""caring"": 0, ""confusion"": 0, ""curiosity"": 0, ""desire"": 0, ""disappointment"": 0, ""disapproval"": 3, ""disgust"": 1, ""embarrassment"": 0, ""excitement"": 0, ""fear"": 0, ""gratitude"": 0, ""grief"": 0, ""joy"": 0, ""love"": 0, ""nervousness"": 0, ""optimism"": 0, ""pride"": 0, ""realization"": 0, ""relief"": 0, ""remorse"": 1, ""sadness"": 0, ""surprise"": 0, ""neutral"": 0}",3,5,0.6,0
810,neutral,neutral,disgust,"No, because asses that hot don't come in trenta","{""admiration"": 0, ""amusement"": 0, ""anger"": 0, ""annoyance"": 0, ""approval"": 0, ""caring"": 0, ""confusion"": 0, ""curiosity"": 0, ""desire"": 0, ""disappointment"": 0, ""disapproval"": 0, ""disgust"": 5, ""embarrassment"": 0, ""excitement"": 0, ""fear"": 0, ""gratitude"": 0, ""grief"": 0, ""joy"": 0, ""love"": 0, ""nervousness"": 0, ""optimism"": 0, ""pride"": 0, ""realization"": 0, ""relief"": 0, ""remorse"": 0, ""sadness"": 0, ""surprise"": 0, ""neutral"": 0}",5,5,1.0,0
811,admiration,admiration,admiration,Dave & Buster’s is a great suggestion!,"{""admiration"": 5, ""amusement"": 0, ""anger"": 0, ""annoyance"": 0, ""approval"": 0, ""caring"": 0, ""confusion"": 0, ""curiosity"": 0, ""desire"": 0, ""disappointment"": 0, ""disapproval"": 0, ""disgust"": 0, ""embarrassment"": 0, ""excitement"": 0, ""fear"": 0, ""gratitude"": 0, ""grief"": 0, ""joy"": 0, ""love"": 0, ""nervousness"": 0, ""optimism"": 0, ""pride"": 0, ""realization"": 0, ""relief"": 0, ""remorse"": 0, ""sadness"": 0, ""surprise"": 0, ""neutral"": 0}",5,5,1.0,1
812,excitement,excitement|neutral,admiration,That’s how you know they’re happy.,"{""admiration"": 5, ""amusement"": 0, ""anger"": 0, ""annoyance"": 0, ""approval"": 0, ""caring"": 0, ""confusion"": 0, ""curiosity"": 0, ""desire"": 0, ""disappointment"": 0, ""disapproval"": 0, ""disgust"": 0, ""embarrassment"": 0, ""excitement"": 0, ""fear"": 0, ""gratitude"": 0, ""grief"": 0, ""joy"": 0, ""love"": 0, ""nervousness"": 0, ""optimism"": 0, ""pride"": 0, ""realization"": 0, ""relief"": 0, ""remorse"": 0, ""sadness"": 0, ""surprise"": 0, ""neutral"": 0}",5,5,1.0,0
813,neutral,neutral,disgust,What is a punishment if not an undesirable consequence imposed by others?,"{""admiration"": 0, ""amusement"": 0, ""anger"": 0, ""annoyance"": 0, ""approval"": 0, ""caring"": 0, ""confusion"": 0, ""curiosity"": 0, ""desire"": 0, ""disappointment"": 0, ""disapproval"": 2, ""disgust"": 3, ""embarrassment"": 0, ""excitement"": 0, ""fear"": 0, ""gratitude"": 0, ""grief"": 0, ""joy"": 0, ""love"": 0, ""nervousness"": 0, ""optimism"": 0, ""pride"": 0, ""realization"": 0, ""relief"": 0, ""remorse"": 0, ""sadness"": 0, ""surprise"": 0, ""neutral"": 0}",3,5,0.6,0
814,neutral,neutral,disgust,I dont blame you I have a stuffed otter my gf and I got in Catalina I wont even let my niece play with it,"{""admiration"": 0, ""amusement"": 0, ""anger"": 0, ""annoyance"": 0, ""approval"": 0, ""caring"": 0, ""confusion"": 0, ""curiosity"": 0, ""desire"": 0, ""disappointment"": 0, ""disapproval"": 0, ""disgust"": 5, ""embarrassment"": 0, ""excitement"": 0, ""fear"": 0, ""gratitude"": 0, ""grief"": 0, ""joy"": 0, ""love"": 0, ""nervousness"": 0, ""optimism"": 0, ""pride"": 0, ""realization"": 0, ""relief"": 0, ""remorse"": 0, ""sadness"": 0, ""surprise"": 0, ""neutral"": 0}",5,5,1.0,0
815,gratitude,gratitude,gratitude,Still helpful. Thank you!,"{""admiration"": 0, ""amusement"": 0, ""anger"": 0, ""annoyance"": 0, ""approval"": 0, ""caring"": 0, ""confusion"": 0, ""curiosity"": 0, ""desire"": 0, ""disappointment"": 1, ""disapproval"": 0, ""disgust"": 0, ""embarrassment"": 0, ""excitement"": 0, ""fear"": 0, ""gratitude"": 3, ""grief"": 0, ""joy"": 0, ""love"": 0, ""nervousness"": 0, ""optimism"": 0, ""pride"": 0, ""realization"": 0, ""relief"": 0, ""remorse"": 0, ""sadness"": 0, ""surprise"": 0, ""neutral"": 1}",3,5,0.6,1
816,gratitude,gratitude,neutral,Thank you for this. This sub isn’t a rating or selfie sub. There’s literally no poly content on this post.,"{""admiration"": 0, ""amusement"": 0, ""anger"": 0, ""annoyance"": 0, ""approval"": 0, ""caring"": 0, ""confusion"": 0, ""curiosity"": 0, ""desire"": 0, ""disappointment"": 0, ""disapproval"": 2, ""disgust"": 0, ""embarrassment"": 0, ""excitement"": 0, ""fear"": 0, ""gratitude"": 0, ""grief"": 0, ""joy"": 0, ""love"": 0, ""nervousness"": 0, ""optimism"": 0, ""pride"": 0, ""realization"": 0, ""relief"": 0, ""remorse"": 0, ""sadness"": 0, ""surprise"": 0, ""neutral"": 3}",3,5,0.6,0
817,confusion,confusion|disapproval,disgust,True. I don't know the survival rates of the women in ancient rome but I can't imagine it was fantastic.,"{""admiration"": 0, ""amusement"": 0, ""anger"": 0, ""annoyance"": 0, ""approval"": 0, ""caring"": 0, ""confusion"": 0, ""curiosity"": 0, ""desire"": 0, ""disappointment"": 0, ""disapproval"": 1, ""disgust"": 3, ""embarrassment"": 0, ""excitement"": 0, ""fear"": 0, ""gratitude"": 0, ""grief"": 0, ""joy"": 0, ""love"": 0, ""nervousness"": 0, ""optimism"": 0, ""pride"": 0, ""realization"": 0, ""relief"": 0, ""remorse"": 0, ""sadness"": 0, ""surprise"": 0, ""neutral"": 1}",3,5,0.6,0
818,admiration,admiration|disappointment,disappointment,"Good meme, but unfortunately the pic is fake. ","{""admiration"": 0, ""amusement"": 0, ""anger"": 0, ""annoyance"": 0, ""approval"": 0, ""caring"": 0, ""confusion"": 0, ""curiosity"": 0, ""desire"": 0, ""disappointment"": 5, ""disapproval"": 0, ""disgust"": 0, ""embarrassment"": 0, ""excitement"": 0, ""fear"": 0, ""gratitude"": 0, ""grief"": 0, ""joy"": 0, ""love"": 0, ""nervousness"": 0, ""optimism"": 0, ""pride"": 0, ""realization"": 0, ""relief"": 0, ""remorse"": 0, ""sadness"": 0, ""surprise"": 0, ""neutral"": 0}",5,5,1.0,1
819,curiosity,curiosity|neutral,disgust,you really think the walls gonna cost 5 billion?,"{""admiration"": 0, ""amusement"": 0, ""anger"": 0, ""annoyance"": 0, ""approval"": 0, ""caring"": 0, ""confusion"": 0, ""curiosity"": 0, ""desire"": 0, ""disappointment"": 0, ""disapproval"": 0, ""disgust"": 5, ""embarrassment"": 0, ""excitement"": 0, ""fear"": 0, ""gratitude"": 0, ""grief"": 0, ""joy"": 0, ""love"": 0, ""nervousness"": 0, ""optimism"": 0, ""pride"": 0, ""realization"": 0, ""relief"": 0, ""remorse"": 0, ""sadness"": 0, ""surprise"": 0, ""neutral"": 0}",5,5,1.0,0
820,neutral,neutral,disgust,"well, most of them won't even get that far because the second you start explaining it they plug their ears and start screaming about socialism.","{""admiration"": 0, ""amusement"": 0, ""anger"": 1, ""annoyance"": 0, ""approval"": 0, ""caring"": 0, ""confusion"": 0, ""curiosity"": 0, ""desire"": 0, ""disappointment"": 0, ""disapproval"": 1, ""disgust"": 3, ""embarrassment"": 0, ""excitement"": 0, ""fear"": 0, ""gratitude"": 0, ""grief"": 0, ""joy"": 0, ""love"": 0, ""nervousness"": 0, ""optimism"": 0, ""pride"": 0, ""realization"": 0, ""relief"": 0, ""remorse"": 0, ""sadness"": 0, ""surprise"": 0, ""neutral"": 0}",3,5,0.6,0
821,disappointment,disappointment,disgust,"Hip hop has fallen down so far music in general, since the 90's. ","{""admiration"": 0, ""amusement"": 0, ""anger"": 0, ""annoyance"": 0, ""approval"": 0, ""caring"": 0, ""confusion"": 0, ""curiosity"": 0, ""desire"": 0, ""disappointment"": 1, ""disapproval"": 0, ""disgust"": 3, ""embarrassment"": 0, ""excitement"": 0, ""fear"": 0, ""gratitude"": 0, ""grief"": 0, ""joy"": 0, ""love"": 0, ""nervousness"": 0, ""optimism"": 0, ""pride"": 0, ""realization"": 0, ""relief"": 0, ""remorse"": 0, ""sadness"": 0, ""surprise"": 0, ""neutral"": 0}",3,5,0.6,0
822,neutral,neutral,amusement,😂😂😂😂😂😂😂😂😂😂😂😂😂 you got the wrong [NAME] —,"{""admiration"": 0, ""amusement"": 5, ""anger"": 0, ""annoyance"": 0, ""approval"": 0, ""caring"": 0, ""confusion"": 0, ""curiosity"": 0, ""desire"": 0, ""disappointment"": 0, ""disapproval"": 0, ""disgust"": 0, ""embarrassment"": 0, ""excitement"": 0, ""fear"": 0, ""gratitude"": 0, ""grief"": 0, ""joy"": 0, ""love"": 0, ""nervousness"": 0, ""optimism"": 0, ""pride"": 0, ""realization"": 0, ""relief"": 0, ""remorse"": 0, ""sadness"": 0, ""surprise"": 0, ""neutral"": 0}",5,5,1.0,0
823,annoyance,annoyance|disapproval,disgust,Get back on your meds mate..You aren't funny at all...,"{""admiration"": 0, ""amusement"": 0, ""anger"": 0, ""annoyance"": 0, ""approval"": 0, ""caring"": 0, ""confusion"": 0, ""curiosity"": 0, ""desire"": 0, ""disappointment"": 0, ""disapproval"": 1, ""disgust"": 4, ""embarrassment"": 0, ""excitement"": 0, ""fear"": 0, ""gratitude"": 0, ""grief"": 0, ""joy"": 0, ""love"": 0, ""nervousness"": 0, ""optimism"": 0, ""pride"": 0, ""realization"": 0, ""relief"": 0, ""remorse"": 0, ""sadness"": 0, ""surprise"": 0, ""neutral"": 0}",4,5,0.8,0
824,neutral,neutral,disapproval,Because it was a common age for women to be engaged and married at that time.,"{""admiration"": 0, ""amusement"": 0, ""anger"": 0, ""annoyance"": 0, ""approval"": 0, ""caring"": 0, ""confusion"": 0, ""curiosity"": 0, ""desire"": 0, ""disappointment"": 0, ""disapproval"": 5, ""disgust"": 0, ""embarrassment"": 0, ""excitement"": 0, ""fear"": 0, ""gratitude"": 0, ""grief"": 0, ""joy"": 0, ""love"": 0, ""nervousness"": 0, ""optimism"": 0, ""pride"": 0, ""realization"": 0, ""relief"": 0, ""remorse"": 0, ""sadness"": 0, ""surprise"": 0, ""neutral"": 0}",5,5,1.0,0
825,neutral,neutral,disgust,Vaccines turk err jerbs!,"{""admiration"": 0, ""amusement"": 0, ""anger"": 1, ""annoyance"": 0, ""approval"": 0, ""caring"": 0, ""confusion"": 0, ""curiosity"": 0, ""desire"": 0, ""disappointment"": 0, ""disapproval"": 0, ""disgust"": 4, ""embarrassment"": 0, ""excitement"": 0, ""fear"": 0, ""gratitude"": 0, ""grief"": 0, ""joy"": 0, ""love"": 0, ""nervousness"": 0, ""optimism"": 0, ""pride"": 0, ""realization"": 0, ""relief"": 0, ""remorse"": 0, ""sadness"": 0, ""surprise"": 0, ""neutral"": 0}",4,5,0.8,0
826,amusement,amusement,amusement,My bio is pretty funny... I got ‘If you’re a Catfish then you’ll be charged a call out fee of £120.49’,"{""admiration"": 0, ""amusement"": 4, ""anger"": 0, ""annoyance"": 0, ""approval"": 0, ""caring"": 0, ""confusion"": 0, ""curiosity"": 0, ""desire"": 0, ""disappointment"": 0, ""disapproval"": 0, ""disgust"": 1, ""embarrassment"": 0, ""excitement"": 0, ""fear"": 0, ""gratitude"": 0, ""grief"": 0, ""joy"": 0, ""love"": 0, ""nervousness"": 0, ""optimism"": 0, ""pride"": 0, ""realization"": 0, ""relief"": 0, ""remorse"": 0, ""sadness"": 0, ""surprise"": 0, ""neutral"": 0}",4,5,0.8,1
827,curiosity,curiosity,disgust,Was that an airbag at your legs/feet area?,"{""admiration"": 0, ""amusement"": 0, ""anger"": 0, ""annoyance"": 0, ""approval"": 0, ""caring"": 0, ""confusion"": 0, ""curiosity"": 0, ""desire"": 0, ""disappointment"": 0, ""disapproval"": 0, ""disgust"": 5, ""embarrassment"": 0, ""excitement"": 0, ""fear"": 0, ""gratitude"": 0, ""grief"": 0, ""joy"": 0, ""love"": 0, ""nervousness"": 0, ""optimism"": 0, ""pride"": 0, ""realization"": 0, ""relief"": 0, ""remorse"": 0, ""sadness"": 0, ""surprise"": 0, ""neutral"": 0}",5,5,1.0,0
828,neutral,neutral,anger,I was pretty pissed when [NAME] was hired for exactly that reason but he at least had worked with [NAME] before,"{""admiration"": 0, ""amusement"": 0, ""anger"": 5, ""annoyance"": 0, ""approval"": 0, ""caring"": 0, ""confusion"": 0, ""curiosity"": 0, ""desire"": 0, ""disappointment"": 0, ""disapproval"": 0, ""disgust"": 0, ""embarrassment"": 0, ""excitement"": 0, ""fear"": 0, ""gratitude"": 0, ""grief"": 0, ""joy"": 0, ""love"": 0, ""nervousness"": 0, ""optimism"": 0, ""pride"": 0, ""realization"": 0, ""relief"": 0, ""remorse"": 0, ""sadness"": 0, ""surprise"": 0, ""neutral"": 0}",5,5,1.0,0
829,approval,approval,disgust,No no. totally justified,"{""admiration"": 0, ""amusement"": 0, ""anger"": 1, ""annoyance"": 0, ""approval"": 0, ""caring"": 0, ""confusion"": 0, ""curiosity"": 0, ""desire"": 0, ""disappointment"": 0, ""disapproval"": 0, ""disgust"": 3, ""embarrassment"": 0, ""excitement"": 0, ""fear"": 0, ""gratitude"": 0, ""grief"": 0, ""joy"": 0, ""love"": 0, ""nervousness"": 0, ""optimism"": 0, ""pride"": 0, ""realization"": 0, ""relief"": 0, ""remorse"": 1, ""sadness"": 0, ""surprise"": 0, ""neutral"": 0}",3,5,0.6,0
830,anger,anger,anger,No you are providing more than enough evidence. Post histories do exist. Now fuck off.,"{""admiration"": 0, ""amusement"": 0, ""anger"": 3, ""annoyance"": 0, ""approval"": 0, ""caring"": 0, ""confusion"": 0, ""curiosity"": 0, ""desire"": 0, ""disappointment"": 0, ""disapproval"": 0, ""disgust"": 2, ""embarrassment"": 0, ""excitement"": 0, ""fear"": 0, ""gratitude"": 0, ""grief"": 0, ""joy"": 0, ""love"": 0, ""nervousness"": 0, ""optimism"": 0, ""pride"": 0, ""realization"": 0, ""relief"": 0, ""remorse"": 0, ""sadness"": 0, ""surprise"": 0, ""neutral"": 0}",3,5,0.6,1
831,anger,anger,anger,The sea was angry that day my friends...,"{""admiration"": 0, ""amusement"": 0, ""anger"": 4, ""annoyance"": 0, ""approval"": 0, ""caring"": 0, ""confusion"": 0, ""curiosity"": 0, ""desire"": 0, ""disappointment"": 0, ""disapproval"": 0, ""disgust"": 1, ""embarrassment"": 0, ""excitement"": 0, ""fear"": 0, ""gratitude"": 0, ""grief"": 0, ""joy"": 0, ""love"": 0, ""nervousness"": 0, ""optimism"": 0, ""pride"": 0, ""realization"": 0, ""relief"": 0, ""remorse"": 0, ""sadness"": 0, ""surprise"": 0, ""neutral"": 0}",4,5,0.8,1
832,neutral,neutral,disapproval,If you don't enjoy watching sonicfox compete can you really be a fan of the competitive scene?,"{""admiration"": 0, ""amusement"": 0, ""anger"": 0, ""annoyance"": 0, ""approval"": 0, ""caring"": 0, ""confusion"": 0, ""curiosity"": 0, ""desire"": 0, ""disappointment"": 0, ""disapproval"": 4, ""disgust"": 1, ""embarrassment"": 0, ""excitement"": 0, ""fear"": 0, ""gratitude"": 0, ""grief"": 0, ""joy"": 0, ""love"": 0, ""nervousness"": 0, ""optimism"": 0, ""pride"": 0, ""realization"": 0, ""relief"": 0, ""remorse"": 0, ""sadness"": 0, ""surprise"": 0, ""neutral"": 0}",4,5,0.8,0
833,remorse,remorse,remorse,I’m so sorry the internet has inconvenienced you,"{""admiration"": 0, ""amusement"": 0, ""anger"": 0, ""annoyance"": 0, ""approval"": 0, ""caring"": 0, ""confusion"": 0, ""curiosity"": 0, ""desire"": 0, ""disappointment"": 0, ""disapproval"": 0, ""disgust"": 2, ""embarrassment"": 0, ""excitement"": 0, ""fear"": 0, ""gratitude"": 0, ""grief"": 0, ""joy"": 0, ""love"": 0, ""nervousness"": 0, ""optimism"": 0, ""pride"": 0, ""realization"": 0, ""relief"": 0, ""remorse"": 3, ""sadness"": 0, ""surprise"": 0, ""neutral"": 0}",3,5,0.6,1
834,anger,anger|curiosity,disgust,"I pose you this question, ""How do you know [RELIGION] is not the right religion?""","{""admiration"": 0, ""amusement"": 0, ""anger"": 0, ""annoyance"": 0, ""approval"": 0, ""caring"": 0, ""confusion"": 0, ""curiosity"": 0, ""desire"": 0, ""disappointment"": 0, ""disapproval"": 1, ""disgust"": 4, ""embarrassment"": 0, ""excitement"": 0, ""fear"": 0, ""gratitude"": 0, ""grief"": 0, ""joy"": 0, ""love"": 0, ""nervousness"": 0, ""optimism"": 0, ""pride"": 0, ""realization"": 0, ""relief"": 0, ""remorse"": 0, ""sadness"": 0, ""surprise"": 0, ""neutral"": 0}",4,5,0.8,0
835,neutral,neutral,disgust,>Pri*toiletries*,"{""admiration"": 0, ""amusement"": 0, ""anger"": 0, ""annoyance"": 0, ""approval"": 0, ""caring"": 0, ""confusion"": 0, ""curiosity"": 0, ""desire"": 0, ""disappointment"": 0, ""disapproval"": 0, ""disgust"": 5, ""embarrassment"": 0, ""excitement"": 0, ""fear"": 0, ""gratitude"": 0, ""grief"": 0, ""joy"": 0, ""love"": 0, ""nervousness"": 0, ""optimism"": 0, ""pride"": 0, ""realization"": 0, ""relief"": 0, ""remorse"": 0, ""sadness"": 0, ""surprise"": 0, ""neutral"": 0}",5,5,1.0,0
836,curiosity,curiosity,disappointment,Can you please update me! I'm in the exact position! 24FHL with 21MLL,"{""admiration"": 0, ""amusement"": 0, ""anger"": 0, ""annoyance"": 0, ""approval"": 0, ""caring"": 0, ""confusion"": 0, ""curiosity"": 0, ""desire"": 0, ""disappointment"": 2, ""disapproval"": 1, ""disgust"": 2, ""embarrassment"": 0, ""excitement"": 0, ""fear"": 0, ""gratitude"": 0, ""grief"": 0, ""joy"": 0, ""love"": 0, ""nervousness"": 0, ""optimism"": 0, ""pride"": 0, ""realization"": 0, ""relief"": 0, ""remorse"": 0, ""sadness"": 0, ""surprise"": 0, ""neutral"": 0}",2,5,0.4,0
837,anger,anger,disgust,I don’t like [NAME] in the slightest but I hate [NAME] even more. Get her Belcalis,"{""admiration"": 0, ""amusement"": 0, ""anger"": 0, ""annoyance"": 0, ""approval"": 0, ""caring"": 0, ""confusion"": 0, ""curiosity"": 0, ""desire"": 0, ""disappointment"": 0, ""disapproval"": 0, ""disgust"": 5, ""embarrassment"": 0, ""excitement"": 0, ""fear"": 0, ""gratitude"": 0, ""grief"": 0, ""joy"": 0, ""love"": 0, ""nervousness"": 0, ""optimism"": 0, ""pride"": 0, ""realization"": 0, ""relief"": 0, ""remorse"": 0, ""sadness"": 0, ""surprise"": 0, ""neutral"": 0}",5,5,1.0,0
838,neutral,neutral,disapproval,So you're saying [NAME] doesn't have a personal vendetta against me?,"{""admiration"": 0, ""amusement"": 0, ""anger"": 0, ""annoyance"": 0, ""approval"": 0, ""caring"": 0, ""confusion"": 0, ""curiosity"": 0, ""desire"": 0, ""disappointment"": 0, ""disapproval"": 4, ""disgust"": 1, ""embarrassment"": 0, ""excitement"": 0, ""fear"": 0, ""gratitude"": 0, ""grief"": 0, ""joy"": 0, ""love"": 0, ""nervousness"": 0, ""optimism"": 0, ""pride"": 0, ""realization"": 0, ""relief"": 0, ""remorse"": 0, ""sadness"": 0, ""surprise"": 0, ""neutral"": 0}",4,5,0.8,0
839,anger,anger,disgust,You shut your mouth,"{""admiration"": 0, ""amusement"": 0, ""anger"": 1, ""annoyance"": 0, ""approval"": 0, ""caring"": 0, ""confusion"": 0, ""curiosity"": 0, ""desire"": 0, ""disappointment"": 0, ""disapproval"": 0, ""disgust"": 4, ""embarrassment"": 0, ""excitement"": 0, ""fear"": 0, ""gratitude"": 0, ""grief"": 0, ""joy"": 0, ""love"": 0, ""nervousness"": 0, ""optimism"": 0, ""pride"": 0, ""realization"": 0, ""relief"": 0, ""remorse"": 0, ""sadness"": 0, ""surprise"": 0, ""neutral"": 0}",4,5,0.8,0
840,disapproval,disapproval,surprise,Was not expecting that spongebob reference,"{""admiration"": 0, ""amusement"": 1, ""anger"": 0, ""annoyance"": 0, ""approval"": 0, ""caring"": 0, ""confusion"": 1, ""curiosity"": 0, ""desire"": 0, ""disappointment"": 0, ""disapproval"": 0, ""disgust"": 0, ""embarrassment"": 0, ""excitement"": 0, ""fear"": 0, ""gratitude"": 0, ""grief"": 0, ""joy"": 0, ""love"": 0, ""nervousness"": 0, ""optimism"": 0, ""pride"": 0, ""realization"": 0, ""relief"": 0, ""remorse"": 0, ""sadness"": 0, ""surprise"": 3, ""neutral"": 0}",3,5,0.6,0
841,disgust,disgust,disgust,This is one of the worst I've seen...,"{""admiration"": 0, ""amusement"": 0, ""anger"": 0, ""annoyance"": 0, ""approval"": 0, ""caring"": 0, ""confusion"": 0, ""curiosity"": 0, ""desire"": 0, ""disappointment"": 0, ""disapproval"": 1, ""disgust"": 4, ""embarrassment"": 0, ""excitement"": 0, ""fear"": 0, ""gratitude"": 0, ""grief"": 0, ""joy"": 0, ""love"": 0, ""nervousness"": 0, ""optimism"": 0, ""pride"": 0, ""realization"": 0, ""relief"": 0, ""remorse"": 0, ""sadness"": 0, ""surprise"": 0, ""neutral"": 0}",4,5,0.8,1
842,disapproval,disapproval,disapproval,> It’s generally viewed upon as being one of the worst [NAME] games ever made. No it isn't. Source that claim.,"{""admiration"": 0, ""amusement"": 0, ""anger"": 0, ""annoyance"": 0, ""approval"": 0, ""caring"": 0, ""confusion"": 0, ""curiosity"": 0, ""desire"": 0, ""disappointment"": 0, ""disapproval"": 5, ""disgust"": 0, ""embarrassment"": 0, ""excitement"": 0, ""fear"": 0, ""gratitude"": 0, ""grief"": 0, ""joy"": 0, ""love"": 0, ""nervousness"": 0, ""optimism"": 0, ""pride"": 0, ""realization"": 0, ""relief"": 0, ""remorse"": 0, ""sadness"": 0, ""surprise"": 0, ""neutral"": 0}",5,5,1.0,1
843,admiration,admiration,admiration,22s. Good save. Doing [NAME] work.,"{""admiration"": 5, ""amusement"": 0, ""anger"": 0, ""annoyance"": 0, ""approval"": 0, ""caring"": 0, ""confusion"": 0, ""curiosity"": 0, ""desire"": 0, ""disappointment"": 0, ""disapproval"": 0, ""disgust"": 0, ""embarrassment"": 0, ""excitement"": 0, ""fear"": 0, ""gratitude"": 0, ""grief"": 0, ""joy"": 0, ""love"": 0, ""nervousness"": 0, ""optimism"": 0, ""pride"": 0, ""realization"": 0, ""relief"": 0, ""remorse"": 0, ""sadness"": 0, ""surprise"": 0, ""neutral"": 0}",5,5,1.0,1
844,admiration,admiration|gratitude,disgust,They are new but got over 100 reviews in less than a month so I'm assuming they are just slammed. Thanks for the input,"{""admiration"": 0, ""amusement"": 0, ""anger"": 0, ""annoyance"": 0, ""approval"": 0, ""caring"": 0, ""confusion"": 0, ""curiosity"": 0, ""desire"": 0, ""disappointment"": 0, ""disapproval"": 2, ""disgust"": 3, ""embarrassment"": 0, ""excitement"": 0, ""fear"": 0, ""gratitude"": 0, ""grief"": 0, ""joy"": 0, ""love"": 0, ""nervousness"": 0, ""optimism"": 0, ""pride"": 0, ""realization"": 0, ""relief"": 0, ""remorse"": 0, ""sadness"": 0, ""surprise"": 0, ""neutral"": 0}",3,5,0.6,0
845,neutral,neutral,disgust,"Thanks for further justifying my support for Tulsi, Daily Gross.","{""admiration"": 0, ""amusement"": 0, ""anger"": 0, ""annoyance"": 0, ""approval"": 0, ""caring"": 0, ""confusion"": 0, ""curiosity"": 0, ""desire"": 0, ""disappointment"": 0, ""disapproval"": 1, ""disgust"": 4, ""embarrassment"": 0, ""excitement"": 0, ""fear"": 0, ""gratitude"": 0, ""grief"": 0, ""joy"": 0, ""love"": 0, ""nervousness"": 0, ""optimism"": 0, ""pride"": 0, ""realization"": 0, ""relief"": 0, ""remorse"": 0, ""sadness"": 0, ""surprise"": 0, ""neutral"": 0}",4,5,0.8,0
846,disappointment,disappointment|neutral,disgust,Humanity is doomed,"{""admiration"": 0, ""amusement"": 0, ""anger"": 0, ""annoyance"": 0, ""approval"": 0, ""caring"": 0, ""confusion"": 0, ""curiosity"": 0, ""desire"": 0, ""disappointment"": 0, ""disapproval"": 0, ""disgust"": 5, ""embarrassment"": 0, ""excitement"": 0, ""fear"": 0, ""gratitude"": 0, ""grief"": 0, ""joy"": 0, ""love"": 0, ""nervousness"": 0, ""optimism"": 0, ""pride"": 0, ""realization"": 0, ""relief"": 0, ""remorse"": 0, ""sadness"": 0, ""surprise"": 0, ""neutral"": 0}",5,5,1.0,0
847,approval,approval,neutral,I really relate to this.,"{""admiration"": 1, ""amusement"": 0, ""anger"": 0, ""annoyance"": 0, ""approval"": 0, ""caring"": 0, ""confusion"": 0, ""curiosity"": 0, ""desire"": 0, ""disappointment"": 0, ""disapproval"": 0, ""disgust"": 0, ""embarrassment"": 0, ""excitement"": 0, ""fear"": 0, ""gratitude"": 0, ""grief"": 0, ""joy"": 0, ""love"": 0, ""nervousness"": 0, ""optimism"": 0, ""pride"": 0, ""realization"": 0, ""relief"": 0, ""remorse"": 0, ""sadness"": 0, ""surprise"": 0, ""neutral"": 2}",2,5,0.4,0
848,optimism,optimism|surprise,surprise,"It would be a surprise to be sure, but a welcome one.","{""admiration"": 0, ""amusement"": 0, ""anger"": 0, ""annoyance"": 0, ""approval"": 0, ""caring"": 0, ""confusion"": 0, ""curiosity"": 0, ""desire"": 0, ""disappointment"": 0, ""disapproval"": 0, ""disgust"": 0, ""embarrassment"": 0, ""excitement"": 0, ""fear"": 0, ""gratitude"": 0, ""grief"": 0, ""joy"": 0, ""love"": 0, ""nervousness"": 0, ""optimism"": 0, ""pride"": 0, ""realization"": 0, ""relief"": 0, ""remorse"": 0, ""sadness"": 0, ""surprise"": 5, ""neutral"": 0}",5,5,1.0,1
849,amusement,amusement|gratitude,amusement,you're hilarious. Thanks for the entertainment this morning.,"{""admiration"": 0, ""amusement"": 5, ""anger"": 0, ""annoyance"": 0, ""approval"": 0, ""caring"": 0, ""confusion"": 0, ""curiosity"": 0, ""desire"": 0, ""disappointment"": 0, ""disapproval"": 0, ""disgust"": 0, ""embarrassment"": 0, ""excitement"": 0, ""fear"": 0, ""gratitude"": 0, ""grief"": 0, ""joy"": 0, ""love"": 0, ""nervousness"": 0, ""optimism"": 0, ""pride"": 0, ""realization"": 0, ""relief"": 0, ""remorse"": 0, ""sadness"": 0, ""surprise"": 0, ""neutral"": 0}",5,5,1.0,1
850,neutral,neutral,disgust,Is that [NAME]?,"{""admiration"": 1, ""amusement"": 0, ""anger"": 0, ""annoyance"": 0, ""approval"": 0, ""caring"": 0, ""confusion"": 0, ""curiosity"": 0, ""desire"": 0, ""disappointment"": 0, ""disapproval"": 0, ""disgust"": 2, ""embarrassment"": 0, ""excitement"": 0, ""fear"": 0, ""gratitude"": 0, ""grief"": 0, ""joy"": 0, ""love"": 0, ""nervousness"": 0, ""optimism"": 0, ""pride"": 0, ""realization"": 0, ""relief"": 0, ""remorse"": 0, ""sadness"": 0, ""surprise"": 0, ""neutral"": 2}",2,5,0.4,0
851,neutral,neutral,disgust,"I woulda ""sneezed"" with my drink in my hand and launched it right behind me","{""admiration"": 0, ""amusement"": 0, ""anger"": 0, ""annoyance"": 0, ""approval"": 0, ""caring"": 0, ""confusion"": 0, ""curiosity"": 0, ""desire"": 0, ""disappointment"": 0, ""disapproval"": 0, ""disgust"": 5, ""embarrassment"": 0, ""excitement"": 0, ""fear"": 0, ""gratitude"": 0, ""grief"": 0, ""joy"": 0, ""love"": 0, ""nervousness"": 0, ""optimism"": 0, ""pride"": 0, ""realization"": 0, ""relief"": 0, ""remorse"": 0, ""sadness"": 0, ""surprise"": 0, ""neutral"": 0}",5,5,1.0,0
852,anger,anger|love,love,Man I love this team. No I hate this team. No I love this team!,"{""admiration"": 0, ""amusement"": 0, ""anger"": 0, ""annoyance"": 0, ""approval"": 0, ""caring"": 0, ""confusion"": 0, ""curiosity"": 0, ""desire"": 0, ""disappointment"": 0, ""disapproval"": 0, ""disgust"": 1, ""embarrassment"": 0, ""excitement"": 0, ""fear"": 0, ""gratitude"": 0, ""grief"": 0, ""joy"": 0, ""love"": 4, ""nervousness"": 0, ""optimism"": 0, ""pride"": 0, ""realization"": 0, ""relief"": 0, ""remorse"": 0, ""sadness"": 0, ""surprise"": 0, ""neutral"": 0}",4,5,0.8,1
853,annoyance,annoyance,disgust,"Just borrow against your 401k, it would be stupid not to. Unless you plan to retire in hell.","{""admiration"": 0, ""amusement"": 0, ""anger"": 2, ""annoyance"": 0, ""approval"": 0, ""caring"": 0, ""confusion"": 0, ""curiosity"": 0, ""desire"": 0, ""disappointment"": 0, ""disapproval"": 0, ""disgust"": 3, ""embarrassment"": 0, ""excitement"": 0, ""fear"": 0, ""gratitude"": 0, ""grief"": 0, ""joy"": 0, ""love"": 0, ""nervousness"": 0, ""optimism"": 0, ""pride"": 0, ""realization"": 0, ""relief"": 0, ""remorse"": 0, ""sadness"": 0, ""surprise"": 0, ""neutral"": 0}",3,5,0.6,0
854,annoyance,annoyance|disapproval,disgust,"Psst, your spoiler tag is busted. Don't leave spaces between the ! and your text.","{""admiration"": 0, ""amusement"": 0, ""anger"": 0, ""annoyance"": 0, ""approval"": 0, ""caring"": 0, ""confusion"": 0, ""curiosity"": 0, ""desire"": 0, ""disappointment"": 0, ""disapproval"": 1, ""disgust"": 4, ""embarrassment"": 0, ""excitement"": 0, ""fear"": 0, ""gratitude"": 0, ""grief"": 0, ""joy"": 0, ""love"": 0, ""nervousness"": 0, ""optimism"": 0, ""pride"": 0, ""realization"": 0, ""relief"": 0, ""remorse"": 0, ""sadness"": 0, ""surprise"": 0, ""neutral"": 0}",4,5,0.8,0
855,neutral,neutral,admiration,Highgate Hill! Close to westend and has a lot of cute houses. :),"{""admiration"": 4, ""amusement"": 1, ""anger"": 0, ""annoyance"": 0, ""approval"": 0, ""caring"": 0, ""confusion"": 0, ""curiosity"": 0, ""desire"": 0, ""disappointment"": 0, ""disapproval"": 0, ""disgust"": 0, ""embarrassment"": 0, ""excitement"": 0, ""fear"": 0, ""gratitude"": 0, ""grief"": 0, ""joy"": 0, ""love"": 0, ""nervousness"": 0, ""optimism"": 0, ""pride"": 0, ""realization"": 0, ""relief"": 0, ""remorse"": 0, ""sadness"": 0, ""surprise"": 0, ""neutral"": 0}",4,5,0.8,0
856,annoyance,annoyance,disgust,Jealousy is unbecoming,"{""admiration"": 0, ""amusement"": 0, ""anger"": 0, ""annoyance"": 0, ""approval"": 0, ""caring"": 0, ""confusion"": 0, ""curiosity"": 0, ""desire"": 0, ""disappointment"": 0, ""disapproval"": 0, ""disgust"": 3, ""embarrassment"": 0, ""excitement"": 0, ""fear"": 0, ""gratitude"": 0, ""grief"": 0, ""joy"": 0, ""love"": 0, ""nervousness"": 0, ""optimism"": 0, ""pride"": 0, ""realization"": 0, ""relief"": 0, ""remorse"": 0, ""sadness"": 0, ""surprise"": 0, ""neutral"": 0}",3,5,0.6,0
857,neutral,neutral,disgust,She’s had her ass pounded before.,"{""admiration"": 0, ""amusement"": 0, ""anger"": 0, ""annoyance"": 0, ""approval"": 0, ""caring"": 0, ""confusion"": 0, ""curiosity"": 0, ""desire"": 0, ""disappointment"": 0, ""disapproval"": 0, ""disgust"": 5, ""embarrassment"": 0, ""excitement"": 0, ""fear"": 0, ""gratitude"": 0, ""grief"": 0, ""joy"": 0, ""love"": 0, ""nervousness"": 0, ""optimism"": 0, ""pride"": 0, ""realization"": 0, ""relief"": 0, ""remorse"": 0, ""sadness"": 0, ""surprise"": 0, ""neutral"": 0}",5,5,1.0,0
858,surprise,surprise,disappointment,OMG... Dad!,"{""admiration"": 0, ""amusement"": 0, ""anger"": 0, ""annoyance"": 0, ""approval"": 0, ""caring"": 0, ""confusion"": 0, ""curiosity"": 0, ""desire"": 0, ""disappointment"": 3, ""disapproval"": 0, ""disgust"": 1, ""embarrassment"": 0, ""excitement"": 0, ""fear"": 0, ""gratitude"": 0, ""grief"": 0, ""joy"": 0, ""love"": 0, ""nervousness"": 0, ""optimism"": 0, ""pride"": 0, ""realization"": 0, ""relief"": 0, ""remorse"": 0, ""sadness"": 0, ""surprise"": 1, ""neutral"": 0}",3,5,0.6,0
859,approval,approval|optimism,neutral,Pretty sure it was New Orleans.,"{""admiration"": 0, ""amusement"": 0, ""anger"": 0, ""annoyance"": 0, ""approval"": 0, ""caring"": 0, ""confusion"": 0, ""curiosity"": 0, ""desire"": 0, ""disappointment"": 2, ""disapproval"": 0, ""disgust"": 0, ""embarrassment"": 0, ""excitement"": 0, ""fear"": 0, ""gratitude"": 0, ""grief"": 0, ""joy"": 0, ""love"": 0, ""nervousness"": 0, ""optimism"": 0, ""pride"": 0, ""realization"": 0, ""relief"": 0, ""remorse"": 0, ""sadness"": 0, ""surprise"": 0, ""neutral"": 3}",3,5,0.6,0
860,curiosity,curiosity,curiosity,Whats your height and weight out of curiosity?,"{""admiration"": 0, ""amusement"": 0, ""anger"": 0, ""annoyance"": 0, ""approval"": 0, ""caring"": 0, ""confusion"": 0, ""curiosity"": 5, ""desire"": 0, ""disappointment"": 0, ""disapproval"": 0, ""disgust"": 0, ""embarrassment"": 0, ""excitement"": 0, ""fear"": 0, ""gratitude"": 0, ""grief"": 0, ""joy"": 0, ""love"": 0, ""nervousness"": 0, ""optimism"": 0, ""pride"": 0, ""realization"": 0, ""relief"": 0, ""remorse"": 0, ""sadness"": 0, ""surprise"": 0, ""neutral"": 0}",5,5,1.0,1
861,sadness,sadness,disgust,My friends that were badly injured from the first fight. Read my backstory comment.,"{""admiration"": 0, ""amusement"": 0, ""anger"": 0, ""annoyance"": 0, ""approval"": 0, ""caring"": 0, ""confusion"": 0, ""curiosity"": 0, ""desire"": 0, ""disappointment"": 0, ""disapproval"": 0, ""disgust"": 4, ""embarrassment"": 0, ""excitement"": 0, ""fear"": 0, ""gratitude"": 0, ""grief"": 0, ""joy"": 0, ""love"": 0, ""nervousness"": 0, ""optimism"": 0, ""pride"": 0, ""realization"": 0, ""relief"": 0, ""remorse"": 0, ""sadness"": 1, ""surprise"": 0, ""neutral"": 0}",4,5,0.8,0
862,caring,caring,sadness,I’m starting to worry that [NAME] is not okay,"{""admiration"": 0, ""amusement"": 0, ""anger"": 0, ""annoyance"": 0, ""approval"": 0, ""caring"": 0, ""confusion"": 0, ""curiosity"": 0, ""desire"": 0, ""disappointment"": 1, ""disapproval"": 0, ""disgust"": 0, ""embarrassment"": 0, ""excitement"": 0, ""fear"": 0, ""gratitude"": 0, ""grief"": 0, ""joy"": 0, ""love"": 0, ""nervousness"": 0, ""optimism"": 0, ""pride"": 0, ""realization"": 0, ""relief"": 0, ""remorse"": 0, ""sadness"": 4, ""surprise"": 0, ""neutral"": 0}",4,5,0.8,0
863,amusement,amusement,amusement,"Red, Green, Blue. It's like a Christmas tree Edit: lol","{""admiration"": 0, ""amusement"": 5, ""anger"": 0, ""annoyance"": 0, ""approval"": 0, ""caring"": 0, ""confusion"": 0, ""curiosity"": 0, ""desire"": 0, ""disappointment"": 0, ""disapproval"": 0, ""disgust"": 0, ""embarrassment"": 0, ""excitement"": 0, ""fear"": 0, ""gratitude"": 0, ""grief"": 0, ""joy"": 0, ""love"": 0, ""nervousness"": 0, ""optimism"": 0, ""pride"": 0, ""realization"": 0, ""relief"": 0, ""remorse"": 0, ""sadness"": 0, ""surprise"": 0, ""neutral"": 0}",5,5,1.0,1
864,approval,approval,amusement,Nah I think you're just feeling confident because you got a slamming deal on those clothes! I would feel the same way!,"{""admiration"": 0, ""amusement"": 3, ""anger"": 0, ""annoyance"": 0, ""approval"": 0, ""caring"": 0, ""confusion"": 0, ""curiosity"": 0, ""desire"": 0, ""disappointment"": 0, ""disapproval"": 2, ""disgust"": 0, ""embarrassment"": 0, ""excitement"": 0, ""fear"": 0, ""gratitude"": 0, ""grief"": 0, ""joy"": 0, ""love"": 0, ""nervousness"": 0, ""optimism"": 0, ""pride"": 0, ""realization"": 0, ""relief"": 0, ""remorse"": 0, ""sadness"": 0, ""surprise"": 0, ""neutral"": 0}",3,5,0.6,0
865,gratitude,gratitude,joy,I'm glad I could contribute some positivity! All the best to you and your kids!,"{""admiration"": 1, ""amusement"": 0, ""anger"": 0, ""annoyance"": 0, ""approval"": 1, ""caring"": 0, ""confusion"": 0, ""curiosity"": 0, ""desire"": 0, ""disappointment"": 0, ""disapproval"": 0, ""disgust"": 0, ""embarrassment"": 0, ""excitement"": 0, ""fear"": 0, ""gratitude"": 0, ""grief"": 0, ""joy"": 2, ""love"": 1, ""nervousness"": 0, ""optimism"": 0, ""pride"": 0, ""realization"": 0, ""relief"": 0, ""remorse"": 0, ""sadness"": 0, ""surprise"": 0, ""neutral"": 0}",2,5,0.4,0
866,curiosity,curiosity|neutral,disgust,Also op I have my associates on top of my bachelors? Whatchu mean,"{""admiration"": 0, ""amusement"": 0, ""anger"": 0, ""annoyance"": 0, ""approval"": 0, ""caring"": 0, ""confusion"": 0, ""curiosity"": 0, ""desire"": 0, ""disappointment"": 0, ""disapproval"": 2, ""disgust"": 3, ""embarrassment"": 0, ""excitement"": 0, ""fear"": 0, ""gratitude"": 0, ""grief"": 0, ""joy"": 0, ""love"": 0, ""nervousness"": 0, ""optimism"": 0, ""pride"": 0, ""realization"": 0, ""relief"": 0, ""remorse"": 0, ""sadness"": 0, ""surprise"": 0, ""neutral"": 0}",3,5,0.6,0
867,neutral,neutral,disgust,"I hear that if you say you aren't doing something, when you do it, you're not actually doing it.","{""admiration"": 0, ""amusement"": 0, ""anger"": 0, ""annoyance"": 0, ""approval"": 0, ""caring"": 0, ""confusion"": 0, ""curiosity"": 0, ""desire"": 0, ""disappointment"": 0, ""disapproval"": 0, ""disgust"": 4, ""embarrassment"": 0, ""excitement"": 0, ""fear"": 0, ""gratitude"": 0, ""grief"": 0, ""joy"": 0, ""love"": 0, ""nervousness"": 0, ""optimism"": 0, ""pride"": 0, ""realization"": 0, ""relief"": 0, ""remorse"": 1, ""sadness"": 0, ""surprise"": 0, ""neutral"": 0}",4,5,0.8,0
868,love,love,ABSTAIN,Not a fan of Hot Space. I like one song on there and that's Under Pressure.,"{""admiration"": 0, ""amusement"": 0, ""anger"": 0, ""annoyance"": 0, ""approval"": 0, ""caring"": 0, ""confusion"": 0, ""curiosity"": 0, ""desire"": 0, ""disappointment"": 0, ""disapproval"": 0, ""disgust"": 0, ""embarrassment"": 0, ""excitement"": 0, ""fear"": 0, ""gratitude"": 0, ""grief"": 0, ""joy"": 0, ""love"": 0, ""nervousness"": 0, ""optimism"": 0, ""pride"": 0, ""realization"": 0, ""relief"": 0, ""remorse"": 0, ""sadness"": 0, ""surprise"": 0, ""neutral"": 0}",0,5,0.0,0
869,anger,anger,disgust,Talk about an oldddd school shit coin.,"{""admiration"": 0, ""amusement"": 0, ""anger"": 0, ""annoyance"": 0, ""approval"": 0, ""caring"": 0, ""confusion"": 0, ""curiosity"": 0, ""desire"": 0, ""disappointment"": 0, ""disapproval"": 0, ""disgust"": 5, ""embarrassment"": 0, ""excitement"": 0, ""fear"": 0, ""gratitude"": 0, ""grief"": 0, ""joy"": 0, ""love"": 0, ""nervousness"": 0, ""optimism"": 0, ""pride"": 0, ""realization"": 0, ""relief"": 0, ""remorse"": 0, ""sadness"": 0, ""surprise"": 0, ""neutral"": 0}",5,5,1.0,0
870,admiration,admiration,approval,"Oh no! No, there was nothing wrong in your comment. I appreciate you taking the time! ","{""admiration"": 0, ""amusement"": 0, ""anger"": 0, ""annoyance"": 0, ""approval"": 3, ""caring"": 0, ""confusion"": 0, ""curiosity"": 0, ""desire"": 0, ""disappointment"": 0, ""disapproval"": 0, ""disgust"": 0, ""embarrassment"": 0, ""excitement"": 0, ""fear"": 0, ""gratitude"": 2, ""grief"": 0, ""joy"": 0, ""love"": 0, ""nervousness"": 0, ""optimism"": 0, ""pride"": 0, ""realization"": 0, ""relief"": 0, ""remorse"": 0, ""sadness"": 0, ""surprise"": 0, ""neutral"": 0}",3,5,0.6,0
871,annoyance,annoyance,disgust,"I have no objection to nudity, but why is this a thing? So dumb. ","{""admiration"": 0, ""amusement"": 0, ""anger"": 0, ""annoyance"": 0, ""approval"": 0, ""caring"": 0, ""confusion"": 0, ""curiosity"": 0, ""desire"": 0, ""disappointment"": 0, ""disapproval"": 0, ""disgust"": 5, ""embarrassment"": 0, ""excitement"": 0, ""fear"": 0, ""gratitude"": 0, ""grief"": 0, ""joy"": 0, ""love"": 0, ""nervousness"": 0, ""optimism"": 0, ""pride"": 0, ""realization"": 0, ""relief"": 0, ""remorse"": 0, ""sadness"": 0, ""surprise"": 0, ""neutral"": 0}",5,5,1.0,0
872,neutral,neutral,neutral,"For games starting at 7, the bus was leaving the hotel around 4:30, I think.","{""admiration"": 0, ""amusement"": 0, ""anger"": 0, ""annoyance"": 0, ""approval"": 0, ""caring"": 0, ""confusion"": 0, ""curiosity"": 0, ""desire"": 0, ""disappointment"": 1, ""disapproval"": 0, ""disgust"": 0, ""embarrassment"": 0, ""excitement"": 0, ""fear"": 0, ""gratitude"": 0, ""grief"": 0, ""joy"": 0, ""love"": 0, ""nervousness"": 0, ""optimism"": 0, ""pride"": 0, ""realization"": 0, ""relief"": 0, ""remorse"": 0, ""sadness"": 0, ""surprise"": 0, ""neutral"": 4}",4,5,0.8,1
873,annoyance,annoyance,disgust,The other cop left a fucking animal ordinance notice on his patio chair,"{""admiration"": 0, ""amusement"": 0, ""anger"": 0, ""annoyance"": 0, ""approval"": 0, ""caring"": 0, ""confusion"": 0, ""curiosity"": 0, ""desire"": 0, ""disappointment"": 0, ""disapproval"": 0, ""disgust"": 5, ""embarrassment"": 0, ""excitement"": 0, ""fear"": 0, ""gratitude"": 0, ""grief"": 0, ""joy"": 0, ""love"": 0, ""nervousness"": 0, ""optimism"": 0, ""pride"": 0, ""realization"": 0, ""relief"": 0, ""remorse"": 0, ""sadness"": 0, ""surprise"": 0, ""neutral"": 0}",5,5,1.0,0
874,gratitude,gratitude|love,admiration,Thanks for this.😊 I like to learn new things. #experiencematters **Themoreyouknow**🌈 ,"{""admiration"": 2, ""amusement"": 0, ""anger"": 0, ""annoyance"": 0, ""approval"": 0, ""caring"": 0, ""confusion"": 0, ""curiosity"": 0, ""desire"": 0, ""disappointment"": 0, ""disapproval"": 0, ""disgust"": 0, ""embarrassment"": 0, ""excitement"": 0, ""fear"": 0, ""gratitude"": 0, ""grief"": 0, ""joy"": 1, ""love"": 1, ""nervousness"": 0, ""optimism"": 1, ""pride"": 0, ""realization"": 0, ""relief"": 0, ""remorse"": 0, ""sadness"": 0, ""surprise"": 0, ""neutral"": 0}",2,5,0.4,0
875,anger,anger,disgust,Fuck the haters [NAME] > Everybody,"{""admiration"": 1, ""amusement"": 0, ""anger"": 0, ""annoyance"": 0, ""approval"": 0, ""caring"": 0, ""confusion"": 0, ""curiosity"": 0, ""desire"": 0, ""disappointment"": 0, ""disapproval"": 0, ""disgust"": 2, ""embarrassment"": 0, ""excitement"": 0, ""fear"": 0, ""gratitude"": 0, ""grief"": 0, ""joy"": 0, ""love"": 0, ""nervousness"": 0, ""optimism"": 0, ""pride"": 0, ""realization"": 0, ""relief"": 0, ""remorse"": 0, ""sadness"": 0, ""surprise"": 0, ""neutral"": 0}",2,5,0.4,0
876,disappointment,disappointment|sadness,disappointment,Don't know how that was missed. Tragic really. Considering the title.,"{""admiration"": 0, ""amusement"": 0, ""anger"": 0, ""annoyance"": 0, ""approval"": 0, ""caring"": 0, ""confusion"": 0, ""curiosity"": 0, ""desire"": 0, ""disappointment"": 5, ""disapproval"": 0, ""disgust"": 0, ""embarrassment"": 0, ""excitement"": 0, ""fear"": 0, ""gratitude"": 0, ""grief"": 0, ""joy"": 0, ""love"": 0, ""nervousness"": 0, ""optimism"": 0, ""pride"": 0, ""realization"": 0, ""relief"": 0, ""remorse"": 0, ""sadness"": 0, ""surprise"": 0, ""neutral"": 0}",5,5,1.0,1
877,admiration,admiration|gratitude,approval,"Hm, I haven’t heard that opinion before but it sounds good. Thanks for the advice!","{""admiration"": 0, ""amusement"": 0, ""anger"": 0, ""annoyance"": 0, ""approval"": 5, ""caring"": 0, ""confusion"": 0, ""curiosity"": 0, ""desire"": 0, ""disappointment"": 0, ""disapproval"": 0, ""disgust"": 0, ""embarrassment"": 0, ""excitement"": 0, ""fear"": 0, ""gratitude"": 0, ""grief"": 0, ""joy"": 0, ""love"": 0, ""nervousness"": 0, ""optimism"": 0, ""pride"": 0, ""realization"": 0, ""relief"": 0, ""remorse"": 0, ""sadness"": 0, ""surprise"": 0, ""neutral"": 0}",5,5,1.0,0
878,neutral,neutral,admiration,"I will then be singing ""The hills are alive with the sound of music.""","{""admiration"": 3, ""amusement"": 0, ""anger"": 0, ""annoyance"": 0, ""approval"": 0, ""caring"": 0, ""confusion"": 0, ""curiosity"": 0, ""desire"": 0, ""disappointment"": 0, ""disapproval"": 0, ""disgust"": 0, ""embarrassment"": 0, ""excitement"": 0, ""fear"": 0, ""gratitude"": 0, ""grief"": 0, ""joy"": 0, ""love"": 1, ""nervousness"": 0, ""optimism"": 0, ""pride"": 0, ""realization"": 0, ""relief"": 0, ""remorse"": 0, ""sadness"": 0, ""surprise"": 0, ""neutral"": 1}",3,5,0.6,0
879,confusion,confusion,disgust,Why am I seeing this everywhere now? This wasn't in my vocabulary last week.,"{""admiration"": 0, ""amusement"": 0, ""anger"": 0, ""annoyance"": 0, ""approval"": 0, ""caring"": 0, ""confusion"": 1, ""curiosity"": 0, ""desire"": 0, ""disappointment"": 0, ""disapproval"": 0, ""disgust"": 4, ""embarrassment"": 0, ""excitement"": 0, ""fear"": 0, ""gratitude"": 0, ""grief"": 0, ""joy"": 0, ""love"": 0, ""nervousness"": 0, ""optimism"": 0, ""pride"": 0, ""realization"": 0, ""relief"": 0, ""remorse"": 0, ""sadness"": 0, ""surprise"": 0, ""neutral"": 0}",4,5,0.8,0
880,neutral,neutral,disgust,i think people are just getting more and more fed up with playing against him,"{""admiration"": 0, ""amusement"": 0, ""anger"": 0, ""annoyance"": 0, ""approval"": 0, ""caring"": 0, ""confusion"": 0, ""curiosity"": 0, ""desire"": 0, ""disappointment"": 0, ""disapproval"": 0, ""disgust"": 5, ""embarrassment"": 0, ""excitement"": 0, ""fear"": 0, ""gratitude"": 0, ""grief"": 0, ""joy"": 0, ""love"": 0, ""nervousness"": 0, ""optimism"": 0, ""pride"": 0, ""realization"": 0, ""relief"": 0, ""remorse"": 0, ""sadness"": 0, ""surprise"": 0, ""neutral"": 0}",5,5,1.0,0
881,admiration,admiration,admiration,"Everyone's probs already said it, but lats and chest, legs are big quad energy. Keep up the good work","{""admiration"": 3, ""amusement"": 0, ""anger"": 0, ""annoyance"": 0, ""approval"": 0, ""caring"": 0, ""confusion"": 0, ""curiosity"": 0, ""desire"": 0, ""disappointment"": 0, ""disapproval"": 0, ""disgust"": 0, ""embarrassment"": 0, ""excitement"": 0, ""fear"": 0, ""gratitude"": 0, ""grief"": 0, ""joy"": 1, ""love"": 0, ""nervousness"": 0, ""optimism"": 1, ""pride"": 0, ""realization"": 0, ""relief"": 0, ""remorse"": 0, ""sadness"": 0, ""surprise"": 0, ""neutral"": 0}",3,5,0.6,1
882,admiration,admiration,amusement,nice!! I'll try this one,"{""admiration"": 0, ""amusement"": 5, ""anger"": 0, ""annoyance"": 0, ""approval"": 0, ""caring"": 0, ""confusion"": 0, ""curiosity"": 0, ""desire"": 0, ""disappointment"": 0, ""disapproval"": 0, ""disgust"": 0, ""embarrassment"": 0, ""excitement"": 0, ""fear"": 0, ""gratitude"": 0, ""grief"": 0, ""joy"": 0, ""love"": 0, ""nervousness"": 0, ""optimism"": 0, ""pride"": 0, ""realization"": 0, ""relief"": 0, ""remorse"": 0, ""sadness"": 0, ""surprise"": 0, ""neutral"": 0}",5,5,1.0,0
883,curiosity,curiosity,neutral,So kinda like an assistant? Interesting,"{""admiration"": 0, ""amusement"": 0, ""anger"": 0, ""annoyance"": 0, ""approval"": 0, ""caring"": 0, ""confusion"": 0, ""curiosity"": 0, ""desire"": 0, ""disappointment"": 0, ""disapproval"": 0, ""disgust"": 0, ""embarrassment"": 0, ""excitement"": 0, ""fear"": 0, ""gratitude"": 0, ""grief"": 0, ""joy"": 0, ""love"": 0, ""nervousness"": 0, ""optimism"": 0, ""pride"": 0, ""realization"": 0, ""relief"": 0, ""remorse"": 0, ""sadness"": 0, ""surprise"": 1, ""neutral"": 4}",4,5,0.8,0
884,neutral,neutral,disgust,fat people want to be oppressed so badly. I guess it's because they need an excuse to emotionally eat.,"{""admiration"": 0, ""amusement"": 0, ""anger"": 0, ""annoyance"": 0, ""approval"": 0, ""caring"": 0, ""confusion"": 0, ""curiosity"": 0, ""desire"": 0, ""disappointment"": 0, ""disapproval"": 0, ""disgust"": 5, ""embarrassment"": 0, ""excitement"": 0, ""fear"": 0, ""gratitude"": 0, ""grief"": 0, ""joy"": 0, ""love"": 0, ""nervousness"": 0, ""optimism"": 0, ""pride"": 0, ""realization"": 0, ""relief"": 0, ""remorse"": 0, ""sadness"": 0, ""surprise"": 0, ""neutral"": 0}",5,5,1.0,0
885,anger,anger,disgust,What the hell was that,"{""admiration"": 0, ""amusement"": 0, ""anger"": 1, ""annoyance"": 0, ""approval"": 0, ""caring"": 0, ""confusion"": 0, ""curiosity"": 0, ""desire"": 0, ""disappointment"": 0, ""disapproval"": 0, ""disgust"": 4, ""embarrassment"": 0, ""excitement"": 0, ""fear"": 0, ""gratitude"": 0, ""grief"": 0, ""joy"": 0, ""love"": 0, ""nervousness"": 0, ""optimism"": 0, ""pride"": 0, ""realization"": 0, ""relief"": 0, ""remorse"": 0, ""sadness"": 0, ""surprise"": 0, ""neutral"": 0}",4,5,0.8,0
886,caring,caring|neutral,disgust,I hope you are not living in Australia. That heat has been killing Masturbators left and right.,"{""admiration"": 0, ""amusement"": 0, ""anger"": 0, ""annoyance"": 0, ""approval"": 0, ""caring"": 0, ""confusion"": 0, ""curiosity"": 0, ""desire"": 0, ""disappointment"": 0, ""disapproval"": 0, ""disgust"": 5, ""embarrassment"": 0, ""excitement"": 0, ""fear"": 0, ""gratitude"": 0, ""grief"": 0, ""joy"": 0, ""love"": 0, ""nervousness"": 0, ""optimism"": 0, ""pride"": 0, ""realization"": 0, ""relief"": 0, ""remorse"": 0, ""sadness"": 0, ""surprise"": 0, ""neutral"": 0}",5,5,1.0,0
887,love,love,disgust,I just love that this is appropriate for football now/again. #FuckLA,"{""admiration"": 0, ""amusement"": 0, ""anger"": 0, ""annoyance"": 0, ""approval"": 0, ""caring"": 0, ""confusion"": 0, ""curiosity"": 0, ""desire"": 0, ""disappointment"": 0, ""disapproval"": 0, ""disgust"": 5, ""embarrassment"": 0, ""excitement"": 0, ""fear"": 0, ""gratitude"": 0, ""grief"": 0, ""joy"": 0, ""love"": 0, ""nervousness"": 0, ""optimism"": 0, ""pride"": 0, ""realization"": 0, ""relief"": 0, ""remorse"": 0, ""sadness"": 0, ""surprise"": 0, ""neutral"": 0}",5,5,1.0,0
888,joy,joy,amusement,i'm enjoying this so much,"{""admiration"": 0, ""amusement"": 5, ""anger"": 0, ""annoyance"": 0, ""approval"": 0, ""caring"": 0, ""confusion"": 0, ""curiosity"": 0, ""desire"": 0, ""disappointment"": 0, ""disapproval"": 0, ""disgust"": 0, ""embarrassment"": 0, ""excitement"": 0, ""fear"": 0, ""gratitude"": 0, ""grief"": 0, ""joy"": 0, ""love"": 0, ""nervousness"": 0, ""optimism"": 0, ""pride"": 0, ""realization"": 0, ""relief"": 0, ""remorse"": 0, ""sadness"": 0, ""surprise"": 0, ""neutral"": 0}",5,5,1.0,0
889,anger,anger,disgust,i feel like slapping /s after everything sucks the fun out. it's not my fault people are autistic.... /s,"{""admiration"": 0, ""amusement"": 0, ""anger"": 0, ""annoyance"": 0, ""approval"": 0, ""caring"": 0, ""confusion"": 0, ""curiosity"": 0, ""desire"": 0, ""disappointment"": 0, ""disapproval"": 0, ""disgust"": 5, ""embarrassment"": 0, ""excitement"": 0, ""fear"": 0, ""gratitude"": 0, ""grief"": 0, ""joy"": 0, ""love"": 0, ""nervousness"": 0, ""optimism"": 0, ""pride"": 0, ""realization"": 0, ""relief"": 0, ""remorse"": 0, ""sadness"": 0, ""surprise"": 0, ""neutral"": 0}",5,5,1.0,0
890,annoyance,annoyance|disapproval,remorse,My cousin is coming back as interim exec chef this week until we get a new chef. If you are my cousin the answer is NO!,"{""admiration"": 0, ""amusement"": 0, ""anger"": 1, ""annoyance"": 0, ""approval"": 0, ""caring"": 0, ""confusion"": 0, ""curiosity"": 0, ""desire"": 0, ""disappointment"": 0, ""disapproval"": 1, ""disgust"": 1, ""embarrassment"": 0, ""excitement"": 0, ""fear"": 0, ""gratitude"": 0, ""grief"": 0, ""joy"": 0, ""love"": 0, ""nervousness"": 0, ""optimism"": 0, ""pride"": 0, ""realization"": 0, ""relief"": 0, ""remorse"": 2, ""sadness"": 0, ""surprise"": 0, ""neutral"": 0}",2,5,0.4,0
891,neutral,neutral,disgust,That's where cap 2 sleeps. Leave it be,"{""admiration"": 0, ""amusement"": 0, ""anger"": 0, ""annoyance"": 0, ""approval"": 0, ""caring"": 0, ""confusion"": 0, ""curiosity"": 0, ""desire"": 0, ""disappointment"": 0, ""disapproval"": 0, ""disgust"": 3, ""embarrassment"": 0, ""excitement"": 0, ""fear"": 0, ""gratitude"": 0, ""grief"": 0, ""joy"": 0, ""love"": 0, ""nervousness"": 0, ""optimism"": 0, ""pride"": 0, ""realization"": 0, ""relief"": 0, ""remorse"": 1, ""sadness"": 0, ""surprise"": 0, ""neutral"": 1}",3,5,0.6,0
892,gratitude,gratitude,disgust,"""Thanks for showing me your red flags within the first 10 seconds of interaction.""","{""admiration"": 0, ""amusement"": 0, ""anger"": 0, ""annoyance"": 0, ""approval"": 0, ""caring"": 0, ""confusion"": 0, ""curiosity"": 0, ""desire"": 0, ""disappointment"": 0, ""disapproval"": 0, ""disgust"": 4, ""embarrassment"": 0, ""excitement"": 0, ""fear"": 0, ""gratitude"": 0, ""grief"": 0, ""joy"": 0, ""love"": 0, ""nervousness"": 0, ""optimism"": 0, ""pride"": 0, ""realization"": 0, ""relief"": 0, ""remorse"": 0, ""sadness"": 0, ""surprise"": 0, ""neutral"": 0}",4,5,0.8,0
893,anger,anger,anger,NEVER RUNNING FROM A REAL FIGHT!,"{""admiration"": 0, ""amusement"": 0, ""anger"": 5, ""annoyance"": 0, ""approval"": 0, ""caring"": 0, ""confusion"": 0, ""curiosity"": 0, ""desire"": 0, ""disappointment"": 0, ""disapproval"": 0, ""disgust"": 0, ""embarrassment"": 0, ""excitement"": 0, ""fear"": 0, ""gratitude"": 0, ""grief"": 0, ""joy"": 0, ""love"": 0, ""nervousness"": 0, ""optimism"": 0, ""pride"": 0, ""realization"": 0, ""relief"": 0, ""remorse"": 0, ""sadness"": 0, ""surprise"": 0, ""neutral"": 0}",5,5,1.0,1
894,neutral,neutral,disgust,Furry and scaly damn,"{""admiration"": 0, ""amusement"": 0, ""anger"": 0, ""annoyance"": 0, ""approval"": 0, ""caring"": 0, ""confusion"": 0, ""curiosity"": 0, ""desire"": 0, ""disappointment"": 0, ""disapproval"": 0, ""disgust"": 5, ""embarrassment"": 0, ""excitement"": 0, ""fear"": 0, ""gratitude"": 0, ""grief"": 0, ""joy"": 0, ""love"": 0, ""nervousness"": 0, ""optimism"": 0, ""pride"": 0, ""realization"": 0, ""relief"": 0, ""remorse"": 0, ""sadness"": 0, ""surprise"": 0, ""neutral"": 0}",5,5,1.0,0
895,confusion,confusion,confusion,Are you saying the ones who suffer most are billionaire psychopaths? I’m confused by the wording.,"{""admiration"": 0, ""amusement"": 0, ""anger"": 0, ""annoyance"": 0, ""approval"": 0, ""caring"": 0, ""confusion"": 5, ""curiosity"": 0, ""desire"": 0, ""disappointment"": 0, ""disapproval"": 0, ""disgust"": 0, ""embarrassment"": 0, ""excitement"": 0, ""fear"": 0, ""gratitude"": 0, ""grief"": 0, ""joy"": 0, ""love"": 0, ""nervousness"": 0, ""optimism"": 0, ""pride"": 0, ""realization"": 0, ""relief"": 0, ""remorse"": 0, ""sadness"": 0, ""surprise"": 0, ""neutral"": 0}",5,5,1.0,1
896,admiration,admiration,disgust,"Wow, that's crazy. Ever tried DMT? ","{""admiration"": 0, ""amusement"": 0, ""anger"": 0, ""annoyance"": 0, ""approval"": 0, ""caring"": 0, ""confusion"": 0, ""curiosity"": 0, ""desire"": 0, ""disappointment"": 0, ""disapproval"": 0, ""disgust"": 5, ""embarrassment"": 0, ""excitement"": 0, ""fear"": 0, ""gratitude"": 0, ""grief"": 0, ""joy"": 0, ""love"": 0, ""nervousness"": 0, ""optimism"": 0, ""pride"": 0, ""realization"": 0, ""relief"": 0, ""remorse"": 0, ""sadness"": 0, ""surprise"": 0, ""neutral"": 0}",5,5,1.0,0
897,optimism,optimism,remorse,"You shouldn't be so hard on yourself. Just relax, take a deep breath, let the blood flow. Everything's going to be fine.","{""admiration"": 0, ""amusement"": 0, ""anger"": 0, ""annoyance"": 0, ""approval"": 0, ""caring"": 0, ""confusion"": 0, ""curiosity"": 0, ""desire"": 0, ""disappointment"": 0, ""disapproval"": 0, ""disgust"": 0, ""embarrassment"": 0, ""excitement"": 0, ""fear"": 0, ""gratitude"": 0, ""grief"": 0, ""joy"": 0, ""love"": 0, ""nervousness"": 0, ""optimism"": 0, ""pride"": 0, ""realization"": 0, ""relief"": 0, ""remorse"": 5, ""sadness"": 0, ""surprise"": 0, ""neutral"": 0}",5,5,1.0,0
898,joy,joy,admiration,Ooh you made them?! Awesome!! I hope you enjoyed them. 5 cheeses sounds like a great decision.,"{""admiration"": 4, ""amusement"": 1, ""anger"": 0, ""annoyance"": 0, ""approval"": 0, ""caring"": 0, ""confusion"": 0, ""curiosity"": 0, ""desire"": 0, ""disappointment"": 0, ""disapproval"": 0, ""disgust"": 0, ""embarrassment"": 0, ""excitement"": 0, ""fear"": 0, ""gratitude"": 0, ""grief"": 0, ""joy"": 0, ""love"": 0, ""nervousness"": 0, ""optimism"": 0, ""pride"": 0, ""realization"": 0, ""relief"": 0, ""remorse"": 0, ""sadness"": 0, ""surprise"": 0, ""neutral"": 0}",4,5,0.8,0
899,disapproval,disapproval,disgust,I hate people,"{""admiration"": 0, ""amusement"": 0, ""anger"": 2, ""annoyance"": 0, ""approval"": 0, ""caring"": 0, ""confusion"": 0, ""curiosity"": 0, ""desire"": 0, ""disappointment"": 0, ""disapproval"": 0, ""disgust"": 3, ""embarrassment"": 0, ""excitement"": 0, ""fear"": 0, ""gratitude"": 0, ""grief"": 0, ""joy"": 0, ""love"": 0, ""nervousness"": 0, ""optimism"": 0, ""pride"": 0, ""realization"": 0, ""relief"": 0, ""remorse"": 0, ""sadness"": 0, ""surprise"": 0, ""neutral"": 0}",3,5,0.6,0
900,surprise,surprise,disgust,Same reaction I had last week when I learned that [NAME] was once engaged to [NAME].,"{""admiration"": 0, ""amusement"": 0, ""anger"": 0, ""annoyance"": 0, ""approval"": 0, ""caring"": 0, ""confusion"": 0, ""curiosity"": 0, ""desire"": 0, ""disappointment"": 0, ""disapproval"": 0, ""disgust"": 4, ""embarrassment"": 0, ""excitement"": 0, ""fear"": 0, ""gratitude"": 0, ""grief"": 0, ""joy"": 0, ""love"": 0, ""nervousness"": 0, ""optimism"": 0, ""pride"": 0, ""realization"": 0, ""relief"": 0, ""remorse"": 1, ""sadness"": 0, ""surprise"": 0, ""neutral"": 0}",4,5,0.8,0
901,caring,caring,disappointment,Break ups are hard. Hope you feel better.,"{""admiration"": 0, ""amusement"": 0, ""anger"": 0, ""annoyance"": 0, ""approval"": 0, ""caring"": 0, ""confusion"": 0, ""curiosity"": 0, ""desire"": 0, ""disappointment"": 5, ""disapproval"": 0, ""disgust"": 0, ""embarrassment"": 0, ""excitement"": 0, ""fear"": 0, ""gratitude"": 0, ""grief"": 0, ""joy"": 0, ""love"": 0, ""nervousness"": 0, ""optimism"": 0, ""pride"": 0, ""realization"": 0, ""relief"": 0, ""remorse"": 0, ""sadness"": 0, ""surprise"": 0, ""neutral"": 0}",5,5,1.0,0
902,disapproval,disapproval|neutral,disgust,We can’t have that,"{""admiration"": 0, ""amusement"": 0, ""anger"": 0, ""annoyance"": 0, ""approval"": 0, ""caring"": 0, ""confusion"": 0, ""curiosity"": 0, ""desire"": 0, ""disappointment"": 2, ""disapproval"": 0, ""disgust"": 3, ""embarrassment"": 0, ""excitement"": 0, ""fear"": 0, ""gratitude"": 0, ""grief"": 0, ""joy"": 0, ""love"": 0, ""nervousness"": 0, ""optimism"": 0, ""pride"": 0, ""realization"": 0, ""relief"": 0, ""remorse"": 0, ""sadness"": 0, ""surprise"": 0, ""neutral"": 0}",3,5,0.6,0
903,curiosity,curiosity,curiosity,> Out of curiosity have you read The Great Partnership by Lord Rabbi [NAME]? I have not. But I do listen to his parsha podcast.,"{""admiration"": 0, ""amusement"": 0, ""anger"": 0, ""annoyance"": 0, ""approval"": 0, ""caring"": 0, ""confusion"": 0, ""curiosity"": 5, ""desire"": 0, ""disappointment"": 0, ""disapproval"": 0, ""disgust"": 0, ""embarrassment"": 0, ""excitement"": 0, ""fear"": 0, ""gratitude"": 0, ""grief"": 0, ""joy"": 0, ""love"": 0, ""nervousness"": 0, ""optimism"": 0, ""pride"": 0, ""realization"": 0, ""relief"": 0, ""remorse"": 0, ""sadness"": 0, ""surprise"": 0, ""neutral"": 0}",5,5,1.0,1
904,admiration,admiration,disgust,He's not my type but [NAME] is handsome AF. /s,"{""admiration"": 0, ""amusement"": 0, ""anger"": 0, ""annoyance"": 0, ""approval"": 0, ""caring"": 0, ""confusion"": 0, ""curiosity"": 0, ""desire"": 0, ""disappointment"": 0, ""disapproval"": 0, ""disgust"": 4, ""embarrassment"": 0, ""excitement"": 0, ""fear"": 0, ""gratitude"": 0, ""grief"": 0, ""joy"": 0, ""love"": 0, ""nervousness"": 0, ""optimism"": 0, ""pride"": 0, ""realization"": 0, ""relief"": 0, ""remorse"": 0, ""sadness"": 0, ""surprise"": 0, ""neutral"": 0}",4,5,0.8,0
905,neutral,neutral,disgust,The description of the cut marks that KZ gave in MaM sounds as if a sawz-all was used.,"{""admiration"": 0, ""amusement"": 0, ""anger"": 0, ""annoyance"": 0, ""approval"": 0, ""caring"": 0, ""confusion"": 0, ""curiosity"": 0, ""desire"": 0, ""disappointment"": 0, ""disapproval"": 0, ""disgust"": 5, ""embarrassment"": 0, ""excitement"": 0, ""fear"": 0, ""gratitude"": 0, ""grief"": 0, ""joy"": 0, ""love"": 0, ""nervousness"": 0, ""optimism"": 0, ""pride"": 0, ""realization"": 0, ""relief"": 0, ""remorse"": 0, ""sadness"": 0, ""surprise"": 0, ""neutral"": 0}",5,5,1.0,0
906,admiration,admiration|optimism,approval,So I did. Good call.,"{""admiration"": 1, ""amusement"": 0, ""anger"": 0, ""annoyance"": 0, ""approval"": 3, ""caring"": 0, ""confusion"": 0, ""curiosity"": 0, ""desire"": 0, ""disappointment"": 0, ""disapproval"": 0, ""disgust"": 1, ""embarrassment"": 0, ""excitement"": 0, ""fear"": 0, ""gratitude"": 0, ""grief"": 0, ""joy"": 0, ""love"": 0, ""nervousness"": 0, ""optimism"": 0, ""pride"": 0, ""realization"": 0, ""relief"": 0, ""remorse"": 0, ""sadness"": 0, ""surprise"": 0, ""neutral"": 0}",3,5,0.6,0
907,neutral,neutral,disappointment,The complete series is on Hulu just finished watching it. Definitely recommend,"{""admiration"": 0, ""amusement"": 0, ""anger"": 0, ""annoyance"": 0, ""approval"": 0, ""caring"": 0, ""confusion"": 0, ""curiosity"": 0, ""desire"": 0, ""disappointment"": 2, ""disapproval"": 1, ""disgust"": 0, ""embarrassment"": 0, ""excitement"": 0, ""fear"": 0, ""gratitude"": 0, ""grief"": 0, ""joy"": 0, ""love"": 0, ""nervousness"": 0, ""optimism"": 0, ""pride"": 0, ""realization"": 0, ""relief"": 0, ""remorse"": 0, ""sadness"": 0, ""surprise"": 0, ""neutral"": 0}",2,5,0.4,0
908,amusement,amusement,disgust,"I know you're joking, but there are people here either stupid or desperate enough to believe and perpetuate such idiocy. ","{""admiration"": 0, ""amusement"": 0, ""anger"": 0, ""annoyance"": 0, ""approval"": 0, ""caring"": 0, ""confusion"": 0, ""curiosity"": 0, ""desire"": 0, ""disappointment"": 0, ""disapproval"": 0, ""disgust"": 5, ""embarrassment"": 0, ""excitement"": 0, ""fear"": 0, ""gratitude"": 0, ""grief"": 0, ""joy"": 0, ""love"": 0, ""nervousness"": 0, ""optimism"": 0, ""pride"": 0, ""realization"": 0, ""relief"": 0, ""remorse"": 0, ""sadness"": 0, ""surprise"": 0, ""neutral"": 0}",5,5,1.0,0
909,neutral,neutral,disgust,Nah the highest voted stories on nosleep these days are about sexual abuse or something along those lines,"{""admiration"": 0, ""amusement"": 0, ""anger"": 0, ""annoyance"": 0, ""approval"": 0, ""caring"": 0, ""confusion"": 0, ""curiosity"": 0, ""desire"": 0, ""disappointment"": 0, ""disapproval"": 0, ""disgust"": 5, ""embarrassment"": 0, ""excitement"": 0, ""fear"": 0, ""gratitude"": 0, ""grief"": 0, ""joy"": 0, ""love"": 0, ""nervousness"": 0, ""optimism"": 0, ""pride"": 0, ""realization"": 0, ""relief"": 0, ""remorse"": 0, ""sadness"": 0, ""surprise"": 0, ""neutral"": 0}",5,5,1.0,0
910,confusion,confusion|curiosity,disgust,Won’t Molotovs create more waste?,"{""admiration"": 0, ""amusement"": 0, ""anger"": 0, ""annoyance"": 0, ""approval"": 0, ""caring"": 0, ""confusion"": 0, ""curiosity"": 0, ""desire"": 0, ""disappointment"": 0, ""disapproval"": 0, ""disgust"": 5, ""embarrassment"": 0, ""excitement"": 0, ""fear"": 0, ""gratitude"": 0, ""grief"": 0, ""joy"": 0, ""love"": 0, ""nervousness"": 0, ""optimism"": 0, ""pride"": 0, ""realization"": 0, ""relief"": 0, ""remorse"": 0, ""sadness"": 0, ""surprise"": 0, ""neutral"": 0}",5,5,1.0,0
911,admiration,admiration,admiration,Uffda. What a hero.,"{""admiration"": 5, ""amusement"": 0, ""anger"": 0, ""annoyance"": 0, ""approval"": 0, ""caring"": 0, ""confusion"": 0, ""curiosity"": 0, ""desire"": 0, ""disappointment"": 0, ""disapproval"": 0, ""disgust"": 0, ""embarrassment"": 0, ""excitement"": 0, ""fear"": 0, ""gratitude"": 0, ""grief"": 0, ""joy"": 0, ""love"": 0, ""nervousness"": 0, ""optimism"": 0, ""pride"": 0, ""realization"": 0, ""relief"": 0, ""remorse"": 0, ""sadness"": 0, ""surprise"": 0, ""neutral"": 0}",5,5,1.0,1
912,desire,desire,disappointment,"Watching a friend go through her wedding made me decide to marry at city hall. I wanted a marriage, but not a wedding. ","{""admiration"": 0, ""amusement"": 0, ""anger"": 0, ""annoyance"": 0, ""approval"": 0, ""caring"": 0, ""confusion"": 0, ""curiosity"": 0, ""desire"": 0, ""disappointment"": 2, ""disapproval"": 1, ""disgust"": 2, ""embarrassment"": 0, ""excitement"": 0, ""fear"": 0, ""gratitude"": 0, ""grief"": 0, ""joy"": 0, ""love"": 0, ""nervousness"": 0, ""optimism"": 0, ""pride"": 0, ""realization"": 0, ""relief"": 0, ""remorse"": 0, ""sadness"": 0, ""surprise"": 0, ""neutral"": 0}",2,5,0.4,0
913,surprise,surprise,disgust,Wow they got them [NAME]? Those US agents are some lucky guys,"{""admiration"": 1, ""amusement"": 0, ""anger"": 0, ""annoyance"": 0, ""approval"": 0, ""caring"": 0, ""confusion"": 0, ""curiosity"": 0, ""desire"": 0, ""disappointment"": 0, ""disapproval"": 0, ""disgust"": 4, ""embarrassment"": 0, ""excitement"": 0, ""fear"": 0, ""gratitude"": 0, ""grief"": 0, ""joy"": 0, ""love"": 0, ""nervousness"": 0, ""optimism"": 0, ""pride"": 0, ""realization"": 0, ""relief"": 0, ""remorse"": 0, ""sadness"": 0, ""surprise"": 0, ""neutral"": 0}",4,5,0.8,0
914,curiosity,curiosity|neutral,confusion,Before telling you anything....what exactly do you want out of this?,"{""admiration"": 0, ""amusement"": 0, ""anger"": 0, ""annoyance"": 0, ""approval"": 0, ""caring"": 0, ""confusion"": 2, ""curiosity"": 0, ""desire"": 0, ""disappointment"": 0, ""disapproval"": 0, ""disgust"": 0, ""embarrassment"": 0, ""excitement"": 0, ""fear"": 0, ""gratitude"": 0, ""grief"": 0, ""joy"": 0, ""love"": 0, ""nervousness"": 0, ""optimism"": 0, ""pride"": 0, ""realization"": 0, ""relief"": 0, ""remorse"": 0, ""sadness"": 0, ""surprise"": 0, ""neutral"": 2}",2,5,0.4,0
915,approval,approval,disappointment,OP is just a kid. Let's just move on.,"{""admiration"": 0, ""amusement"": 0, ""anger"": 0, ""annoyance"": 0, ""approval"": 0, ""caring"": 0, ""confusion"": 0, ""curiosity"": 0, ""desire"": 0, ""disappointment"": 2, ""disapproval"": 2, ""disgust"": 0, ""embarrassment"": 0, ""excitement"": 0, ""fear"": 0, ""gratitude"": 0, ""grief"": 0, ""joy"": 0, ""love"": 0, ""nervousness"": 0, ""optimism"": 0, ""pride"": 0, ""realization"": 0, ""relief"": 0, ""remorse"": 1, ""sadness"": 0, ""surprise"": 0, ""neutral"": 0}",2,5,0.4,0
916,disappointment,disappointment,disgust,Idiots are downvoting your correct comment.,"{""admiration"": 0, ""amusement"": 0, ""anger"": 1, ""annoyance"": 0, ""approval"": 0, ""caring"": 0, ""confusion"": 0, ""curiosity"": 0, ""desire"": 0, ""disappointment"": 0, ""disapproval"": 0, ""disgust"": 4, ""embarrassment"": 0, ""excitement"": 0, ""fear"": 0, ""gratitude"": 0, ""grief"": 0, ""joy"": 0, ""love"": 0, ""nervousness"": 0, ""optimism"": 0, ""pride"": 0, ""realization"": 0, ""relief"": 0, ""remorse"": 0, ""sadness"": 0, ""surprise"": 0, ""neutral"": 0}",4,5,0.8,0
917,admiration,admiration,admiration,You’re an inspiration,"{""admiration"": 5, ""amusement"": 0, ""anger"": 0, ""annoyance"": 0, ""approval"": 0, ""caring"": 0, ""confusion"": 0, ""curiosity"": 0, ""desire"": 0, ""disappointment"": 0, ""disapproval"": 0, ""disgust"": 0, ""embarrassment"": 0, ""excitement"": 0, ""fear"": 0, ""gratitude"": 0, ""grief"": 0, ""joy"": 0, ""love"": 0, ""nervousness"": 0, ""optimism"": 0, ""pride"": 0, ""realization"": 0, ""relief"": 0, ""remorse"": 0, ""sadness"": 0, ""surprise"": 0, ""neutral"": 0}",5,5,1.0,1
918,neutral,neutral,disgust,I've probably put a couple hundred miles on my space saver tire. It's still on there right now.,"{""admiration"": 0, ""amusement"": 0, ""anger"": 0, ""annoyance"": 0, ""approval"": 0, ""caring"": 0, ""confusion"": 0, ""curiosity"": 0, ""desire"": 0, ""disappointment"": 0, ""disapproval"": 0, ""disgust"": 5, ""embarrassment"": 0, ""excitement"": 0, ""fear"": 0, ""gratitude"": 0, ""grief"": 0, ""joy"": 0, ""love"": 0, ""nervousness"": 0, ""optimism"": 0, ""pride"": 0, ""realization"": 0, ""relief"": 0, ""remorse"": 0, ""sadness"": 0, ""surprise"": 0, ""neutral"": 0}",5,5,1.0,0
919,admiration,admiration,admiration,Most athletic play [NAME] ever made. Wow,"{""admiration"": 5, ""amusement"": 0, ""anger"": 0, ""annoyance"": 0, ""approval"": 0, ""caring"": 0, ""confusion"": 0, ""curiosity"": 0, ""desire"": 0, ""disappointment"": 0, ""disapproval"": 0, ""disgust"": 0, ""embarrassment"": 0, ""excitement"": 0, ""fear"": 0, ""gratitude"": 0, ""grief"": 0, ""joy"": 0, ""love"": 0, ""nervousness"": 0, ""optimism"": 0, ""pride"": 0, ""realization"": 0, ""relief"": 0, ""remorse"": 0, ""sadness"": 0, ""surprise"": 0, ""neutral"": 0}",5,5,1.0,1
920,annoyance,annoyance,anger,"Does that idiot not realize he's roasting himself by calling [NAME] a bad lawyer? You worked with him for a decade, moron.","{""admiration"": 0, ""amusement"": 0, ""anger"": 4, ""annoyance"": 0, ""approval"": 0, ""caring"": 0, ""confusion"": 0, ""curiosity"": 0, ""desire"": 0, ""disappointment"": 0, ""disapproval"": 0, ""disgust"": 1, ""embarrassment"": 0, ""excitement"": 0, ""fear"": 0, ""gratitude"": 0, ""grief"": 0, ""joy"": 0, ""love"": 0, ""nervousness"": 0, ""optimism"": 0, ""pride"": 0, ""realization"": 0, ""relief"": 0, ""remorse"": 0, ""sadness"": 0, ""surprise"": 0, ""neutral"": 0}",4,5,0.8,0
921,curiosity,curiosity,caring,"Ok, care to elaborate on what your mysterious link is?","{""admiration"": 0, ""amusement"": 0, ""anger"": 0, ""annoyance"": 0, ""approval"": 0, ""caring"": 3, ""confusion"": 0, ""curiosity"": 0, ""desire"": 0, ""disappointment"": 0, ""disapproval"": 0, ""disgust"": 2, ""embarrassment"": 0, ""excitement"": 0, ""fear"": 0, ""gratitude"": 0, ""grief"": 0, ""joy"": 0, ""love"": 0, ""nervousness"": 0, ""optimism"": 0, ""pride"": 0, ""realization"": 0, ""relief"": 0, ""remorse"": 0, ""sadness"": 0, ""surprise"": 0, ""neutral"": 0}",3,5,0.6,0
922,neutral,neutral,ABSTAIN,"ahh bro I jerk off to [NAME], does that make me a future murderer or torture enthusiast in waiting? didn't even know!","{""admiration"": 0, ""amusement"": 0, ""anger"": 0, ""annoyance"": 0, ""approval"": 0, ""caring"": 0, ""confusion"": 0, ""curiosity"": 0, ""desire"": 0, ""disappointment"": 0, ""disapproval"": 0, ""disgust"": 0, ""embarrassment"": 0, ""excitement"": 0, ""fear"": 0, ""gratitude"": 0, ""grief"": 0, ""joy"": 0, ""love"": 0, ""nervousness"": 0, ""optimism"": 0, ""pride"": 0, ""realization"": 0, ""relief"": 0, ""remorse"": 0, ""sadness"": 0, ""surprise"": 0, ""neutral"": 0}",0,5,0.0,0
923,admiration,admiration|love,love,I love this! It's nice to hear of a positive outcome on here.,"{""admiration"": 0, ""amusement"": 0, ""anger"": 0, ""annoyance"": 0, ""approval"": 0, ""caring"": 0, ""confusion"": 0, ""curiosity"": 0, ""desire"": 0, ""disappointment"": 0, ""disapproval"": 0, ""disgust"": 0, ""embarrassment"": 0, ""excitement"": 0, ""fear"": 0, ""gratitude"": 0, ""grief"": 0, ""joy"": 0, ""love"": 5, ""nervousness"": 0, ""optimism"": 0, ""pride"": 0, ""realization"": 0, ""relief"": 0, ""remorse"": 0, ""sadness"": 0, ""surprise"": 0, ""neutral"": 0}",5,5,1.0,1
924,curiosity,curiosity,disgust,Wonder how he feels about [NAME] now,"{""admiration"": 0, ""amusement"": 0, ""anger"": 0, ""annoyance"": 0, ""approval"": 0, ""caring"": 0, ""confusion"": 0, ""curiosity"": 0, ""desire"": 0, ""disappointment"": 1, ""disapproval"": 0, ""disgust"": 2, ""embarrassment"": 0, ""excitement"": 0, ""fear"": 0, ""gratitude"": 0, ""grief"": 0, ""joy"": 0, ""love"": 0, ""nervousness"": 0, ""optimism"": 0, ""pride"": 0, ""realization"": 0, ""relief"": 0, ""remorse"": 2, ""sadness"": 0, ""surprise"": 0, ""neutral"": 0}",2,5,0.4,0
925,neutral,neutral,disappointment,"iirc they were changing a few servers names, tht might have caused a few issues","{""admiration"": 0, ""amusement"": 0, ""anger"": 0, ""annoyance"": 0, ""approval"": 0, ""caring"": 0, ""confusion"": 0, ""curiosity"": 0, ""desire"": 0, ""disappointment"": 2, ""disapproval"": 1, ""disgust"": 0, ""embarrassment"": 0, ""excitement"": 0, ""fear"": 0, ""gratitude"": 0, ""grief"": 0, ""joy"": 0, ""love"": 0, ""nervousness"": 0, ""optimism"": 0, ""pride"": 0, ""realization"": 0, ""relief"": 0, ""remorse"": 1, ""sadness"": 0, ""surprise"": 0, ""neutral"": 1}",2,5,0.4,0
926,remorse,remorse,disappointment,I only watch bad animes sorry,"{""admiration"": 0, ""amusement"": 0, ""anger"": 0, ""annoyance"": 0, ""approval"": 0, ""caring"": 0, ""confusion"": 0, ""curiosity"": 0, ""desire"": 0, ""disappointment"": 3, ""disapproval"": 0, ""disgust"": 0, ""embarrassment"": 0, ""excitement"": 0, ""fear"": 0, ""gratitude"": 0, ""grief"": 0, ""joy"": 0, ""love"": 0, ""nervousness"": 0, ""optimism"": 0, ""pride"": 0, ""realization"": 0, ""relief"": 0, ""remorse"": 0, ""sadness"": 0, ""surprise"": 0, ""neutral"": 0}",3,5,0.6,0
927,gratitude,gratitude,disgust,"Good luck for everyone pronouncing [NAME] name. If he keeps scoring like this, i'll have fun listening some commentators around NHL.","{""admiration"": 0, ""amusement"": 0, ""anger"": 0, ""annoyance"": 0, ""approval"": 0, ""caring"": 0, ""confusion"": 0, ""curiosity"": 0, ""desire"": 0, ""disappointment"": 1, ""disapproval"": 0, ""disgust"": 4, ""embarrassment"": 0, ""excitement"": 0, ""fear"": 0, ""gratitude"": 0, ""grief"": 0, ""joy"": 0, ""love"": 0, ""nervousness"": 0, ""optimism"": 0, ""pride"": 0, ""realization"": 0, ""relief"": 0, ""remorse"": 0, ""sadness"": 0, ""surprise"": 0, ""neutral"": 0}",4,5,0.8,0
928,annoyance,annoyance|disgust,disgust,Watch the FO not sign anyone. That would be the most dodgers thing ever.,"{""admiration"": 0, ""amusement"": 0, ""anger"": 0, ""annoyance"": 0, ""approval"": 0, ""caring"": 0, ""confusion"": 0, ""curiosity"": 0, ""desire"": 0, ""disappointment"": 0, ""disapproval"": 2, ""disgust"": 3, ""embarrassment"": 0, ""excitement"": 0, ""fear"": 0, ""gratitude"": 0, ""grief"": 0, ""joy"": 0, ""love"": 0, ""nervousness"": 0, ""optimism"": 0, ""pride"": 0, ""realization"": 0, ""relief"": 0, ""remorse"": 0, ""sadness"": 0, ""surprise"": 0, ""neutral"": 0}",3,5,0.6,1
929,caring,caring,disgust,"good luck, little 3 year old","{""admiration"": 0, ""amusement"": 0, ""anger"": 0, ""annoyance"": 0, ""approval"": 0, ""caring"": 0, ""confusion"": 0, ""curiosity"": 0, ""desire"": 0, ""disappointment"": 0, ""disapproval"": 0, ""disgust"": 5, ""embarrassment"": 0, ""excitement"": 0, ""fear"": 0, ""gratitude"": 0, ""grief"": 0, ""joy"": 0, ""love"": 0, ""nervousness"": 0, ""optimism"": 0, ""pride"": 0, ""realization"": 0, ""relief"": 0, ""remorse"": 0, ""sadness"": 0, ""surprise"": 0, ""neutral"": 0}",5,5,1.0,0
930,neutral,neutral,disgust,Ask him out for a drink.,"{""admiration"": 1, ""amusement"": 0, ""anger"": 0, ""annoyance"": 0, ""approval"": 0, ""caring"": 0, ""confusion"": 0, ""curiosity"": 0, ""desire"": 0, ""disappointment"": 0, ""disapproval"": 0, ""disgust"": 3, ""embarrassment"": 0, ""excitement"": 0, ""fear"": 0, ""gratitude"": 0, ""grief"": 0, ""joy"": 0, ""love"": 0, ""nervousness"": 0, ""optimism"": 0, ""pride"": 0, ""realization"": 0, ""relief"": 0, ""remorse"": 0, ""sadness"": 0, ""surprise"": 0, ""neutral"": 0}",3,5,0.6,0
931,neutral,neutral,disgust,"Except for all those companies brushed off in the ""and many more"" category. Wasn't as lucrative for them. ","{""admiration"": 0, ""amusement"": 0, ""anger"": 0, ""annoyance"": 0, ""approval"": 0, ""caring"": 0, ""confusion"": 0, ""curiosity"": 0, ""desire"": 0, ""disappointment"": 0, ""disapproval"": 1, ""disgust"": 4, ""embarrassment"": 0, ""excitement"": 0, ""fear"": 0, ""gratitude"": 0, ""grief"": 0, ""joy"": 0, ""love"": 0, ""nervousness"": 0, ""optimism"": 0, ""pride"": 0, ""realization"": 0, ""relief"": 0, ""remorse"": 0, ""sadness"": 0, ""surprise"": 0, ""neutral"": 0}",4,5,0.8,0
932,neutral,neutral,disgust,"After he left the bus, the two harpies sat next to each other and discussed why they were unable to find a decent man.","{""admiration"": 0, ""amusement"": 0, ""anger"": 0, ""annoyance"": 0, ""approval"": 0, ""caring"": 0, ""confusion"": 0, ""curiosity"": 0, ""desire"": 0, ""disappointment"": 0, ""disapproval"": 1, ""disgust"": 4, ""embarrassment"": 0, ""excitement"": 0, ""fear"": 0, ""gratitude"": 0, ""grief"": 0, ""joy"": 0, ""love"": 0, ""nervousness"": 0, ""optimism"": 0, ""pride"": 0, ""realization"": 0, ""relief"": 0, ""remorse"": 0, ""sadness"": 0, ""surprise"": 0, ""neutral"": 0}",4,5,0.8,0
933,neutral,neutral,disgust,every time it gets a little wet and windy,"{""admiration"": 0, ""amusement"": 0, ""anger"": 0, ""annoyance"": 0, ""approval"": 0, ""caring"": 0, ""confusion"": 0, ""curiosity"": 0, ""desire"": 0, ""disappointment"": 0, ""disapproval"": 0, ""disgust"": 5, ""embarrassment"": 0, ""excitement"": 0, ""fear"": 0, ""gratitude"": 0, ""grief"": 0, ""joy"": 0, ""love"": 0, ""nervousness"": 0, ""optimism"": 0, ""pride"": 0, ""realization"": 0, ""relief"": 0, ""remorse"": 0, ""sadness"": 0, ""surprise"": 0, ""neutral"": 0}",5,5,1.0,0
934,disappointment,disappointment,disappointment,It's when you least expect it that people hit you in the face with life It brings you back to earth,"{""admiration"": 0, ""amusement"": 0, ""anger"": 0, ""annoyance"": 0, ""approval"": 0, ""caring"": 0, ""confusion"": 0, ""curiosity"": 0, ""desire"": 0, ""disappointment"": 2, ""disapproval"": 0, ""disgust"": 0, ""embarrassment"": 0, ""excitement"": 0, ""fear"": 0, ""gratitude"": 0, ""grief"": 0, ""joy"": 0, ""love"": 0, ""nervousness"": 0, ""optimism"": 0, ""pride"": 0, ""realization"": 0, ""relief"": 0, ""remorse"": 2, ""sadness"": 1, ""surprise"": 0, ""neutral"": 0}",2,5,0.4,1
935,confusion,confusion,disapproval,Is he really your buddy if you have to ask us how to talk to him?,"{""admiration"": 0, ""amusement"": 0, ""anger"": 0, ""annoyance"": 0, ""approval"": 0, ""caring"": 0, ""confusion"": 0, ""curiosity"": 0, ""desire"": 0, ""disappointment"": 0, ""disapproval"": 5, ""disgust"": 0, ""embarrassment"": 0, ""excitement"": 0, ""fear"": 0, ""gratitude"": 0, ""grief"": 0, ""joy"": 0, ""love"": 0, ""nervousness"": 0, ""optimism"": 0, ""pride"": 0, ""realization"": 0, ""relief"": 0, ""remorse"": 0, ""sadness"": 0, ""surprise"": 0, ""neutral"": 0}",5,5,1.0,0
936,neutral,neutral,disgust,He doesn't realize she's banging the ukulele guy.,"{""admiration"": 0, ""amusement"": 0, ""anger"": 0, ""annoyance"": 0, ""approval"": 0, ""caring"": 0, ""confusion"": 0, ""curiosity"": 0, ""desire"": 0, ""disappointment"": 0, ""disapproval"": 0, ""disgust"": 5, ""embarrassment"": 0, ""excitement"": 0, ""fear"": 0, ""gratitude"": 0, ""grief"": 0, ""joy"": 0, ""love"": 0, ""nervousness"": 0, ""optimism"": 0, ""pride"": 0, ""realization"": 0, ""relief"": 0, ""remorse"": 0, ""sadness"": 0, ""surprise"": 0, ""neutral"": 0}",5,5,1.0,0
937,admiration,admiration|joy,admiration,You’re so perfect :),"{""admiration"": 5, ""amusement"": 0, ""anger"": 0, ""annoyance"": 0, ""approval"": 0, ""caring"": 0, ""confusion"": 0, ""curiosity"": 0, ""desire"": 0, ""disappointment"": 0, ""disapproval"": 0, ""disgust"": 0, ""embarrassment"": 0, ""excitement"": 0, ""fear"": 0, ""gratitude"": 0, ""grief"": 0, ""joy"": 0, ""love"": 0, ""nervousness"": 0, ""optimism"": 0, ""pride"": 0, ""realization"": 0, ""relief"": 0, ""remorse"": 0, ""sadness"": 0, ""surprise"": 0, ""neutral"": 0}",5,5,1.0,1
938,anger,anger,disgust,[NAME] is a hungry little bastard.,"{""admiration"": 0, ""amusement"": 0, ""anger"": 1, ""annoyance"": 0, ""approval"": 0, ""caring"": 0, ""confusion"": 0, ""curiosity"": 0, ""desire"": 0, ""disappointment"": 0, ""disapproval"": 0, ""disgust"": 4, ""embarrassment"": 0, ""excitement"": 0, ""fear"": 0, ""gratitude"": 0, ""grief"": 0, ""joy"": 0, ""love"": 0, ""nervousness"": 0, ""optimism"": 0, ""pride"": 0, ""realization"": 0, ""relief"": 0, ""remorse"": 0, ""sadness"": 0, ""surprise"": 0, ""neutral"": 0}",4,5,0.8,0
939,admiration,admiration|gratitude|nervousness,nervousness,"I appreciate your post, I’m just nervous is all, thank you","{""admiration"": 0, ""amusement"": 0, ""anger"": 0, ""annoyance"": 0, ""approval"": 0, ""caring"": 0, ""confusion"": 0, ""curiosity"": 0, ""desire"": 0, ""disappointment"": 0, ""disapproval"": 0, ""disgust"": 0, ""embarrassment"": 0, ""excitement"": 0, ""fear"": 0, ""gratitude"": 0, ""grief"": 0, ""joy"": 0, ""love"": 0, ""nervousness"": 5, ""optimism"": 0, ""pride"": 0, ""realization"": 0, ""relief"": 0, ""remorse"": 0, ""sadness"": 0, ""surprise"": 0, ""neutral"": 0}",5,5,1.0,1
940,joy,joy,admiration,the most romantic thing that can possibly happen to me,"{""admiration"": 5, ""amusement"": 0, ""anger"": 0, ""annoyance"": 0, ""approval"": 0, ""caring"": 0, ""confusion"": 0, ""curiosity"": 0, ""desire"": 0, ""disappointment"": 0, ""disapproval"": 0, ""disgust"": 0, ""embarrassment"": 0, ""excitement"": 0, ""fear"": 0, ""gratitude"": 0, ""grief"": 0, ""joy"": 0, ""love"": 0, ""nervousness"": 0, ""optimism"": 0, ""pride"": 0, ""realization"": 0, ""relief"": 0, ""remorse"": 0, ""sadness"": 0, ""surprise"": 0, ""neutral"": 0}",5,5,1.0,0
941,curiosity,curiosity,disgust,Then why isn't he the one wanding people?,"{""admiration"": 0, ""amusement"": 0, ""anger"": 0, ""annoyance"": 0, ""approval"": 0, ""caring"": 0, ""confusion"": 0, ""curiosity"": 0, ""desire"": 0, ""disappointment"": 0, ""disapproval"": 0, ""disgust"": 5, ""embarrassment"": 0, ""excitement"": 0, ""fear"": 0, ""gratitude"": 0, ""grief"": 0, ""joy"": 0, ""love"": 0, ""nervousness"": 0, ""optimism"": 0, ""pride"": 0, ""realization"": 0, ""relief"": 0, ""remorse"": 0, ""sadness"": 0, ""surprise"": 0, ""neutral"": 0}",5,5,1.0,0
942,amusement,amusement,disappointment,"Lol. Unfortunately, yes. >sigh<","{""admiration"": 0, ""amusement"": 0, ""anger"": 0, ""annoyance"": 0, ""approval"": 0, ""caring"": 0, ""confusion"": 0, ""curiosity"": 0, ""desire"": 0, ""disappointment"": 5, ""disapproval"": 0, ""disgust"": 0, ""embarrassment"": 0, ""excitement"": 0, ""fear"": 0, ""gratitude"": 0, ""grief"": 0, ""joy"": 0, ""love"": 0, ""nervousness"": 0, ""optimism"": 0, ""pride"": 0, ""realization"": 0, ""relief"": 0, ""remorse"": 0, ""sadness"": 0, ""surprise"": 0, ""neutral"": 0}",5,5,1.0,0
943,approval,approval,disgust,"I know man, however in some ways it's a good way to act out a martyr complex. ","{""admiration"": 0, ""amusement"": 0, ""anger"": 0, ""annoyance"": 0, ""approval"": 0, ""caring"": 0, ""confusion"": 0, ""curiosity"": 0, ""desire"": 0, ""disappointment"": 0, ""disapproval"": 1, ""disgust"": 3, ""embarrassment"": 0, ""excitement"": 0, ""fear"": 0, ""gratitude"": 0, ""grief"": 0, ""joy"": 0, ""love"": 0, ""nervousness"": 0, ""optimism"": 0, ""pride"": 0, ""realization"": 0, ""relief"": 0, ""remorse"": 1, ""sadness"": 0, ""surprise"": 0, ""neutral"": 0}",3,5,0.6,0
944,gratitude,gratitude,amusement,"Lol that’s incredible! PLO is such an amazing game, so much more entertaining than NLH. Good job pal. ","{""admiration"": 0, ""amusement"": 5, ""anger"": 0, ""annoyance"": 0, ""approval"": 0, ""caring"": 0, ""confusion"": 0, ""curiosity"": 0, ""desire"": 0, ""disappointment"": 0, ""disapproval"": 0, ""disgust"": 0, ""embarrassment"": 0, ""excitement"": 0, ""fear"": 0, ""gratitude"": 0, ""grief"": 0, ""joy"": 0, ""love"": 0, ""nervousness"": 0, ""optimism"": 0, ""pride"": 0, ""realization"": 0, ""relief"": 0, ""remorse"": 0, ""sadness"": 0, ""surprise"": 0, ""neutral"": 0}",5,5,1.0,0
945,approval,approval,disapproval,He was young and he thought he was doing the right thing. No need to be rude about it.,"{""admiration"": 0, ""amusement"": 0, ""anger"": 0, ""annoyance"": 0, ""approval"": 0, ""caring"": 0, ""confusion"": 0, ""curiosity"": 0, ""desire"": 0, ""disappointment"": 0, ""disapproval"": 3, ""disgust"": 1, ""embarrassment"": 0, ""excitement"": 0, ""fear"": 0, ""gratitude"": 0, ""grief"": 0, ""joy"": 0, ""love"": 0, ""nervousness"": 0, ""optimism"": 0, ""pride"": 0, ""realization"": 0, ""relief"": 0, ""remorse"": 0, ""sadness"": 0, ""surprise"": 0, ""neutral"": 1}",3,5,0.6,0
946,admiration,admiration,disgust,"Why pay so much character and it feels so good. In the humble of 1996, the website was a skinny stoner with long hair.","{""admiration"": 0, ""amusement"": 1, ""anger"": 0, ""annoyance"": 0, ""approval"": 0, ""caring"": 0, ""confusion"": 0, ""curiosity"": 0, ""desire"": 0, ""disappointment"": 0, ""disapproval"": 0, ""disgust"": 2, ""embarrassment"": 0, ""excitement"": 0, ""fear"": 0, ""gratitude"": 0, ""grief"": 0, ""joy"": 0, ""love"": 0, ""nervousness"": 0, ""optimism"": 0, ""pride"": 0, ""realization"": 0, ""relief"": 0, ""remorse"": 0, ""sadness"": 0, ""surprise"": 2, ""neutral"": 0}",2,5,0.4,0
947,amusement,amusement,amusement,well we all know what a complex meal sandwiches are! hahaha,"{""admiration"": 0, ""amusement"": 5, ""anger"": 0, ""annoyance"": 0, ""approval"": 0, ""caring"": 0, ""confusion"": 0, ""curiosity"": 0, ""desire"": 0, ""disappointment"": 0, ""disapproval"": 0, ""disgust"": 0, ""embarrassment"": 0, ""excitement"": 0, ""fear"": 0, ""gratitude"": 0, ""grief"": 0, ""joy"": 0, ""love"": 0, ""nervousness"": 0, ""optimism"": 0, ""pride"": 0, ""realization"": 0, ""relief"": 0, ""remorse"": 0, ""sadness"": 0, ""surprise"": 0, ""neutral"": 0}",5,5,1.0,1
948,approval,approval,disapproval,I agree.,"{""admiration"": 0, ""amusement"": 0, ""anger"": 0, ""annoyance"": 0, ""approval"": 2, ""caring"": 0, ""confusion"": 0, ""curiosity"": 0, ""desire"": 0, ""disappointment"": 0, ""disapproval"": 3, ""disgust"": 0, ""embarrassment"": 0, ""excitement"": 0, ""fear"": 0, ""gratitude"": 0, ""grief"": 0, ""joy"": 0, ""love"": 0, ""nervousness"": 0, ""optimism"": 0, ""pride"": 0, ""realization"": 0, ""relief"": 0, ""remorse"": 0, ""sadness"": 0, ""surprise"": 0, ""neutral"": 0}",3,5,0.6,0
949,neutral,neutral,disgust,I call [NAME] fraud! That's not the first time she saw [NAME] after prison.,"{""admiration"": 0, ""amusement"": 0, ""anger"": 0, ""annoyance"": 0, ""approval"": 0, ""caring"": 0, ""confusion"": 0, ""curiosity"": 0, ""desire"": 0, ""disappointment"": 0, ""disapproval"": 0, ""disgust"": 5, ""embarrassment"": 0, ""excitement"": 0, ""fear"": 0, ""gratitude"": 0, ""grief"": 0, ""joy"": 0, ""love"": 0, ""nervousness"": 0, ""optimism"": 0, ""pride"": 0, ""realization"": 0, ""relief"": 0, ""remorse"": 0, ""sadness"": 0, ""surprise"": 0, ""neutral"": 0}",5,5,1.0,0
950,approval,approval,disgust,I did and found it basically the same except I was getting drunk very easily.,"{""admiration"": 0, ""amusement"": 0, ""anger"": 0, ""annoyance"": 0, ""approval"": 0, ""caring"": 0, ""confusion"": 0, ""curiosity"": 0, ""desire"": 0, ""disappointment"": 1, ""disapproval"": 0, ""disgust"": 4, ""embarrassment"": 0, ""excitement"": 0, ""fear"": 0, ""gratitude"": 0, ""grief"": 0, ""joy"": 0, ""love"": 0, ""nervousness"": 0, ""optimism"": 0, ""pride"": 0, ""realization"": 0, ""relief"": 0, ""remorse"": 0, ""sadness"": 0, ""surprise"": 0, ""neutral"": 0}",4,5,0.8,0
951,curiosity,curiosity,disapproval,Really? How would they know what pharmacy you want to visit?,"{""admiration"": 0, ""amusement"": 0, ""anger"": 0, ""annoyance"": 0, ""approval"": 0, ""caring"": 0, ""confusion"": 1, ""curiosity"": 0, ""desire"": 0, ""disappointment"": 1, ""disapproval"": 2, ""disgust"": 0, ""embarrassment"": 0, ""excitement"": 0, ""fear"": 0, ""gratitude"": 0, ""grief"": 0, ""joy"": 0, ""love"": 0, ""nervousness"": 0, ""optimism"": 0, ""pride"": 0, ""realization"": 0, ""relief"": 0, ""remorse"": 0, ""sadness"": 0, ""surprise"": 0, ""neutral"": 1}",2,5,0.4,0
952,amusement,amusement,disappointment,Twins.. my first time having having a child and I get twins. This is gonna be a ride lol,"{""admiration"": 0, ""amusement"": 1, ""anger"": 0, ""annoyance"": 0, ""approval"": 0, ""caring"": 0, ""confusion"": 0, ""curiosity"": 0, ""desire"": 0, ""disappointment"": 3, ""disapproval"": 0, ""disgust"": 0, ""embarrassment"": 0, ""excitement"": 0, ""fear"": 0, ""gratitude"": 0, ""grief"": 0, ""joy"": 0, ""love"": 0, ""nervousness"": 0, ""optimism"": 0, ""pride"": 0, ""realization"": 0, ""relief"": 0, ""remorse"": 0, ""sadness"": 0, ""surprise"": 1, ""neutral"": 0}",3,5,0.6,0
953,fear,fear,disgust,"It's like an Arts school but with dangerous, easily weaponizable spells being flung all over the place!","{""admiration"": 0, ""amusement"": 0, ""anger"": 0, ""annoyance"": 0, ""approval"": 0, ""caring"": 0, ""confusion"": 0, ""curiosity"": 0, ""desire"": 0, ""disappointment"": 0, ""disapproval"": 0, ""disgust"": 5, ""embarrassment"": 0, ""excitement"": 0, ""fear"": 0, ""gratitude"": 0, ""grief"": 0, ""joy"": 0, ""love"": 0, ""nervousness"": 0, ""optimism"": 0, ""pride"": 0, ""realization"": 0, ""relief"": 0, ""remorse"": 0, ""sadness"": 0, ""surprise"": 0, ""neutral"": 0}",5,5,1.0,0
954,amusement,amusement|confusion,neutral,"I have no idea, lol. Have my upvote.","{""admiration"": 0, ""amusement"": 0, ""anger"": 0, ""annoyance"": 0, ""approval"": 0, ""caring"": 0, ""confusion"": 0, ""curiosity"": 0, ""desire"": 0, ""disappointment"": 0, ""disapproval"": 0, ""disgust"": 1, ""embarrassment"": 0, ""excitement"": 0, ""fear"": 0, ""gratitude"": 0, ""grief"": 0, ""joy"": 0, ""love"": 0, ""nervousness"": 0, ""optimism"": 0, ""pride"": 0, ""realization"": 0, ""relief"": 0, ""remorse"": 0, ""sadness"": 0, ""surprise"": 0, ""neutral"": 4}",4,5,0.8,0
955,annoyance,annoyance,disappointment,"He's always had the tools to do this, which is why he can be frustrating at times.","{""admiration"": 0, ""amusement"": 0, ""anger"": 0, ""annoyance"": 0, ""approval"": 0, ""caring"": 0, ""confusion"": 0, ""curiosity"": 0, ""desire"": 0, ""disappointment"": 1, ""disapproval"": 0, ""disgust"": 0, ""embarrassment"": 0, ""excitement"": 0, ""fear"": 0, ""gratitude"": 0, ""grief"": 0, ""joy"": 0, ""love"": 0, ""nervousness"": 0, ""optimism"": 0, ""pride"": 0, ""realization"": 0, ""relief"": 0, ""remorse"": 0, ""sadness"": 0, ""surprise"": 0, ""neutral"": 0}",1,5,0.2,0
956,curiosity,curiosity,curiosity,LSD or the fungal kind? Out of curiosity,"{""admiration"": 0, ""amusement"": 0, ""anger"": 0, ""annoyance"": 0, ""approval"": 0, ""caring"": 0, ""confusion"": 0, ""curiosity"": 5, ""desire"": 0, ""disappointment"": 0, ""disapproval"": 0, ""disgust"": 0, ""embarrassment"": 0, ""excitement"": 0, ""fear"": 0, ""gratitude"": 0, ""grief"": 0, ""joy"": 0, ""love"": 0, ""nervousness"": 0, ""optimism"": 0, ""pride"": 0, ""realization"": 0, ""relief"": 0, ""remorse"": 0, ""sadness"": 0, ""surprise"": 0, ""neutral"": 0}",5,5,1.0,1
957,curiosity,curiosity|neutral,disappointment,Only 2 days ?,"{""admiration"": 0, ""amusement"": 0, ""anger"": 0, ""annoyance"": 0, ""approval"": 0, ""caring"": 0, ""confusion"": 0, ""curiosity"": 0, ""desire"": 0, ""disappointment"": 3, ""disapproval"": 0, ""disgust"": 0, ""embarrassment"": 0, ""excitement"": 0, ""fear"": 0, ""gratitude"": 0, ""grief"": 0, ""joy"": 0, ""love"": 0, ""nervousness"": 0, ""optimism"": 0, ""pride"": 0, ""realization"": 0, ""relief"": 0, ""remorse"": 0, ""sadness"": 0, ""surprise"": 1, ""neutral"": 1}",3,5,0.6,0
958,neutral,neutral,neutral,It's pretty warm in Australia during this time of year.,"{""admiration"": 0, ""amusement"": 0, ""anger"": 0, ""annoyance"": 0, ""approval"": 0, ""caring"": 0, ""confusion"": 0, ""curiosity"": 0, ""desire"": 0, ""disappointment"": 0, ""disapproval"": 0, ""disgust"": 0, ""embarrassment"": 0, ""excitement"": 0, ""fear"": 0, ""gratitude"": 0, ""grief"": 0, ""joy"": 0, ""love"": 0, ""nervousness"": 0, ""optimism"": 0, ""pride"": 0, ""realization"": 0, ""relief"": 0, ""remorse"": 0, ""sadness"": 0, ""surprise"": 0, ""neutral"": 5}",5,5,1.0,1
959,approval,approval|optimism,amusement,"It's a shortcut, dude, he just knows the map!","{""admiration"": 0, ""amusement"": 5, ""anger"": 0, ""annoyance"": 0, ""approval"": 0, ""caring"": 0, ""confusion"": 0, ""curiosity"": 0, ""desire"": 0, ""disappointment"": 0, ""disapproval"": 0, ""disgust"": 0, ""embarrassment"": 0, ""excitement"": 0, ""fear"": 0, ""gratitude"": 0, ""grief"": 0, ""joy"": 0, ""love"": 0, ""nervousness"": 0, ""optimism"": 0, ""pride"": 0, ""realization"": 0, ""relief"": 0, ""remorse"": 0, ""sadness"": 0, ""surprise"": 0, ""neutral"": 0}",5,5,1.0,0
960,approval,approval|neutral,remorse,Not from but I lived there for 12 years until very recently,"{""admiration"": 0, ""amusement"": 0, ""anger"": 0, ""annoyance"": 0, ""approval"": 0, ""caring"": 0, ""confusion"": 0, ""curiosity"": 0, ""desire"": 0, ""disappointment"": 1, ""disapproval"": 0, ""disgust"": 0, ""embarrassment"": 0, ""excitement"": 0, ""fear"": 0, ""gratitude"": 0, ""grief"": 0, ""joy"": 0, ""love"": 0, ""nervousness"": 0, ""optimism"": 0, ""pride"": 0, ""realization"": 0, ""relief"": 0, ""remorse"": 2, ""sadness"": 1, ""surprise"": 0, ""neutral"": 1}",2,5,0.4,0
961,caring,caring,remorse,"Let it go, look to the future, do not live in the past","{""admiration"": 0, ""amusement"": 0, ""anger"": 0, ""annoyance"": 0, ""approval"": 0, ""caring"": 0, ""confusion"": 0, ""curiosity"": 0, ""desire"": 0, ""disappointment"": 0, ""disapproval"": 0, ""disgust"": 0, ""embarrassment"": 0, ""excitement"": 0, ""fear"": 0, ""gratitude"": 0, ""grief"": 0, ""joy"": 0, ""love"": 0, ""nervousness"": 0, ""optimism"": 1, ""pride"": 0, ""realization"": 0, ""relief"": 0, ""remorse"": 3, ""sadness"": 1, ""surprise"": 0, ""neutral"": 0}",3,5,0.6,0
962,neutral,neutral,disgust,I just see two inflated peacocks with a dumb and disgusting look in their face. But unfortunately I am not the gender evaluating them.,"{""admiration"": 0, ""amusement"": 0, ""anger"": 0, ""annoyance"": 0, ""approval"": 0, ""caring"": 0, ""confusion"": 0, ""curiosity"": 0, ""desire"": 0, ""disappointment"": 0, ""disapproval"": 0, ""disgust"": 5, ""embarrassment"": 0, ""excitement"": 0, ""fear"": 0, ""gratitude"": 0, ""grief"": 0, ""joy"": 0, ""love"": 0, ""nervousness"": 0, ""optimism"": 0, ""pride"": 0, ""realization"": 0, ""relief"": 0, ""remorse"": 0, ""sadness"": 0, ""surprise"": 0, ""neutral"": 0}",5,5,1.0,0
963,approval,approval,admiration,There’s tons of stories of animals taking care of kids....I believe the story! :),"{""admiration"": 4, ""amusement"": 0, ""anger"": 0, ""annoyance"": 0, ""approval"": 0, ""caring"": 0, ""confusion"": 0, ""curiosity"": 0, ""desire"": 0, ""disappointment"": 0, ""disapproval"": 0, ""disgust"": 0, ""embarrassment"": 0, ""excitement"": 0, ""fear"": 0, ""gratitude"": 0, ""grief"": 0, ""joy"": 0, ""love"": 0, ""nervousness"": 0, ""optimism"": 0, ""pride"": 0, ""realization"": 0, ""relief"": 0, ""remorse"": 0, ""sadness"": 0, ""surprise"": 0, ""neutral"": 1}",4,5,0.8,0
964,neutral,neutral,anger,Henlo little alligatrr. ou almost slipped there. OH FUK NO NO NO NO ALIGATRR PLZ DONT EET MEEEEEEEE,"{""admiration"": 0, ""amusement"": 0, ""anger"": 3, ""annoyance"": 0, ""approval"": 0, ""caring"": 0, ""confusion"": 0, ""curiosity"": 0, ""desire"": 0, ""disappointment"": 0, ""disapproval"": 0, ""disgust"": 2, ""embarrassment"": 0, ""excitement"": 0, ""fear"": 0, ""gratitude"": 0, ""grief"": 0, ""joy"": 0, ""love"": 0, ""nervousness"": 0, ""optimism"": 0, ""pride"": 0, ""realization"": 0, ""relief"": 0, ""remorse"": 0, ""sadness"": 0, ""surprise"": 0, ""neutral"": 0}",3,5,0.6,0
965,approval,approval|neutral,optimism,I found a dentist (Aspen Dental) that text or email confirms every appointment and my doctors office has an app for everything from appointments to prescription refills.,"{""admiration"": 0, ""amusement"": 0, ""anger"": 0, ""annoyance"": 0, ""approval"": 1, ""caring"": 0, ""confusion"": 0, ""curiosity"": 0, ""desire"": 0, ""disappointment"": 0, ""disapproval"": 0, ""disgust"": 0, ""embarrassment"": 0, ""excitement"": 0, ""fear"": 0, ""gratitude"": 0, ""grief"": 0, ""joy"": 0, ""love"": 0, ""nervousness"": 0, ""optimism"": 2, ""pride"": 0, ""realization"": 0, ""relief"": 0, ""remorse"": 0, ""sadness"": 0, ""surprise"": 0, ""neutral"": 2}",2,5,0.4,0
966,disapproval,disapproval,disapproval,We're not a democracy. WE'RE A COUNTRY,"{""admiration"": 0, ""amusement"": 0, ""anger"": 0, ""annoyance"": 0, ""approval"": 0, ""caring"": 0, ""confusion"": 0, ""curiosity"": 0, ""desire"": 0, ""disappointment"": 0, ""disapproval"": 3, ""disgust"": 2, ""embarrassment"": 0, ""excitement"": 0, ""fear"": 0, ""gratitude"": 0, ""grief"": 0, ""joy"": 0, ""love"": 0, ""nervousness"": 0, ""optimism"": 0, ""pride"": 0, ""realization"": 0, ""relief"": 0, ""remorse"": 0, ""sadness"": 0, ""surprise"": 0, ""neutral"": 0}",3,5,0.6,1
967,neutral,neutral,neutral,"Nope, works just fine. Was just there.","{""admiration"": 0, ""amusement"": 0, ""anger"": 0, ""annoyance"": 0, ""approval"": 0, ""caring"": 0, ""confusion"": 0, ""curiosity"": 0, ""desire"": 0, ""disappointment"": 1, ""disapproval"": 0, ""disgust"": 0, ""embarrassment"": 0, ""excitement"": 0, ""fear"": 0, ""gratitude"": 0, ""grief"": 0, ""joy"": 0, ""love"": 0, ""nervousness"": 0, ""optimism"": 0, ""pride"": 0, ""realization"": 0, ""relief"": 0, ""remorse"": 0, ""sadness"": 0, ""surprise"": 0, ""neutral"": 4}",4,5,0.8,1
968,annoyance,annoyance,disgust,No wonder why their logo always looks pissed,"{""admiration"": 0, ""amusement"": 0, ""anger"": 0, ""annoyance"": 0, ""approval"": 0, ""caring"": 0, ""confusion"": 0, ""curiosity"": 0, ""desire"": 0, ""disappointment"": 0, ""disapproval"": 0, ""disgust"": 5, ""embarrassment"": 0, ""excitement"": 0, ""fear"": 0, ""gratitude"": 0, ""grief"": 0, ""joy"": 0, ""love"": 0, ""nervousness"": 0, ""optimism"": 0, ""pride"": 0, ""realization"": 0, ""relief"": 0, ""remorse"": 0, ""sadness"": 0, ""surprise"": 0, ""neutral"": 0}",5,5,1.0,0
969,admiration,admiration,admiration,You're in luck!,"{""admiration"": 4, ""amusement"": 1, ""anger"": 0, ""annoyance"": 0, ""approval"": 0, ""caring"": 0, ""confusion"": 0, ""curiosity"": 0, ""desire"": 0, ""disappointment"": 0, ""disapproval"": 0, ""disgust"": 0, ""embarrassment"": 0, ""excitement"": 0, ""fear"": 0, ""gratitude"": 0, ""grief"": 0, ""joy"": 0, ""love"": 0, ""nervousness"": 0, ""optimism"": 0, ""pride"": 0, ""realization"": 0, ""relief"": 0, ""remorse"": 0, ""sadness"": 0, ""surprise"": 0, ""neutral"": 0}",4,5,0.8,1
970,neutral,neutral,disgust,Because they're having to compete and so we get exposed to the weakest of the bunch.,"{""admiration"": 0, ""amusement"": 0, ""anger"": 0, ""annoyance"": 0, ""approval"": 0, ""caring"": 0, ""confusion"": 0, ""curiosity"": 0, ""desire"": 0, ""disappointment"": 0, ""disapproval"": 0, ""disgust"": 5, ""embarrassment"": 0, ""excitement"": 0, ""fear"": 0, ""gratitude"": 0, ""grief"": 0, ""joy"": 0, ""love"": 0, ""nervousness"": 0, ""optimism"": 0, ""pride"": 0, ""realization"": 0, ""relief"": 0, ""remorse"": 0, ""sadness"": 0, ""surprise"": 0, ""neutral"": 0}",5,5,1.0,0
971,approval,approval,disgust,it is actually called a mechanical bull,"{""admiration"": 0, ""amusement"": 0, ""anger"": 0, ""annoyance"": 0, ""approval"": 0, ""caring"": 0, ""confusion"": 0, ""curiosity"": 0, ""desire"": 0, ""disappointment"": 0, ""disapproval"": 0, ""disgust"": 5, ""embarrassment"": 0, ""excitement"": 0, ""fear"": 0, ""gratitude"": 0, ""grief"": 0, ""joy"": 0, ""love"": 0, ""nervousness"": 0, ""optimism"": 0, ""pride"": 0, ""realization"": 0, ""relief"": 0, ""remorse"": 0, ""sadness"": 0, ""surprise"": 0, ""neutral"": 0}",5,5,1.0,0
972,neutral,neutral,disappointment,I could but it's been a few months so you'll have to one,"{""admiration"": 0, ""amusement"": 0, ""anger"": 0, ""annoyance"": 0, ""approval"": 0, ""caring"": 0, ""confusion"": 0, ""curiosity"": 0, ""desire"": 0, ""disappointment"": 5, ""disapproval"": 0, ""disgust"": 0, ""embarrassment"": 0, ""excitement"": 0, ""fear"": 0, ""gratitude"": 0, ""grief"": 0, ""joy"": 0, ""love"": 0, ""nervousness"": 0, ""optimism"": 0, ""pride"": 0, ""realization"": 0, ""relief"": 0, ""remorse"": 0, ""sadness"": 0, ""surprise"": 0, ""neutral"": 0}",5,5,1.0,0
973,curiosity,curiosity,disgust,Uh... What's stopping you from just throwing it away?,"{""admiration"": 0, ""amusement"": 0, ""anger"": 0, ""annoyance"": 0, ""approval"": 0, ""caring"": 0, ""confusion"": 0, ""curiosity"": 0, ""desire"": 0, ""disappointment"": 0, ""disapproval"": 1, ""disgust"": 3, ""embarrassment"": 0, ""excitement"": 0, ""fear"": 0, ""gratitude"": 0, ""grief"": 0, ""joy"": 0, ""love"": 0, ""nervousness"": 0, ""optimism"": 0, ""pride"": 0, ""realization"": 0, ""relief"": 0, ""remorse"": 1, ""sadness"": 0, ""surprise"": 0, ""neutral"": 0}",3,5,0.6,0
974,neutral,neutral,disgust,She’s way too gangly to be thrashing around - I was waiting for her to take out a light fixture.,"{""admiration"": 0, ""amusement"": 0, ""anger"": 0, ""annoyance"": 0, ""approval"": 0, ""caring"": 0, ""confusion"": 0, ""curiosity"": 0, ""desire"": 0, ""disappointment"": 0, ""disapproval"": 0, ""disgust"": 5, ""embarrassment"": 0, ""excitement"": 0, ""fear"": 0, ""gratitude"": 0, ""grief"": 0, ""joy"": 0, ""love"": 0, ""nervousness"": 0, ""optimism"": 0, ""pride"": 0, ""realization"": 0, ""relief"": 0, ""remorse"": 0, ""sadness"": 0, ""surprise"": 0, ""neutral"": 0}",5,5,1.0,0
975,excitement,excitement|optimism,excitement,Okay this is really promising stuff. I'm definitely excited for this.,"{""admiration"": 0, ""amusement"": 0, ""anger"": 0, ""annoyance"": 0, ""approval"": 0, ""caring"": 0, ""confusion"": 0, ""curiosity"": 0, ""desire"": 0, ""disappointment"": 0, ""disapproval"": 0, ""disgust"": 0, ""embarrassment"": 0, ""excitement"": 5, ""fear"": 0, ""gratitude"": 0, ""grief"": 0, ""joy"": 0, ""love"": 0, ""nervousness"": 0, ""optimism"": 0, ""pride"": 0, ""realization"": 0, ""relief"": 0, ""remorse"": 0, ""sadness"": 0, ""surprise"": 0, ""neutral"": 0}",5,5,1.0,1
976,excitement,excitement,excitement,"Hey quick brag, this post was read by [NAME], episode 63! I'm actually really excited, he's one of my favorites.","{""admiration"": 0, ""amusement"": 0, ""anger"": 0, ""annoyance"": 0, ""approval"": 0, ""caring"": 0, ""confusion"": 0, ""curiosity"": 0, ""desire"": 0, ""disappointment"": 0, ""disapproval"": 0, ""disgust"": 0, ""embarrassment"": 0, ""excitement"": 5, ""fear"": 0, ""gratitude"": 0, ""grief"": 0, ""joy"": 0, ""love"": 0, ""nervousness"": 0, ""optimism"": 0, ""pride"": 0, ""realization"": 0, ""relief"": 0, ""remorse"": 0, ""sadness"": 0, ""surprise"": 0, ""neutral"": 0}",5,5,1.0,1
977,caring,caring,disgust,I was more concerned that your comment held a frame of reference assuming it was real.,"{""admiration"": 0, ""amusement"": 0, ""anger"": 0, ""annoyance"": 0, ""approval"": 0, ""caring"": 0, ""confusion"": 0, ""curiosity"": 0, ""desire"": 0, ""disappointment"": 0, ""disapproval"": 1, ""disgust"": 4, ""embarrassment"": 0, ""excitement"": 0, ""fear"": 0, ""gratitude"": 0, ""grief"": 0, ""joy"": 0, ""love"": 0, ""nervousness"": 0, ""optimism"": 0, ""pride"": 0, ""realization"": 0, ""relief"": 0, ""remorse"": 0, ""sadness"": 0, ""surprise"": 0, ""neutral"": 0}",4,5,0.8,0
978,anger,anger|annoyance,anger,Don’t blame us because you’re a dumbass..,"{""admiration"": 0, ""amusement"": 0, ""anger"": 5, ""annoyance"": 0, ""approval"": 0, ""caring"": 0, ""confusion"": 0, ""curiosity"": 0, ""desire"": 0, ""disappointment"": 0, ""disapproval"": 0, ""disgust"": 0, ""embarrassment"": 0, ""excitement"": 0, ""fear"": 0, ""gratitude"": 0, ""grief"": 0, ""joy"": 0, ""love"": 0, ""nervousness"": 0, ""optimism"": 0, ""pride"": 0, ""realization"": 0, ""relief"": 0, ""remorse"": 0, ""sadness"": 0, ""surprise"": 0, ""neutral"": 0}",5,5,1.0,1
979,desire,desire,anger,That whole thread makes me want to shake babies.,"{""admiration"": 0, ""amusement"": 0, ""anger"": 4, ""annoyance"": 0, ""approval"": 0, ""caring"": 0, ""confusion"": 0, ""curiosity"": 0, ""desire"": 0, ""disappointment"": 0, ""disapproval"": 0, ""disgust"": 1, ""embarrassment"": 0, ""excitement"": 0, ""fear"": 0, ""gratitude"": 0, ""grief"": 0, ""joy"": 0, ""love"": 0, ""nervousness"": 0, ""optimism"": 0, ""pride"": 0, ""realization"": 0, ""relief"": 0, ""remorse"": 0, ""sadness"": 0, ""surprise"": 0, ""neutral"": 0}",4,5,0.8,0
980,desire,desire|optimism,disappointment,"Missed that, wishful thinking, I was hoping they would team up for a little","{""admiration"": 0, ""amusement"": 0, ""anger"": 0, ""annoyance"": 0, ""approval"": 0, ""caring"": 0, ""confusion"": 0, ""curiosity"": 0, ""desire"": 0, ""disappointment"": 4, ""disapproval"": 0, ""disgust"": 0, ""embarrassment"": 0, ""excitement"": 0, ""fear"": 0, ""gratitude"": 0, ""grief"": 0, ""joy"": 0, ""love"": 0, ""nervousness"": 0, ""optimism"": 0, ""pride"": 0, ""realization"": 0, ""relief"": 0, ""remorse"": 0, ""sadness"": 0, ""surprise"": 1, ""neutral"": 0}",4,5,0.8,0
981,neutral,neutral,amusement,[NAME] revealed that's what [NAME] called it at a reunion. [NAME] was backstage with steam coming out his ears 😂,"{""admiration"": 0, ""amusement"": 3, ""anger"": 2, ""annoyance"": 0, ""approval"": 0, ""caring"": 0, ""confusion"": 0, ""curiosity"": 0, ""desire"": 0, ""disappointment"": 0, ""disapproval"": 0, ""disgust"": 0, ""embarrassment"": 0, ""excitement"": 0, ""fear"": 0, ""gratitude"": 0, ""grief"": 0, ""joy"": 0, ""love"": 0, ""nervousness"": 0, ""optimism"": 0, ""pride"": 0, ""realization"": 0, ""relief"": 0, ""remorse"": 0, ""sadness"": 0, ""surprise"": 0, ""neutral"": 0}",3,5,0.6,0
982,neutral,neutral,neutral,"Do your research = listen to anecdotal evidence from users(totally reliable!) and try it out, just be comfy!","{""admiration"": 0, ""amusement"": 1, ""anger"": 0, ""annoyance"": 0, ""approval"": 0, ""caring"": 0, ""confusion"": 0, ""curiosity"": 0, ""desire"": 0, ""disappointment"": 0, ""disapproval"": 0, ""disgust"": 1, ""embarrassment"": 0, ""excitement"": 0, ""fear"": 0, ""gratitude"": 0, ""grief"": 0, ""joy"": 0, ""love"": 0, ""nervousness"": 0, ""optimism"": 0, ""pride"": 0, ""realization"": 0, ""relief"": 0, ""remorse"": 0, ""sadness"": 0, ""surprise"": 1, ""neutral"": 2}",2,5,0.4,1
983,neutral,neutral,disgust,Maybe they are jealous that you found happiness.,"{""admiration"": 0, ""amusement"": 0, ""anger"": 0, ""annoyance"": 0, ""approval"": 0, ""caring"": 0, ""confusion"": 0, ""curiosity"": 0, ""desire"": 0, ""disappointment"": 0, ""disapproval"": 0, ""disgust"": 4, ""embarrassment"": 0, ""excitement"": 0, ""fear"": 0, ""gratitude"": 0, ""grief"": 0, ""joy"": 0, ""love"": 0, ""nervousness"": 0, ""optimism"": 0, ""pride"": 0, ""realization"": 0, ""relief"": 0, ""remorse"": 0, ""sadness"": 0, ""surprise"": 0, ""neutral"": 0}",4,5,0.8,0
984,neutral,neutral,excitement,We’re a second half team. We got this. COYG!!,"{""admiration"": 0, ""amusement"": 0, ""anger"": 0, ""annoyance"": 0, ""approval"": 0, ""caring"": 0, ""confusion"": 0, ""curiosity"": 0, ""desire"": 0, ""disappointment"": 0, ""disapproval"": 0, ""disgust"": 1, ""embarrassment"": 0, ""excitement"": 3, ""fear"": 0, ""gratitude"": 0, ""grief"": 0, ""joy"": 0, ""love"": 0, ""nervousness"": 0, ""optimism"": 1, ""pride"": 0, ""realization"": 0, ""relief"": 0, ""remorse"": 0, ""sadness"": 0, ""surprise"": 0, ""neutral"": 0}",3,5,0.6,0
985,neutral,neutral,disgust,He’s had nightmares ever since the storm,"{""admiration"": 0, ""amusement"": 0, ""anger"": 0, ""annoyance"": 0, ""approval"": 0, ""caring"": 0, ""confusion"": 0, ""curiosity"": 0, ""desire"": 0, ""disappointment"": 0, ""disapproval"": 0, ""disgust"": 2, ""embarrassment"": 0, ""excitement"": 0, ""fear"": 0, ""gratitude"": 0, ""grief"": 0, ""joy"": 0, ""love"": 0, ""nervousness"": 0, ""optimism"": 0, ""pride"": 0, ""realization"": 0, ""relief"": 0, ""remorse"": 1, ""sadness"": 2, ""surprise"": 0, ""neutral"": 0}",2,5,0.4,0
986,annoyance,annoyance|disappointment,anger,I've invested 9 goddamn years watching these twits. I'm going down with the ship.,"{""admiration"": 0, ""amusement"": 0, ""anger"": 4, ""annoyance"": 0, ""approval"": 0, ""caring"": 0, ""confusion"": 0, ""curiosity"": 0, ""desire"": 0, ""disappointment"": 0, ""disapproval"": 0, ""disgust"": 1, ""embarrassment"": 0, ""excitement"": 0, ""fear"": 0, ""gratitude"": 0, ""grief"": 0, ""joy"": 0, ""love"": 0, ""nervousness"": 0, ""optimism"": 0, ""pride"": 0, ""realization"": 0, ""relief"": 0, ""remorse"": 0, ""sadness"": 0, ""surprise"": 0, ""neutral"": 0}",4,5,0.8,0
987,neutral,neutral,disapproval,"Indeed. I thought we are just spoiled, but apparently the phenomena is not exlusive to us.","{""admiration"": 0, ""amusement"": 0, ""anger"": 0, ""annoyance"": 0, ""approval"": 0, ""caring"": 0, ""confusion"": 0, ""curiosity"": 0, ""desire"": 0, ""disappointment"": 0, ""disapproval"": 2, ""disgust"": 2, ""embarrassment"": 0, ""excitement"": 0, ""fear"": 0, ""gratitude"": 0, ""grief"": 0, ""joy"": 0, ""love"": 0, ""nervousness"": 0, ""optimism"": 0, ""pride"": 0, ""realization"": 0, ""relief"": 0, ""remorse"": 0, ""sadness"": 0, ""surprise"": 0, ""neutral"": 1}",2,5,0.4,0
988,sadness,sadness,disgust,Please post any news you may find about her fate. This is so sad and so wrong. We need to know what happens to her.,"{""admiration"": 0, ""amusement"": 0, ""anger"": 0, ""annoyance"": 0, ""approval"": 0, ""caring"": 0, ""confusion"": 0, ""curiosity"": 0, ""desire"": 0, ""disappointment"": 1, ""disapproval"": 0, ""disgust"": 2, ""embarrassment"": 0, ""excitement"": 0, ""fear"": 0, ""gratitude"": 0, ""grief"": 0, ""joy"": 0, ""love"": 0, ""nervousness"": 0, ""optimism"": 0, ""pride"": 0, ""realization"": 0, ""relief"": 0, ""remorse"": 0, ""sadness"": 2, ""surprise"": 0, ""neutral"": 0}",2,5,0.4,0
989,neutral,neutral,disgust,See my other responses,"{""admiration"": 0, ""amusement"": 0, ""anger"": 0, ""annoyance"": 0, ""approval"": 0, ""caring"": 0, ""confusion"": 0, ""curiosity"": 0, ""desire"": 0, ""disappointment"": 1, ""disapproval"": 0, ""disgust"": 3, ""embarrassment"": 0, ""excitement"": 0, ""fear"": 0, ""gratitude"": 0, ""grief"": 0, ""joy"": 0, ""love"": 0, ""nervousness"": 0, ""optimism"": 0, ""pride"": 0, ""realization"": 0, ""relief"": 0, ""remorse"": 0, ""sadness"": 0, ""surprise"": 1, ""neutral"": 0}",3,5,0.6,0
990,amusement,amusement,amusement,I'm laughing hysterically at midnight Thanks LMAO,"{""admiration"": 0, ""amusement"": 5, ""anger"": 0, ""annoyance"": 0, ""approval"": 0, ""caring"": 0, ""confusion"": 0, ""curiosity"": 0, ""desire"": 0, ""disappointment"": 0, ""disapproval"": 0, ""disgust"": 0, ""embarrassment"": 0, ""excitement"": 0, ""fear"": 0, ""gratitude"": 0, ""grief"": 0, ""joy"": 0, ""love"": 0, ""nervousness"": 0, ""optimism"": 0, ""pride"": 0, ""realization"": 0, ""relief"": 0, ""remorse"": 0, ""sadness"": 0, ""surprise"": 0, ""neutral"": 0}",5,5,1.0,1
991,confusion,confusion,neutral,What makes it ok as it is?,"{""admiration"": 0, ""amusement"": 0, ""anger"": 0, ""annoyance"": 0, ""approval"": 0, ""caring"": 0, ""confusion"": 0, ""curiosity"": 0, ""desire"": 0, ""disappointment"": 1, ""disapproval"": 0, ""disgust"": 0, ""embarrassment"": 0, ""excitement"": 0, ""fear"": 0, ""gratitude"": 0, ""grief"": 0, ""joy"": 0, ""love"": 0, ""nervousness"": 0, ""optimism"": 0, ""pride"": 0, ""realization"": 0, ""relief"": 0, ""remorse"": 0, ""sadness"": 0, ""surprise"": 0, ""neutral"": 2}",2,5,0.4,0
992,approval,approval,confusion,not sure I agree. whispers of madness can set up [NAME] signature and being card draw is always useful in the first lane.,"{""admiration"": 0, ""amusement"": 0, ""anger"": 0, ""annoyance"": 0, ""approval"": 0, ""caring"": 0, ""confusion"": 1, ""curiosity"": 0, ""desire"": 0, ""disappointment"": 1, ""disapproval"": 1, ""disgust"": 1, ""embarrassment"": 0, ""excitement"": 0, ""fear"": 0, ""gratitude"": 0, ""grief"": 0, ""joy"": 0, ""love"": 0, ""nervousness"": 0, ""optimism"": 0, ""pride"": 0, ""realization"": 0, ""relief"": 0, ""remorse"": 0, ""sadness"": 0, ""surprise"": 0, ""neutral"": 1}",1,5,0.2,0
993,neutral,neutral,excitement,It's your boy [NAME]!!,"{""admiration"": 2, ""amusement"": 0, ""anger"": 0, ""annoyance"": 0, ""approval"": 0, ""caring"": 0, ""confusion"": 0, ""curiosity"": 0, ""desire"": 0, ""disappointment"": 0, ""disapproval"": 0, ""disgust"": 0, ""embarrassment"": 0, ""excitement"": 3, ""fear"": 0, ""gratitude"": 0, ""grief"": 0, ""joy"": 0, ""love"": 0, ""nervousness"": 0, ""optimism"": 0, ""pride"": 0, ""realization"": 0, ""relief"": 0, ""remorse"": 0, ""sadness"": 0, ""surprise"": 0, ""neutral"": 0}",3,5,0.6,0
994,neutral,neutral,disgust,Daddy issues [NAME],"{""admiration"": 0, ""amusement"": 0, ""anger"": 0, ""annoyance"": 0, ""approval"": 0, ""caring"": 0, ""confusion"": 0, ""curiosity"": 0, ""desire"": 0, ""disappointment"": 0, ""disapproval"": 0, ""disgust"": 5, ""embarrassment"": 0, ""excitement"": 0, ""fear"": 0, ""gratitude"": 0, ""grief"": 0, ""joy"": 0, ""love"": 0, ""nervousness"": 0, ""optimism"": 0, ""pride"": 0, ""realization"": 0, ""relief"": 0, ""remorse"": 0, ""sadness"": 0, ""surprise"": 0, ""neutral"": 0}",5,5,1.0,0
995,neutral,neutral,disapproval,Idk why you’re getting down voted I also pick it every time and almost always get it done on that initial skirmish,"{""admiration"": 0, ""amusement"": 0, ""anger"": 0, ""annoyance"": 0, ""approval"": 0, ""caring"": 0, ""confusion"": 0, ""curiosity"": 0, ""desire"": 0, ""disappointment"": 0, ""disapproval"": 3, ""disgust"": 1, ""embarrassment"": 0, ""excitement"": 0, ""fear"": 0, ""gratitude"": 0, ""grief"": 0, ""joy"": 0, ""love"": 0, ""nervousness"": 0, ""optimism"": 0, ""pride"": 0, ""realization"": 0, ""relief"": 0, ""remorse"": 1, ""sadness"": 0, ""surprise"": 0, ""neutral"": 0}",3,5,0.6,0
996,sadness,sadness|neutral,disgust,"Meanwhile, 1500 a day continue to die from cigarettes","{""admiration"": 0, ""amusement"": 0, ""anger"": 0, ""annoyance"": 0, ""approval"": 0, ""caring"": 0, ""confusion"": 0, ""curiosity"": 0, ""desire"": 0, ""disappointment"": 0, ""disapproval"": 0, ""disgust"": 5, ""embarrassment"": 0, ""excitement"": 0, ""fear"": 0, ""gratitude"": 0, ""grief"": 0, ""joy"": 0, ""love"": 0, ""nervousness"": 0, ""optimism"": 0, ""pride"": 0, ""realization"": 0, ""relief"": 0, ""remorse"": 0, ""sadness"": 0, ""surprise"": 0, ""neutral"": 0}",5,5,1.0,0
997,annoyance,annoyance|disapproval,disapproval,I never said she wasn't a downgrade. But on r/political_revolution the complaint seems to be that she didn't endorse anybody in 2016.,"{""admiration"": 0, ""amusement"": 0, ""anger"": 0, ""annoyance"": 0, ""approval"": 0, ""caring"": 0, ""confusion"": 0, ""curiosity"": 0, ""desire"": 0, ""disappointment"": 0, ""disapproval"": 4, ""disgust"": 1, ""embarrassment"": 0, ""excitement"": 0, ""fear"": 0, ""gratitude"": 0, ""grief"": 0, ""joy"": 0, ""love"": 0, ""nervousness"": 0, ""optimism"": 0, ""pride"": 0, ""realization"": 0, ""relief"": 0, ""remorse"": 0, ""sadness"": 0, ""surprise"": 0, ""neutral"": 0}",4,5,0.8,1
998,neutral,neutral,disgust,While that is cute-try to do critical thinking while u are reading. Prove your god exsists-let him smite me. That mighty smiter.,"{""admiration"": 0, ""amusement"": 0, ""anger"": 1, ""annoyance"": 0, ""approval"": 0, ""caring"": 0, ""confusion"": 0, ""curiosity"": 0, ""desire"": 0, ""disappointment"": 0, ""disapproval"": 0, ""disgust"": 4, ""embarrassment"": 0, ""excitement"": 0, ""fear"": 0, ""gratitude"": 0, ""grief"": 0, ""joy"": 0, ""love"": 0, ""nervousness"": 0, ""optimism"": 0, ""pride"": 0, ""realization"": 0, ""relief"": 0, ""remorse"": 0, ""sadness"": 0, ""surprise"": 0, ""neutral"": 0}",4,5,0.8,0
999,gratitude,gratitude,gratitude,Thank you for your service,"{""admiration"": 0, ""amusement"": 0, ""anger"": 0, ""annoyance"": 0, ""approval"": 0, ""caring"": 0, ""confusion"": 0, ""curiosity"": 0, ""desire"": 0, ""disappointment"": 0, ""disapproval"": 0, ""disgust"": 2, ""embarrassment"": 0, ""excitement"": 0, ""fear"": 0, ""gratitude"": 3, ""grief"": 0, ""joy"": 0, ""love"": 0, ""nervousness"": 0, ""optimism"": 0, ""pride"": 0, ""realization"": 0, ""relief"": 0, ""remorse"": 0, ""sadness"": 0, ""surprise"": 0, ""neutral"": 0}",3,5,0.6,1
