id,gold,pred,text,votes,top_votes,K,confidence,correct
0,World,World,"Israeli Soldiers Kill Palestinian Gunman in Gaza -Army (Reuters) Reuters - Israeli soldiers shot and killed a\Palestinian gunman on Monday as he approached a military\outpost near a Jewish settlement in the southern Gaza Strip, a\military source said.","{""World"": 5, ""Sports"": 0, ""Business"": 0, ""Sci/Tech"": 0}",5,5,1.0,1
1,Sci/Tech,Business,"CRM Best Practices: TCO and ROI (NewsFactor) NewsFactor - With CRM projects costing millions, even in some mid-size companies, it is no surprise CFOs are leading the charge to be sure the most important projects are first, that they are justified, and that they actually deliver on their forecast benefits.","{""World"": 0, ""Sports"": 0, ""Business"": 5, ""Sci/Tech"": 0}",5,5,1.0,0
2,Sci/Tech,Sci/Tech,"Intel calls for Internet overhaul The Net needs a new layer of abilities that will deal with imminent problems of capacity, security and reliability, Intel's CTO says.","{""World"": 0, ""Sports"": 0, ""Business"": 0, ""Sci/Tech"": 5}",5,5,1.0,1
3,Sci/Tech,ABSTAIN,"Qualcomm: A  quot;Wireless Intel quot;? Qualcomm began life in 1985 in a very unremarkable way -- in founder Irwin Jacobs #39; den. The space was small and crowded. The founding crew consisted of seven people, who were enthusiastic but low key.","{""World"": 1, ""Sports"": 0, ""Business"": 0, ""Sci/Tech"": 2}",0,5,0.0,0
4,World,World,"Peruvian Maoist trial thrown into chaos The first hearing in the re-trial of former leaders of Peru #39;s Shining Path guerrilla group has ended in chaos. The judge suspended the hearing after the group #39;s founder, Abimael Guzman, and his 15 co-defendants ","{""World"": 5, ""Sports"": 0, ""Business"": 0, ""Sci/Tech"": 0}",5,5,1.0,1
5,Business,Business,"Enron to Pay \$321 Million in Pensions  HOUSTON (Reuters) - Enron Corp. will pay \$321 million from  the proceeds of its sale of its pipeline arm to fund pension  plans for thousands of former employees, a government pension  agency said on Monday.","{""World"": 0, ""Sports"": 0, ""Business"": 5, ""Sci/Tech"": 0}",5,5,1.0,1
6,Business,Business,"Post-Olympic Greece tightens purse, sells family silver to fill budget holes (AFP) AFP - Squeezed by a swelling public deficit and debt following last month's costly Athens Olympics, the Greek government said it would cut defence spending and boost revenue by 1.5 billion euros (1.84 billion dollars) in privatisation receipts.","{""World"": 1, ""Sports"": 0, ""Business"": 4, ""Sci/Tech"": 0}",4,5,0.8,1
7,World,World,Court imposes lawyer on Milosevic The UN tribunal in The Hague says it will impose a defence lawyer on former Yugoslav leader Slobodan Milosevic.,"{""World"": 5, ""Sports"": 0, ""Business"": 0, ""Sci/Tech"": 0}",5,5,1.0,1
8,Business,Business,"Japan GDP Hurts Yen, U.S. Trade Data Eyed  LONDON (Reuters) - The yen fell against other major  currencies on Friday on a surprising downward revision to  Japanese growth, while the dollar hit three-week lows against  the euro on worries about the U.S. trade deficit.","{""World"": 0, ""Sports"": 0, ""Business"": 5, ""Sci/Tech"": 0}",5,5,1.0,1
9,World,World,Taiwan votes on leaner parliament A vote is due to be held in Taiwan on plans to halve the number of seats in the island's famously heated legislature.,"{""World"": 5, ""Sports"": 0, ""Business"": 0, ""Sci/Tech"": 0}",5,5,1.0,1
10,Sci/Tech,Sci/Tech,Shuttle to launch without repair kit? The CAIB report urged NASA to develop a way for astronauts during flight to inspect the orbiter and make emergency repairs to its insulation tiles and reinforced carbon-carbon panels.,"{""World"": 0, ""Sports"": 0, ""Business"": 0, ""Sci/Tech"": 5}",5,5,1.0,1
11,Sci/Tech,Sci/Tech,Study: Mobile phone use increases brain tumor risk But researchers say data based on analogue phone usage may not yield same results as digital phone usage.,"{""World"": 0, ""Sports"": 0, ""Business"": 0, ""Sci/Tech"": 5}",5,5,1.0,1
12,Business,Business,"Singapore Airlines confirms sale of Air NZ stake SYDNEY - Singapore Airlines announced on Tuesday the sale of its  quot;non-core quot; 6.3 stake in Air New Zealand, ending a four-year strategic investment in the now government-owned carrier.","{""World"": 0, ""Sports"": 0, ""Business"": 5, ""Sci/Tech"": 0}",5,5,1.0,1
13,Sci/Tech,Business,"Yahoo offers personal search Yahoo launched a new service designed to let users of its search engine save and manage their query results for accessing later and sharing with others, the company said Tuesday.","{""World"": 0, ""Sports"": 0, ""Business"": 4, ""Sci/Tech"": 1}",4,5,0.8,0
14,Sci/Tech,Sci/Tech,A PC in the toaster? How mod! photos There's also room in the humidor and the Darth Vader helmet. Take a gander at some strange and wonderful creations.,"{""World"": 0, ""Sports"": 0, ""Business"": 0, ""Sci/Tech"": 4}",4,5,0.8,1
15,Sports,Sports,FA Plan New United-Arsenal Talks The Football Association are set to wait until after the conclusion of any disciplinary action against Arsene Wenger before trying to broker a peace summit between Arsenal and Manchester United.,"{""World"": 0, ""Sports"": 5, ""Business"": 0, ""Sci/Tech"": 0}",5,5,1.0,1
16,Sci/Tech,Sci/Tech,"Lonely whale #39;s song remains a mystery A lone whale with a voice unlike any other has been wandering the Pacific for the past 12 years. Marine biologist Mary Ann Daher of Woods Hole Oceanographic Institution in Massachusetts, US, and her colleagues ","{""World"": 0, ""Sports"": 0, ""Business"": 0, ""Sci/Tech"": 5}",5,5,1.0,1
17,Sports,Sports,"Thrashers Owner Fined The NHL fined one of the owners of the Thrashers \$250,000 on Tuesday for saying the league would use replacement players next year if a new collective bargaining agreement isn't reached.","{""World"": 0, ""Sports"": 5, ""Business"": 0, ""Sci/Tech"": 0}",5,5,1.0,1
18,Sci/Tech,Sci/Tech,"Briefly: Top McAfee exec to step down roundup Plus:  Samsung to put hard drives in phones...IDC says external disk storage up...Lawmakers to vote on spyware, piracy bills.","{""World"": 0, ""Sports"": 0, ""Business"": 1, ""Sci/Tech"": 4}",4,5,0.8,1
19,Business,Business,"Virgin Mobile growth prospects disappoint Richard Branson #39;s Virgin Mobile has forecast substantially higher earnings and margins, but disappointing predictions for service revenue ","{""World"": 0, ""Sports"": 0, ""Business"": 5, ""Sci/Tech"": 0}",5,5,1.0,1
20,Sports,Sports,"Eagles 27, Giants 6 EAST RUTHERFORD, NJ - The Philadelphia Eagles won a fourth consecutive NFC East title by making Eli Manning look very much like a rookie.","{""World"": 0, ""Sports"": 5, ""Business"": 0, ""Sci/Tech"": 0}",5,5,1.0,1
21,Sports,Sports,"Williams Rejects Deal, Says He Won #39;t Return in 2005 Miami Dolphins tailback Ricky Williams has no immediate plans to resume his NFL career and, at least for now, intends to stay in retirement, according to his attorney.","{""World"": 0, ""Sports"": 5, ""Business"": 0, ""Sci/Tech"": 0}",5,5,1.0,1
22,Business,Business,"Cingular Sees Merger Savings Above Plan Cingular Wireless, the nation #39;s largest wireless carrier following the company #39;s merger with AT amp;T Wireless, said Wednesday that it has completed integration activities ahead of schedule and now expects merger-related cost savings to exceed prior estimates ","{""World"": 0, ""Sports"": 0, ""Business"": 5, ""Sci/Tech"": 0}",5,5,1.0,1
23,Sports,Sports,San Antonio (15-3) at Chicago (2-12) 8:30 pm EST CHICAGO (Ticker) -- Two teams heading in opposite directions meet Monday at the United Center when the San Antonio Spurs visit the Chicago Bulls.,"{""World"": 0, ""Sports"": 5, ""Business"": 0, ""Sci/Tech"": 0}",5,5,1.0,1
24,Sci/Tech,Business,"MicroStrategy Turnover Draws Analyst Scrutiny MicroStrategy Inc. said yesterday that president and chief financial officer Eric F. Brown had resigned and that founder Michael J. Saylor would again hold the company's top three jobs, prompting some analysts to raise concerns about the company's stock.","{""World"": 0, ""Sports"": 0, ""Business"": 5, ""Sci/Tech"": 0}",5,5,1.0,0
25,Sports,Sports,Rivers soaks up his big moment The game ball was retrieved following the Celtics #39; 107-73 victory over the Knicks last night. It will be appropriately lettered and presented to coach Doc Rivers to commemorate his first win for the club.,"{""World"": 0, ""Sports"": 5, ""Business"": 0, ""Sci/Tech"": 0}",5,5,1.0,1
26,Business,Business,"Retailers Vie for Back-To-School Buyers (Reuters) Reuters - Apparel retailers are hoping their\back-to-school fashions will make the grade among\style-conscious teens and young adults this fall, but it could\be a tough sell, with students and parents keeping a tighter\hold on their wallets.","{""World"": 0, ""Sports"": 0, ""Business"": 5, ""Sci/Tech"": 0}",5,5,1.0,1
27,Sports,Sports,"Nets 96, Bobcats 89 EAST RUTHERFORD, NJ - In some ways, the New Jersey Nets are searching for an identity as much as the expansion Charlotte Bobcats. It #39;s the price of being dismantled in the offseason.","{""World"": 0, ""Sports"": 5, ""Business"": 0, ""Sci/Tech"": 0}",5,5,1.0,1
28,Sports,ABSTAIN,"Brennan Confirms Departure For 18 years Tom Brennan has been has been a sidelines fixture at Patrick Gym.His 19th will be his last. Today at his news conference, Brennan admitted he was at the end.","{""World"": 2, ""Sports"": 1, ""Business"": 1, ""Sci/Tech"": 0}",0,5,0.0,0
29,Business,World,US Travelers Face Weather Delays on Holiday Journey (Update2) Travelers faced weather delays across the US as they took to the highways and airways today to begin what industry experts say will be the biggest Thanksgiving travel weekend since 2000.,"{""World"": 4, ""Sports"": 0, ""Business"": 1, ""Sci/Tech"": 0}",4,5,0.8,0
30,World,World,Iraq: 26 killed on horrific day of violence Suicide bombers killed at least 22 members of Iraq #39;s fledgling security forces yesterday amid a spate of insurgent attacks across the country that also ,"{""World"": 5, ""Sports"": 0, ""Business"": 0, ""Sci/Tech"": 0}",5,5,1.0,1
31,Business,Business,"Justices to debate mail-order wine Being freelance wine critics may sound like a sweet gig, but Ray and Eleanor Heald have soured on it. Because their home state, Michigan, blocks direct shipments from out-of-state ","{""World"": 1, ""Sports"": 0, ""Business"": 3, ""Sci/Tech"": 0}",3,5,0.6,1
32,Sports,Sports,"Two Michigan St football players arrested EAST LANSING, Michigan (Ticker) - Two Michigan State football players were arrested Tuesday morning for planting three homemade  quot;MacGyver bombs quot; outside a campus apartment.","{""World"": 1, ""Sports"": 4, ""Business"": 0, ""Sci/Tech"": 0}",4,5,0.8,1
33,World,Business,"Alstom to sign 1 billion Euro in contracts with China (AFP) AFP - The French Group Alstom Saturday will sign contracts worth up to 1 billion Euros (1.23 billion dollars) in China for the delivery of trains and locomotives, French sources with knowledge of the deal revealed to AFP.","{""World"": 1, ""Sports"": 0, ""Business"": 4, ""Sci/Tech"": 0}",4,5,0.8,0
34,Sports,Sports,Orange Crush Bears Sixth-ranked Syracuse scores the first 24 points of the game and cruises to a 104-54 victory over Northern Colorado on Thursday night in the first round of the Coaches vs. Cancer Classic.,"{""World"": 0, ""Sports"": 5, ""Business"": 0, ""Sci/Tech"": 0}",5,5,1.0,1
35,Sports,Sports,Afghan women make brief Olympic debut Afghan women made a short-lived debut in the Olympic Games on Wednesday as 18-year-old judo wildcard Friba Razayee was defeated after 45 seconds of her first match in the under-70kg middleweight. ,"{""World"": 0, ""Sports"": 5, ""Business"": 0, ""Sci/Tech"": 0}",5,5,1.0,1
36,Sci/Tech,Business,"Intuit gets deeper into IT, revamps Quicken The software maker adds a network management application. It also updates its Quicken personal-finance software.","{""World"": 0, ""Sports"": 0, ""Business"": 5, ""Sci/Tech"": 0}",5,5,1.0,0
37,World,World,"Sadr Militiamen Still in Control of Iraq Shrine  NAJAF, Iraq (Reuters) - Rebel Shi'ite fighters appeared  still to be in control of the Imam Ali mosque in the Iraqi city  Najaf early on Saturday, but the whereabouts of their leader,  the fiery cleric Moqtada al-Sadr, were unknown.","{""World"": 5, ""Sports"": 0, ""Business"": 0, ""Sci/Tech"": 0}",5,5,1.0,1
38,World,World,E. Guinea coup suspects say they were tortured Equatorial Guinea has told a court he and his comrades had been chained like animals and tortured into confessing. and hand-cuffs to plead their innocence on Thursday.,"{""World"": 5, ""Sports"": 0, ""Business"": 0, ""Sci/Tech"": 0}",5,5,1.0,1
39,Sci/Tech,Sci/Tech,Apple Blocks Use of RealNetworks #39; Music on iPod Photo Apple has updated software on its iPod Photo digital music player to prevent users from playing music bought from RealNetworks #39; online music store.,"{""World"": 0, ""Sports"": 0, ""Business"": 2, ""Sci/Tech"": 3}",3,5,0.6,1
40,World,World,Brown calls for Labour unity Chancellor Gordon Brown has sought to quell speculation over who should run the Labour Party and turned the attack on the opposition Conservatives.,"{""World"": 5, ""Sports"": 0, ""Business"": 0, ""Sci/Tech"": 0}",5,5,1.0,1
41,World,World,Pitcairn trial views police interview tape The court presiding over the Pitcairn Island sex trials has been shown a videotape of a police interview with one of the accused. Steven Christian denies rape but he does admit to having sex with underage girls.,"{""World"": 5, ""Sports"": 0, ""Business"": 0, ""Sci/Tech"": 0}",5,5,1.0,1
42,Business,Business,"Except for less export business, most find little to complain &lt;b&gt;...&lt;/b&gt; Longtime Gonzales County rancher Jim Selman, who raises calves in the biggest cattle county in the nation #39;s biggest cattle state, sees 2004 as a year to remember.","{""World"": 2, ""Sports"": 0, ""Business"": 3, ""Sci/Tech"": 0}",3,5,0.6,1
43,Sports,Sports,"Soccer: Vller quits Roma after Bologna loss Rudi Vller said Sunday that he had left Roma of the Italian league. He had been manager for less than four weeks. Roma lost 3-1 to Bologna in Serie A on Saturday, even though its opponents played for 40 minutes with just nine men.","{""World"": 0, ""Sports"": 5, ""Business"": 0, ""Sci/Tech"": 0}",5,5,1.0,1
44,World,World,"Nujoma's Man Set to Sweep Namibia Elections  OSHAKATI, Namibia (Reuters) - Hifikepunye Pohamba, who has  spearheaded moves to expropriate white-owned land for  redistribution to black peasants, is virtually guaranteed  victory in Namibia's presidential polls next week.","{""World"": 5, ""Sports"": 0, ""Business"": 0, ""Sci/Tech"": 0}",5,5,1.0,1
45,World,World,Israeli troops kill Gaza militant At least one Palestinian is shot dead by Israeli troops as he attacked a checkpoint near Gaza City.,"{""World"": 5, ""Sports"": 0, ""Business"": 0, ""Sci/Tech"": 0}",5,5,1.0,1
46,Sci/Tech,Sci/Tech,IBM protects passwords with PC chip New PCs will ship with a chip designed to thwart hackers--a hardware approach that's said to be safer than software.,"{""World"": 0, ""Sports"": 0, ""Business"": 0, ""Sci/Tech"": 5}",5,5,1.0,1
47,Business,Business,"Delta Air to Issue More Shares Delta Air Lines, fighting to avoid bankruptcy, said yesterday that it had won approval to bypass shareholders to issue up to 75 million common shares.","{""World"": 0, ""Sports"": 0, ""Business"": 5, ""Sci/Tech"": 0}",5,5,1.0,1
48,World,World,"Exit Polls: Hong Kong Democrats Win Limited Gains  HONG KONG (Reuters) - Pro-democracy candidates won limited  gains in Hong Kong's Legislative Council election on Sunday and  the pro-Beijing camp achieved a better-than-expected showing,  exit polls showed.","{""World"": 5, ""Sports"": 0, ""Business"": 0, ""Sci/Tech"": 0}",5,5,1.0,1
49,Sports,Sports,"No. 6 Syracuse Crushes N. Colo. 104-54 Syracuse #39;s Hakim Warrick dunks against Northern Colorado during the first half in Syracuse, NY, Thursday, Nov. 11, 2004. (AP Photo/Kevin Rivoli).","{""World"": 0, ""Sports"": 5, ""Business"": 0, ""Sci/Tech"": 0}",5,5,1.0,1
50,Business,Business,"Wrigley gets into the candy business CHICAGO (CBS.MW) -- Wm. Wrigley Jr. Co. said Monday that it #39;s getting into the candy business via a \$1.48 billion acquisition of the Life Savers and Altoids brands, among others, from Kraft Foods Inc.","{""World"": 0, ""Sports"": 0, ""Business"": 5, ""Sci/Tech"": 0}",5,5,1.0,1
51,World,World,"Bomb rocks Indonesia #39;s Paris embassy A small parcel bomb has exploded outside the Indonesian embassy in Paris, slightly injuring 10 people and shattering windows, but officials say they have no clues to the motive.","{""World"": 4, ""Sports"": 0, ""Business"": 0, ""Sci/Tech"": 0}",4,5,0.8,1
52,Business,Business,"ANZ increases IT spend A new \$100 million retail telling platform, which was completed in the first half of this year, and the growing cost of compliance were the key drivers for the rise according to the bank #39;s 2004 Annual Roadshow presentation.","{""World"": 0, ""Sports"": 0, ""Business"": 5, ""Sci/Tech"": 0}",5,5,1.0,1
53,World,World,"Sudan says it will abide by 'unfair' UN resolution on Darfur (AFP) AFP - Sudan has condemned as  quot;unfair quot; a new UN resolution calling on Khartoum to restore security to the crisis-wracked Darfur region or face possible sanctions, but said it would abide by the UN's demands.","{""World"": 5, ""Sports"": 0, ""Business"": 0, ""Sci/Tech"": 0}",5,5,1.0,1
54,Business,Business,"Viacom, Disney pay \$1.5M FCC fine Disney and Viacom agreed to a fine of \$1.5 million from the Federal Communications Commission over claims their children #39;s cable television networks violated advertising restrictions, the FCC said Thursday.","{""World"": 0, ""Sports"": 0, ""Business"": 5, ""Sci/Tech"": 0}",5,5,1.0,1
55,Sports,Sports,ROGER #39;S READY Roger Federer says he #39;s ready to erase the image as being too soft to win in New York. The world #39;s No. 1 player from Switzerland has played three US Opens and lost in the fourth round each time.,"{""World"": 0, ""Sports"": 5, ""Business"": 0, ""Sci/Tech"": 0}",5,5,1.0,1
56,Sci/Tech,Sci/Tech,"Astronauts Briefly Fix Oxygen Generator (AP) AP - The astronauts aboard the international space station got their broken oxygen generator running after three tries Friday, but the machine shut down again after barely an hour of operation.","{""World"": 0, ""Sports"": 0, ""Business"": 0, ""Sci/Tech"": 5}",5,5,1.0,1
57,Sports,Sports,"Louisville Slams Tulane  NEW ORLEANS (Sports Network) - Eric Shelton rushed for two  touchdowns, Stefan LeFors passed for 247 yards with two  touchdowns and No. 7 Louisville completed a perfect Conference  USA campaign by routing Tulane, 55-7,","{""World"": 0, ""Sports"": 5, ""Business"": 0, ""Sci/Tech"": 0}",5,5,1.0,1
58,Sports,Sports,"Seminoles Monday recap Despite myriad miscues, Florida State rallied from a seven-point halftime deficit to defeat Syracuse 17-13 before 40,539 fans at the Carrier Dome.","{""World"": 0, ""Sports"": 5, ""Business"": 0, ""Sci/Tech"": 0}",5,5,1.0,1
59,Sci/Tech,Sci/Tech,"NASA delays flight of X-43A scramjet to attempt Mach 10 LOS ANGELES NASA will try again today to fly an unmanned hypersonic jet designed to reach a record speed of Mach Ten, or seven-thousand-miles-per-hour.","{""World"": 0, ""Sports"": 0, ""Business"": 0, ""Sci/Tech"": 5}",5,5,1.0,1
60,Business,World,"WTO backs Korea in shipbuilding dispute with EU The World Trade Organization has ruled against European Union claims that the Korean government provided illegal subsidies to its shipbuilding industry, the Ministry of Foreign Affairs and Trade said today.","{""World"": 5, ""Sports"": 0, ""Business"": 0, ""Sci/Tech"": 0}",5,5,1.0,0
61,Business,Business,"FCC exempts fiber-to-curb from sharing requirements The Federal Communications Commission Thursday voted to allow incumbent telephone carriers from sharing fiber-to-the-curb deployments from competitors, prompting one incumbent to announce an accelerated fiber rollout.","{""World"": 0, ""Sports"": 0, ""Business"": 3, ""Sci/Tech"": 1}",3,5,0.6,1
62,Sports,Sports,English FA planning to introduce EPO tests this season The English FA plans to introduce tests for the blood-boosting drug EPO (erythropoietin) this season as part of its regular testing programme.,"{""World"": 0, ""Sports"": 5, ""Business"": 0, ""Sci/Tech"": 0}",5,5,1.0,1
63,World,World,"PM to discuss strategic partnership Prime Minister Manmohan Singh arrived on Tuesday for the first major diplomatic foray that includes talks with US President George W Bush, Pakistan President Pervez Musharraf and address to the UN General Assembly.","{""World"": 5, ""Sports"": 0, ""Business"": 0, ""Sci/Tech"": 0}",5,5,1.0,1
64,Sci/Tech,Sci/Tech,"NASA to test hypersonic scramjet WASHINGTON: NASA will today conduct the final and fastest test flight of its pilotless X-43A hypersonic research aircraft, aiming to send it zooming across the Pacific Ocean at about 10 times the speed of sound -- almost 3.2 kilometers (two miles) per ","{""World"": 0, ""Sports"": 0, ""Business"": 0, ""Sci/Tech"": 4}",4,5,0.8,1
65,Business,Sci/Tech,"Toy Safety Report Released checking for them by hand before buying -- because children could choke on them, consumer advocates said in an annual warning on toy safety.","{""World"": 1, ""Sports"": 0, ""Business"": 1, ""Sci/Tech"": 3}",3,5,0.6,0
66,Sports,Sports,"We can win the series, says Ganguly  quot;After the momentum we have got in Chennai, we should win the next two Tests. We are quite capable of winning the series, quot; Ganguly said.","{""World"": 0, ""Sports"": 5, ""Business"": 0, ""Sci/Tech"": 0}",5,5,1.0,1
67,Sci/Tech,Business,"Veritas Keeps Reaching into Its Wallet By acquiring KVault, which makes e-mail-archiving software, it aims to erode EMC #39;s lead and rebuild investors #39; confidence.","{""World"": 0, ""Sports"": 0, ""Business"": 3, ""Sci/Tech"": 2}",3,5,0.6,0
68,Business,Business,US unemployment claims slip but picture still murky NEW YORKFewer Americans lined up to claim first-time jobless benefits last week but analysts said the modest decline said very little about the current state of the labour market. ,"{""World"": 1, ""Sports"": 0, ""Business"": 4, ""Sci/Tech"": 0}",4,5,0.8,1
69,Sci/Tech,Business,"Symantec launches antiphishing service SEPTEMBER 13, 2004 (IDG NEWS SERVICE) - Symantec Corp. is fishing for dollars with a new service designed to help companies combat the ongoing epidemic of online identity theft, or  quot;phishing, quot; scams.","{""World"": 0, ""Sports"": 0, ""Business"": 4, ""Sci/Tech"": 1}",4,5,0.8,0
70,World,World,"New Spasm of Violence Sweeps Iraq, Killing 110  BAGHDAD (Reuters) - At least 110 people were killed across  Iraq on Sunday in a sharp escalation of violence that saw gun  battles, car bombs and bombardments rock the capital.","{""World"": 5, ""Sports"": 0, ""Business"": 0, ""Sci/Tech"": 0}",5,5,1.0,1
71,Sci/Tech,Business,Before-the-Bell: GenCorp Falls 5.6 Pct. (Reuters) Reuters - Shares of GenCorp Inc.  fell 5.6\percent before the opening bell on Monday after investment fund\Steel Partners withdrew its proposal to acquire the aerospace\and real estate company.,"{""World"": 0, ""Sports"": 0, ""Business"": 5, ""Sci/Tech"": 0}",5,5,1.0,0
72,Sports,Sports,"Torre Calls a Meeting, and the Yanks Respond Joe Torre gathered the Yankees before Monday night #39;s game at Jacobs Field and imparted a simple message: put aside the struggles of the past week.","{""World"": 0, ""Sports"": 5, ""Business"": 0, ""Sci/Tech"": 0}",5,5,1.0,1
73,World,World,HK democrats to take seats A new crop of Hong Kong democrats are due to be sworn in to the Legislative Council.,"{""World"": 5, ""Sports"": 0, ""Business"": 0, ""Sci/Tech"": 0}",5,5,1.0,1
74,World,World,"Militia, Shiite Leaders Bicker Over Shrine NAJAF, Iraq - Militants loyal to radical Shiite cleric Muqtada al-Sadr kept their hold on a revered shrine, and clashes flared in Najaf on Saturday, raising fears that a resolution to the crisis in the holy city could collapse amid bickering between Shiite leaders.    The clashes between U.S...","{""World"": 5, ""Sports"": 0, ""Business"": 0, ""Sci/Tech"": 0}",5,5,1.0,1
75,Sci/Tech,Sci/Tech,"Intel Cancels Revamped Chip The Intel Corporation said that it was canceling plans to market a faster version of its Pentium 4 chip to focus on products with ""more bang for the buck.""","{""World"": 0, ""Sports"": 0, ""Business"": 1, ""Sci/Tech"": 4}",4,5,0.8,1
76,World,World,"Kenyan tree planter wins Nobel Peace Prize: report LONDON (CBS.MW) -- Kenyan tree planter and government minister Wangari Maathai has won the Nobel Peace Prize, Agence France-Presse said.","{""World"": 5, ""Sports"": 0, ""Business"": 0, ""Sci/Tech"": 0}",5,5,1.0,1
77,Business,Business,Hurricane Ivan blows Courts #39; profits away MILLIONS of pounds are likely to be wiped off profits at the Caribbean arm of furniture retailer Courts following the devastating impact of Hurricane Ivan.,"{""World"": 0, ""Sports"": 0, ""Business"": 5, ""Sci/Tech"": 0}",5,5,1.0,1
78,Sci/Tech,Business,Dell Debuts Color Laser Printers Three new models are designed for businesses and home office users.,"{""World"": 0, ""Sports"": 0, ""Business"": 3, ""Sci/Tech"": 2}",3,5,0.6,0
79,Sci/Tech,Sci/Tech,"Threat of Extinction Looms Over Larger Species Being the biggest dog may pay off at feeding time, but species that grow too large may be more vulnerable to extinction, new research suggests. Over 50 million years a succession of large carnivores evolved in North America, diversified, and then died out.","{""World"": 1, ""Sports"": 0, ""Business"": 0, ""Sci/Tech"": 4}",4,5,0.8,1
80,Sci/Tech,Sci/Tech,"Web TV Start-Ups Show Programs Outside the Box (washingtonpost.com) washingtonpost.com - Internet TV is a mirage, seeming so close yet turning out to be far away or downright unreal when you try to watch it. At least that's my take on the many past plans for zapping motion pictures over the Internet.","{""World"": 1, ""Sports"": 0, ""Business"": 0, ""Sci/Tech"": 4}",4,5,0.8,1
81,World,World,Britain doing  quot;all we can quot; for hostage in Iraq Prime Minister Tony Blair has his government is doing all in its power to help a kidnapped Briton -- but he has avoided a public response to insurgents threatening to kill the man.,"{""World"": 5, ""Sports"": 0, ""Business"": 0, ""Sci/Tech"": 0}",5,5,1.0,1
82,Sci/Tech,Business,Novell reshuffles biz for Linux focus Novell is reorganising its business to focus on two key areas - Linux and identity management. The networking software firm #39;s Nterprise and Linux operations will be folded into a Platform and Application Services group CRN reports.,"{""World"": 0, ""Sports"": 0, ""Business"": 5, ""Sci/Tech"": 0}",5,5,1.0,0
83,World,World,"Rumsfeld says US is winning the war as bomb attacks kill 18 Bombs in Baghdad killed 18 people as the US Defence Secretary, Donald Rumsfeld, declared that America was winning the war against insurgency during a visit to Iraq.","{""World"": 5, ""Sports"": 0, ""Business"": 0, ""Sci/Tech"": 0}",5,5,1.0,1
84,Business,Business,Comcast gets option on TW Cable NEW YORK (CBS.MW) -- Comcast said Monday that it has an option to cut its stake in Time Warner Cable to 17 percent from 21 percent in exchange for stock in a unit that will hold cable-television systems and cash.,"{""World"": 0, ""Sports"": 0, ""Business"": 5, ""Sci/Tech"": 0}",5,5,1.0,1
85,Sports,Sports,"Injured Heskey to miss England friendly NEWCASTLE, England (AP) - Striker Emile Heskey has pulled out of the England squad ahead of Wednesday #39;s friendly against Ukraine because of a tight hamstring, the Football Association said Tuesday. ","{""World"": 0, ""Sports"": 5, ""Business"": 0, ""Sci/Tech"": 0}",5,5,1.0,1
86,Business,Business,"HGS Picks Watkins as New Chief Executive  Human Genome Sciences Inc. plans to announce today that it has hired a 20-year product development veteran from Abbott Laboratories Inc. as chief executive. H. Thomas Watkins, 51, will face the challenge of completing the Rockville company's makeover from gene hunter to drug marketer.","{""World"": 0, ""Sports"": 0, ""Business"": 5, ""Sci/Tech"": 0}",5,5,1.0,1
87,Sports,Sports,"Singer: Minaya returns home NEW YORK -- Omar Minaya stood behind a small lectern in a danky room in the bowels of Shea Stadium, and allowed his life to flash before his eyes.","{""World"": 0, ""Sports"": 5, ""Business"": 0, ""Sci/Tech"": 0}",5,5,1.0,1
88,Sci/Tech,Sci/Tech,"Yahoo Battles Google for The Cell Phone Yahoo added a search feature for cell phones Wednesday, just a few weeks after rival Google launched one of its own. While Google SMS (Short Message Service) uses text-only messages to deliver its results, Yahoo #39;s ","{""World"": 0, ""Sports"": 0, ""Business"": 2, ""Sci/Tech"": 3}",3,5,0.6,1
89,Sci/Tech,Sci/Tech,"Solar spacecraft set to launch next year The \$4 million Cosmos 1 project is backed by The Planetary Society, co-founded by Carl Sagan. By The Associated Press. A solar sail spacecraft designed to be propelled by the pressure of sunlight will be launched ","{""World"": 0, ""Sports"": 0, ""Business"": 0, ""Sci/Tech"": 5}",5,5,1.0,1
90,Sports,Sports,England stars refuse to face media despite World Cup soccer &lt;b&gt;...&lt;/b&gt; England #39;s soccer team refused to face the media after their 2-1 World Cup qualifying victory in Poland on Wednesday in protest at negative publicity they received after Saturday #39;s 2-2 tie with Austria.,"{""World"": 0, ""Sports"": 5, ""Business"": 0, ""Sci/Tech"": 0}",5,5,1.0,1
91,Sports,Sports,Radcliffe to Run in New York Marathon  LONDON (Reuters) - World marathon record holder Paula  Radcliffe believes she has put her failure at the Athens  Olympics behind her after announcing on Tuesday that she will  run in the New York marathon on November 7.,"{""World"": 0, ""Sports"": 5, ""Business"": 0, ""Sci/Tech"": 0}",5,5,1.0,1
92,World,World,Iraq election delay  #39;considered #39; Iraq #39;s electoral commission has said it will consider a request from leading political parties to delay general elections scheduled for 30 January.,"{""World"": 5, ""Sports"": 0, ""Business"": 0, ""Sci/Tech"": 0}",5,5,1.0,1
93,Business,Business,"Bush signs \$136 billion tax-cut bill with no fanfare WASHINGTON President Bush has signed into law the most sweeping rewrite of corporate tax law in nearly two decades. Bush signed the bill today with no fanfare, during a flight on Air Force One to a campaign stop in Pennsylvania.","{""World"": 0, ""Sports"": 0, ""Business"": 4, ""Sci/Tech"": 0}",4,5,0.8,1
94,Sports,Sports,"Big East braces for growth spurt It #39;s hard to imagine, but the league that gave us college basketball #39;s last two national champions is about to get a lot better.","{""World"": 0, ""Sports"": 5, ""Business"": 0, ""Sci/Tech"": 0}",5,5,1.0,1
95,World,Business,"ConocoPhillips boosts LUKoil stake to 10 percent (AFP) AFP - US oil major ConocoPhillips has boosted its stake in Russia's second-largest oil producer LUKoil to 10 percent, giving Conoco at least one representative on LUkoil's board.","{""World"": 0, ""Sports"": 0, ""Business"": 5, ""Sci/Tech"": 0}",5,5,1.0,0
96,World,World,Adams backs power-sharing plan Sinn Fein President Gerry Adams   recommends his party  accept proposals to revive power-sharing.,"{""World"": 5, ""Sports"": 0, ""Business"": 0, ""Sci/Tech"": 0}",5,5,1.0,1
97,Sports,Sports,"Hamm hopes to get on a roll Paul Hamm takes another shot at history tonight, when he'll try to become the first American to win the Olympic men's all-around in gymnastics.","{""World"": 0, ""Sports"": 5, ""Business"": 0, ""Sci/Tech"": 0}",5,5,1.0,1
98,Sci/Tech,Business,"PayPal Technical Snafu Hits eBay Online Commerce Technical problems for online payment service PayPal are hampering e-commerce on the eBay online marketplace. The payment service, which is owned by eBay, has been experiencing problems since last Friday when ","{""World"": 0, ""Sports"": 0, ""Business"": 5, ""Sci/Tech"": 0}",5,5,1.0,0
99,Business,World,"Argentina Views China As Market Economy Argentina recognized China as a market economy on Thursday, granting the Asian country a status it has been seeking worldwide to keep countries from imposing penalties on the dumping of Chinese exports.","{""World"": 4, ""Sports"": 0, ""Business"": 1, ""Sci/Tech"": 0}",4,5,0.8,0
100,Sports,Sports,"Late collapse costs Park a victory Grace Park was bitterly disappointed after failing to produce her second LPGA title of the season Sunday at the Samsung World Championship at Big Horn Golf Course in Palm Desert, California.","{""World"": 0, ""Sports"": 5, ""Business"": 0, ""Sci/Tech"": 0}",5,5,1.0,1
101,Business,Business,"Shareholders Toast Brewers' Merger  BRUSSELS/SAO PAULO (Reuters) - Shareholders gave their  blessing on Friday for Belgium's Interbrew &lt;A HREF=""http://www.investor.reuters.com/FullQuote.aspx?ticker=INTB.BR target=/stocks/quickinfo/fullquote""&gt;INTB.BR&lt;/A&gt; to buy  Brazil's AmBev &lt;A HREF=""http://www.investor.reuters.com/FullQuote.aspx?ticker=AMBV4.SA target=/stocks/quickinfo/fullquote""&gt;AMBV4.SA&lt;/A&gt;&lt;ABV.N&gt; in a \$9.7 billion deal that  will create the world's largest brewer.","{""World"": 0, ""Sports"": 0, ""Business"": 4, ""Sci/Tech"": 0}",4,5,0.8,1
102,Sci/Tech,Sci/Tech,Supercomputing at your fingertips Machines that only a few years ago seemed to be the stuff of fantasy are slowly but surely reaching the mainstream. &lt;br /&gt; Photos: IBM's Blue Gene/L &lt;br /&gt; Photos: Barcelona's big blade,"{""World"": 0, ""Sports"": 0, ""Business"": 0, ""Sci/Tech"": 5}",5,5,1.0,1
103,Sci/Tech,Business,"Gates, Ballmer pay holds at about \$900,000 Paychecks stay the same for the top two, but compensation changes for other Microsoft workers as stock grants replace options.","{""World"": 0, ""Sports"": 0, ""Business"": 5, ""Sci/Tech"": 0}",5,5,1.0,0
104,World,World,Soldiers face Abu Ghraib hearings Four US soldiers charged with abusing Iraqi prisoners  are set to face pre-trial hearings in Germany.,"{""World"": 4, ""Sports"": 0, ""Business"": 0, ""Sci/Tech"": 0}",4,5,0.8,1
105,Sci/Tech,Business,RealNetworks Gets in Content Business (AP) AP - RealNetworks Inc. survived the dot-com collapse and an assault from Microsoft Corp. Now it's trying to remake itself into a provider of paid Internet content.,"{""World"": 0, ""Sports"": 0, ""Business"": 5, ""Sci/Tech"": 0}",5,5,1.0,0
106,Sports,Sports,Another controversial Man Utd-Arsenal game Mount St. Helen #39;s in Oregon has been active these last few months but that is nothing compared to the eruption at Old Trafford on Sunday.,"{""World"": 0, ""Sports"": 5, ""Business"": 0, ""Sci/Tech"": 0}",5,5,1.0,1
107,World,World,"U.S. Jet Fires at House in Fallujah (AP) AP - An American jet fired a missile at a house where about 10 members of an al-Qaida-linked group were believed to be meeting in the Sunni insurgent stronghold of Fallujah on Friday, police and the U.S. military said. At least three people were killed.","{""World"": 5, ""Sports"": 0, ""Business"": 0, ""Sci/Tech"": 0}",5,5,1.0,1
108,Sci/Tech,Sci/Tech,"Delay in Shuttle Flights The battering that the hurricanes of the last month has inflicted on NASA centers could strain an already tight schedule for resuming shuttle flights, but it is too early to tell how badly, experts said Thursday.","{""World"": 0, ""Sports"": 0, ""Business"": 0, ""Sci/Tech"": 4}",4,5,0.8,1
109,Business,Business,"Southwest Airlines to Cut 88 Flights (Reuters) Reuters - Southwest Airlines Inc. (LUV.N), the\largest U.S. discount carrier, on Monday said it will eliminate\88 scheduled flights in order to boost revenue by freeing up\planes for more lucrative markets.","{""World"": 0, ""Sports"": 0, ""Business"": 5, ""Sci/Tech"": 0}",5,5,1.0,1
110,Sci/Tech,Sci/Tech,"NASA space capsule crashes into desert The Genesis space capsule, which had orbited the sun for more than three years in an attempt to find clues to the origin of the solar system, crashed to Earth on Wednesday after its parachute failed to deploy.","{""World"": 0, ""Sports"": 0, ""Business"": 0, ""Sci/Tech"": 5}",5,5,1.0,1
111,Business,Business,"Alcoa Warns Earnings to Miss Forecasts (Reuters) Reuters - Alcoa Inc. , the world's largest\aluminum producer, on Thursday warned that third-quarter\results would fall far short of Wall Street expectations, hurt\by plant shutdowns, restructuring costs and weakness in some\markets.","{""World"": 0, ""Sports"": 0, ""Business"": 5, ""Sci/Tech"": 0}",5,5,1.0,1
112,Sports,Sports,"Ohio State #39;s big plays kill Wolverines Football coaches, especially those at Michigan, continually stress the importance of preventing the big play. A lot of players didn #39;t get the message on Saturday.","{""World"": 0, ""Sports"": 5, ""Business"": 0, ""Sci/Tech"": 0}",5,5,1.0,1
113,Sci/Tech,Business,"Lycos Europe Pauses Anti-spam Efforts Lycos Europe #39;s controversial anti-spam efforts had a bumpy first week, with various availability problems, some of which may have been caused by the same spammers the site targeted with distributed denial of service (DDoS) attacks.","{""World"": 0, ""Sports"": 0, ""Business"": 5, ""Sci/Tech"": 0}",5,5,1.0,0
114,World,World,"Thousands of Japanese endure night outdoors DESTRUCTION: At least 21 people have been killed by the quake, which has forced thousands to evacuate. Yesterday, many were readying to spend another chilly night outside.","{""World"": 4, ""Sports"": 0, ""Business"": 0, ""Sci/Tech"": 1}",4,5,0.8,1
115,Sports,Sports,"Russell moving on, away from Lakers Bryon Russell doesn #39;t plan to read Phil Jackson #39;s book on the Lakers #39; tumultuous 2003-04 season. Russell doesn #39;t need to; he saw it all himself, as part of the not-quite Team of the Century.","{""World"": 0, ""Sports"": 5, ""Business"": 0, ""Sci/Tech"": 0}",5,5,1.0,1
116,Business,Business,"UPDATE 4-Court #39;s cards ruling to aid MBNA, American Express The Supreme Court on Monday let stand a ruling that the Visa and MasterCard credit card associations violated US antitrust law by barring ","{""World"": 0, ""Sports"": 0, ""Business"": 5, ""Sci/Tech"": 0}",5,5,1.0,1
117,World,World,Darfur Peace Talks Struggle for Survival  ABUJA (Reuters) - Peace talks between Sudan's government  and Darfur rebels struggled for survival after one of the two  rebel groups said on Wednesday the negotiations had collapsed  but left open the chance of resumption.,"{""World"": 5, ""Sports"": 0, ""Business"": 0, ""Sci/Tech"": 0}",5,5,1.0,1
118,Sports,Sports,"Donald runs into Ryder form Luke Donald says his win in the European Masters on Sunday bodes well for his upcoming Ryder Cup debut. Donald was one of European captain Bernhard Langer #39;s two picks for the match, which takes place at Oakland Hills, Michigan from 17-19 September.","{""World"": 0, ""Sports"": 5, ""Business"": 0, ""Sci/Tech"": 0}",5,5,1.0,1
119,Business,Business,"Microsoft, Novell Settle Antitrust Suit  SEATTLE/NEW YORK (Reuters) - Microsoft Corp. &lt;A HREF=""http://www.investor.reuters.com/FullQuote.aspx?ticker=MSFT.O target=/stocks/quickinfo/fullquote""&gt;MSFT.O&lt;/A&gt; said  on Monday said it will pay \$536 million to its smaller rival  Novell Inc. &lt;A HREF=""http://www.investor.reuters.com/FullQuote.aspx?ticker=NOVL.O target=/stocks/quickinfo/fullquote""&gt;NOVL.O&lt;/A&gt; to settle an antitrust suit and resolved a  10-year dispute with a computer trade group.","{""World"": 0, ""Sports"": 0, ""Business"": 5, ""Sci/Tech"": 0}",5,5,1.0,1
120,Sports,Sports,"Tigers Clip Indians 6-4 (AP) AP - Eric Munson and Omar Infante each hit two-run homers and Detroit's bullpen stayed busy all night Thursday, leading the Tigers to a 6-4 win over the Cleveland Indians.","{""World"": 0, ""Sports"": 5, ""Business"": 0, ""Sci/Tech"": 0}",5,5,1.0,1
121,World,World,Jailing of HK democrat in China 'politically motivated' (AFP) AFP - Hong Kong democrats accused China of jailing one of their members on trumped-up prostitution charges in a bid to disgrace a political movement Beijing has been feuding with for seven years.,"{""World"": 5, ""Sports"": 0, ""Business"": 0, ""Sci/Tech"": 0}",5,5,1.0,1
122,Business,World,"Oil firms above \$50 as Bush nears win Oil prices jumped above \$50 a barrel this morning, supported by US election tallies projecting a slim lead for President George W Bush.","{""World"": 3, ""Sports"": 0, ""Business"": 2, ""Sci/Tech"": 0}",3,5,0.6,0
123,Sci/Tech,Sci/Tech,"Launch Date Set for Solar Sail Summary - (Nov 10, 2004) The countdown has begun for the launch of the Planetary Society #39;s Cosmos 1 spacecraft; the first ever to be powered by a solar sail.","{""World"": 0, ""Sports"": 0, ""Business"": 0, ""Sci/Tech"": 5}",5,5,1.0,1
124,Sports,Sports,"Team almost had another legend SACRAMENTO -- The one who got away, Part I. With his collection of bow ties and an academic air, Sacramento assistant coach Pete Carril would have fit perfectly among the professors and scholars in Boston. He is, after all, one of the most intelligent and respected basketball minds living.","{""World"": 0, ""Sports"": 5, ""Business"": 0, ""Sci/Tech"": 0}",5,5,1.0,1
125,Business,Business,"Some think this metal is golden So many disasters to avoid, so many uncertainties to resolve, no wonder so many investors have been cautious about buying stocks and bonds.","{""World"": 0, ""Sports"": 0, ""Business"": 5, ""Sci/Tech"": 0}",5,5,1.0,1
126,Business,Business,"Restoring an Original At Charles Schwab, executives plan a return to the firm's original mission of serving mom-and-pop, buy-and-hold investors.","{""World"": 0, ""Sports"": 0, ""Business"": 4, ""Sci/Tech"": 0}",4,5,0.8,1
127,World,World,"B.C. Mountie killed in stolen truck crash leaves wife, two small children (Canadian Press) Canadian Press - VERNON, B.C. (CP) - Vernon RCMP have identified the auxiliary officer killed when the cruiser in which he was riding was struck by a stolen truck as Glen Evely, 39.","{""World"": 5, ""Sports"": 0, ""Business"": 0, ""Sci/Tech"": 0}",5,5,1.0,1
128,World,World,"Pakistan tests nuclear-capable missile ISLAMABAD - Pakistan test-fired a short-range missile capable of carrying nuclear weapons on Monday, and said more tests are planned.","{""World"": 3, ""Sports"": 0, ""Business"": 0, ""Sci/Tech"": 2}",3,5,0.6,1
129,World,World,"Explosion in Kathmandu injures 30 At least 30 people have been hurt in a explosion in Nepal #39;s capital, Kathmandu. Police say it was a bomb. The explosion struck a building of the government-owned Employees #39; Provident Fund that was under construction.","{""World"": 5, ""Sports"": 0, ""Business"": 0, ""Sci/Tech"": 0}",5,5,1.0,1
130,Sci/Tech,Sci/Tech,"GPS in Cell Phones Performs Well While some handheld computers have GPS capabilities, not nearly as many people carry a PDA as the legions who've adopted cell phones as a daily appendage. That's why the notion of adding GPS navigation to a cell phone, as Nextel has with a service called TeleNav, seems appealing.","{""World"": 0, ""Sports"": 0, ""Business"": 0, ""Sci/Tech"": 5}",5,5,1.0,1
131,Sports,Sports,"Diva gallops into history wind, water and Makybe Diva -ll came together to create an unforgettable Melbourne Cup yesterday. The Diva raced through driving rain to win for the second year in a row.","{""World"": 0, ""Sports"": 5, ""Business"": 0, ""Sci/Tech"": 0}",5,5,1.0,1
132,Business,Business,"INTERVIEW: Australia #39;s QBE Consolidates European Units SYDNEY (Dow Jones)--Seeking to cut costs and encouraged by UK regulatory changes, Australia #39;s QBE Insurance group Ltd. (QBE.AU) Tuesday said it will merge its Lloyd #39;s division with other European operations.","{""World"": 0, ""Sports"": 0, ""Business"": 5, ""Sci/Tech"": 0}",5,5,1.0,1
133,Sports,Sports,Clash of the unpredictables: WI-Pak tie What would happen when two of the worlds most talented and unpredictable sides rub shoulders and that too in an ICC Champions Trophy semi-final?,"{""World"": 0, ""Sports"": 5, ""Business"": 0, ""Sci/Tech"": 0}",5,5,1.0,1
134,Business,World,"For Craigslist, city was just the ticket Hadley Weinzierl used Craigslist to furnish her Jamaica Plain apartment, and when she bought a Maltese puppy, she sought advice from fellow Craigslisters on a good vet, a cheap dog-walker, and a park where she could let the dog run without a leash.","{""World"": 3, ""Sports"": 0, ""Business"": 0, ""Sci/Tech"": 1}",3,5,0.6,0
135,Sci/Tech,Business,CRM Vendor Entellium Adopts Open-Source Strategy (TechWeb) TechWeb - Availability of Entellium's code could speed development of industry-specific CRM products.,"{""World"": 0, ""Sports"": 0, ""Business"": 3, ""Sci/Tech"": 2}",3,5,0.6,0
136,Sports,Sports,"Fresno St. Blows Out No. 13 Kansas State (AP) AP - Paul Pinegar threw two touchdown passes to Matt Rivera and ran for another score, and Fresno State upset No. 13 Kansas State 45-21 on Saturday.","{""World"": 0, ""Sports"": 5, ""Business"": 0, ""Sci/Tech"": 0}",5,5,1.0,1
137,World,World,"UK charges 8 in terror plot linked to alert in US LONDON, AUGUST 17: Britain charged eight terror suspects on Tuesday with conspiracy to commit murder and said one had plans that could be used in striking US buildings that were the focus of security scares this month. ","{""World"": 5, ""Sports"": 0, ""Business"": 0, ""Sci/Tech"": 0}",5,5,1.0,1
138,Sci/Tech,Sci/Tech,MP3 Portable Market to Hit \$52B by 2008 Apple will be getting some stiff competition in the coming year. A slew of manufacturers will soon offer players utilizing small 1 quot; hard drives that help propel the iPod and allow them to compete more favorably in the market.,"{""World"": 0, ""Sports"": 0, ""Business"": 2, ""Sci/Tech"": 3}",3,5,0.6,1
139,World,World,"Iran Rejects Any Deal to End Uranium Enrichment  TEHRAN (Reuters) - Iran said on Saturday it would reject  any proposal to halt uranium enrichment, a step European Union  diplomats are proposing to end a row over whether Iran is  seeking atomic weapons.","{""World"": 4, ""Sports"": 0, ""Business"": 0, ""Sci/Tech"": 1}",4,5,0.8,1
140,Business,Business,UAL and Its Creditors Agree to 30-Day Extension UAL's United Airlines will have a 30-day extention on the period in which it can file an exclusive bankruptcy reorganization plan.,"{""World"": 0, ""Sports"": 0, ""Business"": 5, ""Sci/Tech"": 0}",5,5,1.0,1
141,World,World,"Sudan Questions WHO Darfur Deaths Figures Sudan on Saturday questioned UN estimates that up to 70,000 people have died from hunger and disease in its remote Darfur region since a rebellion began 20 months ago.","{""World"": 5, ""Sports"": 0, ""Business"": 0, ""Sci/Tech"": 0}",5,5,1.0,1
142,Sports,Sports,Judge declines to dismiss BALCO case A federal judge said Wednesday that she would not immediately dismiss charges against four men accused of distributing steroids to top athletes.,"{""World"": 0, ""Sports"": 5, ""Business"": 0, ""Sci/Tech"": 0}",5,5,1.0,1
143,Business,World,"How the credit policy will affect you The Reserve Bank of India announced the mid-term review of its monetary policy on Tuesday. Though the central Bank kept away from the much expected interest rate hike, the policy contained recommendations ","{""World"": 3, ""Sports"": 0, ""Business"": 1, ""Sci/Tech"": 0}",3,5,0.6,0
144,World,World,EU seeks joint asylum policy EU ministers meeting in Luxembourg plan moves to integrate their asylum and immigration procedures.,"{""World"": 5, ""Sports"": 0, ""Business"": 0, ""Sci/Tech"": 0}",5,5,1.0,1
145,Sports,Sports,ESPN.com news services HOUSTON -- The Houston Astros enter today #39;s contest against the Colorado Rockies knowing that a victory will earn them an improbable playoff berth.,"{""World"": 0, ""Sports"": 5, ""Business"": 0, ""Sci/Tech"": 0}",5,5,1.0,1
146,World,World,Jeanne death toll over 600 in Haiti (09/21/04)-- The death toll keeps rising in Haiti. Officials say at least 622 people have been killed by Hurricane Jeanne. Jeanne was downgraded to a tropical ,"{""World"": 5, ""Sports"": 0, ""Business"": 0, ""Sci/Tech"": 0}",5,5,1.0,1
147,Business,Business,"Microsoft vs Sendo: It #39;s over The legal battle between UK phone manufacturer Sendo and Microsoft has been settled, the companies announced on Monday morning. Sendo had been suing Microsoft for the alleged theft of trade secrets, fraud ","{""World"": 0, ""Sports"": 0, ""Business"": 5, ""Sci/Tech"": 0}",5,5,1.0,1
148,Sports,Sports,"3 Giants Contest Fines Over Team Meetings (AP) AP - Three New York Giants have filed complaints with the NFL Players Association after being fined by coach Tom Coughlin for not being ""early enough"" to team meetings.","{""World"": 0, ""Sports"": 5, ""Business"": 0, ""Sci/Tech"": 0}",5,5,1.0,1
149,Sports,Sports,Lions have their work cut out for them against Manning You see it every time Indianapolis Colts quarterback Peyton Manning steps to the line of scrimmage before taking the snap. It #39;s like he #39;s going through his own little workout routine.,"{""World"": 0, ""Sports"": 5, ""Business"": 0, ""Sci/Tech"": 0}",5,5,1.0,1
150,World,World,Earthquake hits Indonesian island At least six people are killed as a strong earthquake jolts an island in eastern Indonesia.,"{""World"": 5, ""Sports"": 0, ""Business"": 0, ""Sci/Tech"": 0}",5,5,1.0,1
151,Sci/Tech,Sci/Tech,"Researchers Study Plastics From Feathers (AP) AP - Researchers at Iowa State University are pecking away at ways of making environmentally friendly plastic. From golf tees to a biodegradable flower pot that can be planted directly in the ground, scientists are studying ways of making plastics from things such as chicken feathers and soy protein.","{""World"": 0, ""Sports"": 0, ""Business"": 0, ""Sci/Tech"": 5}",5,5,1.0,1
152,Sci/Tech,Business,Salesforce.com pushes integration (InfoWorld) InfoWorld - Hosted CRM service provider Salesforce.com took another step forward last week in its strategy to build an online ecosystem of vendors that offer software as a service.,"{""World"": 0, ""Sports"": 0, ""Business"": 5, ""Sci/Tech"": 0}",5,5,1.0,0
153,Sports,Sports,Miller Wins Giant Slalom After Maier Falters Bode Miller won his fifth victory of the World Cup season in a giant slalom on Sunday after the three men ahead of him all faltered.,"{""World"": 0, ""Sports"": 5, ""Business"": 0, ""Sci/Tech"": 0}",5,5,1.0,1
154,Sci/Tech,Sci/Tech,Govt. to Test New Air Passenger Screening Program The US government unveiled plans on Thursday for a revised computer-based program using personal information to identify airline passengers who may pose a threat to air travel.,"{""World"": 1, ""Sports"": 0, ""Business"": 1, ""Sci/Tech"": 3}",3,5,0.6,1
155,Business,Business,"Study: 39 Million Americans In Working Poor Families WASHINGTON -- A new report indicates that one in every five US jobs pays less than a poverty-level wage for a family of four. As a result, nearly 39 million Americans, including 20 million children, are members ","{""World"": 2, ""Sports"": 0, ""Business"": 3, ""Sci/Tech"": 0}",3,5,0.6,1
156,World,World,Britons still prefer fish n'chips (AFP) AFP - Traditional fish-and-chips along with cherished pub grub remain the dishes of choice for Britons outstripping Chinese or Indian take-aways.,"{""World"": 5, ""Sports"": 0, ""Business"": 0, ""Sci/Tech"": 0}",5,5,1.0,1
157,Sports,World,SC to hear Zee petition tommorrow Five judges of the top court will hear a petition filed by Zee Telefilms on Tuesday. A three-judge panel of the Supreme Court said a five-judge bench would hear the dispute that threatens the rights of India #39;s ,"{""World"": 4, ""Sports"": 0, ""Business"": 1, ""Sci/Tech"": 0}",4,5,0.8,0
158,Business,Business,"Colgate-Palmolive Announces Job Cuts Toothpaste maker Colgate-Palmolive said today it is cutting 4,400 jobs and closing a third of its 78 factories around the world. The group, which makes products such as Colgate ","{""World"": 0, ""Sports"": 0, ""Business"": 5, ""Sci/Tech"": 0}",5,5,1.0,1
159,Business,Business,"Hit animated films boost Pixar Pixar Animation Studio reported on Thursday strong third-quarter results that were lifted by solid home video sales of its older blockbuster hits  quot;Finding Nemo #39; #39; and  quot;Monsters, Inc.","{""World"": 0, ""Sports"": 0, ""Business"": 5, ""Sci/Tech"": 0}",5,5,1.0,1
160,World,World,"Sudan vows to restore order to Darfur but calls for African peacekeepers (AFP) AFP - Sudan will take the lead in restoring order to its rebellious Darfur region but needs the support of African peacekeepers and humanitarian aid, Foreign Minister Mustafa Osman Ismail said.","{""World"": 5, ""Sports"": 0, ""Business"": 0, ""Sci/Tech"": 0}",5,5,1.0,1
161,World,World,US hostage killed by Iraqi captors A US hostage being held with Briton Ken Bigley has been killed by his captors. US officials said the body of Eugene Armstrong had been found.,"{""World"": 5, ""Sports"": 0, ""Business"": 0, ""Sci/Tech"": 0}",5,5,1.0,1
162,Sports,Business,"Cricket telecast: Prasar Bharati to move SC as aggrieved party #39; THE legal battle surrounding the awarding of telecast rights to Sony Entertainment Television for the forthcoming Australia tour of India is getting complicated with the Prasar Bharati CEO, Mr KS Sarma, saying that the national broadcaster would approach ","{""World"": 0, ""Sports"": 2, ""Business"": 3, ""Sci/Tech"": 0}",3,5,0.6,0
163,World,World,"Israel Announces West Bank Housing Plans (AP) AP - Israel announced plans Monday for 500 new housing units in the West Bank, after an apparent U.S. policy shift that has infuriated the Palestinians. The Palestinians oppose all Jewish settlement in the West Bank and Gaza Strip, lands where they hope to establish an independent state.","{""World"": 4, ""Sports"": 0, ""Business"": 0, ""Sci/Tech"": 0}",4,5,0.8,1
164,World,World,US Stops Short of Backing Brazil on UN Council Seat The United States stopped short of endorsing Brazil #39;s ambition for a permanent seat on an expanded UN Security Council but did say the country would be a  quot;solid candidate.,"{""World"": 5, ""Sports"": 0, ""Business"": 0, ""Sci/Tech"": 0}",5,5,1.0,1
165,Sports,Sports,"F1 power struggle now in session. The legal battle for control of Formula One gets underway in earnest today, with Bernie Ecclestone and the three German banks that make up the major shareholding in the sport going to court to decide who has the right to power.","{""World"": 0, ""Sports"": 5, ""Business"": 0, ""Sci/Tech"": 0}",5,5,1.0,1
166,Sports,Sports,"Despite struggles at plate, Boone wins Gold Glove The way Bret Boone sees it, winning a Gold Glove after a tough offensive season is a validation of the award itself.  quot;There #39;s a lot of debate about the Gold Glove, quot; the Mariners second baseman said.","{""World"": 0, ""Sports"": 5, ""Business"": 0, ""Sci/Tech"": 0}",5,5,1.0,1
167,World,World,"Colombia militant gunned down A top leader of Colombia #39;s right-wing paramilitaries has been assassinated, throwing into further doubt the ongoing peace process with the government.","{""World"": 5, ""Sports"": 0, ""Business"": 0, ""Sci/Tech"": 0}",5,5,1.0,1
168,Sports,Sports,"Second seed Dementieva hammered in New Haven The French Open runner-up, who had progressed to the last four with ease, was completely out of sorts as seventh seed Bovina wrapped up victory in only 56 minutes.","{""World"": 0, ""Sports"": 5, ""Business"": 0, ""Sci/Tech"": 0}",5,5,1.0,1
169,Sci/Tech,Sci/Tech,NASA Space Station Status Report 10 December 2004 International Space Station crewmembers this week continued research and maintenance activities and prepared for arrival of the next Progress cargo craft.,"{""World"": 0, ""Sports"": 0, ""Business"": 0, ""Sci/Tech"": 5}",5,5,1.0,1
170,Business,Business,"U.S. Stocks Gain as Oil Retreats  NEW YORK (Reuters) - U.S. stocks closed higher on Monday  after a drop in oil prices eased worries about corporate  profits, although disappointing earnings from diversified  manufacturer 3M Co. &lt;A HREF=""http://www.investor.reuters.com/FullQuote.aspx?ticker=MMM.N target=/stocks/quickinfo/fullquote""&gt;MMM.N&lt;/A&gt; limited gains on the blue-chip Dow.","{""World"": 0, ""Sports"": 0, ""Business"": 5, ""Sci/Tech"": 0}",5,5,1.0,1
171,Sci/Tech,Sci/Tech,Astronomers find proof of Einstein #39;s theory Einstein was right: Scientists say satellites pulled slightly off their orbits show that the earth is indeed twisting the fabric of space-time as it rotates.,"{""World"": 0, ""Sports"": 0, ""Business"": 0, ""Sci/Tech"": 5}",5,5,1.0,1
172,Business,Sci/Tech,"(B)old new frontiers Northrop Grumman Corp. and Boeing Co. yesterday announced plans to team up to design a vehicle to take astronauts back to the moon and even beyond, but they #39;ve got to make one stop first ","{""World"": 0, ""Sports"": 0, ""Business"": 0, ""Sci/Tech"": 5}",5,5,1.0,0
173,Sports,Sports,"Dogged Astros Refocus Eyes on Texas On the strength of Carlos Beltran and a tireless bullpen, the Astros came back from a three-run deficit on Sunday to defeat the Cardinals, 6-5.","{""World"": 0, ""Sports"": 5, ""Business"": 0, ""Sci/Tech"": 0}",5,5,1.0,1
174,World,Business,"Stocks Climb on Strong Economic Data NEW YORK - Newly optimistic investors sent stocks sharply higher Friday, propelling the Dow Jones industrials up more than 100 points, after economic data showed strength in manufacturing and construction. Wall Street greeted the departure of PeopleSoft Inc.'s chief executive by buying up technology shares...","{""World"": 0, ""Sports"": 0, ""Business"": 5, ""Sci/Tech"": 0}",5,5,1.0,0
175,Business,Business,Fed Raises Interest Rate to 2.25 Percent (Reuters) Reuters - The Federal Reserve raised U.S.\interest rates on Tuesday by a quarter-percentage point for the\fifth time this year and said it will keep gradually lifting\them from rock-bottom levels to forestall inflation.,"{""World"": 0, ""Sports"": 0, ""Business"": 5, ""Sci/Tech"": 0}",5,5,1.0,1
176,World,World,"PITCAIRN TRIAL FINDS 5 OF 7 GUILTY The three New Zealand judges presiding over sexual assault cases on Pitcairn Island have handed down their verdicts in Adamstown, finding five of the seven men charged guilty of sex crimes.","{""World"": 5, ""Sports"": 0, ""Business"": 0, ""Sci/Tech"": 0}",5,5,1.0,1
177,Sci/Tech,Sci/Tech,The Crusade Against Evolution In the beginning there was Darwin. And then there was intelligent design. How the next generation of 'creation science' is invading America's classrooms. By Evan Ratliff from Wired magazine.,"{""World"": 0, ""Sports"": 0, ""Business"": 0, ""Sci/Tech"": 5}",5,5,1.0,1
178,World,World,"Georgian Troops Leave South Ossetia The soldiers withdrew from the heights above the Ossetian of capital of Tskhinvali Thursday, turning the area over to peacekeepers. Georgia says three of its soldiers were killed in earlier fighting, while Ossetian authorities say three civilians died ...","{""World"": 5, ""Sports"": 0, ""Business"": 0, ""Sci/Tech"": 0}",5,5,1.0,1
179,World,World,"Haitian storm survivors give thanks Amid the destruction from Tropical Storm Jeanne, Haitians have prayed for the 1,500 dead and given thanks that their lives were spared at services on Sunday.","{""World"": 5, ""Sports"": 0, ""Business"": 0, ""Sci/Tech"": 0}",5,5,1.0,1
180,Sports,Sports,"Pot charge dropped against Anthony In a case that his lawyer said  quot;has received more prosecutorial scrutiny than any petty offense in Denver history, quot; Nuggets forward Carmelo Anthony saw the marijuana charge he faced dropped by the Denver City Attorney #39;s office today.","{""World"": 0, ""Sports"": 5, ""Business"": 0, ""Sci/Tech"": 0}",5,5,1.0,1
181,World,World,"Gangs on Prowl in Storm-Wracked Haiti (AP) AP - Victims who lost relatives, homes and belongings in Tropical Storm Jeanne are now tormented by street gangs who attack food convoys, raid homes at night and shoot those who get in their way.","{""World"": 5, ""Sports"": 0, ""Business"": 0, ""Sci/Tech"": 0}",5,5,1.0,1
182,Sci/Tech,Business,"Cox brings VoIP service to more cities Company also plans to launch a business-class Net phone service in Roanoke, Va., as cable providers battle to gain market share.","{""World"": 0, ""Sports"": 0, ""Business"": 5, ""Sci/Tech"": 0}",5,5,1.0,0
183,Sci/Tech,Business,MPAA widens piracy net Hollywood studios launched legal attacks Tuesday on the computer server operators they claim are the technological middlemen making online film theft possible.,"{""World"": 2, ""Sports"": 0, ""Business"": 3, ""Sci/Tech"": 0}",3,5,0.6,0
184,World,World,"China, Singapore Say World Must Help Calm Taiwan Row China and Singapore on Monday urged the international community to help calm Beijing #39;s dispute with Taiwan over its push for independence.","{""World"": 4, ""Sports"": 0, ""Business"": 0, ""Sci/Tech"": 0}",4,5,0.8,1
185,Sci/Tech,Business,"Microsoft launches new search engine Redmond-based Microsoft Corp. on Thursday launched a test version of its new MSN Search service, hoping to compete with Google and other major Web search services.","{""World"": 0, ""Sports"": 0, ""Business"": 4, ""Sci/Tech"": 1}",4,5,0.8,0
186,Sci/Tech,Business,EDS Is Charter Member of Siebel BPO Alliance (NewsFactor) NewsFactor - Siebel Systems (Nasdaq: SEBL) has named EDS as the charter partner in Siebels' new business process outsourcing (BPO) global strategic-alliance program. The agreement expands the relationship between EDS and Siebel to provide a set of high-value managed products and service offerings targeted at the BPO and customer relationship management (CRM) marketplaces.,"{""World"": 0, ""Sports"": 0, ""Business"": 5, ""Sci/Tech"": 0}",5,5,1.0,0
187,Sports,Sports,"Long and short of a rivalry that was Five years may not seem a whole lot, but consider what has happened since the last time the Green Bay Packers played the Dallas Cowboys prior to today #39;s meeting.","{""World"": 0, ""Sports"": 5, ""Business"": 0, ""Sci/Tech"": 0}",5,5,1.0,1
188,World,World,Ukraine's Yanukovich to Run Again in Repeat Vote  KIEV (Reuters) - Ukrainian Prime Minister Viktor Yanukovich  said on Saturday he would stand against opposition liberal  Viktor Yushchenko again in a re-run of their contested  presidential election and he defiantly vowed he would win.,"{""World"": 5, ""Sports"": 0, ""Business"": 0, ""Sci/Tech"": 0}",5,5,1.0,1
189,World,World,"Iran Seeks to Amend Nuclear Freeze Deal (AP) AP - Iran sought on Wednesday to partially roll back its commitment to freeze all uranium enrichment programs, demanding the right to run some equipment that can be used to produce nuclear arms.","{""World"": 5, ""Sports"": 0, ""Business"": 0, ""Sci/Tech"": 0}",5,5,1.0,1
190,World,World,European Press Review: Climate Change European editorials on Monday commented on the results of the local elections in the western German state of North Rhine-Westphalia.,"{""World"": 5, ""Sports"": 0, ""Business"": 0, ""Sci/Tech"": 0}",5,5,1.0,1
191,Business,Business,EBay #39;s Buy Of Rent.com May Lack Strategic Sense Standard  amp; Poor #39;s Equity Research said the purchase of Rent.com by eBay (nasdaq: EBAY - news - people ) could be a bit of a miscalculation.,"{""World"": 0, ""Sports"": 0, ""Business"": 5, ""Sci/Tech"": 0}",5,5,1.0,1
192,World,World,"'Sherlock' Is Bicycling Across Australia PERTH, Australia - A former British soccer player raising money for a leukemia charity set off Wednesday on a coast-to-coast ride across Australia on a Victorian-era bicycle that is older than the country.    Leukemia survivor Lloyd Scott dressed up as fictional British supersleuth Sherlock Holmes, complete with tweed coat, deerstalker hat and a fake mustache for the 2,700-mile trip from Perth to Sydney...","{""World"": 5, ""Sports"": 0, ""Business"": 0, ""Sci/Tech"": 0}",5,5,1.0,1
193,Sci/Tech,Sci/Tech,"NASA Leader Cites Finances and Submits His Resignation Sean O #39;Keefe resigned as NASA administrator on Monday, saying he is leaving the position he has held for three years to pursue better economic opportunity for his family.","{""World"": 1, ""Sports"": 0, ""Business"": 0, ""Sci/Tech"": 4}",4,5,0.8,1
194,Business,Business,"Petronas pursues China LNG supply opportunities Petroliam Nasional Bhd., or Petronas, Malaysias national oil and gas firm, is in discussions with Chinas State-owned oil and gas firms for potential liquefied natural ","{""World"": 0, ""Sports"": 0, ""Business"": 5, ""Sci/Tech"": 0}",5,5,1.0,1
195,Business,Business,"Lazard Meeting Ends Without IPO Decision  PARIS (Reuters) - Lazard's board on Tuesday failed to  decide on a share sale that would end over 150 years of private  ownership at the independent investment bank but most partners  seemed to back the plan, sources close to the matter said.","{""World"": 0, ""Sports"": 0, ""Business"": 4, ""Sci/Tech"": 0}",4,5,0.8,1
196,Sci/Tech,Business,"Red Hat Buys Technology from Netscape (Reuters) Reuters - Linux distributor Red Hat Inc. \said on Thursday that it had bought Netscape's computer user\identification and management technology from America Online\Inc., a unit of Time Warner Inc.","{""World"": 0, ""Sports"": 0, ""Business"": 4, ""Sci/Tech"": 1}",4,5,0.8,0
197,Sci/Tech,Sci/Tech,"Flat-screen TV emits international distress signal Could your TV call the Air Force? Apparently, Toshiba flat-screens can! Tv doesn #39;t get much better than this...  quot;An Oregon man discovered earlier this month that his year-old Toshiba Corporation flat-screen ","{""World"": 0, ""Sports"": 0, ""Business"": 1, ""Sci/Tech"": 4}",4,5,0.8,1
198,Sports,Sports,"Deportivo La Corua 0-1 Liverpool: FT Report LA CORUNA, November 3 (Champions League) - Rafael Benitez heard his name ring around a Spanish stadium in his homeland again but this time it was from Scouse voices rather than those in Valencia, with whom he won La Liga.","{""World"": 0, ""Sports"": 5, ""Business"": 0, ""Sci/Tech"": 0}",5,5,1.0,1
199,Sports,Sports,"Leinart, Bush, White and Peterson lead final 5 Four players whose teams are bound for the Orange Bowl dominate the Heisman Trophy finalist list, which was announced Wednesday evening on SportsCenter.","{""World"": 0, ""Sports"": 5, ""Business"": 0, ""Sci/Tech"": 0}",5,5,1.0,1
200,Sci/Tech,Business,"Google and Microsft Getting Close Google and Microsft Getting Close\\Microsoft partnering with Google? Well sort of, an article released yesterday details the relationship between the two, and the use of Google Deskbar in Microsoft's Partner Pack for Windows, ""a collection of Microsoft and third-party products released last week that Microsoft describes on its Web site ...","{""World"": 0, ""Sports"": 0, ""Business"": 4, ""Sci/Tech"": 1}",4,5,0.8,0
201,Business,ABSTAIN,"Toy Safety Glance 398,000 Bumble Bee toys distributed by Graco Children #39;s Products. Graco received 26 reports of antennae breaking off the toys, including five reports of children who started to choke on the broken parts.","{""World"": 2, ""Sports"": 0, ""Business"": 1, ""Sci/Tech"": 1}",0,5,0.0,0
202,Sports,Sports,Boxing: Khan shows no rust to emerge lord of the ring Amir Khan celebrated his first fight since winning the lightweight Olympic silver medal in Athens with a one-sided 35-13 points victory over American Michael Evans at Liverpool Olympia last night.,"{""World"": 0, ""Sports"": 5, ""Business"": 0, ""Sci/Tech"": 0}",5,5,1.0,1
203,World,World,Shaukat Aziz gets vote of confidence ISLAMABAD: Newly-elected known as finance wizard Prime Minister Shaukat Aziz has secured vote of confidence form the national assembly.,"{""World"": 4, ""Sports"": 0, ""Business"": 0, ""Sci/Tech"": 0}",4,5,0.8,1
204,Sci/Tech,World,Violent video games slammed p2pnet.net News:-The launch of the now much-maligned Kill Jack Kennedy Again game has achieved at least one thing: Its woken the mainstream media up to the fact that video games based on giving players a way to take part in virtual murder aren #39;ta ,"{""World"": 5, ""Sports"": 0, ""Business"": 0, ""Sci/Tech"": 0}",5,5,1.0,0
205,World,World,"Blast Near Convoy of Palestinian Security Chief (Reuters) Reuters - An explosion occurred near the convoy of a\Palestinian security chief in the Gaza Strip on Tuesday,\witnesses said.","{""World"": 5, ""Sports"": 0, ""Business"": 0, ""Sci/Tech"": 0}",5,5,1.0,1
206,Sports,Sports,"Auburn Stays Perfect No. 2 Auburn rallies in the second half and defeats rival Alabama, 21-13, Saturday to keep its national championship hopes alive.","{""World"": 0, ""Sports"": 5, ""Business"": 0, ""Sci/Tech"": 0}",5,5,1.0,1
207,Sports,Sports,"Robby Gordon Planning to Proceed With Caution Robby Gordon plans to join the oil spills, the tire chunks, the sharp pieces of debris and the other typical racetrack hazards on Sunday.","{""World"": 0, ""Sports"": 4, ""Business"": 1, ""Sci/Tech"": 0}",4,5,0.8,1
208,Sports,Sports,Knee Injury Sidelines Chiefs' Holmes (AP) AP - Kansas City Chiefs star running back Priest Holmes will miss the rest of the season with a knee injury.,"{""World"": 0, ""Sports"": 5, ""Business"": 0, ""Sci/Tech"": 0}",5,5,1.0,1
209,Business,Business,"Yukos faces tax arrears of \$4bn MOSCOW: Russias tax ministry said on Friday that it had raised its back tax claims against oil major Yukos by a fifth for 01, to 119.","{""World"": 0, ""Sports"": 0, ""Business"": 5, ""Sci/Tech"": 0}",5,5,1.0,1
210,Sci/Tech,Business,"Odd couple: Schwartz and McNealy It hasn't even been eight months since Sun Microsystems promoted Jonathan Schwartz to be Chief Executive Scott McNealy's right-hand man, but the two are already acting like an old couple. Missing Links","{""World"": 0, ""Sports"": 0, ""Business"": 5, ""Sci/Tech"": 0}",5,5,1.0,0
211,Sports,Sci/Tech,Weis Sues Doctors Notre Dame head coach Charlie Weis files suit against the doctors who performed weight-loss surgery on him in 2002 that almost killed him.,"{""World"": 0, ""Sports"": 1, ""Business"": 0, ""Sci/Tech"": 4}",4,5,0.8,0
212,Sports,Sports,"Bonds getting better with age Barry Bonds continues to defy the odds, and at 40 years of age he is still easily the most dominant hitter in Major League Baseball.","{""World"": 0, ""Sports"": 5, ""Business"": 0, ""Sci/Tech"": 0}",5,5,1.0,1
213,Sports,Sports,"Agassi Overcomes Verdasco Power  STOCKHOLM (Reuters) - Andre Agassi marched into the  Stockholm Open semifinals Friday, beating Spanish eighth seed  Fernando Verdasco 7-6, 6-2 in his toughest match of the  tournament.","{""World"": 0, ""Sports"": 5, ""Business"": 0, ""Sci/Tech"": 0}",5,5,1.0,1
214,Sci/Tech,Sci/Tech,"Apple Sailing on Digital River the iPod -s a nifty little device, primarily allowing you to listen to downloaded music, but also giving you the opportunity ","{""World"": 0, ""Sports"": 0, ""Business"": 0, ""Sci/Tech"": 5}",5,5,1.0,1
215,Sports,Sports,"Kobe Bryant Accuser #39;s Name to Be Disclosed -Judge The young woman who accused basketball star Kobe Bryant of rape must disclose her identity in her civil case against him, a federal judge ruled on Wednesday.","{""World"": 1, ""Sports"": 4, ""Business"": 0, ""Sci/Tech"": 0}",4,5,0.8,1
216,Sci/Tech,Business,"Fujitsu Siemens profit grows 60 percent Fujitsu Siemens Computers (Holding) BV, Europe #39;s largest remaining computer manufacturer, posted a 60 percent leap in profit for the first half of its fiscal year on higher sales of laptops and servers to business customers, the company said Wednesday.","{""World"": 0, ""Sports"": 0, ""Business"": 5, ""Sci/Tech"": 0}",5,5,1.0,0
217,Sports,Sports,"A  #39;new Greece #39; beams after success of Games As Greeks get a boost, it remains unclear if success will mean higher stature in Europe. By Peter Ford  Staff writer of The Christian Science Monitor.","{""World"": 2, ""Sports"": 3, ""Business"": 0, ""Sci/Tech"": 0}",3,5,0.6,1
218,Business,Business,"DaimlerChrysler, Mitsubishi in venture Automaker DaimlerChrysler AG said Wednesday it has signed a contract with Japan #39;s Mitsubishi Motors Corp. in which the two companies renewed their commitment to joint production and development projects.","{""World"": 0, ""Sports"": 0, ""Business"": 5, ""Sci/Tech"": 0}",5,5,1.0,1
219,Sports,Sports,"Olympic hopefuls for  #39;12 submit bids The five cities looking to host the 2012 Summer Games submitted bids to the International Olympic Committee, entering the final stage of a long process in hopes of landing one of the biggest prizes in sports.","{""World"": 0, ""Sports"": 5, ""Business"": 0, ""Sci/Tech"": 0}",5,5,1.0,1
220,World,World,"War crimes hearings to begin for 4 at Guantanamo US NAVAL BASE GUANTANAMO BAY, Cuba -- Four suspected Al Qaeda fighters will be formally charged with war crimes this week as the US military opens the first legal hearings for foreign prisoners captured during the war in Afghanistan and held at a remote US Navy base in Cuba.","{""World"": 5, ""Sports"": 0, ""Business"": 0, ""Sci/Tech"": 0}",5,5,1.0,1
221,Business,Business,Ex-Manager At Fannie to Skip Hearing The former Fannie Mae employee who assisted federal regulators in an investigation of the company's accounting will not testify at a congressional hearing next week.,"{""World"": 0, ""Sports"": 0, ""Business"": 5, ""Sci/Tech"": 0}",5,5,1.0,1
222,Sports,Sports,Friday Focus: Running in the rain Rain is forecast for Saturday in Spa. Here's what the team will do to cope...,"{""World"": 0, ""Sports"": 5, ""Business"": 0, ""Sci/Tech"": 0}",5,5,1.0,1
223,World,World,"For the First Time, an African Woman Wins the Nobel Peace Prize Wangari Maathai, a Kenyan who has worked tirelessly to protect the environment, improve the lives of women, and fight crime, Friday became ","{""World"": 5, ""Sports"": 0, ""Business"": 0, ""Sci/Tech"": 0}",5,5,1.0,1
224,Sci/Tech,World,"Md. Board Meeting Worries Democrats Republican-dominated election board met behind closed doors in deliberations that Democrats feared were aimed at ousting Elections Administrator Linda H. Lamone.&lt;BR&gt;\&lt;FONT face=""verdana,MS Sans Serif,arial,helvetica"" size=""-2""\ color=""#666666""&gt;&lt;B&gt;-The Washington Post&lt;/B&gt;&lt;/FONT&gt;","{""World"": 5, ""Sports"": 0, ""Business"": 0, ""Sci/Tech"": 0}",5,5,1.0,0
225,Sports,Sports,"Big Unit, Not Bonds, Reaches Milestone (AP) AP - Barry Bonds was beaten by Randy Johnson in the race for baseball's latest milestone moment.","{""World"": 0, ""Sports"": 5, ""Business"": 0, ""Sci/Tech"": 0}",5,5,1.0,1
226,World,World,"Commuter Plane Crashes in China, Killing 54 A China Eastern Airlines commuter plane crashed into a frozen lake in northern China this morning, killing all 53 people on board and 1 on the ground, state media and the airline said.","{""World"": 5, ""Sports"": 0, ""Business"": 0, ""Sci/Tech"": 0}",5,5,1.0,1
227,World,World,"Israeli Labour  amp; Sharon in coalition talks Coalition peace talks have begun between Israel #39;s opposition Labour party and the Prime Minister, Ariel Sharon. Labour leader Shimon Peres said that his party want a guarantee that the government fulfils its ","{""World"": 5, ""Sports"": 0, ""Business"": 0, ""Sci/Tech"": 0}",5,5,1.0,1
228,Business,Business,Oil Prices Edge Below  #36;49 a Barrel (Reuters) Reuters - Oil prices edged below  #36;49 a barrel\on Wednesday as traders looked ahead to an expected build in\weekly U.S. inventory data that would help bolster the thin\supply cushion ahead of peak northern winter demand.,"{""World"": 0, ""Sports"": 0, ""Business"": 5, ""Sci/Tech"": 0}",5,5,1.0,1
229,Business,Business,"Small changes, big profits Staples Inc. hosted a daylong event last week for analysts who follow the company's stock, laying out plans to keep growing in the immediate future and beyond. Everyone went home smiling.","{""World"": 0, ""Sports"": 0, ""Business"": 5, ""Sci/Tech"": 0}",5,5,1.0,1
230,Business,Business,Credit Suisse to merge CSFB unit into parent Credit Suisse Group announced plans to merge its Credit Suisse First Boston Securities unit with the rest of the company #39;s operations and cut as many as 300 jobs.,"{""World"": 0, ""Sports"": 0, ""Business"": 5, ""Sci/Tech"": 0}",5,5,1.0,1
231,Business,Business,"Briefly: China interest in key Yukos unit China is interested in participating in the bidding for Yuganskneftegaz, the top oil-producing subsidiary of the Russian oil giant Yukos, a Chinese economic official was quoted as saying in a report Thursday by the Russian news agency Interfax. The ...","{""World"": 0, ""Sports"": 0, ""Business"": 4, ""Sci/Tech"": 0}",4,5,0.8,1
232,Business,World,Brown seeks to retain EU rebate Chancellor Gordon Brown has expressed his determination to retain the British rebate on its contributions to the European Union #39;s annual budget.,"{""World"": 5, ""Sports"": 0, ""Business"": 0, ""Sci/Tech"": 0}",5,5,1.0,0
233,Sci/Tech,Sci/Tech,"Ooh la la, Apple unveils new iMac (SiliconValley.com) SiliconValley.com - Attempting to capitalize on iPod mania, Apple Computer Tuesday unveiled a fast new version of the iMac that it all but touted as a smart accessory for the sexy music players.","{""World"": 1, ""Sports"": 0, ""Business"": 1, ""Sci/Tech"": 3}",3,5,0.6,1
234,Sci/Tech,Business,"IBM Unveils Security Intel Service, Notes Big Jump In Attacks Attacks against crucial infrastructure -- utilities, telcos, and government agencies -- rose by 55 from July to August. By Gregg Keizer, TechWeb.","{""World"": 0, ""Sports"": 0, ""Business"": 3, ""Sci/Tech"": 2}",3,5,0.6,0
235,Business,Business,"Dollar Stuck, CPI Offers Little Direction  TOKYO (Reuters) - The dollar moved in tight ranges on  Wednesday as most investors shrugged off lower-than-expected  U.S. inflation data and stuck to the view the U.S. Federal  Reserve would continue raising rates.","{""World"": 1, ""Sports"": 0, ""Business"": 4, ""Sci/Tech"": 0}",4,5,0.8,1
236,Business,Business,"Morgan Stanley Profit Falls 34 Percent  NEW YORK (Reuters) - U.S. investment bank Morgan Stanley  &lt;A HREF=""http://www.investor.reuters.com/FullQuote.aspx?ticker=MWD.N target=/stocks/quickinfo/fullquote""&gt;MWD.N&lt;/A&gt; on Wednesday said quarterly profit dropped 34 percent  amid reduced trading revenue, falling well short of Wall  Street's already-lowered expectations after a summer of  sluggish market activity.","{""World"": 0, ""Sports"": 0, ""Business"": 5, ""Sci/Tech"": 0}",5,5,1.0,1
237,Business,Business,"Consumer Prices Down, Industry Output Up  WASHINGTON (Reuters) - U.S. consumer prices dropped in July  for the first time in eight months as a sharp run up in energy  costs reversed, the government said in a report that suggested  a slow rate of interest rate hikes is likely.","{""World"": 0, ""Sports"": 0, ""Business"": 5, ""Sci/Tech"": 0}",5,5,1.0,1
238,Business,Business,"BP Beats Q3 Forecasts on High Oil Price (Reuters) Reuters - BP Plc, the world's second largest oil\company, reported bumper third-quarter earnings on Tuesday on\the back of high oil prices.","{""World"": 0, ""Sports"": 0, ""Business"": 5, ""Sci/Tech"": 0}",5,5,1.0,1
239,Business,ABSTAIN,"Ontario won #39;t help other provinces squeeze Ottawa for more &lt;b&gt;...&lt;/b&gt; Premier Dalton McGuinty sent a shot across the bow of have-not provinces Sunday, warning that Ontario will not support efforts to wring billions more in equalization payments out ","{""World"": 1, ""Sports"": 0, ""Business"": 2, ""Sci/Tech"": 0}",0,5,0.0,0
240,Sci/Tech,Sci/Tech,"Supernova Warning System Will Give Astronomers Earlier Notice Duke University -- A Supernova Early Warning System (SNEWS) that detects ghostlike neutrino particles that are the earliest emanations from the immense, explosive death throes of large stars will alert astronomers of the blasts before they can see the flash.     SNEWS ""could allow astronomers a chance to make unprecedented observations of the very early turn-on of the supernova,"" wrote the authors of an article about the new system in the September issue of the ""New Journal of Physics.""     They also noted that ""no supernova has ever been observed soon after its birth.""     Big stars end their lives in explosive gravitational collapses so complete that even the brilliant flashes of light usually announcing these extremely rare ""supernova"" events stay trapped inside, unseen by astronomers, for the first hours or days...","{""World"": 0, ""Sports"": 0, ""Business"": 0, ""Sci/Tech"": 5}",5,5,1.0,1
241,World,World,"Iran, EU Negotiators Seek Nuke Agreement (AP) AP - A key U.N. atomic agency meeting adjourned for the weekend, giving Iran time to consider a total freeze of a program that could make weapons grade uranium and for delegates to decide on further steps in policing Tehran's nuclear activities.","{""World"": 5, ""Sports"": 0, ""Business"": 0, ""Sci/Tech"": 0}",5,5,1.0,1
242,Sci/Tech,Business,"Microsoft signs two Indian deals Microsoft is to form multi-million pound partnerships with two Indian software firms, and is expected to double the 1,500 people it already employs in India.","{""World"": 0, ""Sports"": 0, ""Business"": 5, ""Sci/Tech"": 0}",5,5,1.0,0
243,Business,Business,"Guidant merges with Johnson and Johnson Indianapolis, Dec. 16 - An announcement Thursday morning ends weeks of speculation and means that if Guidant shareholders sign off, Indiana will lose one of its few Fortune 500 companies.","{""World"": 0, ""Sports"": 0, ""Business"": 5, ""Sci/Tech"": 0}",5,5,1.0,1
244,Sci/Tech,Business,"O2 to roll out i-mode The deal, which was leaked to the press last week, will see the UK-based mobile operator deliver data services -- such as games, ringtones and entertainment -- through a platform that has been credited with making NTT DoCoMo the force that it is in ","{""World"": 0, ""Sports"": 0, ""Business"": 3, ""Sci/Tech"": 2}",3,5,0.6,0
245,Sci/Tech,Sci/Tech,"Scientists Stumped by Dead Croakers (AP) AP - Thousands of croakers have washed ashore at beaches along the Atlantic coast in recent days, the latest mass deaths of the popular sport fish.","{""World"": 1, ""Sports"": 1, ""Business"": 0, ""Sci/Tech"": 3}",3,5,0.6,1
246,World,World,"Acquittal Boosts Berlusconi Ahead of Vote (AP) AP - Premier Silvio Berlusconi, an important ally for President Bush in Iraq, was acquitted of corruption charges that have dogged his government from the start. The verdict was a boost to the conservative leader ahead of 2006 elections. Berlusconi, 68, has long insisted he was the victim of left-wing prosecutors.","{""World"": 5, ""Sports"": 0, ""Business"": 0, ""Sci/Tech"": 0}",5,5,1.0,1
247,Sports,Sports,"Bonds's Excuse Has the Scent of Snake Oil, Not Arthritis Balm Barry Bonds's ignorance of the substances obtained by his trainer from Balco is more childish than a youngster's excuse that ""the dog ate my homework.""","{""World"": 0, ""Sports"": 5, ""Business"": 0, ""Sci/Tech"": 0}",5,5,1.0,1
248,Business,Business,Agency sustains \$2 M hit The Pennsylvania Turnpike Commission lost about \$2 million in revenue Wednesday as thousands of holiday travelers zipped through the toll booths for free.,"{""World"": 0, ""Sports"": 0, ""Business"": 3, ""Sci/Tech"": 0}",3,5,0.6,1
249,Sports,Sports,Efficient Germany Sweep Past Japan Two goals from Miroslav Klose helped Jrgen Klinsmann #39;s experimental Germany side breeze to a 3-0 win over Japan in Yokohama this afternoon.,"{""World"": 0, ""Sports"": 5, ""Business"": 0, ""Sci/Tech"": 0}",5,5,1.0,1
250,World,World,"Pakistan bombs suspected al-Qaida camp Ayman al- Zawahiri, second in command of al-Qaida, said last night that the US faced defeat in Iraq and Afghanistan. In a videotape broadcast by the Arab satellite television station al-Jazeera, he said:  quot;The ","{""World"": 5, ""Sports"": 0, ""Business"": 0, ""Sci/Tech"": 0}",5,5,1.0,1
251,Sports,Sports,"Stuttgart struggles to draw Berlin, Germany (Sports Network) - Life without star striker Kevin Kuranyi began with a scoreless draw for Stuttgart against Hertha Berlin.","{""World"": 0, ""Sports"": 5, ""Business"": 0, ""Sci/Tech"": 0}",5,5,1.0,1
252,World,World,Congress Members Seek Officer's Dismissal (AP) AP - A group of congressional Democrats is asking President Bush to dismiss a senior military intelligence officer who made church speeches that included inflammatory religious remarks while discussing the war on terrorism.,"{""World"": 5, ""Sports"": 0, ""Business"": 0, ""Sci/Tech"": 0}",5,5,1.0,1
253,Sci/Tech,World,"Virtual Warriors Have Feelings, Too Instead of playing Halo 2 as intended, a filmmaker and a crew of machinima peers exploit the game's software quirks to create their online comedy series, Red vs. Blue, within Halo's virtual world.","{""World"": 4, ""Sports"": 0, ""Business"": 0, ""Sci/Tech"": 1}",4,5,0.8,0
254,Sports,Sports,"Mind more free now Calcutta: Anil Kumble began the year looking to quickly reach 435. He got there (and went one better) in Dhaka on Friday afternoon, the opening day of the second last Test of 2004.","{""World"": 0, ""Sports"": 5, ""Business"": 0, ""Sci/Tech"": 0}",5,5,1.0,1
255,Business,Business,Pension sales help to lift Aviva The UK's biggest insurer unveils better than expected sales figures for the first nine months of the year.,"{""World"": 0, ""Sports"": 0, ""Business"": 5, ""Sci/Tech"": 0}",5,5,1.0,1
256,Business,Business,Update 2: Google Says Revenue Growth Is Slowing Shares of Google Inc. slipped in pre-market trading Thursday after the world #39;s most popular Internet search engine warned for the second time in a week that its fourth-quarter revenue growth rate is likely to slow from previous quarters.,"{""World"": 0, ""Sports"": 0, ""Business"": 5, ""Sci/Tech"": 0}",5,5,1.0,1
257,Sci/Tech,Sci/Tech,"NASA Finishes Redesigned Shuttle Fuel Tank (Reuters) Reuters - NASA has finished building a redesigned\space shuttle fuel tank that was reconfigured to eliminate the\debris problem that doomed the shuttle Columbia and its seven\astronauts, agency officials said on Tuesday.","{""World"": 0, ""Sports"": 0, ""Business"": 0, ""Sci/Tech"": 5}",5,5,1.0,1
258,Sports,Sports,"McDOWELL SUCCEEDS WHERE AMERICANS FAIL Nobody and nothing could overshadow Colin Montgomerie last week, but Ulsterman Graeme McDowell was doing it at Woburn again today.","{""World"": 0, ""Sports"": 5, ""Business"": 0, ""Sci/Tech"": 0}",5,5,1.0,1
259,Sci/Tech,Sci/Tech,"AMD pushes desktop performance with new chips Advanced Micro Devices Inc. (AMD) is expected to unveil its most powerful desktop processors to date on Tuesday, a few days after rival Intel Corp. disclosed changes to its desktop processor road map.","{""World"": 0, ""Sports"": 0, ""Business"": 1, ""Sci/Tech"": 4}",4,5,0.8,1
260,World,World,"Returning Fallujans will face clampdown FALLUJAH, Iraq -- The US military is drawing up plans to keep insurgents from regaining control of this battle-scarred city, but returning residents may find that the measures make Fallujah look more like a police state than the democracy they have been promised.","{""World"": 5, ""Sports"": 0, ""Business"": 0, ""Sci/Tech"": 0}",5,5,1.0,1
261,World,World,"Frail Pope Celebrates Mass at Lourdes LOURDES, France - A frail Pope John Paul II, breathing heavily and gasping at times, celebrated an open-air Mass on Sunday for several hundred thousand pilgrims, many in wheelchairs, at a shrine to the Virgin Mary that is associated with miraculous cures.    At one point he said ""help me"" in Polish while struggling through his homily in French...","{""World"": 5, ""Sports"": 0, ""Business"": 0, ""Sci/Tech"": 0}",5,5,1.0,1
262,Sports,Sports,"Eleusis wins Long Island  #39;cap; Personal Legend wins Turnback the &lt;b&gt;...&lt;/b&gt; Eleusis made a successful US debut by beating Literacy by 2\\ lengths in Aqueduct #39;s Saturday feature, the Grade II, \$150,000 Long Island Handicap for fillies and mares 3 and older.","{""World"": 0, ""Sports"": 5, ""Business"": 0, ""Sci/Tech"": 0}",5,5,1.0,1
263,Sports,Sports,England v Zimbabwe England welcomed back the world #39;s best one-day player on Friday as they began their challenge for the ICC Champions Trophy by naming key all-rounder Andrew Flintoff in their line-up to face Zimbabwe at Edgbaston.,"{""World"": 0, ""Sports"": 5, ""Business"": 0, ""Sci/Tech"": 0}",5,5,1.0,1
264,Business,Business,Regional House Price Declines Possible  WASHINGTON (Reuters) - U.S. housing industry economists on  Monday cautioned that rapid house price gains in some areas of  the country may not be sustainable.,"{""World"": 0, ""Sports"": 0, ""Business"": 5, ""Sci/Tech"": 0}",5,5,1.0,1
265,Sports,Sports,Report Card In The Black Coaches Association gave most of the 28 schools that filled head-coaching jobs in I-A and I-AA football last year above-average marks in its first Hiring Report Card.,"{""World"": 0, ""Sports"": 5, ""Business"": 0, ""Sci/Tech"": 0}",5,5,1.0,1
266,Sci/Tech,Sci/Tech,"Hackers, spoofers and malware--oh my! IE exploit code could boost risk of browser mishaps. Microsoft says teamwork makes for better defenses.\","{""World"": 0, ""Sports"": 0, ""Business"": 0, ""Sci/Tech"": 5}",5,5,1.0,1
267,Sci/Tech,Business,"HP, IBM, Dell set code' for treatment of workers (SiliconValley.com) SiliconValley.com - Hewlett-Packard, IBM and Dell, which were accused earlier this year of having ""dire working conditions"" at factories outside the United States, announced Wednesday that they have agreed on a ""code of conduct"" for the treatment of workers and the environment.","{""World"": 0, ""Sports"": 0, ""Business"": 5, ""Sci/Tech"": 0}",5,5,1.0,0
268,World,World,"At Least 24 Killed Morocco Bush Crash (AP) AP - A bus, truck and taxi collided in a mountainous region of western Morocco Saturday, killing 24 people and injuring about 20 others, the official MAP news agency reported.","{""World"": 5, ""Sports"": 0, ""Business"": 0, ""Sci/Tech"": 0}",5,5,1.0,1
269,Sports,Sports,England job remains full-time THE Football Association yesterday insisted it has no plans to reduce the England coach #39;s job to a part-time position. A report in the Daily Mirror claimed the FA was considering appointing a Premiership boss ,"{""World"": 0, ""Sports"": 5, ""Business"": 0, ""Sci/Tech"": 0}",5,5,1.0,1
270,Sports,Sports,Orioles Target Sexson Free agent first baseman Richie Sexson appears to be at the top of the Orioles' wish list after a meeting at the team's suite on Saturday.,"{""World"": 0, ""Sports"": 5, ""Business"": 0, ""Sci/Tech"": 0}",5,5,1.0,1
271,Business,Business,"Dollar Rises on the Interest Rate Plays  NEW YORK (Reuters) - The dollar rose on Thursday as  traders, short of dollars after relentlessly selling them for  weeks, looked to the growing yield advantage of U.S. assets as  a reason to buy back the currency before the end of the year.","{""World"": 0, ""Sports"": 0, ""Business"": 5, ""Sci/Tech"": 0}",5,5,1.0,1
272,Sci/Tech,World,"Photo gallery: Bill Gates' home on Lake Washington Webshots users offer their photos of Bill Gates mansion in Medina, Wash.","{""World"": 4, ""Sports"": 0, ""Business"": 0, ""Sci/Tech"": 1}",4,5,0.8,0
273,Sci/Tech,Sci/Tech,"Speak Clearly and Carry a Manual Ten years after it unveiled its first dream house, Microsoft has a new demonstration home showcasing technology that Microsoft is betting will become commonplace within a few years.","{""World"": 0, ""Sports"": 0, ""Business"": 1, ""Sci/Tech"": 4}",4,5,0.8,1
274,Sci/Tech,Sci/Tech,"Internet access is free on ferries during tests Tests of high-speed wireless Internet service on one of the region #39;s busiest ferry runs have been canceled, but the service, referred to as Wi-Fi, might still become available on that run, between Seattle and Bremerton, the ferry service said.","{""World"": 0, ""Sports"": 0, ""Business"": 0, ""Sci/Tech"": 5}",5,5,1.0,1
275,World,World,"Timing Of Indian Move In Kashmir Vital: Pak Paper Islamabad, Nov. 16 (NNN): Pakistans leading newspaper, Dawn, finds the timing of the Indian announcement on reduction of troops in Kashmir as significance.","{""World"": 5, ""Sports"": 0, ""Business"": 0, ""Sci/Tech"": 0}",5,5,1.0,1
276,Business,Sci/Tech,"Arthritis drug withdrawn after trial A prescription painkiller used by more than 250,000 Australians to treat arthritis has been withdrawn from sale after a clinical trial found it doubled the risk of heart attack and stroke.","{""World"": 0, ""Sports"": 0, ""Business"": 0, ""Sci/Tech"": 5}",5,5,1.0,0
277,Sci/Tech,World,Iran shuts reformist websites WEBSITES CLOSE to Iran #39;s leading reformist party have been blocked by religious hardliners in the police bureau of public morals.,"{""World"": 5, ""Sports"": 0, ""Business"": 0, ""Sci/Tech"": 0}",5,5,1.0,0
278,Sports,Sports,"Warner Will Start for Giants in Opener Eli Manning remains the New York Giants' quarterback of the future. For now, the job belongs to Kurt Warner.","{""World"": 0, ""Sports"": 5, ""Business"": 0, ""Sci/Tech"": 0}",5,5,1.0,1
279,Business,Business,"Bank of England Says Dollar Decline Increases Risk to Banks The possibility of a further slide in the dollar and a decline in demand for US assets has become one of the potential risks to financial stability, the Bank of England said in its semi-annual Financial Stability Review.","{""World"": 1, ""Sports"": 0, ""Business"": 3, ""Sci/Tech"": 0}",3,5,0.6,1
280,Business,Sci/Tech,FDA stifled dangerous Vioxx results - expert Washington - An expert with the United States Food and Drug Administration (FDA) has said on Thursday he was pressured by his agency to stifle study results showing the potential dangers of the anti-inflammatory drug Vioxx.,"{""World"": 0, ""Sports"": 0, ""Business"": 0, ""Sci/Tech"": 5}",5,5,1.0,0
281,Sci/Tech,Sci/Tech,"IBM Says Blue Gene Breaks Speed Record (AP) AP - IBM Corp. claimed unofficial bragging rights Tuesday as owner of the world's fastest supercomputer. For three years running, the fastest supercomputer has been NEC's Earth Simulator in Japan.","{""World"": 0, ""Sports"": 0, ""Business"": 0, ""Sci/Tech"": 5}",5,5,1.0,1
282,World,World,"US,  #39;EU-three #39; agree on demand The Bush administration reached a tentative deal yesterday with three European nations at the UN nuclear watchdog agency on the next step in confronting Iran over its suspected nuclear weapons program.","{""World"": 5, ""Sports"": 0, ""Business"": 0, ""Sci/Tech"": 0}",5,5,1.0,1
283,Business,Business,ECB  quot;consensus quot; kept rates steady today European Central Bank president Jean-Claude Trichet has said that today #39;s decision to leave euro interest rates unchanged reflected a broad consensus on the governing council of the bank.,"{""World"": 0, ""Sports"": 0, ""Business"": 4, ""Sci/Tech"": 0}",4,5,0.8,1
284,Sports,Sports,Woman drops sexual assault suit vs. Colorado One of the three women suing the University of Colorado for what they said was the school #39;s failure to protect them against sexual assault by football players has dropped her federal lawsuit.,"{""World"": 1, ""Sports"": 4, ""Business"": 0, ""Sci/Tech"": 0}",4,5,0.8,1
285,World,World,"Australia comdemns apparent killing of aid worker in Iraq Australia #39;s Foreign Minister, Alexander Downer, says the apparent murder in Iraq of aid worker, Margaret Hassan, is a heinous and inexcusable crime.","{""World"": 5, ""Sports"": 0, ""Business"": 0, ""Sci/Tech"": 0}",5,5,1.0,1
286,World,World,"US not to free female scientists : With time running out to save a British hostage in Iraq, US officials said today they were not about to free female Iraqi prisoners as demanded by an al Qaida ally whose group has already beheaded two Americans.","{""World"": 5, ""Sports"": 0, ""Business"": 0, ""Sci/Tech"": 0}",5,5,1.0,1
287,World,World,UN demands Rwanda pull out military forces in DRC The UN Security Council on Tuesday condemned reported military actions by Rwanda in the eastern Democratic Republic of Congo (DRC) and demanded the country immediately withdraw any troops it may have in the DRC.,"{""World"": 5, ""Sports"": 0, ""Business"": 0, ""Sci/Tech"": 0}",5,5,1.0,1
288,Business,Business,"Weyerhaeuser Profit Up  NEW YORK (Reuters) - Weyerhaeuser Co.'s  quarterly profit  rose sharply on a large gain from the sale of timberlands in  Georgia and it set tender offers to reduce as much as \$700  million in debt, the company said on Friday.","{""World"": 0, ""Sports"": 0, ""Business"": 5, ""Sci/Tech"": 0}",5,5,1.0,1
289,World,World,"Kerry Vows to Tell Truth as President (Reuters) Reuters - Democrat John Kerry on Friday\dismissed the Republican convention as ""bitter and insulting""\and promised to be a U.S. president who would tell Americans\the truth.","{""World"": 5, ""Sports"": 0, ""Business"": 0, ""Sci/Tech"": 0}",5,5,1.0,1
290,World,World,"Three Iraqis Killed in Bomb Attack on U.S. Troops  SAMARRA, Iraq (Reuters) - Three Iraqis were killed on  Wednesday when a suicide car bomber attacked a U.S. convoy in  the northern city of Samarra, a local police official said.","{""World"": 5, ""Sports"": 0, ""Business"": 0, ""Sci/Tech"": 0}",5,5,1.0,1
291,World,World,"U.S. Bishops Reviewing Sex Abuse Policy The nation's Roman Catholic bishops said Friday they will spend the next nine months deciding whether to make any changes in the policy they enacted at the height of the clergy sex abuse crisis that includes permanently barring guilty priests from church work.    The review was mandated in the ""Charter for the Protection of Children and Young People,"" the document the bishops adopted at an emotional June 2002 assembly in Dallas...","{""World"": 5, ""Sports"": 0, ""Business"": 0, ""Sci/Tech"": 0}",5,5,1.0,1
292,Sports,Sports,Seahawks Receiver Robinson Suspended by NFL  NEW YORK (Sports Network) - Seattle Seahawks wide receiver  Koren Robinson has been suspended without pay for four games by  the league for violating the NFL's substance abuse policy.,"{""World"": 0, ""Sports"": 5, ""Business"": 0, ""Sci/Tech"": 0}",5,5,1.0,1
293,Sports,Sports,"Mosley Unable to Escape Winkys Jab Las Vegas, NV: You have to give credit to Sugar Shane Mosley. For the second time in his career, the former world champion valiantly tried to reverse a thorough beating by jumping headfirst into an immediate rematch.","{""World"": 0, ""Sports"": 5, ""Business"": 0, ""Sci/Tech"": 0}",5,5,1.0,1
294,World,World,"Explosive Remnants Found in Russian Jet Wreckage One of two Russian airliners that crashed nearly simultaneously was brought down by a terrorist act, officials said Friday, after finding traces of explosives in the plane's wreckage. A Web site connected to Islamic militants claimed the action was connected to Russia's fight against Chechen separatists.","{""World"": 5, ""Sports"": 0, ""Business"": 0, ""Sci/Tech"": 0}",5,5,1.0,1
295,Sports,Sports,"Patriots have memory to feel sorry about Do not bring up last season. Patriots coach Bill Belichick despises talk of the past, except when it helps him prepare his team for the upcoming week.","{""World"": 0, ""Sports"": 5, ""Business"": 0, ""Sci/Tech"": 0}",5,5,1.0,1
296,World,World,"Iran to cease negotiations with EU in case of dead end A top Iranian official said Sunday that Iran would withdraw from the negotiations with the European Union (EU) if the upcoming talks in Brussels turned into a dead-end, the official IRNA news agency reported.","{""World"": 5, ""Sports"": 0, ""Business"": 0, ""Sci/Tech"": 0}",5,5,1.0,1
297,World,World,"Karzai deputy escapes a roadside bombing A deputy to Afghanistan #39;s president, Hamid Karzai, escaped a roadside bombing in northern Afghanistan on Monday, just four days after a rocket was fired at Karzai #39;s helicopter as he was heading to a campaign event for the Oct. 9 elections.","{""World"": 5, ""Sports"": 0, ""Business"": 0, ""Sci/Tech"": 0}",5,5,1.0,1
298,World,World,"La. Becomes Latest Political Battleground (AP) AP - The swamps, bayous and rice fields of Louisiana's Cajun country have emerged as the site of the nation's latest political battleground.","{""World"": 4, ""Sports"": 0, ""Business"": 0, ""Sci/Tech"": 0}",4,5,0.8,1
299,Sci/Tech,World,"Dragging the Net for Cyber Criminals In an attempt to stem the growing tide of online scams, identity theft and the proliferation of junk e-mail, the Justice Department and state law enforcement officials have initiated what seems to be the largest dragnet yet against spammers, so-called ""phishers"" and other Internet con artists. &lt;FONT face=""verdana,MS Sans Serif,arial,helvetica"" size=""-2"" color=""#666666""&gt;&lt;B&gt;-washingtonpost.com&lt;/B&gt;&lt;/FONT&gt;","{""World"": 4, ""Sports"": 0, ""Business"": 1, ""Sci/Tech"": 0}",4,5,0.8,0
