id,gold,pred,text,votes,top_votes,K,confidence,correct
0,OfficeHolder,OfficeHolder,Gideon Brand van Zyl.  The Rt. Hon. Gideon Brand van Zyl PC (pron. BRUNT FUN ZAIL rhymes with nail) (3 Jun 1873–1 Nov 1956) was Governor-General of the Union of South Africa from 1945 to 1950. He was the first South African-born holder of the office.Born in Cape Town he was the son of a prominent attorney and he joined the family firm after qualifying at the University of Cape Town.,"{""Company"": 0, ""EducationalInstitution"": 0, ""Artist"": 0, ""Athlete"": 0, ""OfficeHolder"": 1, ""MeanOfTransportation"": 0, ""Building"": 0, ""NaturalPlace"": 0, ""Village"": 0, ""Animal"": 0, ""Plant"": 0, ""Album"": 0, ""Film"": 0, ""WrittenWork"": 0}",1,1,1.0,1
1,Film,Film,Darkman.  Darkman is a 1990 American superhero action film directed and co-written by Sam Raimi. It is based on a short story Raimi wrote that paid homage to Universal's horror films of the 1930s.,"{""Company"": 0, ""EducationalInstitution"": 0, ""Artist"": 0, ""Athlete"": 0, ""OfficeHolder"": 0, ""MeanOfTransportation"": 0, ""Building"": 0, ""NaturalPlace"": 0, ""Village"": 0, ""Animal"": 0, ""Plant"": 0, ""Album"": 0, ""Film"": 1, ""WrittenWork"": 0}",1,1,1.0,1
2,WrittenWork,WrittenWork,The Dinosaur Heresies.  The Dinosaur Heresies: New Theories Unlocking the Mystery of the Dinosaurs and Their Extinction was a 1986 book published by Robert T. Bakker a prominent paleontologist.The book sums up the extant evidence which indicates that dinosaurs rather than being cold-blooded and wholly lizard-like were in fact warm-blooded agile creatures more similar to modern birds than to lizards or other reptiles.,"{""Company"": 0, ""EducationalInstitution"": 0, ""Artist"": 0, ""Athlete"": 0, ""OfficeHolder"": 0, ""MeanOfTransportation"": 0, ""Building"": 0, ""NaturalPlace"": 0, ""Village"": 0, ""Animal"": 0, ""Plant"": 0, ""Album"": 0, ""Film"": 0, ""WrittenWork"": 1}",1,1,1.0,1
3,Film,Film,27A.  27A is a 1974 Australian film directed by Esben Storm. At the AFI Awards it won in the Best Actor (Robert McDarra) and Best Fiction (Haydn Keenan) categories.,"{""Company"": 0, ""EducationalInstitution"": 0, ""Artist"": 0, ""Athlete"": 0, ""OfficeHolder"": 0, ""MeanOfTransportation"": 0, ""Building"": 0, ""NaturalPlace"": 0, ""Village"": 0, ""Animal"": 0, ""Plant"": 0, ""Album"": 0, ""Film"": 1, ""WrittenWork"": 0}",1,1,1.0,1
4,Plant,Plant,Olearia chathamica.  Olearia chathamica is a species of flowering plant in the Asteraceae family.It is found only in New Zealand.,"{""Company"": 0, ""EducationalInstitution"": 0, ""Artist"": 0, ""Athlete"": 0, ""OfficeHolder"": 0, ""MeanOfTransportation"": 0, ""Building"": 0, ""NaturalPlace"": 0, ""Village"": 0, ""Animal"": 0, ""Plant"": 1, ""Album"": 0, ""Film"": 0, ""WrittenWork"": 0}",1,1,1.0,1
5,Album,Album,Second (Baroness album).  Second is the second official recording by the metal band Baroness. It was recorded in one session with the exception of the vocals. The art work was done by Baroness singer John Baizley.,"{""Company"": 0, ""EducationalInstitution"": 0, ""Artist"": 0, ""Athlete"": 0, ""OfficeHolder"": 0, ""MeanOfTransportation"": 0, ""Building"": 0, ""NaturalPlace"": 0, ""Village"": 0, ""Animal"": 0, ""Plant"": 0, ""Album"": 1, ""Film"": 0, ""WrittenWork"": 0}",1,1,1.0,1
6,Building,Building,The City Rooms (Leicester).  The City Rooms is located in the heart of the City of Leicester in England. It has been designated by English Heritage as a grade I listed building.Outside in Hotel Street there is the statue of the Seamstress although not intended to represent any particular person it serves as a reminder of the importance the hosiery industry once played in Leicester. The Seamstress is shown putting a seam into a stocking and was sculpted by James Butler,"{""Company"": 0, ""EducationalInstitution"": 0, ""Artist"": 0, ""Athlete"": 0, ""OfficeHolder"": 0, ""MeanOfTransportation"": 0, ""Building"": 1, ""NaturalPlace"": 0, ""Village"": 0, ""Animal"": 0, ""Plant"": 0, ""Album"": 0, ""Film"": 0, ""WrittenWork"": 0}",1,1,1.0,1
7,OfficeHolder,OfficeHolder,Nicolás Bravo.  Nicolás Bravo Rueda (10 September 1786 – 22 April 1854) was a Mexican politician and soldier. He distinguished himself in both roles during the 1846–1848 U.S. invasion of Mexico.,"{""Company"": 0, ""EducationalInstitution"": 0, ""Artist"": 0, ""Athlete"": 0, ""OfficeHolder"": 1, ""MeanOfTransportation"": 0, ""Building"": 0, ""NaturalPlace"": 0, ""Village"": 0, ""Animal"": 0, ""Plant"": 0, ""Album"": 0, ""Film"": 0, ""WrittenWork"": 0}",1,1,1.0,1
8,OfficeHolder,OfficeHolder,Essad Pasha Toptani.  Essad Pasha Toptani or Esad Pasha Toptani (Albanian: Esad Pashë Toptani; c.. 1863 – 13 June 1920) primarily known as Essad Pasha was Ottoman army officer Albanian deputy in the Ottoman parliament and politician in the early 20th century in Albania. He was cooperating with the Balkan League after the Balkan Wars and established a state in central Albania based in Durrës called the Republic of Central Albania.,"{""Company"": 0, ""EducationalInstitution"": 0, ""Artist"": 0, ""Athlete"": 0, ""OfficeHolder"": 1, ""MeanOfTransportation"": 0, ""Building"": 0, ""NaturalPlace"": 0, ""Village"": 0, ""Animal"": 0, ""Plant"": 0, ""Album"": 0, ""Film"": 0, ""WrittenWork"": 0}",1,1,1.0,1
9,Company,Company,XL Group.  XL Group plc (NYSE: XL) is a global insurance company headquartered in Ireland with executive offices in Hamilton Bermuda and Stamford Connecticut USA. The company has approximately 4000 employees and about 60 offices on Africa Asia Australia Europe North America and South America. Formerly XL Capital Ltd the company officially changed its name and domicile on 1 July 2010.,"{""Company"": 1, ""EducationalInstitution"": 0, ""Artist"": 0, ""Athlete"": 0, ""OfficeHolder"": 0, ""MeanOfTransportation"": 0, ""Building"": 0, ""NaturalPlace"": 0, ""Village"": 0, ""Animal"": 0, ""Plant"": 0, ""Album"": 0, ""Film"": 0, ""WrittenWork"": 0}",1,1,1.0,1
10,WrittenWork,WrittenWork,United Kingdom Election Results.  United Kingdom Election Results is a website and e-book written by David Boothroyd published in 1994. Boothroyd also wrote The History of British Political Parties published in 2001. The website includes material about elections in the United Kingdom including election results resources for further information and links to relevant websites.,"{""Company"": 0, ""EducationalInstitution"": 0, ""Artist"": 0, ""Athlete"": 0, ""OfficeHolder"": 0, ""MeanOfTransportation"": 0, ""Building"": 0, ""NaturalPlace"": 0, ""Village"": 0, ""Animal"": 0, ""Plant"": 0, ""Album"": 0, ""Film"": 0, ""WrittenWork"": 1}",1,1,1.0,1
11,MeanOfTransportation,Company,Aeromarine 40.  The Aeromarine 40F was an American two-seat flying-boat training aircraft produced for the US Navy and built by the Aeromarine Plane and Motor Company of Keyport New Jersey. Fifty out of an original order for 200 were delivered before the end of World War I with the remainder cancelled due to the armistice. The aircraft was a biplane with a pusher propeller. The pilot and instructor sat side by side.,"{""Company"": 1, ""EducationalInstitution"": 0, ""Artist"": 0, ""Athlete"": 0, ""OfficeHolder"": 0, ""MeanOfTransportation"": 0, ""Building"": 0, ""NaturalPlace"": 0, ""Village"": 0, ""Animal"": 0, ""Plant"": 0, ""Album"": 0, ""Film"": 0, ""WrittenWork"": 0}",1,1,1.0,0
12,Company,Company,Murfin Music International.  Murfin Music International and Murfin Media are companies run by Muff Murfin and are based at The Old Smithy Studios in Kempsey Worcestershire England.Murfin owns several radio stations in the UK and also hires time at its studios to produce jingles for radio. Murfin with his then music partner Colin Owen were billed as the M and O Band and reached #16 in the UK Singles Chart in March 1976 with Let's Do the Latin Hustle.,"{""Company"": 1, ""EducationalInstitution"": 0, ""Artist"": 0, ""Athlete"": 0, ""OfficeHolder"": 0, ""MeanOfTransportation"": 0, ""Building"": 0, ""NaturalPlace"": 0, ""Village"": 0, ""Animal"": 0, ""Plant"": 0, ""Album"": 0, ""Film"": 0, ""WrittenWork"": 0}",1,1,1.0,1
13,Animal,Animal,Lycaenidae.  Lycaenidae is the second-largest family of butterflies (behind the Brush-footed butterflies) with over 5000 species worldwide whose members are also called gossamer-winged butterflies. They constitute about 30% of the known butterfly species.The family is traditionally divided into the subfamilies of the blues (Polyommatinae) the coppers (Lycaeninae) the hairstreaks (Theclinae) and the harvesters (Miletinae); others include the Lipteninae Liphyrinae Curetinae and Poritiinae.,"{""Company"": 0, ""EducationalInstitution"": 0, ""Artist"": 0, ""Athlete"": 0, ""OfficeHolder"": 0, ""MeanOfTransportation"": 0, ""Building"": 0, ""NaturalPlace"": 0, ""Village"": 0, ""Animal"": 1, ""Plant"": 0, ""Album"": 0, ""Film"": 0, ""WrittenWork"": 0}",1,1,1.0,1
14,WrittenWork,WrittenWork,Investors Chronicle.  The Investors Chronicle is a weekly magazine in the United Kingdom for private investors and is published by the Financial Times Group. The magazine publishes articles about global markets and sectors and news on corporate actions such as takeovers and share issues. It was established in 1860 and has been considered a highly influential magazine.,"{""Company"": 0, ""EducationalInstitution"": 0, ""Artist"": 0, ""Athlete"": 0, ""OfficeHolder"": 0, ""MeanOfTransportation"": 0, ""Building"": 0, ""NaturalPlace"": 0, ""Village"": 0, ""Animal"": 0, ""Plant"": 0, ""Album"": 0, ""Film"": 0, ""WrittenWork"": 1}",1,1,1.0,1
15,MeanOfTransportation,Building,HMS Enterprise (A71).  The ninth HMS Enterprise (A 71) of the Royal Navy was an Echo class inshore survey ship built by M.W. Blackmore & Sons of Bideford and commissioned in 1959.With her sister ships HMS Echo and HMS Egeria Enterprise's career was spent in hydrographic surveys of the seas sandbanks and coastlines of the East Coast and Eastern English Channel.,"{""Company"": 0, ""EducationalInstitution"": 0, ""Artist"": 0, ""Athlete"": 0, ""OfficeHolder"": 0, ""MeanOfTransportation"": 0, ""Building"": 1, ""NaturalPlace"": 0, ""Village"": 0, ""Animal"": 0, ""Plant"": 0, ""Album"": 0, ""Film"": 0, ""WrittenWork"": 0}",1,1,1.0,0
16,Building,Building,Worrall Covered Bridge.  The Worrall Covered Bridge (also called the Woralls Bridge) is a wooden covered bridge in Rockingham Vermont United States. Built in 1868 by Sanford Granger the bridge is a lattice style with an 87 foot span across the Williams River. The bridge is listed on the National Register of Historic Places.The Worrall bridge includes one rare feature — a wooden ramp leading up to the northwest entrance. It is located on Williams Road a dirt road a short distance north of Vermont Route 103.,"{""Company"": 0, ""EducationalInstitution"": 0, ""Artist"": 0, ""Athlete"": 0, ""OfficeHolder"": 0, ""MeanOfTransportation"": 0, ""Building"": 1, ""NaturalPlace"": 0, ""Village"": 0, ""Animal"": 0, ""Plant"": 0, ""Album"": 0, ""Film"": 0, ""WrittenWork"": 0}",1,1,1.0,1
17,WrittenWork,WrittenWork,Jacob's Rescue.  Jacob's Rescue is a 1994 children's book by Malka Drucker and Michael Halperin based on a true story that takes place in Warsaw Poland during the holocaust. A poor Polish family rescues Jacob and his brothers from the tyranny of the Nazis where they face the reality of life under the harshest conditions. They are in the current day and his daughter ask about the holocaust Jacob had a flashback of this time.,"{""Company"": 0, ""EducationalInstitution"": 0, ""Artist"": 0, ""Athlete"": 0, ""OfficeHolder"": 0, ""MeanOfTransportation"": 0, ""Building"": 0, ""NaturalPlace"": 0, ""Village"": 0, ""Animal"": 0, ""Plant"": 0, ""Album"": 0, ""Film"": 0, ""WrittenWork"": 1}",1,1,1.0,1
18,Film,Film,Sinbad (1993 film).  Sinbad is a 1992 animated film originally released on May 18 1992 and based on the classic Arabian Nights tale Sinbad the Sailor. Like all other Golden Films productions the film features a single theme song As brave as a man can be written and composed by Richard Hurwitz and John Arrias.,"{""Company"": 0, ""EducationalInstitution"": 0, ""Artist"": 0, ""Athlete"": 0, ""OfficeHolder"": 0, ""MeanOfTransportation"": 0, ""Building"": 0, ""NaturalPlace"": 0, ""Village"": 0, ""Animal"": 0, ""Plant"": 0, ""Album"": 0, ""Film"": 1, ""WrittenWork"": 0}",1,1,1.0,1
19,MeanOfTransportation,Building,USS Meredith (DD-890).  USS Meredith (DD-890) a Gearing-class destroyer was the fourth ship of the United States Navy to be named for Jonathan Meredith USMC a sergeant who saved the life of Lieutenant John Trippe of Vixen during the Barbary Wars. She was laid down at the Consolidated Steel Corporation at Orange Texas on 27 January 1945; launched on 28 June 1945 sponsored by Miss Juliette S. Kopper great-great-great-grandniece of Sergeant Meredith; and commissioned on 31 December 1945 with Commander W. B.,"{""Company"": 0, ""EducationalInstitution"": 0, ""Artist"": 0, ""Athlete"": 0, ""OfficeHolder"": 0, ""MeanOfTransportation"": 0, ""Building"": 1, ""NaturalPlace"": 0, ""Village"": 0, ""Animal"": 0, ""Plant"": 0, ""Album"": 0, ""Film"": 0, ""WrittenWork"": 0}",1,1,1.0,0
20,EducationalInstitution,EducationalInstitution,Woodham Academy.  Woodham Academy is a school and former sixth form college in Newton Aycliffe County Durham England. The school was previously known as Woodham Community Technology College (from 2000 to 2012) and was initially opened as Woodham Comprehensive School in 1970.,"{""Company"": 0, ""EducationalInstitution"": 1, ""Artist"": 0, ""Athlete"": 0, ""OfficeHolder"": 0, ""MeanOfTransportation"": 0, ""Building"": 0, ""NaturalPlace"": 0, ""Village"": 0, ""Animal"": 0, ""Plant"": 0, ""Album"": 0, ""Film"": 0, ""WrittenWork"": 0}",1,1,1.0,1
21,Village,Village,Kalkushk.  Kalkushk (Persian: كل كوشك‎ also Romanized as Kalkūshk Kalkūshak and Kal Kūshk) is a village in Osmanvand Rural District Firuzabad District Kermanshah County Kermanshah Province Iran. At the 2006 census its population was 41 in 10 families.,"{""Company"": 0, ""EducationalInstitution"": 0, ""Artist"": 0, ""Athlete"": 0, ""OfficeHolder"": 0, ""MeanOfTransportation"": 0, ""Building"": 0, ""NaturalPlace"": 0, ""Village"": 1, ""Animal"": 0, ""Plant"": 0, ""Album"": 0, ""Film"": 0, ""WrittenWork"": 0}",1,1,1.0,1
22,Building,Building,Mount Calvary United Methodist Church (New York City).  Mount Calvary United Methodist Church is a Methodist church in Washington Heights Manhattan New York City at 116 Edgecombe Avenue. The congregation occupies the former Lutheran church building of The Evangelical Lutheran Church of the Atonement which was established in 1896 and built in 1897 as a mission church of St. John's Evangelical Lutheran Church.,"{""Company"": 0, ""EducationalInstitution"": 0, ""Artist"": 0, ""Athlete"": 0, ""OfficeHolder"": 0, ""MeanOfTransportation"": 0, ""Building"": 1, ""NaturalPlace"": 0, ""Village"": 0, ""Animal"": 0, ""Plant"": 0, ""Album"": 0, ""Film"": 0, ""WrittenWork"": 0}",1,1,1.0,1
23,Animal,Animal,Trichiinae.  The Trichiinae are a subfamily of the scarab beetle family (Scarabaeidae) but occasionally they are included in the Cetoniidae as tribe Trichiini. The conspicuous bee beetles (Trichius) are probably the best-known genus in Europe.They vary in size from 6 to 65 mm [1] and can be distinguished from the Cetoniidae by having covered epimeres and lateral edges of the elytra which are not trimmed.The adults feed on sugar-rich secretions of stems leaves fruits and flowers of different plants.,"{""Company"": 0, ""EducationalInstitution"": 0, ""Artist"": 0, ""Athlete"": 0, ""OfficeHolder"": 0, ""MeanOfTransportation"": 0, ""Building"": 0, ""NaturalPlace"": 0, ""Village"": 0, ""Animal"": 1, ""Plant"": 0, ""Album"": 0, ""Film"": 0, ""WrittenWork"": 0}",1,1,1.0,1
24,Film,Film,Chirosathi.  Chirosathi (Bengali: চিরসাথী ) is a Bengali Drama movie that was released in 2008 directed by Haranath Chakraborty. The movie featured Hiran Chatterjee and Koyel Mullick.,"{""Company"": 0, ""EducationalInstitution"": 0, ""Artist"": 0, ""Athlete"": 0, ""OfficeHolder"": 0, ""MeanOfTransportation"": 0, ""Building"": 0, ""NaturalPlace"": 0, ""Village"": 0, ""Animal"": 0, ""Plant"": 0, ""Album"": 0, ""Film"": 1, ""WrittenWork"": 0}",1,1,1.0,1
25,Village,Village,Tomrefjord.  Tomra or Tomrefjord is a village located in Vestnes Municipality in Møre og Romsdal county Norway. It is located just south of the village of Vik at the end of the Tomrefjorden. The village of Fiksdal lies 8 kilometres (5.0 mi) to the northwest.,"{""Company"": 0, ""EducationalInstitution"": 0, ""Artist"": 0, ""Athlete"": 0, ""OfficeHolder"": 0, ""MeanOfTransportation"": 0, ""Building"": 0, ""NaturalPlace"": 0, ""Village"": 1, ""Animal"": 0, ""Plant"": 0, ""Album"": 0, ""Film"": 0, ""WrittenWork"": 0}",1,1,1.0,1
26,Film,Film,The Ghouls.  The Ghouls (also known as Cannibal Dead: The Ghouls) is a 2003 independent American horror film that was written and directed by Chad Ferrin. The film described as a no-budget horror opus and a vicious cross between Paparazzi and Kolchak: The Night Stalker was independently produced and shot guerrilla style in Los Angeles on Mini DV for $15000.,"{""Company"": 0, ""EducationalInstitution"": 0, ""Artist"": 0, ""Athlete"": 0, ""OfficeHolder"": 0, ""MeanOfTransportation"": 0, ""Building"": 0, ""NaturalPlace"": 0, ""Village"": 0, ""Animal"": 0, ""Plant"": 0, ""Album"": 0, ""Film"": 1, ""WrittenWork"": 0}",1,1,1.0,1
27,Film,Film,Reunion in France.  Reunion in France (1942) is a Metro-Goldwyn-Mayer feature film starring Joan Crawford John Wayne and Phillip Dorn in a story about a woman in occupied France who learning her well-heeled lover has Nazi connections aids a downed American flyer. The film was directed by Jules Dassin and Ava Gardner has a tiny role as a Parisian shopgirl.,"{""Company"": 0, ""EducationalInstitution"": 0, ""Artist"": 0, ""Athlete"": 0, ""OfficeHolder"": 0, ""MeanOfTransportation"": 0, ""Building"": 0, ""NaturalPlace"": 0, ""Village"": 0, ""Animal"": 0, ""Plant"": 0, ""Album"": 0, ""Film"": 1, ""WrittenWork"": 0}",1,1,1.0,1
28,Album,Album,Greatest Hits 1982–1989.  Greatest Hits 1982–1989 is the third greatest hits album and twentieth album overall by the American band Chicago released by Full Moon/Reprise Records on November 21 1989. Covering the era that stretched from 1982's Chicago 16 to Chicago 19 in 1988 the set is also balanced by the appearances of both Peter Cetera and his replacement Jason Scheff.An equivalent collection entitled The Heart of...,"{""Company"": 0, ""EducationalInstitution"": 0, ""Artist"": 0, ""Athlete"": 0, ""OfficeHolder"": 0, ""MeanOfTransportation"": 0, ""Building"": 0, ""NaturalPlace"": 0, ""Village"": 0, ""Animal"": 0, ""Plant"": 0, ""Album"": 1, ""Film"": 0, ""WrittenWork"": 0}",1,1,1.0,1
29,OfficeHolder,OfficeHolder,Arthur H. Vandenberg.  Arthur Hendrick Vandenberg (March 22 1884 – April 18 1951) was a Republican Senator from the U.S. state of Michigan who participated in the creation of the United Nations.,"{""Company"": 0, ""EducationalInstitution"": 0, ""Artist"": 0, ""Athlete"": 0, ""OfficeHolder"": 1, ""MeanOfTransportation"": 0, ""Building"": 0, ""NaturalPlace"": 0, ""Village"": 0, ""Animal"": 0, ""Plant"": 0, ""Album"": 0, ""Film"": 0, ""WrittenWork"": 0}",1,1,1.0,1
30,Athlete,Athlete,Manabu Mima.  Manabu Mima (美馬 学 born September 19 1986) is a Japanese professional baseball player. A pitcher he plays for the Tohoku Rakuten Golden Eagles of the Pacific League in Nippon Professional Baseball.Mima attended Fujishiro High School and Chuo University. Mima pitched for Tokyo Gas in the industrial leagues after college. The Rakuten Golden Eagles chose him in the second round of the 2010 draft. He then joined the Japanese national baseball team for the 2010 Asian Games.,"{""Company"": 0, ""EducationalInstitution"": 0, ""Artist"": 0, ""Athlete"": 1, ""OfficeHolder"": 0, ""MeanOfTransportation"": 0, ""Building"": 0, ""NaturalPlace"": 0, ""Village"": 0, ""Animal"": 0, ""Plant"": 0, ""Album"": 0, ""Film"": 0, ""WrittenWork"": 0}",1,1,1.0,1
31,Animal,Animal,Phtheochroa aegrana.  Phtheochroa aegrana is a species of moth of the Tortricidae family. It is found in North America where it has been recorded from Alberta Oregon California and New Mexico.The wingspan is 14-16 mm. Adults have been recorded on wing from May to August and in January.,"{""Company"": 0, ""EducationalInstitution"": 0, ""Artist"": 0, ""Athlete"": 0, ""OfficeHolder"": 0, ""MeanOfTransportation"": 0, ""Building"": 0, ""NaturalPlace"": 0, ""Village"": 0, ""Animal"": 1, ""Plant"": 0, ""Album"": 0, ""Film"": 0, ""WrittenWork"": 0}",1,1,1.0,1
32,Plant,Plant,Pseuderia.  Pseuderia is a genus of orchids consisting of about 19 species distributed from the Moluccas through New Guinea to Samoa and Fiji. The genus has its center of diversity in New Guinea.,"{""Company"": 0, ""EducationalInstitution"": 0, ""Artist"": 0, ""Athlete"": 0, ""OfficeHolder"": 0, ""MeanOfTransportation"": 0, ""Building"": 0, ""NaturalPlace"": 0, ""Village"": 0, ""Animal"": 0, ""Plant"": 1, ""Album"": 0, ""Film"": 0, ""WrittenWork"": 0}",1,1,1.0,1
33,OfficeHolder,OfficeHolder,Jacek Cichocki.  Jacek Cichocki (born 17 December 1971) is an independent Polish politician and is the current chief of the chancellery of the prime minister. Previously between November 2011 to February 2013 Cichocki served as the minister of interior in the second cabinet of Prime Minister Donald Tusk. As a senior member of the premier's executive office Cichocki is a member of the Cabinet of Poland.,"{""Company"": 0, ""EducationalInstitution"": 0, ""Artist"": 0, ""Athlete"": 0, ""OfficeHolder"": 1, ""MeanOfTransportation"": 0, ""Building"": 0, ""NaturalPlace"": 0, ""Village"": 0, ""Animal"": 0, ""Plant"": 0, ""Album"": 0, ""Film"": 0, ""WrittenWork"": 0}",1,1,1.0,1
34,Athlete,Athlete,Johnny Oduya.  David Johnny Oduya (born October 1 1981) is a Swedish professional ice hockey defenceman of partial Kenyan Luo descent who currently plays for the Chicago Blackhawks of the National Hockey League.,"{""Company"": 0, ""EducationalInstitution"": 0, ""Artist"": 0, ""Athlete"": 1, ""OfficeHolder"": 0, ""MeanOfTransportation"": 0, ""Building"": 0, ""NaturalPlace"": 0, ""Village"": 0, ""Animal"": 0, ""Plant"": 0, ""Album"": 0, ""Film"": 0, ""WrittenWork"": 0}",1,1,1.0,1
35,WrittenWork,Company,WildBird.  WildBird is a bimonthly magazine about birding or birdwatching in North America Central America and South America. It is published by BowTie Inc.,"{""Company"": 1, ""EducationalInstitution"": 0, ""Artist"": 0, ""Athlete"": 0, ""OfficeHolder"": 0, ""MeanOfTransportation"": 0, ""Building"": 0, ""NaturalPlace"": 0, ""Village"": 0, ""Animal"": 0, ""Plant"": 0, ""Album"": 0, ""Film"": 0, ""WrittenWork"": 0}",1,1,1.0,0
36,Plant,Plant,Paeonia emodi.  Paeonia emodi or Himalayan peony takes its name from the Latin for Himalaya emodi montes where it grows in the western part of the mountain range. It is among the tallest of the Peony species and while cold-hardy it grows better in warm temperate climates. It is a parent of the popular hybrid White Innocence which reaches 1.5 m.,"{""Company"": 0, ""EducationalInstitution"": 0, ""Artist"": 0, ""Athlete"": 0, ""OfficeHolder"": 0, ""MeanOfTransportation"": 0, ""Building"": 0, ""NaturalPlace"": 0, ""Village"": 0, ""Animal"": 0, ""Plant"": 1, ""Album"": 0, ""Film"": 0, ""WrittenWork"": 0}",1,1,1.0,1
37,WrittenWork,WrittenWork,Ramtanu Lahiri O Tatkalin Bangasamaj.  Ramtanu Lahiri O Tatkalin Bangasamaj (Ramtanu Lahiri and Contemporary Bengali Society/The Life and Times of Ramtanu Lahiri) is a book authored by Shibnath Shastri. It is considered one of the most important historical documents relating to the period commonly known as the Bengali renaissance.,"{""Company"": 0, ""EducationalInstitution"": 0, ""Artist"": 0, ""Athlete"": 0, ""OfficeHolder"": 0, ""MeanOfTransportation"": 0, ""Building"": 0, ""NaturalPlace"": 0, ""Village"": 0, ""Animal"": 0, ""Plant"": 0, ""Album"": 0, ""Film"": 0, ""WrittenWork"": 1}",1,1,1.0,1
38,Company,Company,Wera Tools.  Wera Tools is the popular name for tool manufacturer Wera Werk Hermann Werner GmbH & Co. KG of Wuppertal Germany. It was founded in 1936.,"{""Company"": 1, ""EducationalInstitution"": 0, ""Artist"": 0, ""Athlete"": 0, ""OfficeHolder"": 0, ""MeanOfTransportation"": 0, ""Building"": 0, ""NaturalPlace"": 0, ""Village"": 0, ""Animal"": 0, ""Plant"": 0, ""Album"": 0, ""Film"": 0, ""WrittenWork"": 0}",1,1,1.0,1
39,NaturalPlace,NaturalPlace,Șoimuș River (Someș).  The Soimuș River is a tributary of the Someş River in Romania.,"{""Company"": 0, ""EducationalInstitution"": 0, ""Artist"": 0, ""Athlete"": 0, ""OfficeHolder"": 0, ""MeanOfTransportation"": 0, ""Building"": 0, ""NaturalPlace"": 1, ""Village"": 0, ""Animal"": 0, ""Plant"": 0, ""Album"": 0, ""Film"": 0, ""WrittenWork"": 0}",1,1,1.0,1
40,NaturalPlace,NaturalPlace,La Villuerca.  La Villuerca also known as Risco de la Villuerca Pico la Villuerca and Pico de las Villuercas is the highest peak of the Sierra de Villuercas range also known as Sierra de Guadalupe. It is located 6 km west of Guadalupe town in Las Villuercas comarca Cáceres Province Extremadura Spain and is the highest point of the greater Montes de Toledo system.,"{""Company"": 0, ""EducationalInstitution"": 0, ""Artist"": 0, ""Athlete"": 0, ""OfficeHolder"": 0, ""MeanOfTransportation"": 0, ""Building"": 0, ""NaturalPlace"": 1, ""Village"": 0, ""Animal"": 0, ""Plant"": 0, ""Album"": 0, ""Film"": 0, ""WrittenWork"": 0}",1,1,1.0,1
41,WrittenWork,WrittenWork,Keeper (Appelt novel).  Keeper is a 2010 novel written by Kathi Appelt. This story is about a young girl who searches for her mermaid mother Meggie Marie.,"{""Company"": 0, ""EducationalInstitution"": 0, ""Artist"": 0, ""Athlete"": 0, ""OfficeHolder"": 0, ""MeanOfTransportation"": 0, ""Building"": 0, ""NaturalPlace"": 0, ""Village"": 0, ""Animal"": 0, ""Plant"": 0, ""Album"": 0, ""Film"": 0, ""WrittenWork"": 1}",1,1,1.0,1
42,Company,Company,Black Earth Farming.  Black Earth Farming is a public investment-run agriculture business based in Russia. It controls more than 3000 square kilometres (1200 sq mi) of land in the Black Earth Region. Their business goal has been described as the acquisition of cheap neglected but fertile land in the fertile Black Earth regions of Russia by CEO Richard Warburton. It is sometimes described as a land grab company.They have a contract with PepsiCo growing sugar beets and potatoes for them.,"{""Company"": 1, ""EducationalInstitution"": 0, ""Artist"": 0, ""Athlete"": 0, ""OfficeHolder"": 0, ""MeanOfTransportation"": 0, ""Building"": 0, ""NaturalPlace"": 0, ""Village"": 0, ""Animal"": 0, ""Plant"": 0, ""Album"": 0, ""Film"": 0, ""WrittenWork"": 0}",1,1,1.0,1
43,Village,Village,Kadamaha.  Kadamaha is a village development committee in Morang District in the Kosi Zone of south-eastern Nepal. At the time of the 1991 Nepal census it had a population of 5182 people living in 1029 individual households.,"{""Company"": 0, ""EducationalInstitution"": 0, ""Artist"": 0, ""Athlete"": 0, ""OfficeHolder"": 0, ""MeanOfTransportation"": 0, ""Building"": 0, ""NaturalPlace"": 0, ""Village"": 1, ""Animal"": 0, ""Plant"": 0, ""Album"": 0, ""Film"": 0, ""WrittenWork"": 0}",1,1,1.0,1
44,NaturalPlace,NaturalPlace,Blancanus (crater).  Blancanus is a lunar impact crater located in the rugged southern region of the Moon to the southwest of the walled plain Clavius. To the northwest lies the comparably sized crater Scheiner and south-southwest of Blancanus is the worn Klaproth.The outer rim of Blancanus is considerably less worn than that of Scheiner crater to the northwest and the edge is still fairly well defined and it has a terraced structure on the interior.,"{""Company"": 0, ""EducationalInstitution"": 0, ""Artist"": 0, ""Athlete"": 0, ""OfficeHolder"": 0, ""MeanOfTransportation"": 0, ""Building"": 0, ""NaturalPlace"": 1, ""Village"": 0, ""Animal"": 0, ""Plant"": 0, ""Album"": 0, ""Film"": 0, ""WrittenWork"": 0}",1,1,1.0,1
45,Company,Company,MTBC.  MTBC Medical Transcription Billing Corp. is a healthcare IT company that provides electronic health record software and technology-based medical billing transcription and practice management services to healthcare providers in the United States. MTBC is headquartered in Somerset NJ USA and runs an operational facility in Islamabad Pakistan through its subsidiary Medical Transcription Billing Company (Pvt.) Ltd.,"{""Company"": 1, ""EducationalInstitution"": 0, ""Artist"": 0, ""Athlete"": 0, ""OfficeHolder"": 0, ""MeanOfTransportation"": 0, ""Building"": 0, ""NaturalPlace"": 0, ""Village"": 0, ""Animal"": 0, ""Plant"": 0, ""Album"": 0, ""Film"": 0, ""WrittenWork"": 0}",1,1,1.0,1
46,Artist,WrittenWork,Marie-Laure Ryan.  Marie-Laure Ryan is a prominent literary scholar and critic. She has written several books and articles on narratology fiction and cyberculture and has been awarded several times for her work.In her latest book Avatars of Story she embraces a transmedial definition of narrative based on cognitive premises. She is currently a Scholar in Residence at the University of Colorado.,"{""Company"": 0, ""EducationalInstitution"": 0, ""Artist"": 0, ""Athlete"": 0, ""OfficeHolder"": 0, ""MeanOfTransportation"": 0, ""Building"": 0, ""NaturalPlace"": 0, ""Village"": 0, ""Animal"": 0, ""Plant"": 0, ""Album"": 0, ""Film"": 0, ""WrittenWork"": 1}",1,1,1.0,0
47,Athlete,Athlete,Almighty Voice.  Almighty Voice was a Canadian lacrosse player who competed in the 1904 Summer Olympics.In 1904 he was member of the Mohawk Indians Lacrosse Team which won the bronze medal in the lacrosse tournament.,"{""Company"": 0, ""EducationalInstitution"": 0, ""Artist"": 0, ""Athlete"": 1, ""OfficeHolder"": 0, ""MeanOfTransportation"": 0, ""Building"": 0, ""NaturalPlace"": 0, ""Village"": 0, ""Animal"": 0, ""Plant"": 0, ""Album"": 0, ""Film"": 0, ""WrittenWork"": 0}",1,1,1.0,1
48,Album,Album,Rocky Mountain Jam.  Rocky Mountain Jam is the ninth live album by the American rock band Little Feat released in 2007. (see 2007 in music). It is currently the band's most recent live release and features long improvisational jams on most of the songs including a nod to both Miles Davis' So What and the Grateful Dead's Dark Star at the beginning of Dixie Chicken.,"{""Company"": 0, ""EducationalInstitution"": 0, ""Artist"": 0, ""Athlete"": 0, ""OfficeHolder"": 0, ""MeanOfTransportation"": 0, ""Building"": 0, ""NaturalPlace"": 0, ""Village"": 0, ""Animal"": 0, ""Plant"": 0, ""Album"": 1, ""Film"": 0, ""WrittenWork"": 0}",1,1,1.0,1
49,Building,Building,Long Island City Courthouse.  The Long Island City Courthouse is located at 25-10 Court Square in Long Island City Queens in New York City. It formerly housed Criminal Court County Court the District Attorney staff and the county sheriff's office. Today the Courthouse is another home to the Civil Term of Supreme Court Queens County. It has been run for the past 20 years by Chief Clerk Mark Finkelstein. (Civil Term also sits in Jamaica). The courthouse was designed by the architect George Hathorne.,"{""Company"": 0, ""EducationalInstitution"": 0, ""Artist"": 0, ""Athlete"": 0, ""OfficeHolder"": 0, ""MeanOfTransportation"": 0, ""Building"": 1, ""NaturalPlace"": 0, ""Village"": 0, ""Animal"": 0, ""Plant"": 0, ""Album"": 0, ""Film"": 0, ""WrittenWork"": 0}",1,1,1.0,1
50,Building,EducationalInstitution,National Museum of Fine Arts Chişinău.  The National Museum of Fine Arts (Romanian: Muzeul Naţional de Artă) is a museum in Chişinău Moldova founded in November 1939 by Alexandru Plămădeală and Auguste Baillayre.,"{""Company"": 0, ""EducationalInstitution"": 1, ""Artist"": 0, ""Athlete"": 0, ""OfficeHolder"": 0, ""MeanOfTransportation"": 0, ""Building"": 0, ""NaturalPlace"": 0, ""Village"": 0, ""Animal"": 0, ""Plant"": 0, ""Album"": 0, ""Film"": 0, ""WrittenWork"": 0}",1,1,1.0,0
51,OfficeHolder,OfficeHolder,Graham Watt.  Graham Travis Watt (born 18 August 1976) is an Australian politician who is currently the member for the Victorian Legislative Assembly for the Electoral district of Burwood. Graham is a member of the Liberal Party.He was elected on 27 November 2010 and was formally sworn in on 2 December 2010.,"{""Company"": 0, ""EducationalInstitution"": 0, ""Artist"": 0, ""Athlete"": 0, ""OfficeHolder"": 1, ""MeanOfTransportation"": 0, ""Building"": 0, ""NaturalPlace"": 0, ""Village"": 0, ""Animal"": 0, ""Plant"": 0, ""Album"": 0, ""Film"": 0, ""WrittenWork"": 0}",1,1,1.0,1
52,Village,Village,Nowe Łubki.  Nowe Łubki [ˈnɔvɛ ˈwupki] is a village in the administrative district of Gmina Bulkowo within Płock County Masovian Voivodeship in east-central Poland.The village has a population of 1500.,"{""Company"": 0, ""EducationalInstitution"": 0, ""Artist"": 0, ""Athlete"": 0, ""OfficeHolder"": 0, ""MeanOfTransportation"": 0, ""Building"": 0, ""NaturalPlace"": 0, ""Village"": 1, ""Animal"": 0, ""Plant"": 0, ""Album"": 0, ""Film"": 0, ""WrittenWork"": 0}",1,1,1.0,1
53,Company,Company,VL Automotive.  VL Automotive is a small American-based automotive company founded by Bob Lutz and Gilbert Villarreal. VL came to public attention in 2013 when it displayed the Destino its first model at the North American International Auto Show in Detroit.,"{""Company"": 1, ""EducationalInstitution"": 0, ""Artist"": 0, ""Athlete"": 0, ""OfficeHolder"": 0, ""MeanOfTransportation"": 0, ""Building"": 0, ""NaturalPlace"": 0, ""Village"": 0, ""Animal"": 0, ""Plant"": 0, ""Album"": 0, ""Film"": 0, ""WrittenWork"": 0}",1,1,1.0,1
54,MeanOfTransportation,MeanOfTransportation,Avro Andover.  The Avro Andover was a 1920s British military transport aircraft built by Avro for the Royal Air Force. Four aircraft were built in two versions. Three aircraft the Type 561 were used as flying ambulances. The sole example of the Type 563 was used as a 12-seater transport.,"{""Company"": 0, ""EducationalInstitution"": 0, ""Artist"": 0, ""Athlete"": 0, ""OfficeHolder"": 0, ""MeanOfTransportation"": 1, ""Building"": 0, ""NaturalPlace"": 0, ""Village"": 0, ""Animal"": 0, ""Plant"": 0, ""Album"": 0, ""Film"": 0, ""WrittenWork"": 0}",1,1,1.0,1
55,OfficeHolder,OfficeHolder,Fernand Rinfret.  Louis Édouard Fernand Rinfret PC (28 February 1883 – 12 July 1939) was a Canadian politician.,"{""Company"": 0, ""EducationalInstitution"": 0, ""Artist"": 0, ""Athlete"": 0, ""OfficeHolder"": 1, ""MeanOfTransportation"": 0, ""Building"": 0, ""NaturalPlace"": 0, ""Village"": 0, ""Animal"": 0, ""Plant"": 0, ""Album"": 0, ""Film"": 0, ""WrittenWork"": 0}",1,1,1.0,1
56,Village,Village,Kuźniaki.  Kuźniaki [kuʑˈɲaki] is a village in the administrative district of Gmina Strawczyn within Kielce County Świętokrzyskie Voivodeship in south-central Poland. It lies approximately 6 kilometres (4 mi) north-west of Strawczyn and 21 km (13 mi) north-west of the regional capital Kielce.The village has a population of 470.,"{""Company"": 0, ""EducationalInstitution"": 0, ""Artist"": 0, ""Athlete"": 0, ""OfficeHolder"": 0, ""MeanOfTransportation"": 0, ""Building"": 0, ""NaturalPlace"": 0, ""Village"": 1, ""Animal"": 0, ""Plant"": 0, ""Album"": 0, ""Film"": 0, ""WrittenWork"": 0}",1,1,1.0,1
57,NaturalPlace,NaturalPlace,Mjogsjøhøi.  Mjogsjøhøi is a mountain of Oppland in southern Norway.,"{""Company"": 0, ""EducationalInstitution"": 0, ""Artist"": 0, ""Athlete"": 0, ""OfficeHolder"": 0, ""MeanOfTransportation"": 0, ""Building"": 0, ""NaturalPlace"": 1, ""Village"": 0, ""Animal"": 0, ""Plant"": 0, ""Album"": 0, ""Film"": 0, ""WrittenWork"": 0}",1,1,1.0,1
58,Plant,Plant,Arnica parryi.  Arnica parryi is a species of arnica known by the common name Parry's arnica. It is native to western North America from Yukon to California to Colorado where it is a resident of temperate coniferous forests. This is a rhizomatous perennial herb producing a single unbranched stem to heights between 10 and 60 centimeters. There are oval-shaped leaves around the base of the stem and a few pairs of longer narrower petioled leaves above them.,"{""Company"": 0, ""EducationalInstitution"": 0, ""Artist"": 0, ""Athlete"": 0, ""OfficeHolder"": 0, ""MeanOfTransportation"": 0, ""Building"": 0, ""NaturalPlace"": 0, ""Village"": 0, ""Animal"": 0, ""Plant"": 1, ""Album"": 0, ""Film"": 0, ""WrittenWork"": 0}",1,1,1.0,1
59,Film,Film,Krakatoa (film).  Krakatoa is a 1933 American short documentary film produced by Joe Rock. It won the Academy Award in 1934 for Best Short Subject (Novelty).Educational Pictures (or Educational Film Exchanges Inc.) was the film distributor of the film.This film was notable for overwhelming the sound systems of the cinemas of the time. In Australia the distributors insisted on a power output of 10 watts RMS as a minimum for cinemas wishing to show the film.,"{""Company"": 0, ""EducationalInstitution"": 0, ""Artist"": 0, ""Athlete"": 0, ""OfficeHolder"": 0, ""MeanOfTransportation"": 0, ""Building"": 0, ""NaturalPlace"": 0, ""Village"": 0, ""Animal"": 0, ""Plant"": 0, ""Album"": 0, ""Film"": 1, ""WrittenWork"": 0}",1,1,1.0,1
60,Album,Artist,Taking the Long Way.  Taking the Long Way is the seventh studio album by the Dixie Chicks an American country music band. It was released on May 23 2006 in the U.S. and on June 12 2006 worldwide. The album debuted at #1 on the Billboard 200. It sold over 2.5 million copies in the U.S. being certified 2x platinum by the Recording Industry Association of America as of July 11 2007. It won 5 Grammy Awards including Album of the Year Record of the Year and Song of the Year in February 2007.,"{""Company"": 0, ""EducationalInstitution"": 0, ""Artist"": 1, ""Athlete"": 0, ""OfficeHolder"": 0, ""MeanOfTransportation"": 0, ""Building"": 0, ""NaturalPlace"": 0, ""Village"": 0, ""Animal"": 0, ""Plant"": 0, ""Album"": 0, ""Film"": 0, ""WrittenWork"": 0}",1,1,1.0,0
61,EducationalInstitution,EducationalInstitution,Sunnyslope High School.  Sunnyslope High School is in the Glendale Union High School District in Phoenix Arizona and offers courses for grades 9–12.,"{""Company"": 0, ""EducationalInstitution"": 1, ""Artist"": 0, ""Athlete"": 0, ""OfficeHolder"": 0, ""MeanOfTransportation"": 0, ""Building"": 0, ""NaturalPlace"": 0, ""Village"": 0, ""Animal"": 0, ""Plant"": 0, ""Album"": 0, ""Film"": 0, ""WrittenWork"": 0}",1,1,1.0,1
62,Film,Film,Calendar (2009 film).  Calendar is a 2009 Malayalam romance film starring Mukesh Navya Nair Zarina Wahab and Prithviraj Sukumaran Prithviraj's real-life mother Mallika Sukumaran Jagathi Sreekumar.,"{""Company"": 0, ""EducationalInstitution"": 0, ""Artist"": 0, ""Athlete"": 0, ""OfficeHolder"": 0, ""MeanOfTransportation"": 0, ""Building"": 0, ""NaturalPlace"": 0, ""Village"": 0, ""Animal"": 0, ""Plant"": 0, ""Album"": 0, ""Film"": 1, ""WrittenWork"": 0}",1,1,1.0,1
63,MeanOfTransportation,MeanOfTransportation,HMS Calliope (1884).  HMS Calliope was a Calypso-class corvette (later classified as a third-class cruiser) of the Royal Navy which served from 1887 until 1951. Exemplifying the transitional nature of the late Victorian navy Calliope was a sailing corvette – last such ship built for the Royal Navy – but supplemented the full sail rig with a powerful engine.,"{""Company"": 0, ""EducationalInstitution"": 0, ""Artist"": 0, ""Athlete"": 0, ""OfficeHolder"": 0, ""MeanOfTransportation"": 1, ""Building"": 0, ""NaturalPlace"": 0, ""Village"": 0, ""Animal"": 0, ""Plant"": 0, ""Album"": 0, ""Film"": 0, ""WrittenWork"": 0}",1,1,1.0,1
64,Athlete,Athlete,Alisi Tupuailei.  Alisi Tupuailei (born 1 February 1982) is a Samoa-born Japanese professional rugby union player who currently plays for Honda Heat and the Japan national rugby union team.,"{""Company"": 0, ""EducationalInstitution"": 0, ""Artist"": 0, ""Athlete"": 1, ""OfficeHolder"": 0, ""MeanOfTransportation"": 0, ""Building"": 0, ""NaturalPlace"": 0, ""Village"": 0, ""Animal"": 0, ""Plant"": 0, ""Album"": 0, ""Film"": 0, ""WrittenWork"": 0}",1,1,1.0,1
65,Film,Film,The Last Days of Pompeii (1926 film).  For other uses see The Last Days of Pompeii (disambiguation).Gli ultimi giorni di Pompei (English: The Last Days of Pompeii) (1926) is an Italian historical silent drama film. The film was directed by Carmine Gallone and Amleto Palermi based on the 1834 novel The Last Days of Pompeii by Edward George Bulwer-Lytton. Original release prints of the film were entirely colorized by the Pathechrome stencil color process.,"{""Company"": 0, ""EducationalInstitution"": 0, ""Artist"": 0, ""Athlete"": 0, ""OfficeHolder"": 0, ""MeanOfTransportation"": 0, ""Building"": 0, ""NaturalPlace"": 0, ""Village"": 0, ""Animal"": 0, ""Plant"": 0, ""Album"": 0, ""Film"": 1, ""WrittenWork"": 0}",1,1,1.0,1
66,OfficeHolder,OfficeHolder,Troy Findley.  Troy Findley (born in Lawrence Kansas) was the 48th Lieutenant Governor of Kansas. He was appointed by Governor Mark Parkinson on May 14 2009 and took office the following day. Findley previously served as chief of staff to Governor Kathleen Sebelius.As lieutenant governor Findley chaired both the Governor’s Energy Cabinet Team and the Governor’s Recovery Act Advisory Group.,"{""Company"": 0, ""EducationalInstitution"": 0, ""Artist"": 0, ""Athlete"": 0, ""OfficeHolder"": 1, ""MeanOfTransportation"": 0, ""Building"": 0, ""NaturalPlace"": 0, ""Village"": 0, ""Animal"": 0, ""Plant"": 0, ""Album"": 0, ""Film"": 0, ""WrittenWork"": 0}",1,1,1.0,1
67,Artist,Artist,Ralf Scheepers.  Ralf Scheepers (born 5 February 1965 in Esslingen Germany) is the current vocalist for German power metal outfit Primal Fear. He has a relatively high-pitched tenor-esque singing voice and sometimes uses a shriek reminiscent of Judas Priest's Rob Halford although it is his baritone lows which give him a near four octave range in the modal register. He has also sung in Gamma Ray and Tyran' Pace.,"{""Company"": 0, ""EducationalInstitution"": 0, ""Artist"": 1, ""Athlete"": 0, ""OfficeHolder"": 0, ""MeanOfTransportation"": 0, ""Building"": 0, ""NaturalPlace"": 0, ""Village"": 0, ""Animal"": 0, ""Plant"": 0, ""Album"": 0, ""Film"": 0, ""WrittenWork"": 0}",1,1,1.0,1
68,EducationalInstitution,EducationalInstitution,Big Walnut Middle School.  Big Walnut Middle School is the only middle school currently located in the Big Walnut Local School District (located in Sunbury Ohio). The new middle school hold grades 7-8.,"{""Company"": 0, ""EducationalInstitution"": 1, ""Artist"": 0, ""Athlete"": 0, ""OfficeHolder"": 0, ""MeanOfTransportation"": 0, ""Building"": 0, ""NaturalPlace"": 0, ""Village"": 0, ""Animal"": 0, ""Plant"": 0, ""Album"": 0, ""Film"": 0, ""WrittenWork"": 0}",1,1,1.0,1
69,Plant,Plant,Calochortus persistens.  Calochortus persistens is a rare species of flowering plant in the lily family known by the common name Siskiyou mariposa lily. It is native to northern California and southern Oregon where it is known from a few populations on two peaks of the Klamath Mountains straddling the state border.,"{""Company"": 0, ""EducationalInstitution"": 0, ""Artist"": 0, ""Athlete"": 0, ""OfficeHolder"": 0, ""MeanOfTransportation"": 0, ""Building"": 0, ""NaturalPlace"": 0, ""Village"": 0, ""Animal"": 0, ""Plant"": 1, ""Album"": 0, ""Film"": 0, ""WrittenWork"": 0}",1,1,1.0,1
70,Artist,Artist,Lillian Cotton.  Lillian Cotton (1892–1962) was an American artist known for her portraits especially of high-society figures and well-known actors writers and artists of her day.Lillian Cotton was born and raised in Boston Massachusetts. Her father was Nathaniel Hugh Cotton a West Indies shipping merchant born in Barbados and her mother was Harriet Emma Clapp.,"{""Company"": 0, ""EducationalInstitution"": 0, ""Artist"": 1, ""Athlete"": 0, ""OfficeHolder"": 0, ""MeanOfTransportation"": 0, ""Building"": 0, ""NaturalPlace"": 0, ""Village"": 0, ""Animal"": 0, ""Plant"": 0, ""Album"": 0, ""Film"": 0, ""WrittenWork"": 0}",1,1,1.0,1
71,Village,Village,Zow-e Bala.  Zow-e Bala (Persian: زوبالا‎ also Romanized as Zow-e Bālā) is a village in Hezarmasjed Rural District in the Central District of Kalat County Razavi Khorasan Province Iran. At the 2006 census its population was 10 in 4 families.,"{""Company"": 0, ""EducationalInstitution"": 0, ""Artist"": 0, ""Athlete"": 0, ""OfficeHolder"": 0, ""MeanOfTransportation"": 0, ""Building"": 0, ""NaturalPlace"": 0, ""Village"": 1, ""Animal"": 0, ""Plant"": 0, ""Album"": 0, ""Film"": 0, ""WrittenWork"": 0}",1,1,1.0,1
72,WrittenWork,WrittenWork,Progress in Human Geography.  Progress in Human Geography is a bimonthly peer-reviewed academic journal that covers the field of human geography primarily publishing critical reviews of current research. The journal's editor-in-chief is Noel Castree. It was established in 1977 and is currently published by SAGE Publications.,"{""Company"": 0, ""EducationalInstitution"": 0, ""Artist"": 0, ""Athlete"": 0, ""OfficeHolder"": 0, ""MeanOfTransportation"": 0, ""Building"": 0, ""NaturalPlace"": 0, ""Village"": 0, ""Animal"": 0, ""Plant"": 0, ""Album"": 0, ""Film"": 0, ""WrittenWork"": 1}",1,1,1.0,1
73,Album,Album,Oscar Peterson in Russia.  Oscar Peterson in Russia is a 1974 live album by Oscar Peterson accompanied by Niels-Henning Ørsted Pedersen recorded in the Soviet Union.,"{""Company"": 0, ""EducationalInstitution"": 0, ""Artist"": 0, ""Athlete"": 0, ""OfficeHolder"": 0, ""MeanOfTransportation"": 0, ""Building"": 0, ""NaturalPlace"": 0, ""Village"": 0, ""Animal"": 0, ""Plant"": 0, ""Album"": 1, ""Film"": 0, ""WrittenWork"": 0}",1,1,1.0,1
74,Building,Building,Trenton (Cumberland Virginia).  Trenton also known as the “Brick House” is a historic plantation home located near Cumberland Cumberland County Virginia. It was built about 1829 and is a 2 1/2-story brick dwelling with a center-passage double-pile floor plan in the Federal style. It has transitional elements of the Early Classical Revival style. A one-story shed roofed addition was built about 1960. Also on the property are a contributing stable (c. 1930) brick shed/smokehouse (c. 1930) grading building (c.,"{""Company"": 0, ""EducationalInstitution"": 0, ""Artist"": 0, ""Athlete"": 0, ""OfficeHolder"": 0, ""MeanOfTransportation"": 0, ""Building"": 1, ""NaturalPlace"": 0, ""Village"": 0, ""Animal"": 0, ""Plant"": 0, ""Album"": 0, ""Film"": 0, ""WrittenWork"": 0}",1,1,1.0,1
75,Company,Company,Merck Sharp & Dohme Federal Credit Union.  Merck Sharp & Dohme Credit Union is a federally insured state chartered 470 million dollar 28000 member natural person credit union operating from two public branches and four Merck & Co. branches in and around Chalfont Pennsylvania.,"{""Company"": 1, ""EducationalInstitution"": 0, ""Artist"": 0, ""Athlete"": 0, ""OfficeHolder"": 0, ""MeanOfTransportation"": 0, ""Building"": 0, ""NaturalPlace"": 0, ""Village"": 0, ""Animal"": 0, ""Plant"": 0, ""Album"": 0, ""Film"": 0, ""WrittenWork"": 0}",1,1,1.0,1
76,Film,Film,Hotel Italia.  Hotel Italia is a gay pornographic film directed by Lucas Kazan in 1999.Every once in a while a video comes along without fanfare that surprises even the most jaded of critics writes Jeremy Spencer in AVN. Hotel Italia shot entirely in Italy and filled with gorgeous men romantic videography and incredible sex is one of those videos.,"{""Company"": 0, ""EducationalInstitution"": 0, ""Artist"": 0, ""Athlete"": 0, ""OfficeHolder"": 0, ""MeanOfTransportation"": 0, ""Building"": 0, ""NaturalPlace"": 0, ""Village"": 0, ""Animal"": 0, ""Plant"": 0, ""Album"": 0, ""Film"": 1, ""WrittenWork"": 0}",1,1,1.0,1
77,Company,Company,Paine Webber.  Paine Webber and Company was an American stock brokerage and asset management firm that was acquired by the Swiss bank UBS AG in 2000. The company was founded in 1880 in Boston Massachusetts by William Alfred Paine and Wallace G. Webber. Operating with two employees they leased premises at 48 Congress Street in May 1881. The company was renamed Paine Webber & Co. when Charles Hamilton Paine became a partner.,"{""Company"": 1, ""EducationalInstitution"": 0, ""Artist"": 0, ""Athlete"": 0, ""OfficeHolder"": 0, ""MeanOfTransportation"": 0, ""Building"": 0, ""NaturalPlace"": 0, ""Village"": 0, ""Animal"": 0, ""Plant"": 0, ""Album"": 0, ""Film"": 0, ""WrittenWork"": 0}",1,1,1.0,1
78,MeanOfTransportation,MeanOfTransportation,Clan (car).  The Clan Crusader was a fibreglass monocoque British sports car based on running gear from the Hillman Imp Sport including its Coventry Climax derived rear-mounted 875 cc engine. It was first made in Washington Co Durham England between 1971 and 1974 but since then several efforts have been made to bring the car back to production. Plans were made by Martin Phaff (of previous Ginetta fame) to re-resurrect the Clan in 2009 but nothing seems to have come of the project so far.,"{""Company"": 0, ""EducationalInstitution"": 0, ""Artist"": 0, ""Athlete"": 0, ""OfficeHolder"": 0, ""MeanOfTransportation"": 1, ""Building"": 0, ""NaturalPlace"": 0, ""Village"": 0, ""Animal"": 0, ""Plant"": 0, ""Album"": 0, ""Film"": 0, ""WrittenWork"": 0}",1,1,1.0,1
79,Athlete,ABSTAIN,Robin Martin-Jenkins.  Robin Simon Christopher Martin-Jenkins (born 28 October 1975 Guildford Surrey England) is an English cricketer who played for Sussex CCC and British Universities. He is six feet 5 inches tall. He is the son of Christopher Martin-Jenkins the cricket writer and commentator. Martin-Jenkins was educated at Radley College and was in the same college house at the same time as cricketers Andrew Strauss and Ben Hutton.,"{""Company"": 0, ""EducationalInstitution"": 0, ""Artist"": 0, ""Athlete"": 0, ""OfficeHolder"": 0, ""MeanOfTransportation"": 0, ""Building"": 0, ""NaturalPlace"": 0, ""Village"": 0, ""Animal"": 0, ""Plant"": 0, ""Album"": 0, ""Film"": 0, ""WrittenWork"": 0}",0,1,0.0,0
80,OfficeHolder,OfficeHolder,John Cebrowski.  John W. Cebrowski (born October 15 1939) is an American politician from the state of New Hampshire. A Republican he serves in the New Hampshire House of Representatives representing Hillsborough's 7th district.Cebrowski graduated from the Rochester Institute of Technology Rhode Island School of Design and Northwestern University's Kellogg School of Management. He served in the United States Marine Corps from 1962 through 1967 and was deployed during the Vietnam War.,"{""Company"": 0, ""EducationalInstitution"": 0, ""Artist"": 0, ""Athlete"": 0, ""OfficeHolder"": 1, ""MeanOfTransportation"": 0, ""Building"": 0, ""NaturalPlace"": 0, ""Village"": 0, ""Animal"": 0, ""Plant"": 0, ""Album"": 0, ""Film"": 0, ""WrittenWork"": 0}",1,1,1.0,1
81,WrittenWork,Company,Cochrane Times-Post.  The Cochrane Times-Post is a weekly newspaper published on Friday. The newspaper serves Cochrane Ontario and the surrounding area and has a weekly circulation of approximately 2600 copies.,"{""Company"": 1, ""EducationalInstitution"": 0, ""Artist"": 0, ""Athlete"": 0, ""OfficeHolder"": 0, ""MeanOfTransportation"": 0, ""Building"": 0, ""NaturalPlace"": 0, ""Village"": 0, ""Animal"": 0, ""Plant"": 0, ""Album"": 0, ""Film"": 0, ""WrittenWork"": 0}",1,1,1.0,0
82,MeanOfTransportation,Company,NASA Helios.  The NASA Helios Prototype was the fourth and final aircraft developed as part of an evolutionary series of solar- and fuel-cell-system-powered unmanned aerial vehicles. AeroVironment Inc. developed the vehicles under NASA's Environmental Research Aircraft and Sensor Technology (ERAST) program.,"{""Company"": 1, ""EducationalInstitution"": 0, ""Artist"": 0, ""Athlete"": 0, ""OfficeHolder"": 0, ""MeanOfTransportation"": 0, ""Building"": 0, ""NaturalPlace"": 0, ""Village"": 0, ""Animal"": 0, ""Plant"": 0, ""Album"": 0, ""Film"": 0, ""WrittenWork"": 0}",1,1,1.0,0
83,Film,Film,Death and the Compass (film).  Death and the Compass is a 1992 film by Alex Cox based on the Jorge Luis Borges short story of the same name. It stars Peter Boyle Miguel Sandoval and Christopher Eccleston. Mexican actress Zaide Silvia Gutiérrez also appears.The film was originally a 55-minute drama made for Spanish TV/BBC in 1992. Producer Karl Braun found further money to expand the film into a feature but the film was not completed for four years.The soundtrack was composed by Dan Wool and Pray for Rain.,"{""Company"": 0, ""EducationalInstitution"": 0, ""Artist"": 0, ""Athlete"": 0, ""OfficeHolder"": 0, ""MeanOfTransportation"": 0, ""Building"": 0, ""NaturalPlace"": 0, ""Village"": 0, ""Animal"": 0, ""Plant"": 0, ""Album"": 0, ""Film"": 1, ""WrittenWork"": 0}",1,1,1.0,1
84,EducationalInstitution,EducationalInstitution,Brockton Preparatory School.  Brockton Preparatory School is an independent co-educational school located in the Lynn Valley neighbourhood of the district municipality of North Vancouver British Columbia Canada. It comprises both a Junior and a Middle School with students from Kindergarten to grade 5 and grades 6 to 10 respectively.,"{""Company"": 0, ""EducationalInstitution"": 1, ""Artist"": 0, ""Athlete"": 0, ""OfficeHolder"": 0, ""MeanOfTransportation"": 0, ""Building"": 0, ""NaturalPlace"": 0, ""Village"": 0, ""Animal"": 0, ""Plant"": 0, ""Album"": 0, ""Film"": 0, ""WrittenWork"": 0}",1,1,1.0,1
85,Film,Film,He Ran All the Way.  He Ran All the Way is a 1951 American crime drama film noir directed by John Berry and featuring John Garfield Shelley Winters and Wallace Ford.The film was Garfield's last as accusations of his involvement with the Communist Party and a refusal to name names while testifying before the HUAC led to his blacklisting in Hollywood.,"{""Company"": 0, ""EducationalInstitution"": 0, ""Artist"": 0, ""Athlete"": 0, ""OfficeHolder"": 0, ""MeanOfTransportation"": 0, ""Building"": 0, ""NaturalPlace"": 0, ""Village"": 0, ""Animal"": 0, ""Plant"": 0, ""Album"": 0, ""Film"": 1, ""WrittenWork"": 0}",1,1,1.0,1
86,Animal,Animal,Vexillum luigiraybaudii.  Vexillum luigiraybaudii is a species of small sea snail marine gastropod mollusk in the family Costellariidae the ribbed miters.,"{""Company"": 0, ""EducationalInstitution"": 0, ""Artist"": 0, ""Athlete"": 0, ""OfficeHolder"": 0, ""MeanOfTransportation"": 0, ""Building"": 0, ""NaturalPlace"": 0, ""Village"": 0, ""Animal"": 1, ""Plant"": 0, ""Album"": 0, ""Film"": 0, ""WrittenWork"": 0}",1,1,1.0,1
87,Album,Album,Procol Harum Live In Concert with the Edmonton Symphony Orchestra.  Procol Harum Live In Concert with the Edmonton Symphony Orchestra by the UK band Procol Harum was released in 1972; it was recorded at the Northern Alberta Jubilee Auditorium in Edmonton Alberta Canada on 18 November 1971. The album was very successful on the Billboard Top 200 peaking at #5. It is the band's best selling album certified Gold by the RIAA.,"{""Company"": 0, ""EducationalInstitution"": 0, ""Artist"": 0, ""Athlete"": 0, ""OfficeHolder"": 0, ""MeanOfTransportation"": 0, ""Building"": 0, ""NaturalPlace"": 0, ""Village"": 0, ""Animal"": 0, ""Plant"": 0, ""Album"": 1, ""Film"": 0, ""WrittenWork"": 0}",1,1,1.0,1
88,Album,Artist,The Bells Sketch.  The Bells Sketch is the debut EP of London-based producer James Blake. It was released on 8 March 2010 by Hessle Audio. The EP received very positive reviews from music critics.,"{""Company"": 0, ""EducationalInstitution"": 0, ""Artist"": 1, ""Athlete"": 0, ""OfficeHolder"": 0, ""MeanOfTransportation"": 0, ""Building"": 0, ""NaturalPlace"": 0, ""Village"": 0, ""Animal"": 0, ""Plant"": 0, ""Album"": 0, ""Film"": 0, ""WrittenWork"": 0}",1,1,1.0,0
89,Building,Building,Pallati i Brigadave.  The Royal Palace or Oborri Mbretëror Shqipetar formerly known as The Palace of Brigades (Albanian: Pallati Mbretëror i Tiranës or Pallati i Brigadave) is a royal palace situated in Tirana Albania. It previously served as the main official residence of King Zog I. It has been used by different Albanian governments for various purposes. In 1945 it officially ceased to serve as a residence because the monarchist regime was substituted with the Communist one.,"{""Company"": 0, ""EducationalInstitution"": 0, ""Artist"": 0, ""Athlete"": 0, ""OfficeHolder"": 0, ""MeanOfTransportation"": 0, ""Building"": 1, ""NaturalPlace"": 0, ""Village"": 0, ""Animal"": 0, ""Plant"": 0, ""Album"": 0, ""Film"": 0, ""WrittenWork"": 0}",1,1,1.0,1
90,Building,EducationalInstitution,King Abdullah University Hospital.  King Abdullah University Hospital (Arabic: مستشفى الملك عبد الله الجامعي‎) often abbreviated KAUH is a hospital near Ar Ramtha Jordan. It is the largest medical structure in the north of the country serving approximately one million inhabitants from the Irbid Ajloun Jerash and Mafraq governorates.,"{""Company"": 0, ""EducationalInstitution"": 1, ""Artist"": 0, ""Athlete"": 0, ""OfficeHolder"": 0, ""MeanOfTransportation"": 0, ""Building"": 0, ""NaturalPlace"": 0, ""Village"": 0, ""Animal"": 0, ""Plant"": 0, ""Album"": 0, ""Film"": 0, ""WrittenWork"": 0}",1,1,1.0,0
91,Building,Building,Skei Church.  Skei Church (Norwegian: Skei kirke) is a parish church in the municipality of Steinkjer in Nord-Trøndelag county Norway. It is located in the village of Ogndal. The church is part of the Ogndal parish in the Nord-Innherad deanery in the Diocese of Nidaros. The white wooden church was constructed in 1664 making it the oldest wooden church in Steinkjer.,"{""Company"": 0, ""EducationalInstitution"": 0, ""Artist"": 0, ""Athlete"": 0, ""OfficeHolder"": 0, ""MeanOfTransportation"": 0, ""Building"": 1, ""NaturalPlace"": 0, ""Village"": 0, ""Animal"": 0, ""Plant"": 0, ""Album"": 0, ""Film"": 0, ""WrittenWork"": 0}",1,1,1.0,1
92,EducationalInstitution,EducationalInstitution,Armstrong School District (Pennsylvania).  The Armstrong School District is a large public school district which encompasses approximately 437 square miles (1130 km2). The District is one of the 500 public school districts of Pennsylvania.,"{""Company"": 0, ""EducationalInstitution"": 1, ""Artist"": 0, ""Athlete"": 0, ""OfficeHolder"": 0, ""MeanOfTransportation"": 0, ""Building"": 0, ""NaturalPlace"": 0, ""Village"": 0, ""Animal"": 0, ""Plant"": 0, ""Album"": 0, ""Film"": 0, ""WrittenWork"": 0}",1,1,1.0,1
93,WrittenWork,WrittenWork,Glas (book).  Glas is a 1974 book by Jacques Derrida. It combines a reading of Hegel's philosophical works and of Jean Genet's autobiographical writing. One of Derrida's more inscrutable books its form and content invite a reflection on the nature of literary genre and of writing.,"{""Company"": 0, ""EducationalInstitution"": 0, ""Artist"": 0, ""Athlete"": 0, ""OfficeHolder"": 0, ""MeanOfTransportation"": 0, ""Building"": 0, ""NaturalPlace"": 0, ""Village"": 0, ""Animal"": 0, ""Plant"": 0, ""Album"": 0, ""Film"": 0, ""WrittenWork"": 1}",1,1,1.0,1
94,WrittenWork,WrittenWork,Hype and Glory.  Hype and Glory is a 1990 memoir from William Goldman which details his experiences as a judge at the 1988 Cannes Film Festival and Miss America Pageant. The book includes an interview with Clint Eastwood and a profile on Robert Redford.,"{""Company"": 0, ""EducationalInstitution"": 0, ""Artist"": 0, ""Athlete"": 0, ""OfficeHolder"": 0, ""MeanOfTransportation"": 0, ""Building"": 0, ""NaturalPlace"": 0, ""Village"": 0, ""Animal"": 0, ""Plant"": 0, ""Album"": 0, ""Film"": 0, ""WrittenWork"": 1}",1,1,1.0,1
95,Company,Company,Leisurecorp.  Leisurecorp formerly Istithmar Leisure is a subsidiary of Dubai World established in 2006 that invests in sports and leisure facilities with golf being a particular focus.Among the sites owned by Leisurecorp are PGA European Tour venues Pearl Valley Golf Estates in South Africa and Jumeirah Golf Estates in Dubai. In October 2008 it completed acquisition of the Turnberry Resort in Scotland venue for the 2009 Open Championship.,"{""Company"": 1, ""EducationalInstitution"": 0, ""Artist"": 0, ""Athlete"": 0, ""OfficeHolder"": 0, ""MeanOfTransportation"": 0, ""Building"": 0, ""NaturalPlace"": 0, ""Village"": 0, ""Animal"": 0, ""Plant"": 0, ""Album"": 0, ""Film"": 0, ""WrittenWork"": 0}",1,1,1.0,1
96,Building,Building,Dolwyddelan Castle.  Dolwyddelan Castle (Welsh: Castell Dolwyddelan) is a Welsh castle located near Dolwyddelan in Conwy County in North Wales. It is thought to have been built in the early 13th century by Llywelyn the Great Prince of Gwynedd and North Wales. Though the castle was then only one tower with two floors a second tower was built in the late 13th century and a third floor was added to the first during the late 15th century repairs.,"{""Company"": 0, ""EducationalInstitution"": 0, ""Artist"": 0, ""Athlete"": 0, ""OfficeHolder"": 0, ""MeanOfTransportation"": 0, ""Building"": 1, ""NaturalPlace"": 0, ""Village"": 0, ""Animal"": 0, ""Plant"": 0, ""Album"": 0, ""Film"": 0, ""WrittenWork"": 0}",1,1,1.0,1
97,MeanOfTransportation,MeanOfTransportation,Gudrun Mærsk.  The Gudrun Maersk is a very large container ship capable of carrying 8500 TEU and with a deadweight (DWT) of 115700 metric tons. The ship was built in 2005 and is operated by the Maersk Line.,"{""Company"": 0, ""EducationalInstitution"": 0, ""Artist"": 0, ""Athlete"": 0, ""OfficeHolder"": 0, ""MeanOfTransportation"": 1, ""Building"": 0, ""NaturalPlace"": 0, ""Village"": 0, ""Animal"": 0, ""Plant"": 0, ""Album"": 0, ""Film"": 0, ""WrittenWork"": 0}",1,1,1.0,1
98,EducationalInstitution,EducationalInstitution,University of Toronto Faculty of Law.  The University of Toronto Faculty of Law (U of T Law UToronto Law or Toronto Law) is the law school of the University of Toronto. Originally founded in 1887 the Faculty is one of the oldest law faculties in Canada although it was not until 1958 that the faculty was officially recognized as an accredited institution by the Law Society of Upper Canada.,"{""Company"": 0, ""EducationalInstitution"": 1, ""Artist"": 0, ""Athlete"": 0, ""OfficeHolder"": 0, ""MeanOfTransportation"": 0, ""Building"": 0, ""NaturalPlace"": 0, ""Village"": 0, ""Animal"": 0, ""Plant"": 0, ""Album"": 0, ""Film"": 0, ""WrittenWork"": 0}",1,1,1.0,1
99,MeanOfTransportation,MeanOfTransportation,Riley RM.  The Riley RM Series was the last automobile series developed independently by Riley. RM vehicles were produced from 1945 after the Second World War through the 1952 merger of the Riley's Nuffield Organisation with Austin to form BMC. They were originally made in Coventry but in 1949 production moved to the MG works at Abingdon. The RM models were marketed as the Riley 1½ Litre and the Riley 2½ Litre.There were three types of RM vehicles produced.,"{""Company"": 0, ""EducationalInstitution"": 0, ""Artist"": 0, ""Athlete"": 0, ""OfficeHolder"": 0, ""MeanOfTransportation"": 1, ""Building"": 0, ""NaturalPlace"": 0, ""Village"": 0, ""Animal"": 0, ""Plant"": 0, ""Album"": 0, ""Film"": 0, ""WrittenWork"": 0}",1,1,1.0,1
100,OfficeHolder,OfficeHolder,Pat McCrory.  Patrick Lloyd Pat McCrory (born October 17 1956) is an American politician and the 74th Governor of North Carolina. He previously worked for Duke Energy and served a record 14 years as the 53rd Mayor of Charlotte from 1995 to 2009 and as a city councilman from 1989 to 1995. McCrory also received a presidential appointment by president George W. Bush to serve on the United States Homeland Security Advisory Council (HSAC) from 2002-2006.,"{""Company"": 0, ""EducationalInstitution"": 0, ""Artist"": 0, ""Athlete"": 0, ""OfficeHolder"": 1, ""MeanOfTransportation"": 0, ""Building"": 0, ""NaturalPlace"": 0, ""Village"": 0, ""Animal"": 0, ""Plant"": 0, ""Album"": 0, ""Film"": 0, ""WrittenWork"": 0}",1,1,1.0,1
101,Animal,Animal,Sand devil.  The sand devil or Atlantic angel shark (Squatina dumeril) is a species of angel shark family Squatinidae native to the northwestern Atlantic Ocean. It occurs off the eastern United States in the northern Gulf of Mexico and possibly in parts of the Caribbean Sea. This bottom-dwelling shark is found in shallow inshore waters in summer and fall and deep offshore waters in winter and spring. The sand devil's flattened body and enlarged pectoral and pelvic fins give it a ray-like appearance.,"{""Company"": 0, ""EducationalInstitution"": 0, ""Artist"": 0, ""Athlete"": 0, ""OfficeHolder"": 0, ""MeanOfTransportation"": 0, ""Building"": 0, ""NaturalPlace"": 0, ""Village"": 0, ""Animal"": 1, ""Plant"": 0, ""Album"": 0, ""Film"": 0, ""WrittenWork"": 0}",1,1,1.0,1
102,Film,Film,Barefoot Gen 2.  Barefoot Gen 2 (はだしのゲン2 Hadashi no Gen 2) is a 1986 Japanese action drama anime film following the 1983 Barefoot Gen animated movie loosely based on the Japanese manga series by Keiji Nakazawa.,"{""Company"": 0, ""EducationalInstitution"": 0, ""Artist"": 0, ""Athlete"": 0, ""OfficeHolder"": 0, ""MeanOfTransportation"": 0, ""Building"": 0, ""NaturalPlace"": 0, ""Village"": 0, ""Animal"": 0, ""Plant"": 0, ""Album"": 0, ""Film"": 1, ""WrittenWork"": 0}",1,1,1.0,1
103,Animal,Animal,Mohnia abyssorum.  Mohnia abyssorum is a species of sea snail a marine gastropod mollusk in the family Buccinidae the true whelks.,"{""Company"": 0, ""EducationalInstitution"": 0, ""Artist"": 0, ""Athlete"": 0, ""OfficeHolder"": 0, ""MeanOfTransportation"": 0, ""Building"": 0, ""NaturalPlace"": 0, ""Village"": 0, ""Animal"": 1, ""Plant"": 0, ""Album"": 0, ""Film"": 0, ""WrittenWork"": 0}",1,1,1.0,1
104,NaturalPlace,NaturalPlace,Mura River (Angara).  The Mura (Russian: Мура) is a river in Krasnoyarsk Krai Russia. It is a left tributary of the Angara River.,"{""Company"": 0, ""EducationalInstitution"": 0, ""Artist"": 0, ""Athlete"": 0, ""OfficeHolder"": 0, ""MeanOfTransportation"": 0, ""Building"": 0, ""NaturalPlace"": 1, ""Village"": 0, ""Animal"": 0, ""Plant"": 0, ""Album"": 0, ""Film"": 0, ""WrittenWork"": 0}",1,1,1.0,1
105,Athlete,Athlete,Joel Tillema.  Joel Tillema (born 5 September 1989 in The Hague) is a Dutch professional footballer who plays for ADO Den Haag.,"{""Company"": 0, ""EducationalInstitution"": 0, ""Artist"": 0, ""Athlete"": 1, ""OfficeHolder"": 0, ""MeanOfTransportation"": 0, ""Building"": 0, ""NaturalPlace"": 0, ""Village"": 0, ""Animal"": 0, ""Plant"": 0, ""Album"": 0, ""Film"": 0, ""WrittenWork"": 0}",1,1,1.0,1
106,OfficeHolder,OfficeHolder,Kamal Rani.  Kamal Rani (born 1958) is a Parliamentarian and a renowned social worker.,"{""Company"": 0, ""EducationalInstitution"": 0, ""Artist"": 0, ""Athlete"": 0, ""OfficeHolder"": 1, ""MeanOfTransportation"": 0, ""Building"": 0, ""NaturalPlace"": 0, ""Village"": 0, ""Animal"": 0, ""Plant"": 0, ""Album"": 0, ""Film"": 0, ""WrittenWork"": 0}",1,1,1.0,1
107,OfficeHolder,OfficeHolder,Vitalis Zvinavashe.  Lt. Gen. (Rtd.) Vitalis Zvinavashe (27 September 1943 – 11 March 2009) was a retired former Commander of the Zimbabwe Defence Forces and politician. He was also a member of the Politburo of the ZANU-PF. Zvinavashe had modest academic credentials but was renowned among Zimbabwe’s military circles as a strategist.,"{""Company"": 0, ""EducationalInstitution"": 0, ""Artist"": 0, ""Athlete"": 0, ""OfficeHolder"": 1, ""MeanOfTransportation"": 0, ""Building"": 0, ""NaturalPlace"": 0, ""Village"": 0, ""Animal"": 0, ""Plant"": 0, ""Album"": 0, ""Film"": 0, ""WrittenWork"": 0}",1,1,1.0,1
108,Building,Building,St Mary of the Angels Wellington.  St Mary of the Angels is a Catholic church on the corner of Boulcott Street and O'Reily Avenue in Wellington New Zealand. It is the parish church for Wellington Central.The building is classified as a Category I (places of 'special or outstanding historical or cultural heritage significance or value') historic place by the New Zealand Historic Places Trust.,"{""Company"": 0, ""EducationalInstitution"": 0, ""Artist"": 0, ""Athlete"": 0, ""OfficeHolder"": 0, ""MeanOfTransportation"": 0, ""Building"": 1, ""NaturalPlace"": 0, ""Village"": 0, ""Animal"": 0, ""Plant"": 0, ""Album"": 0, ""Film"": 0, ""WrittenWork"": 0}",1,1,1.0,1
109,Plant,Plant,Tapeinoglossum.  Tapeinoglossum is a genus of orchids comprising 2 species endemic to New Guinea.,"{""Company"": 0, ""EducationalInstitution"": 0, ""Artist"": 0, ""Athlete"": 0, ""OfficeHolder"": 0, ""MeanOfTransportation"": 0, ""Building"": 0, ""NaturalPlace"": 0, ""Village"": 0, ""Animal"": 0, ""Plant"": 1, ""Album"": 0, ""Film"": 0, ""WrittenWork"": 0}",1,1,1.0,1
110,Plant,Plant,Clermontia oblongifolia.  Clermontia oblongifolia is a species of flowering plant in the bellflower family known by the common name Oahu clermontia. It is one of several Hawaiian lobelioids in genus Clermontia that are known as ʻoha wai. This plant is native to three of the Hawaiian Islands where one subspecies is not uncommon but the other two are very rare and endangered.The more common subspecies ssp.,"{""Company"": 0, ""EducationalInstitution"": 0, ""Artist"": 0, ""Athlete"": 0, ""OfficeHolder"": 0, ""MeanOfTransportation"": 0, ""Building"": 0, ""NaturalPlace"": 0, ""Village"": 0, ""Animal"": 0, ""Plant"": 1, ""Album"": 0, ""Film"": 0, ""WrittenWork"": 0}",1,1,1.0,1
111,Animal,Animal,Pogonoscorpius sechellensis.  Pogonoscorpius sechellensis is a species of scorpionfish native to the Indian Ocean from the vicinity of the Seychelles where it has been found at depths down to 68 metres (223 ft). This species reaches a length of 5.1 centimetres (2.0 in) SL. This species is the only known member of its genus.,"{""Company"": 0, ""EducationalInstitution"": 0, ""Artist"": 0, ""Athlete"": 0, ""OfficeHolder"": 0, ""MeanOfTransportation"": 0, ""Building"": 0, ""NaturalPlace"": 0, ""Village"": 0, ""Animal"": 1, ""Plant"": 0, ""Album"": 0, ""Film"": 0, ""WrittenWork"": 0}",1,1,1.0,1
112,NaturalPlace,Building,Embalse de Guadalcacín.  Embalse de Guadalcacín is a reservoir in the province of Cádiz Andalusia Spain.,"{""Company"": 0, ""EducationalInstitution"": 0, ""Artist"": 0, ""Athlete"": 0, ""OfficeHolder"": 0, ""MeanOfTransportation"": 0, ""Building"": 1, ""NaturalPlace"": 0, ""Village"": 0, ""Animal"": 0, ""Plant"": 0, ""Album"": 0, ""Film"": 0, ""WrittenWork"": 0}",1,1,1.0,0
113,Plant,Plant,Isoetes toximontana.  Isoetes toximontana is a plant species native to the Northern Cape and Western Cape regions of South Africa. It is known from only 3 sites. The type locality is on the slopes of Gifberg a mountain forming part of the eastern boundary of the Olifants River Valley. The name Gifberg means poison mountain; this is in reference to a poisonous tree called gifboom Euphorbia virosa that is endemic to the area.,"{""Company"": 0, ""EducationalInstitution"": 0, ""Artist"": 0, ""Athlete"": 0, ""OfficeHolder"": 0, ""MeanOfTransportation"": 0, ""Building"": 0, ""NaturalPlace"": 0, ""Village"": 0, ""Animal"": 0, ""Plant"": 1, ""Album"": 0, ""Film"": 0, ""WrittenWork"": 0}",1,1,1.0,1
114,Artist,WrittenWork,James Salter.  James Salter (born June 10 1925 New York City) is an American novelist and short-story writer. Originally a career officer and pilot in the United States Air Force he abandoned the military profession in 1957 following the successful publication of his first novel The Hunters.After a brief career in film writing and film directing Salter became a writer's writer in 1979 with publication of the novel Solo Faces.,"{""Company"": 0, ""EducationalInstitution"": 0, ""Artist"": 0, ""Athlete"": 0, ""OfficeHolder"": 0, ""MeanOfTransportation"": 0, ""Building"": 0, ""NaturalPlace"": 0, ""Village"": 0, ""Animal"": 0, ""Plant"": 0, ""Album"": 0, ""Film"": 0, ""WrittenWork"": 1}",1,1,1.0,0
115,Artist,Artist,Ed Bogas.  Ed Bogas born Edgar Noel Bogas and sometimes credited as Edward Bogas is an American musician and composer whose work has been featured in films animations and video games.,"{""Company"": 0, ""EducationalInstitution"": 0, ""Artist"": 1, ""Athlete"": 0, ""OfficeHolder"": 0, ""MeanOfTransportation"": 0, ""Building"": 0, ""NaturalPlace"": 0, ""Village"": 0, ""Animal"": 0, ""Plant"": 0, ""Album"": 0, ""Film"": 0, ""WrittenWork"": 0}",1,1,1.0,1
116,Animal,Animal,Calliostoma lithocolletum.  Calliostoma lithocolletum is a species of sea snail a marine gastropod mollusk in the family Calliostomatidae.,"{""Company"": 0, ""EducationalInstitution"": 0, ""Artist"": 0, ""Athlete"": 0, ""OfficeHolder"": 0, ""MeanOfTransportation"": 0, ""Building"": 0, ""NaturalPlace"": 0, ""Village"": 0, ""Animal"": 1, ""Plant"": 0, ""Album"": 0, ""Film"": 0, ""WrittenWork"": 0}",1,1,1.0,1
117,Film,Film,She's the One (1996 film).  She's the One is a 1996 comedy-drama film and the second feature film to be written and directed by New York actor and director Edward Burns. It stars Jennifer Aniston and Cameron Diaz and is one of Tom Petty's few movie soundtracks.,"{""Company"": 0, ""EducationalInstitution"": 0, ""Artist"": 0, ""Athlete"": 0, ""OfficeHolder"": 0, ""MeanOfTransportation"": 0, ""Building"": 0, ""NaturalPlace"": 0, ""Village"": 0, ""Animal"": 0, ""Plant"": 0, ""Album"": 0, ""Film"": 1, ""WrittenWork"": 0}",1,1,1.0,1
118,Building,ABSTAIN,St. John's Church Oakfield Ryde.  St. John's Church Oakfield Ryde is a parish church in the Church of England located in Ryde Isle of Wight.,"{""Company"": 0, ""EducationalInstitution"": 0, ""Artist"": 0, ""Athlete"": 0, ""OfficeHolder"": 0, ""MeanOfTransportation"": 0, ""Building"": 0, ""NaturalPlace"": 0, ""Village"": 0, ""Animal"": 0, ""Plant"": 0, ""Album"": 0, ""Film"": 0, ""WrittenWork"": 0}",0,1,0.0,0
119,Building,Building,Jenkins' Town Lyceum Building.  Jenkins' Town Lyceum Building also known as Jenkintown Library is a historic lyceum and library building located at Jenkintown Montgomery County Pennsylvania. The original building was built in 1839 and expanded in 1909-1910. It is a two-story fieldstone building with a gable roof and a one-story rear wing and addition. It features a two-story columned portico with a flagstone floor.,"{""Company"": 0, ""EducationalInstitution"": 0, ""Artist"": 0, ""Athlete"": 0, ""OfficeHolder"": 0, ""MeanOfTransportation"": 0, ""Building"": 1, ""NaturalPlace"": 0, ""Village"": 0, ""Animal"": 0, ""Plant"": 0, ""Album"": 0, ""Film"": 0, ""WrittenWork"": 0}",1,1,1.0,1
120,Plant,Plant,Arum maculatum.  Arum maculatum is a common woodland plant species of the Araceae family. It is widespread across temperate northern Europe and is known by an abundance of common names including snakeshead adder's root arum wild arum arum lily lords-and-ladies devils and angels cows and bulls cuckoo-pint Adam and Eve bobbins naked boys starch-root wake robin friar's cowl and jack in the pulpit.,"{""Company"": 0, ""EducationalInstitution"": 0, ""Artist"": 0, ""Athlete"": 0, ""OfficeHolder"": 0, ""MeanOfTransportation"": 0, ""Building"": 0, ""NaturalPlace"": 0, ""Village"": 0, ""Animal"": 0, ""Plant"": 1, ""Album"": 0, ""Film"": 0, ""WrittenWork"": 0}",1,1,1.0,1
121,Company,Company,Paradigm Partners.  Paradigm Partners is a niche consulting firm specializing in complex international federal and state tax and funding incentives for both public and private entities across a host of industries. The company’s staff consists of intellectual property and tax attorneys engineers and PhDs.,"{""Company"": 1, ""EducationalInstitution"": 0, ""Artist"": 0, ""Athlete"": 0, ""OfficeHolder"": 0, ""MeanOfTransportation"": 0, ""Building"": 0, ""NaturalPlace"": 0, ""Village"": 0, ""Animal"": 0, ""Plant"": 0, ""Album"": 0, ""Film"": 0, ""WrittenWork"": 0}",1,1,1.0,1
122,MeanOfTransportation,MeanOfTransportation,USS Providence (1776 gundalow).  USS Providence a gundalow was built at Skenesboro New York on Lake Champlain by the Continental Army for Brigadier-General Benedict Arnold's fleet on Lake Champlain in 1776 during the American Revolutionary War.Under the command of Captain Simonds an Army officer she participated in the engagement at Valcour Island between Arnold's fleet and a British squadron on 11 October 1776.,"{""Company"": 0, ""EducationalInstitution"": 0, ""Artist"": 0, ""Athlete"": 0, ""OfficeHolder"": 0, ""MeanOfTransportation"": 1, ""Building"": 0, ""NaturalPlace"": 0, ""Village"": 0, ""Animal"": 0, ""Plant"": 0, ""Album"": 0, ""Film"": 0, ""WrittenWork"": 0}",1,1,1.0,1
123,Village,Village,Badigwad.  Badigwad is a village in Belgaum district in the southern state of Karnataka India.,"{""Company"": 0, ""EducationalInstitution"": 0, ""Artist"": 0, ""Athlete"": 0, ""OfficeHolder"": 0, ""MeanOfTransportation"": 0, ""Building"": 0, ""NaturalPlace"": 0, ""Village"": 1, ""Animal"": 0, ""Plant"": 0, ""Album"": 0, ""Film"": 0, ""WrittenWork"": 0}",1,1,1.0,1
124,Company,Company,Abingdon Motorcycles.  Abingdon Motorcycles was a British motorcycle manufacturer in Tyseley Birmingham between 1903 and 1925. The tool and chain manufacturers Abingdon Engineering was founded in 1856 and started making motorcycles in 1903 when the industry was still very new with engines from a number of manufacturers before the company developed their own Abingdon four-stroke 350 cc single and 794 cc V-twin engines which were used by Ariel and Invicta.,"{""Company"": 1, ""EducationalInstitution"": 0, ""Artist"": 0, ""Athlete"": 0, ""OfficeHolder"": 0, ""MeanOfTransportation"": 0, ""Building"": 0, ""NaturalPlace"": 0, ""Village"": 0, ""Animal"": 0, ""Plant"": 0, ""Album"": 0, ""Film"": 0, ""WrittenWork"": 0}",1,1,1.0,1
125,Plant,NaturalPlace,Thomandersia.  Thomandersia is the sole genus in the Thomandersiaceae an African family of flowering plants. Thomandersia is a genus of shrubs and small trees with six species endemic to Central and West Africa. Synonym: Scytanthus T. Anderson ex Benth. & Hook.f.,"{""Company"": 0, ""EducationalInstitution"": 0, ""Artist"": 0, ""Athlete"": 0, ""OfficeHolder"": 0, ""MeanOfTransportation"": 0, ""Building"": 0, ""NaturalPlace"": 1, ""Village"": 0, ""Animal"": 0, ""Plant"": 0, ""Album"": 0, ""Film"": 0, ""WrittenWork"": 0}",1,1,1.0,0
126,Company,Company,Ata Airlines.  ATA Airlines (Persian: هواپیمایی آتا‎) is an airline based in Tabriz Iran. Operates scheduled domestic services and international services in the Middle East as well as charter services including Europe. Its main base is Tabriz International Airport.,"{""Company"": 1, ""EducationalInstitution"": 0, ""Artist"": 0, ""Athlete"": 0, ""OfficeHolder"": 0, ""MeanOfTransportation"": 0, ""Building"": 0, ""NaturalPlace"": 0, ""Village"": 0, ""Animal"": 0, ""Plant"": 0, ""Album"": 0, ""Film"": 0, ""WrittenWork"": 0}",1,1,1.0,1
127,NaturalPlace,NaturalPlace,Querary River.  Querary River is a river of Colombia. It is part of the Amazon River basin and is a tributary of the Rio Negro.,"{""Company"": 0, ""EducationalInstitution"": 0, ""Artist"": 0, ""Athlete"": 0, ""OfficeHolder"": 0, ""MeanOfTransportation"": 0, ""Building"": 0, ""NaturalPlace"": 1, ""Village"": 0, ""Animal"": 0, ""Plant"": 0, ""Album"": 0, ""Film"": 0, ""WrittenWork"": 0}",1,1,1.0,1
128,EducationalInstitution,EducationalInstitution,Burgard Vocational High School.  Burgard Vocational High School is a vocational high school located in Buffalo New York USA. It holds about 800 students from Grades 9 - 12 and teaches according to the Board of Regents. The current Principal is Mr. Brian Wiesinger an the current Assistant Principals are Mr. Robert Maulucci and Ms Lizzy Crispin.,"{""Company"": 0, ""EducationalInstitution"": 1, ""Artist"": 0, ""Athlete"": 0, ""OfficeHolder"": 0, ""MeanOfTransportation"": 0, ""Building"": 0, ""NaturalPlace"": 0, ""Village"": 0, ""Animal"": 0, ""Plant"": 0, ""Album"": 0, ""Film"": 0, ""WrittenWork"": 0}",1,1,1.0,1
129,WrittenWork,WrittenWork,The Shield of Achilles: War Peace and the Course of History.  The Shield of Achilles: War Peace and the Course of History is an historico-philosophical work by Philip Bobbitt. It was first published in 2002 by Alfred Knopf in the US and Penguin in the UK.,"{""Company"": 0, ""EducationalInstitution"": 0, ""Artist"": 0, ""Athlete"": 0, ""OfficeHolder"": 0, ""MeanOfTransportation"": 0, ""Building"": 0, ""NaturalPlace"": 0, ""Village"": 0, ""Animal"": 0, ""Plant"": 0, ""Album"": 0, ""Film"": 0, ""WrittenWork"": 1}",1,1,1.0,1
130,MeanOfTransportation,Company,McDonnell Douglas DC-X.  The DC-X short for Delta Clipper or Delta Clipper Experimental was an unmanned prototype of a reusable single stage to orbit launch vehicle built by McDonnell Douglas in conjunction with the United States Department of Defense's Strategic Defense Initiative Organization (SDIO) from 1991 to 1993. Starting 1994 until 1995 testing continued through funding of the US civil space agency NASA.,"{""Company"": 1, ""EducationalInstitution"": 0, ""Artist"": 0, ""Athlete"": 0, ""OfficeHolder"": 0, ""MeanOfTransportation"": 0, ""Building"": 0, ""NaturalPlace"": 0, ""Village"": 0, ""Animal"": 0, ""Plant"": 0, ""Album"": 0, ""Film"": 0, ""WrittenWork"": 0}",1,1,1.0,0
131,OfficeHolder,OfficeHolder,Carlos Gomes Júnior.  Carlos Domingos Gomes Júnior (born December 19 1949) is a Guinea-Bissauan politician who was Prime Minister of Guinea-Bissau from 10 May 2004 to 2 November 2005 and again from 25 December 2008 to 10 February 2012. He has been the President of the African Party for the Independence of Guinea and Cape Verde (PAIGC) since 2002 and is widely known as Cadogo.,"{""Company"": 0, ""EducationalInstitution"": 0, ""Artist"": 0, ""Athlete"": 0, ""OfficeHolder"": 1, ""MeanOfTransportation"": 0, ""Building"": 0, ""NaturalPlace"": 0, ""Village"": 0, ""Animal"": 0, ""Plant"": 0, ""Album"": 0, ""Film"": 0, ""WrittenWork"": 0}",1,1,1.0,1
132,OfficeHolder,OfficeHolder,Pasqual Enrile y Alcedo.  Pasqual Enrile y Alcedo (1772-1836) a native of Cádiz Spain was the Spanish governor-general of the Philippines from December 23 1830 to March 1 1835. He was among the most illustrious rulers of the archipelago on account of his ability uprightness and zeal for the public welfare. Enrile was especially active in building highways and providing other means of communication to bring the inland and the maritime provinces into communication with each other.,"{""Company"": 0, ""EducationalInstitution"": 0, ""Artist"": 0, ""Athlete"": 0, ""OfficeHolder"": 1, ""MeanOfTransportation"": 0, ""Building"": 0, ""NaturalPlace"": 0, ""Village"": 0, ""Animal"": 0, ""Plant"": 0, ""Album"": 0, ""Film"": 0, ""WrittenWork"": 0}",1,1,1.0,1
133,Album,Artist,Be Here.  Be Here is the fourth solo album by New Zealand-born Australian country singer Keith Urban.The album produced three number 1 singles on the Hot Country Songs charts: Days Go By Making Memories of Us and Better Life as well as the number 2 hits You're My Better Half and Tonight I Wanna Cry; Live to Love Another Day also peaked at number 48 on the country charts without being released to radio.,"{""Company"": 0, ""EducationalInstitution"": 0, ""Artist"": 1, ""Athlete"": 0, ""OfficeHolder"": 0, ""MeanOfTransportation"": 0, ""Building"": 0, ""NaturalPlace"": 0, ""Village"": 0, ""Animal"": 0, ""Plant"": 0, ""Album"": 0, ""Film"": 0, ""WrittenWork"": 0}",1,1,1.0,0
134,Building,Building,Fishergate Shopping Centre.  Fishergate Shopping Centre is a shopping centre in the city of Preston in Lancashire England.,"{""Company"": 0, ""EducationalInstitution"": 0, ""Artist"": 0, ""Athlete"": 0, ""OfficeHolder"": 0, ""MeanOfTransportation"": 0, ""Building"": 1, ""NaturalPlace"": 0, ""Village"": 0, ""Animal"": 0, ""Plant"": 0, ""Album"": 0, ""Film"": 0, ""WrittenWork"": 0}",1,1,1.0,1
135,EducationalInstitution,EducationalInstitution,Institute of Asian and African Countries.  The Institute of Asian and African Countries at Lomonosov Moscow State University was founded in 1956 as the Institute of Oriental Languages. Today's name from 1972. It is the leading Russian Centre for Oriental Studies. It employs more than 250 members including 28 professors and 70 assistant professors.,"{""Company"": 0, ""EducationalInstitution"": 1, ""Artist"": 0, ""Athlete"": 0, ""OfficeHolder"": 0, ""MeanOfTransportation"": 0, ""Building"": 0, ""NaturalPlace"": 0, ""Village"": 0, ""Animal"": 0, ""Plant"": 0, ""Album"": 0, ""Film"": 0, ""WrittenWork"": 0}",1,1,1.0,1
136,Plant,Plant,Guzmania 'Ostara'.  'Ostara' is a hybrid cultivar of the genus Guzmania in the Bromeliad family.,"{""Company"": 0, ""EducationalInstitution"": 0, ""Artist"": 0, ""Athlete"": 0, ""OfficeHolder"": 0, ""MeanOfTransportation"": 0, ""Building"": 0, ""NaturalPlace"": 0, ""Village"": 0, ""Animal"": 0, ""Plant"": 1, ""Album"": 0, ""Film"": 0, ""WrittenWork"": 0}",1,1,1.0,1
137,Village,Village,Tuderk.  Tuderk (Persian: تودرك‎ also Romanized as Tūderk) is a village in Maskun Rural District Jebalbarez District Jiroft County Kerman Province Iran. At the 2006 census its population was 32 in 8 families.,"{""Company"": 0, ""EducationalInstitution"": 0, ""Artist"": 0, ""Athlete"": 0, ""OfficeHolder"": 0, ""MeanOfTransportation"": 0, ""Building"": 0, ""NaturalPlace"": 0, ""Village"": 1, ""Animal"": 0, ""Plant"": 0, ""Album"": 0, ""Film"": 0, ""WrittenWork"": 0}",1,1,1.0,1
138,Film,Film,Knute Rockne All American.  Knute Rockne All American is a 1940 biographical film which tells the story of Knute Rockne Notre Dame football coach. It stars Pat O'Brien portraying the role of Rockne and Ronald Reagan as player George Gipp a.k.a. The Gipper as well as Gale Page Donald Crisp Albert Bassermann Owen Davis Jr. Nick Lukats Kane Richmond William Marshall and William Byrne. It also includes cameos by legendary football coaches Pop Warner Amos Alonzo Stagg William H.,"{""Company"": 0, ""EducationalInstitution"": 0, ""Artist"": 0, ""Athlete"": 0, ""OfficeHolder"": 0, ""MeanOfTransportation"": 0, ""Building"": 0, ""NaturalPlace"": 0, ""Village"": 0, ""Animal"": 0, ""Plant"": 0, ""Album"": 0, ""Film"": 1, ""WrittenWork"": 0}",1,1,1.0,1
139,OfficeHolder,OfficeHolder,Granville Leveson-Gower 1st Earl Granville.  Granville Leveson-Gower 1st Earl Granville GCB PC (12 October 1773 – 8 January 1846) known as Lord Granville Leveson-Gower from 1786 to 1814 and as the Viscount Granville from 1814 to 1833 was a British Whig statesman and diplomat]. A recent historian says he was a drab figure the original stuffed-shirt – starch outside sawdust within.,"{""Company"": 0, ""EducationalInstitution"": 0, ""Artist"": 0, ""Athlete"": 0, ""OfficeHolder"": 1, ""MeanOfTransportation"": 0, ""Building"": 0, ""NaturalPlace"": 0, ""Village"": 0, ""Animal"": 0, ""Plant"": 0, ""Album"": 0, ""Film"": 0, ""WrittenWork"": 0}",1,1,1.0,1
140,Album,Artist,Love 4 Unity.  Love 4 Unity is the third studio album by the London Boys a British dance pop duo. It was released in 1993. Both Moonraker and Baby Come Back were released as singles in Germany. Baby Come Back peaked at #27 in Austria.This was the last album from the duo although Hallelujah Hits would be released under the name The New London Boys. The album was not successful and the two singles also failed to chart in Germany.Like previous albums songwriting and production were by Ralf René Maué.,"{""Company"": 0, ""EducationalInstitution"": 0, ""Artist"": 1, ""Athlete"": 0, ""OfficeHolder"": 0, ""MeanOfTransportation"": 0, ""Building"": 0, ""NaturalPlace"": 0, ""Village"": 0, ""Animal"": 0, ""Plant"": 0, ""Album"": 0, ""Film"": 0, ""WrittenWork"": 0}",1,1,1.0,0
141,Film,Film,The False Prince (1927 film).  The False Prince (German:Der falsche Prinz) is a 1927 German silent film directed by Heinz Paul and starring Harry Domela Ekkehard Arendt and John Mylong. The film's art direction was by Karl Machus. The film was based on Domela's book recounting his own adventures in post-First World War Germany when he briefly masqueraded as Prince.,"{""Company"": 0, ""EducationalInstitution"": 0, ""Artist"": 0, ""Athlete"": 0, ""OfficeHolder"": 0, ""MeanOfTransportation"": 0, ""Building"": 0, ""NaturalPlace"": 0, ""Village"": 0, ""Animal"": 0, ""Plant"": 0, ""Album"": 0, ""Film"": 1, ""WrittenWork"": 0}",1,1,1.0,1
142,Building,Building,Tempel Synagogue Lviv.  The Tempel Synagogue was a Reform synagogue near Starji Rinok Square (the historic fish market) in Lviv Ukraine. Lviv was one of the first Ukrainian cities to have a Reform Synagogue. Even before the Reform community in Lviv built their synagogue the community received a Torah scroll from a Reform community in Long Beach California.,"{""Company"": 0, ""EducationalInstitution"": 0, ""Artist"": 0, ""Athlete"": 0, ""OfficeHolder"": 0, ""MeanOfTransportation"": 0, ""Building"": 1, ""NaturalPlace"": 0, ""Village"": 0, ""Animal"": 0, ""Plant"": 0, ""Album"": 0, ""Film"": 0, ""WrittenWork"": 0}",1,1,1.0,1
143,Artist,Artist,Russ Kunkel.  Russell Russ Kunkel (September 1 1948) is an American drummer and producer who has worked as a session musician with many of well-known artists including Bob Dylan James Taylor Neil Young Stevie Nicks Carole King Jackson Browne and Linda Ronstadt. He is widely regarded as the top session drummer of the 1970s and early 1980s.Kunkel was born in Pittsburgh Pennsylvania.,"{""Company"": 0, ""EducationalInstitution"": 0, ""Artist"": 1, ""Athlete"": 0, ""OfficeHolder"": 0, ""MeanOfTransportation"": 0, ""Building"": 0, ""NaturalPlace"": 0, ""Village"": 0, ""Animal"": 0, ""Plant"": 0, ""Album"": 0, ""Film"": 0, ""WrittenWork"": 0}",1,1,1.0,1
144,Plant,Plant,Tillandsia hubertiana.  Tillandsia hubertiana is a species of the genus Tillandsia. This species is endemic to Mexico.,"{""Company"": 0, ""EducationalInstitution"": 0, ""Artist"": 0, ""Athlete"": 0, ""OfficeHolder"": 0, ""MeanOfTransportation"": 0, ""Building"": 0, ""NaturalPlace"": 0, ""Village"": 0, ""Animal"": 0, ""Plant"": 1, ""Album"": 0, ""Film"": 0, ""WrittenWork"": 0}",1,1,1.0,1
145,Village,WrittenWork,Dhaneswar Khera Buddha image inscription.  The Dhaneswar Khera Buddha image inscription is an epigraphic record on the base of a bronze image of the Buddha recording its dedication by the wife of Harirāja of the Gupta lineage. It has been assigned to the fifth CE.,"{""Company"": 0, ""EducationalInstitution"": 0, ""Artist"": 0, ""Athlete"": 0, ""OfficeHolder"": 0, ""MeanOfTransportation"": 0, ""Building"": 0, ""NaturalPlace"": 0, ""Village"": 0, ""Animal"": 0, ""Plant"": 0, ""Album"": 0, ""Film"": 0, ""WrittenWork"": 1}",1,1,1.0,0
146,Animal,Animal,Eugoa dissozona.  Eugoa dissozona is a moth of the Arctiidae family. It is found in New Guinea.,"{""Company"": 0, ""EducationalInstitution"": 0, ""Artist"": 0, ""Athlete"": 0, ""OfficeHolder"": 0, ""MeanOfTransportation"": 0, ""Building"": 0, ""NaturalPlace"": 0, ""Village"": 0, ""Animal"": 1, ""Plant"": 0, ""Album"": 0, ""Film"": 0, ""WrittenWork"": 0}",1,1,1.0,1
147,Building,Building,Trump International Hotel and Tower (New Orleans).  The Trump International Hotel and Tower was a proposed residential tower located in the Central Business District of New Orleans Louisiana. It was a project of real estate mogul Donald Trump's Trump Organization. Supposedly in the planning stages from summer 2005 on the project was finally declared dead in July 2011 after the location land was foreclosed on and sold at auction.,"{""Company"": 0, ""EducationalInstitution"": 0, ""Artist"": 0, ""Athlete"": 0, ""OfficeHolder"": 0, ""MeanOfTransportation"": 0, ""Building"": 1, ""NaturalPlace"": 0, ""Village"": 0, ""Animal"": 0, ""Plant"": 0, ""Album"": 0, ""Film"": 0, ""WrittenWork"": 0}",1,1,1.0,1
148,Plant,Plant,Actinidia deliciosa.  Actinidia deliciosa Fuzzy Kiwifruit or mangüeyo is a fruiting vine native to southern China the fruit of which has been declared the national fruit of that country. Other species of Actinidia are also found in China and range east to Japan and north into southeastern Siberia. This species grows naturally at altitudes between 600 and 2000 m.,"{""Company"": 0, ""EducationalInstitution"": 0, ""Artist"": 0, ""Athlete"": 0, ""OfficeHolder"": 0, ""MeanOfTransportation"": 0, ""Building"": 0, ""NaturalPlace"": 0, ""Village"": 0, ""Animal"": 0, ""Plant"": 1, ""Album"": 0, ""Film"": 0, ""WrittenWork"": 0}",1,1,1.0,1
149,NaturalPlace,NaturalPlace,Q'ara Quta (Potosí).  Q'ara Quta (Aymara q'ara bare bald quta lake bare lake hispanicized spellings Khara Kkota) is a Bolivian lake in the Potosí Department Chayanta Province Pocoata Municipality.,"{""Company"": 0, ""EducationalInstitution"": 0, ""Artist"": 0, ""Athlete"": 0, ""OfficeHolder"": 0, ""MeanOfTransportation"": 0, ""Building"": 0, ""NaturalPlace"": 1, ""Village"": 0, ""Animal"": 0, ""Plant"": 0, ""Album"": 0, ""Film"": 0, ""WrittenWork"": 0}",1,1,1.0,1
150,Animal,Animal,Thitarodes yadongensis.  Thitarodes yadongensis is a species of moths of the family Hepialidae. It is found in China.,"{""Company"": 0, ""EducationalInstitution"": 0, ""Artist"": 0, ""Athlete"": 0, ""OfficeHolder"": 0, ""MeanOfTransportation"": 0, ""Building"": 0, ""NaturalPlace"": 0, ""Village"": 0, ""Animal"": 1, ""Plant"": 0, ""Album"": 0, ""Film"": 0, ""WrittenWork"": 0}",1,1,1.0,1
151,Village,NaturalPlace,Maqut.  Maqut (Persian: ماقوت‎ also Romanized as Māqūt; also known as Māh-i-Kūt) is a village in Khvor Khvoreh Rural District in the Central District of Bijar County Kurdistan Province Iran. At the 2006 census its population was 100 in 22 families.,"{""Company"": 0, ""EducationalInstitution"": 0, ""Artist"": 0, ""Athlete"": 0, ""OfficeHolder"": 0, ""MeanOfTransportation"": 0, ""Building"": 0, ""NaturalPlace"": 1, ""Village"": 0, ""Animal"": 0, ""Plant"": 0, ""Album"": 0, ""Film"": 0, ""WrittenWork"": 0}",1,1,1.0,0
152,Artist,Artist,Alexander Stirling Calder.  Alexander Stirling Calder (January 11 1870 in Philadelphia Pennsylvania – January 7 1945) was an American sculptor and teacher. Son of the sculptor Alexander Milne Calder and father of the sculptor Alexander (Sandy) Calder his best-known works are George Washington as President on the Washington Square Arch in New York City the Swann Memorial Fountain in Philadelphia and the Leif Eriksson Memorial in Reykjavík Iceland.,"{""Company"": 0, ""EducationalInstitution"": 0, ""Artist"": 1, ""Athlete"": 0, ""OfficeHolder"": 0, ""MeanOfTransportation"": 0, ""Building"": 0, ""NaturalPlace"": 0, ""Village"": 0, ""Animal"": 0, ""Plant"": 0, ""Album"": 0, ""Film"": 0, ""WrittenWork"": 0}",1,1,1.0,1
153,NaturalPlace,NaturalPlace,Tons River.  The Tons is the largest tributary of the Yamuna and flows through Garhwal region in Uttarakhand touching Himachal Pradesh. The Tons thrust is named after this river.Its source lies in the 20720 ft (6315 meters)) high Bandarpunch mountain and is one of the most major perennial Indian Himalayan rivers. In fact it carries more water than the Yamuna itself which its meets below Kalsi near Dehradun Uttarakhand.,"{""Company"": 0, ""EducationalInstitution"": 0, ""Artist"": 0, ""Athlete"": 0, ""OfficeHolder"": 0, ""MeanOfTransportation"": 0, ""Building"": 0, ""NaturalPlace"": 1, ""Village"": 0, ""Animal"": 0, ""Plant"": 0, ""Album"": 0, ""Film"": 0, ""WrittenWork"": 0}",1,1,1.0,1
154,Animal,Animal,Hagnagora anicata.  Hagnagora anicata is a species of moth of the family Geometridae. It is a species complex with a range that extends from Mexico to Bolivia and east into western Venezuela paralleling the Andes. A population occurs on Jamaica.,"{""Company"": 0, ""EducationalInstitution"": 0, ""Artist"": 0, ""Athlete"": 0, ""OfficeHolder"": 0, ""MeanOfTransportation"": 0, ""Building"": 0, ""NaturalPlace"": 0, ""Village"": 0, ""Animal"": 1, ""Plant"": 0, ""Album"": 0, ""Film"": 0, ""WrittenWork"": 0}",1,1,1.0,1
155,Athlete,Athlete,Nichlas Torp.  Nichlas Torp (born April 10 1989 in Jönköping) is a Swedish ice hockey player. He is currently playing with Modo Hockey in the Elitserien. He was drafted by the Montreal Canadiens in the sixth round of the 2007 NHL Entry Draft 163rd overall.,"{""Company"": 0, ""EducationalInstitution"": 0, ""Artist"": 0, ""Athlete"": 1, ""OfficeHolder"": 0, ""MeanOfTransportation"": 0, ""Building"": 0, ""NaturalPlace"": 0, ""Village"": 0, ""Animal"": 0, ""Plant"": 0, ""Album"": 0, ""Film"": 0, ""WrittenWork"": 0}",1,1,1.0,1
156,Athlete,Athlete,Umaru Bangura.  Umaru Bangura (born October 7 1987) is a Sierra Leonean international footballer. He is a central defender who can also operate in midfield. Bangura currently plays for Dinamo Minsk in Belarusian Premier League and for the Leone Stars Sierra Leone national football team.,"{""Company"": 0, ""EducationalInstitution"": 0, ""Artist"": 0, ""Athlete"": 1, ""OfficeHolder"": 0, ""MeanOfTransportation"": 0, ""Building"": 0, ""NaturalPlace"": 0, ""Village"": 0, ""Animal"": 0, ""Plant"": 0, ""Album"": 0, ""Film"": 0, ""WrittenWork"": 0}",1,1,1.0,1
157,Album,Album,Step into My World EP.  The Step Into My World EP features the Perfecto remix by Paul Oakenfold and Steve Osborne. It reached top 20 in the UK Singles Charts.,"{""Company"": 0, ""EducationalInstitution"": 0, ""Artist"": 0, ""Athlete"": 0, ""OfficeHolder"": 0, ""MeanOfTransportation"": 0, ""Building"": 0, ""NaturalPlace"": 0, ""Village"": 0, ""Animal"": 0, ""Plant"": 0, ""Album"": 1, ""Film"": 0, ""WrittenWork"": 0}",1,1,1.0,1
158,WrittenWork,WrittenWork,Aesthetic Surgery Journal.  Aesthetic Surgery Journal is a peer-reviewed medical journal that covers the field of plastic surgery. The journal's editor-in-chief is Foad Nahai (Emory University School of Medicine).,"{""Company"": 0, ""EducationalInstitution"": 0, ""Artist"": 0, ""Athlete"": 0, ""OfficeHolder"": 0, ""MeanOfTransportation"": 0, ""Building"": 0, ""NaturalPlace"": 0, ""Village"": 0, ""Animal"": 0, ""Plant"": 0, ""Album"": 0, ""Film"": 0, ""WrittenWork"": 1}",1,1,1.0,1
159,NaturalPlace,NaturalPlace,Lac d'Isabe.  Lac d'Isabe is a lake in Pyrénées Pyrénées-Atlantiques France. At an elevation of 1925 m its surface area is 0.073 km².Lac d'Isabe is in the commune of Laruns in Ossau Valley.,"{""Company"": 0, ""EducationalInstitution"": 0, ""Artist"": 0, ""Athlete"": 0, ""OfficeHolder"": 0, ""MeanOfTransportation"": 0, ""Building"": 0, ""NaturalPlace"": 1, ""Village"": 0, ""Animal"": 0, ""Plant"": 0, ""Album"": 0, ""Film"": 0, ""WrittenWork"": 0}",1,1,1.0,1
160,MeanOfTransportation,MeanOfTransportation,USS Speed (AM-116).  USS Speed (AM-116) was an Auk-class minesweeper acquired by the United States Navy for the dangerous task of removing mines from minefields laid in the water to prevent ships from passing.Speed was laid down at Cleveland Ohio on 17 November 1941 by the American Ship Building Company launched on 18 April 1942 and commissioned on 15 October 1942 Comdr. Ernest L. Posey in command.,"{""Company"": 0, ""EducationalInstitution"": 0, ""Artist"": 0, ""Athlete"": 0, ""OfficeHolder"": 0, ""MeanOfTransportation"": 1, ""Building"": 0, ""NaturalPlace"": 0, ""Village"": 0, ""Animal"": 0, ""Plant"": 0, ""Album"": 0, ""Film"": 0, ""WrittenWork"": 0}",1,1,1.0,1
161,Plant,Plant,Matthiola longipetala.  Night-scented Stock also known as Evening Stock (syn. Cheiranthus longipetalus Vent. Matthiola bicornis Matthiola longipetala subsp. bicornis and Matthiola oxyceras DC.) is a species of ornamental plant.,"{""Company"": 0, ""EducationalInstitution"": 0, ""Artist"": 0, ""Athlete"": 0, ""OfficeHolder"": 0, ""MeanOfTransportation"": 0, ""Building"": 0, ""NaturalPlace"": 0, ""Village"": 0, ""Animal"": 0, ""Plant"": 1, ""Album"": 0, ""Film"": 0, ""WrittenWork"": 0}",1,1,1.0,1
162,Film,Film,Raakilipattu.  Raakilipaatu (Malayalam: രാക്കിളിപ്പാട്ടു്) is a 2007 Malayalam film directed by Priyadarshan based on the 1999 Marathi film Bindhaast. It stars Jyothika Sharbani Mukherjee Tabu and Lakshmi. The music was composed by Vidyasagar. Originally planned to be made as a bilingual in Tamil and in Malayalam the film released first in 2000 in Tamil only as Snegithiye while the Malayalam version as well as the dubbed Hindi version Friendship released only seven years later.,"{""Company"": 0, ""EducationalInstitution"": 0, ""Artist"": 0, ""Athlete"": 0, ""OfficeHolder"": 0, ""MeanOfTransportation"": 0, ""Building"": 0, ""NaturalPlace"": 0, ""Village"": 0, ""Animal"": 0, ""Plant"": 0, ""Album"": 0, ""Film"": 1, ""WrittenWork"": 0}",1,1,1.0,1
163,Album,Album,The Sermon on Exposition Boulevard.  The Sermon on Exposition Boulevard is an album by American singer-songwriter Rickie Lee Jones released in February 2007 on the independent New West label. It was produced by Lee Cantelon Peter Atanasoff and Rob Schnapf.,"{""Company"": 0, ""EducationalInstitution"": 0, ""Artist"": 0, ""Athlete"": 0, ""OfficeHolder"": 0, ""MeanOfTransportation"": 0, ""Building"": 0, ""NaturalPlace"": 0, ""Village"": 0, ""Animal"": 0, ""Plant"": 0, ""Album"": 1, ""Film"": 0, ""WrittenWork"": 0}",1,1,1.0,1
164,Company,Company,Housing and Commerce Bank.  The Housing and Commerce Bank (HCB) is a bank in Asmara Eritrea.,"{""Company"": 1, ""EducationalInstitution"": 0, ""Artist"": 0, ""Athlete"": 0, ""OfficeHolder"": 0, ""MeanOfTransportation"": 0, ""Building"": 0, ""NaturalPlace"": 0, ""Village"": 0, ""Animal"": 0, ""Plant"": 0, ""Album"": 0, ""Film"": 0, ""WrittenWork"": 0}",1,1,1.0,1
165,Plant,Plant,Guzmania septata.  Guzmania septata is a species of plant in the Bromeliaceae family. It is endemic to Ecuador. Its natural habitats are subtropical or tropical moist lowland forests and subtropical or tropical moist montane forests. It is threatened by habitat loss.,"{""Company"": 0, ""EducationalInstitution"": 0, ""Artist"": 0, ""Athlete"": 0, ""OfficeHolder"": 0, ""MeanOfTransportation"": 0, ""Building"": 0, ""NaturalPlace"": 0, ""Village"": 0, ""Animal"": 0, ""Plant"": 1, ""Album"": 0, ""Film"": 0, ""WrittenWork"": 0}",1,1,1.0,1
166,NaturalPlace,NaturalPlace,Wind River (Washington).  The Wind River is a tributary of the Columbia River in the U.S. state of Washington. Its entire course of 30 miles (48 km) lies within Skamania County. Crusattes River is an old variant name.,"{""Company"": 0, ""EducationalInstitution"": 0, ""Artist"": 0, ""Athlete"": 0, ""OfficeHolder"": 0, ""MeanOfTransportation"": 0, ""Building"": 0, ""NaturalPlace"": 1, ""Village"": 0, ""Animal"": 0, ""Plant"": 0, ""Album"": 0, ""Film"": 0, ""WrittenWork"": 0}",1,1,1.0,1
167,Athlete,Athlete,Shota Horie.  Shota Horie (堀江翔太 Horie Shōta) (born 21 January 1986 in Osaka Japan) is a Japanese rugby union footballer. His preferred position is hooker although he can also play in the back row. He represents Japan at the international level. He has played for the Panasonic Wild Knights in the domestic Japanese Top League competition and in 2013 began playing Super Rugby with the Melbourne Rebels in Australia.,"{""Company"": 0, ""EducationalInstitution"": 0, ""Artist"": 0, ""Athlete"": 1, ""OfficeHolder"": 0, ""MeanOfTransportation"": 0, ""Building"": 0, ""NaturalPlace"": 0, ""Village"": 0, ""Animal"": 0, ""Plant"": 0, ""Album"": 0, ""Film"": 0, ""WrittenWork"": 0}",1,1,1.0,1
168,Building,Building,Grand Hotel Prishtina.  The Grand Hotel Prishtina is a hotel situated in the Mother Theresa Boulevard in downtown Pristina the capital of Kosovo. It was a remarkable icon of the city from its inauguration and well into the nineties until the rapid development of Pristina outburst.Prior to the Kosovo War of 1999 the hotel was owned by the Yugoslav government. Its owner now is Unio Commerce.,"{""Company"": 0, ""EducationalInstitution"": 0, ""Artist"": 0, ""Athlete"": 0, ""OfficeHolder"": 0, ""MeanOfTransportation"": 0, ""Building"": 1, ""NaturalPlace"": 0, ""Village"": 0, ""Animal"": 0, ""Plant"": 0, ""Album"": 0, ""Film"": 0, ""WrittenWork"": 0}",1,1,1.0,1
169,Film,Film,God's Gun.  God's Gun (also known as Diamante Lobo) is a 1975 Italian–Israeli Spaghetti Western filmed in Israel directed by Gianfranco Parolini (credited as Frank Kramer) and starring Lee Van Cleef. Jack Palance plays the head of a malicious group of bandits and Van Cleef plays a double-role of brothers: a priest and a reformed gunfighter determined to stop them.Leif Garrett also plays a vital part in the film as a fatherless kid who brings the reformed gunfighter to town.,"{""Company"": 0, ""EducationalInstitution"": 0, ""Artist"": 0, ""Athlete"": 0, ""OfficeHolder"": 0, ""MeanOfTransportation"": 0, ""Building"": 0, ""NaturalPlace"": 0, ""Village"": 0, ""Animal"": 0, ""Plant"": 0, ""Album"": 0, ""Film"": 1, ""WrittenWork"": 0}",1,1,1.0,1
170,MeanOfTransportation,OfficeHolder,HNLMS Abraham van der Hulst (1946).  HNLMS Abraham van der Hulst was a Jan van Amstel-class minesweeper of the Royal Netherlands Navy.,"{""Company"": 0, ""EducationalInstitution"": 0, ""Artist"": 0, ""Athlete"": 0, ""OfficeHolder"": 1, ""MeanOfTransportation"": 0, ""Building"": 0, ""NaturalPlace"": 0, ""Village"": 0, ""Animal"": 0, ""Plant"": 0, ""Album"": 0, ""Film"": 0, ""WrittenWork"": 0}",1,1,1.0,0
171,Film,Film,Kaaterskill Falls (film).  Kaaterskill Falls is an independent American film made in 2000 and released in 2001. It is a remake of Roman Polanski's Knife in the Water set and filmed in the Catskill Mountains. Directed by Josh Apter and Peter Olsen.,"{""Company"": 0, ""EducationalInstitution"": 0, ""Artist"": 0, ""Athlete"": 0, ""OfficeHolder"": 0, ""MeanOfTransportation"": 0, ""Building"": 0, ""NaturalPlace"": 0, ""Village"": 0, ""Animal"": 0, ""Plant"": 0, ""Album"": 0, ""Film"": 1, ""WrittenWork"": 0}",1,1,1.0,1
172,WrittenWork,WrittenWork,Missee Lee.  Missee Lee is the tenth book of Arthur Ransome's Swallows and Amazons series of children's books set in 1930s China. The Swallows and Amazons are on a round-the-world trip with Captain Flint aboard the schooner Wild Cat. After the Wild Cat sinks they escape in the Swallow and Amazon but are separated in a storm.,"{""Company"": 0, ""EducationalInstitution"": 0, ""Artist"": 0, ""Athlete"": 0, ""OfficeHolder"": 0, ""MeanOfTransportation"": 0, ""Building"": 0, ""NaturalPlace"": 0, ""Village"": 0, ""Animal"": 0, ""Plant"": 0, ""Album"": 0, ""Film"": 0, ""WrittenWork"": 1}",1,1,1.0,1
173,Film,Film,The Midnight Game.  The Midnight Game is a 2013 supernatural thriller film directed by A.D. Calvo.,"{""Company"": 0, ""EducationalInstitution"": 0, ""Artist"": 0, ""Athlete"": 0, ""OfficeHolder"": 0, ""MeanOfTransportation"": 0, ""Building"": 0, ""NaturalPlace"": 0, ""Village"": 0, ""Animal"": 0, ""Plant"": 0, ""Album"": 0, ""Film"": 1, ""WrittenWork"": 0}",1,1,1.0,1
174,OfficeHolder,OfficeHolder,Anouchka van Miltenburg.  Anouchka van Miltenburg (born April 20 1967) is a Dutch politician of the People's Party for Freedom and Democracy (VVD). She has been the President of the House of Representatives since September 25 2012 and a Member of the House of Representatives since January 30 2003.,"{""Company"": 0, ""EducationalInstitution"": 0, ""Artist"": 0, ""Athlete"": 0, ""OfficeHolder"": 1, ""MeanOfTransportation"": 0, ""Building"": 0, ""NaturalPlace"": 0, ""Village"": 0, ""Animal"": 0, ""Plant"": 0, ""Album"": 0, ""Film"": 0, ""WrittenWork"": 0}",1,1,1.0,1
175,Athlete,OfficeHolder,Victor Guillen.  Victor Guillen (1892 – 23 July 1968) was a West Indian cricket umpire. He stood in two Test matches between 1935 and 1948.,"{""Company"": 0, ""EducationalInstitution"": 0, ""Artist"": 0, ""Athlete"": 0, ""OfficeHolder"": 1, ""MeanOfTransportation"": 0, ""Building"": 0, ""NaturalPlace"": 0, ""Village"": 0, ""Animal"": 0, ""Plant"": 0, ""Album"": 0, ""Film"": 0, ""WrittenWork"": 0}",1,1,1.0,0
176,Company,EducationalInstitution,Cyberinfrastructure for Network Science Center.  The Cyberinfrastructure for Network Science (CNS) Center was founded in October 2005 by Professor Katy Börner at Indiana University. The Center’s mission is to advance datasets and tools for the study of biomedical social and behavioral science physics and other networks.,"{""Company"": 0, ""EducationalInstitution"": 1, ""Artist"": 0, ""Athlete"": 0, ""OfficeHolder"": 0, ""MeanOfTransportation"": 0, ""Building"": 0, ""NaturalPlace"": 0, ""Village"": 0, ""Animal"": 0, ""Plant"": 0, ""Album"": 0, ""Film"": 0, ""WrittenWork"": 0}",1,1,1.0,0
177,Film,Film,Children of the Damned.  Children of the Damned is a 1964 science fiction film a thematic sequel to the 1960 version of Village of the Damned. It is about a group of children with similar psi-powers to the original seeding but enabling an opposite interpretation of the children being a more good and more pure form of human instead of totally evil and totally alien.,"{""Company"": 0, ""EducationalInstitution"": 0, ""Artist"": 0, ""Athlete"": 0, ""OfficeHolder"": 0, ""MeanOfTransportation"": 0, ""Building"": 0, ""NaturalPlace"": 0, ""Village"": 0, ""Animal"": 0, ""Plant"": 0, ""Album"": 0, ""Film"": 1, ""WrittenWork"": 0}",1,1,1.0,1
178,Animal,Animal,Stegazopteryx.  Stegazopteryx ivimkaensis is a species of beetle in the family Carabidae the only species in the genus Stegazopteryx.,"{""Company"": 0, ""EducationalInstitution"": 0, ""Artist"": 0, ""Athlete"": 0, ""OfficeHolder"": 0, ""MeanOfTransportation"": 0, ""Building"": 0, ""NaturalPlace"": 0, ""Village"": 0, ""Animal"": 1, ""Plant"": 0, ""Album"": 0, ""Film"": 0, ""WrittenWork"": 0}",1,1,1.0,1
179,Animal,Animal,Iuticosaurus.  Iuticosaurus (meaning Jute lizard) is the name given to a genus of dinosaur from the Early Cretaceous of the Isle of Wight. Iuticosaurus was a sauropod specifically a titanosaur.In 1887 Richard Lydekker described two sauropod tail vertebrae found by William D. Fox near Brook Bay on Wight BMNH R146a en BMNH 151 and referred them to the genus Ornithopsis despite indicating their similarity to Titanosaurus because the tail of Ornithopsis was unknown.,"{""Company"": 0, ""EducationalInstitution"": 0, ""Artist"": 0, ""Athlete"": 0, ""OfficeHolder"": 0, ""MeanOfTransportation"": 0, ""Building"": 0, ""NaturalPlace"": 0, ""Village"": 0, ""Animal"": 1, ""Plant"": 0, ""Album"": 0, ""Film"": 0, ""WrittenWork"": 0}",1,1,1.0,1
180,Plant,Plant,Eustoma russellianum.  Eustoma russellianum is a species of flowering plant in the Gentian family. Its previous binomial name was Eustoma grandiflorum. Common names include Texas bluebells Texas bluebell Bluebell Showy prairie gentian Prairie gentian The Bolero Deep Blue and Lisianthus.,"{""Company"": 0, ""EducationalInstitution"": 0, ""Artist"": 0, ""Athlete"": 0, ""OfficeHolder"": 0, ""MeanOfTransportation"": 0, ""Building"": 0, ""NaturalPlace"": 0, ""Village"": 0, ""Animal"": 0, ""Plant"": 1, ""Album"": 0, ""Film"": 0, ""WrittenWork"": 0}",1,1,1.0,1
181,Film,Film,Four Girls in White.  Four Girls in White is a 1939 Drama directed by S. Sylvan Simon starring Florence Rice and Una Merkel. The comical exploits of four nursing students enrolled in a three-year training course.,"{""Company"": 0, ""EducationalInstitution"": 0, ""Artist"": 0, ""Athlete"": 0, ""OfficeHolder"": 0, ""MeanOfTransportation"": 0, ""Building"": 0, ""NaturalPlace"": 0, ""Village"": 0, ""Animal"": 0, ""Plant"": 0, ""Album"": 0, ""Film"": 1, ""WrittenWork"": 0}",1,1,1.0,1
182,Animal,Animal,Galomecalpa.  Galomecalpa is a genus of moths belonging to the Tortricidae family.,"{""Company"": 0, ""EducationalInstitution"": 0, ""Artist"": 0, ""Athlete"": 0, ""OfficeHolder"": 0, ""MeanOfTransportation"": 0, ""Building"": 0, ""NaturalPlace"": 0, ""Village"": 0, ""Animal"": 1, ""Plant"": 0, ""Album"": 0, ""Film"": 0, ""WrittenWork"": 0}",1,1,1.0,1
183,MeanOfTransportation,MeanOfTransportation,Adaro Chirta.  The Adaro 1.E.7 Chirta was a Spanish military trainer aircraft built shortly before the outbreak of the Spanish Civil War.,"{""Company"": 0, ""EducationalInstitution"": 0, ""Artist"": 0, ""Athlete"": 0, ""OfficeHolder"": 0, ""MeanOfTransportation"": 1, ""Building"": 0, ""NaturalPlace"": 0, ""Village"": 0, ""Animal"": 0, ""Plant"": 0, ""Album"": 0, ""Film"": 0, ""WrittenWork"": 0}",1,1,1.0,1
184,Building,Building,Kentucky Hotel.  The Kentucky Hotel is a historic hotel building located at Lynchburg Virginia. It is one of Lynchburg's three remaining early 19th century ordinaries. It was probably built before 1800 and is a 2 1⁄2-story structure of brick laid in Flemish bond. In about 1814 two side bays were completed converting the house to a center hall plan.It was listed on the National Register of Historic Places in 1986. It is located in the Fifth Street Historic District.,"{""Company"": 0, ""EducationalInstitution"": 0, ""Artist"": 0, ""Athlete"": 0, ""OfficeHolder"": 0, ""MeanOfTransportation"": 0, ""Building"": 1, ""NaturalPlace"": 0, ""Village"": 0, ""Animal"": 0, ""Plant"": 0, ""Album"": 0, ""Film"": 0, ""WrittenWork"": 0}",1,1,1.0,1
185,OfficeHolder,OfficeHolder,Rod Zimmer.  Rod A. A. Zimmer (born December 19 1942) is a former Canadian senator. Zimmer was previously a Winnipeg Manitoba businessman and philanthropist. He was also a significant fundraiser for the Liberal Party of Canada. He resigned suddenly from the Senate on August 2 2013 due to ill health.,"{""Company"": 0, ""EducationalInstitution"": 0, ""Artist"": 0, ""Athlete"": 0, ""OfficeHolder"": 1, ""MeanOfTransportation"": 0, ""Building"": 0, ""NaturalPlace"": 0, ""Village"": 0, ""Animal"": 0, ""Plant"": 0, ""Album"": 0, ""Film"": 0, ""WrittenWork"": 0}",1,1,1.0,1
186,Company,Company,Mitchell Corporation.  Mitchell Corporation (株式会社ミッチェル) is a Japanese video game developer based in the Suginami ward of Tokyo. Roy Ozaki serves as president and Koichi Niida serves as vice-president. Some employees are former Capcom and TAD Corporation employees. The company was originally established on February 1 1960 as an import/export business by the father of Roy Ozaki.,"{""Company"": 1, ""EducationalInstitution"": 0, ""Artist"": 0, ""Athlete"": 0, ""OfficeHolder"": 0, ""MeanOfTransportation"": 0, ""Building"": 0, ""NaturalPlace"": 0, ""Village"": 0, ""Animal"": 0, ""Plant"": 0, ""Album"": 0, ""Film"": 0, ""WrittenWork"": 0}",1,1,1.0,1
187,Film,Film,Cool Dimension: Innocent Assassin.  Cool Dimension: Innocent Assassin is a 2006 Japanese superhero film produced by Geneon Entertainment. It was released in Japan on October 14 2006 and in the United States on October 24 2006.,"{""Company"": 0, ""EducationalInstitution"": 0, ""Artist"": 0, ""Athlete"": 0, ""OfficeHolder"": 0, ""MeanOfTransportation"": 0, ""Building"": 0, ""NaturalPlace"": 0, ""Village"": 0, ""Animal"": 0, ""Plant"": 0, ""Album"": 0, ""Film"": 1, ""WrittenWork"": 0}",1,1,1.0,1
188,Animal,Animal,Padenia triseparata.  Padenia triseparata is a moth of the Arctiidae family. It was described by Debauche in 1938. It is found on Sulawesi.,"{""Company"": 0, ""EducationalInstitution"": 0, ""Artist"": 0, ""Athlete"": 0, ""OfficeHolder"": 0, ""MeanOfTransportation"": 0, ""Building"": 0, ""NaturalPlace"": 0, ""Village"": 0, ""Animal"": 1, ""Plant"": 0, ""Album"": 0, ""Film"": 0, ""WrittenWork"": 0}",1,1,1.0,1
189,WrittenWork,WrittenWork,Footfall.  Footfall is a 1985 science fiction novel written by Larry Niven and Jerry Pournelle. It was nominated for both the Hugo and Locus Awards in 1986 and was a No. 1 New York Times Bestseller.,"{""Company"": 0, ""EducationalInstitution"": 0, ""Artist"": 0, ""Athlete"": 0, ""OfficeHolder"": 0, ""MeanOfTransportation"": 0, ""Building"": 0, ""NaturalPlace"": 0, ""Village"": 0, ""Animal"": 0, ""Plant"": 0, ""Album"": 0, ""Film"": 0, ""WrittenWork"": 1}",1,1,1.0,1
190,Artist,Artist,Fabrizio Santafede.  Fabrizio Santafede (c. 1560–1635) was an Italian painter of the late-Renaissance and early-Baroque periods. He painted in a late-Mannerist style. He was a pupil of his father the painter Francesco Santafede and later a pupil of Francesco Curia and Andrea Sabbatini[citation needed]. Although he was born and died in Naples he traveled extensively including Bologna Florence Rome and Venice in his study of the great masters. He became a merchant of antiquities and paintings himself.,"{""Company"": 0, ""EducationalInstitution"": 0, ""Artist"": 1, ""Athlete"": 0, ""OfficeHolder"": 0, ""MeanOfTransportation"": 0, ""Building"": 0, ""NaturalPlace"": 0, ""Village"": 0, ""Animal"": 0, ""Plant"": 0, ""Album"": 0, ""Film"": 0, ""WrittenWork"": 0}",1,1,1.0,1
191,Artist,Artist,Frances Leviston.  Frances Leviston (born 1982) is a British poet.Born in Edinburgh Frances Leviston later moved to Sheffield. She studied at St Hilda's College in Oxford University where she read English. Leviston then began an MA in Creative Writing at Sheffield Hallam University. There she won their Ictus Prize in 2004 which led to the publication of her first pamphlet Lighter. She won an Eric Gregory Award for poets under 30 years of age in 2006.,"{""Company"": 0, ""EducationalInstitution"": 0, ""Artist"": 1, ""Athlete"": 0, ""OfficeHolder"": 0, ""MeanOfTransportation"": 0, ""Building"": 0, ""NaturalPlace"": 0, ""Village"": 0, ""Animal"": 0, ""Plant"": 0, ""Album"": 0, ""Film"": 0, ""WrittenWork"": 0}",1,1,1.0,1
192,Plant,Plant,Quercus wislizeni.  Quercus wislizeni known by the common names Interior Live Oak and Sierra Live Oak is an evergeen oak highly variable and often shrubby found in areas of California in the United States. It also occurs south into northern Baja California in Mexico. It generally occurs in foothills being most abundant in the lower altitudes of the Sierra Nevada but also widespread in the Pacific Coast Ranges and the San Gabriel Mountains.,"{""Company"": 0, ""EducationalInstitution"": 0, ""Artist"": 0, ""Athlete"": 0, ""OfficeHolder"": 0, ""MeanOfTransportation"": 0, ""Building"": 0, ""NaturalPlace"": 0, ""Village"": 0, ""Animal"": 0, ""Plant"": 1, ""Album"": 0, ""Film"": 0, ""WrittenWork"": 0}",1,1,1.0,1
193,Company,Company,M&M Meat Shops.  M&M Meat Shops (French: Les aliments M&M) is the largest specialty frozen food store chain in Canada. The company is headquartered in Kitchener Ontario and has locations in all ten provinces the Yukon and Northwest Territories; the company formerly had operations in the Midwestern United States under the MyMenu brand that was discontinued in early 2011.,"{""Company"": 1, ""EducationalInstitution"": 0, ""Artist"": 0, ""Athlete"": 0, ""OfficeHolder"": 0, ""MeanOfTransportation"": 0, ""Building"": 0, ""NaturalPlace"": 0, ""Village"": 0, ""Animal"": 0, ""Plant"": 0, ""Album"": 0, ""Film"": 0, ""WrittenWork"": 0}",1,1,1.0,1
194,WrittenWork,WrittenWork,Psychomusicology: Music Mind and Brain.  Psychomusicology: Music Mind and Brain is a peer-reviewed academic journal published by the American Psychological Association. It appears biannually and covers research on music perception cognition; and neuroscience. The current editor-in-chief is Annabel J. Cohen (University of Prince Edward Island). The journal was established in 1981 as Psychomusicology subtitled A Journal of Research in Music Cognition.,"{""Company"": 0, ""EducationalInstitution"": 0, ""Artist"": 0, ""Athlete"": 0, ""OfficeHolder"": 0, ""MeanOfTransportation"": 0, ""Building"": 0, ""NaturalPlace"": 0, ""Village"": 0, ""Animal"": 0, ""Plant"": 0, ""Album"": 0, ""Film"": 0, ""WrittenWork"": 1}",1,1,1.0,1
195,Artist,Artist,Takashi Okazaki.  Takashi Okazaki (岡崎 能士 Okazaki Takashi) is a Japanese manga artist visual designer and graphic designer most notable for writing and illustrating the manga series Afro Samurai.,"{""Company"": 0, ""EducationalInstitution"": 0, ""Artist"": 1, ""Athlete"": 0, ""OfficeHolder"": 0, ""MeanOfTransportation"": 0, ""Building"": 0, ""NaturalPlace"": 0, ""Village"": 0, ""Animal"": 0, ""Plant"": 0, ""Album"": 0, ""Film"": 0, ""WrittenWork"": 0}",1,1,1.0,1
196,Artist,Artist,Lakey The Kid.  Lakey The Kid or Lake is a rapper from Queensbridge New York. In 1999 Lake was released from prison after serving a seven-year sentence for according to him shooting a guy in the stomach who is said to have reported him to the police.He had been writing rhymes while in prison and attempted to get into the hip-hop industry once he was released. Lake is famously known as a friend and business partner of fellow Queensbridge rapper Nas.,"{""Company"": 0, ""EducationalInstitution"": 0, ""Artist"": 1, ""Athlete"": 0, ""OfficeHolder"": 0, ""MeanOfTransportation"": 0, ""Building"": 0, ""NaturalPlace"": 0, ""Village"": 0, ""Animal"": 0, ""Plant"": 0, ""Album"": 0, ""Film"": 0, ""WrittenWork"": 0}",1,1,1.0,1
197,Album,Album,Back Once Again.  Back Once Again is the debut EP by the Hilltop Hoods It was released as a 12 vinyl EP in 1997 and is very rare. The title track contains a vocal sample from Bring The Noise by Public Enemy. Hooded Puppets a short-lived live instrumental group comprising Chris Lambert (bass) Kenny Kreuper (drums) and Lee Moore (saxophone) contribute on two tracks on the EP.,"{""Company"": 0, ""EducationalInstitution"": 0, ""Artist"": 0, ""Athlete"": 0, ""OfficeHolder"": 0, ""MeanOfTransportation"": 0, ""Building"": 0, ""NaturalPlace"": 0, ""Village"": 0, ""Animal"": 0, ""Plant"": 0, ""Album"": 1, ""Film"": 0, ""WrittenWork"": 0}",1,1,1.0,1
198,EducationalInstitution,EducationalInstitution,Government College Kattappana.  Government College Kattappana is located in Idukki district India. Affiliated with M G University the college offers a Bachelor's degree in arts science and commerce.,"{""Company"": 0, ""EducationalInstitution"": 1, ""Artist"": 0, ""Athlete"": 0, ""OfficeHolder"": 0, ""MeanOfTransportation"": 0, ""Building"": 0, ""NaturalPlace"": 0, ""Village"": 0, ""Animal"": 0, ""Plant"": 0, ""Album"": 0, ""Film"": 0, ""WrittenWork"": 0}",1,1,1.0,1
199,Artist,Artist,Sharyn Scott.  Sharyn Scott is a British-American singer and songwriter.She is known for singing the English versions of the theme songs in the Tenchi Muyo! series (mostly the songs originally sung by Chisa Yokoyama). Scott was a guest singer at Yokoyama's Los Angeles concert in 1996.,"{""Company"": 0, ""EducationalInstitution"": 0, ""Artist"": 1, ""Athlete"": 0, ""OfficeHolder"": 0, ""MeanOfTransportation"": 0, ""Building"": 0, ""NaturalPlace"": 0, ""Village"": 0, ""Animal"": 0, ""Plant"": 0, ""Album"": 0, ""Film"": 0, ""WrittenWork"": 0}",1,1,1.0,1
200,WrittenWork,WrittenWork,Presidential Agent.  Presidential Agent is the fifth novel in Upton Sinclair's Lanny Budd series. First published in 1944 the story covers the period from 1937 to 1938.,"{""Company"": 0, ""EducationalInstitution"": 0, ""Artist"": 0, ""Athlete"": 0, ""OfficeHolder"": 0, ""MeanOfTransportation"": 0, ""Building"": 0, ""NaturalPlace"": 0, ""Village"": 0, ""Animal"": 0, ""Plant"": 0, ""Album"": 0, ""Film"": 0, ""WrittenWork"": 1}",1,1,1.0,1
201,Animal,Animal,Poecilopeplus martialis.  Poecilopeplus martialis is a species of beetle in the Cerambycidae family. It was described by Rosenberg in 1898.,"{""Company"": 0, ""EducationalInstitution"": 0, ""Artist"": 0, ""Athlete"": 0, ""OfficeHolder"": 0, ""MeanOfTransportation"": 0, ""Building"": 0, ""NaturalPlace"": 0, ""Village"": 0, ""Animal"": 1, ""Plant"": 0, ""Album"": 0, ""Film"": 0, ""WrittenWork"": 0}",1,1,1.0,1
202,Athlete,Athlete,Chris Swanepoel.  Chris Swanepoel (born 22 November 1984) is a South African professional golfer.Swanepoel has played on the Sunshine Tour since 2004. He has won three times on tour with his latest win being the Golden Pilsener Zimbabwe Open in April 2012.,"{""Company"": 0, ""EducationalInstitution"": 0, ""Artist"": 0, ""Athlete"": 1, ""OfficeHolder"": 0, ""MeanOfTransportation"": 0, ""Building"": 0, ""NaturalPlace"": 0, ""Village"": 0, ""Animal"": 0, ""Plant"": 0, ""Album"": 0, ""Film"": 0, ""WrittenWork"": 0}",1,1,1.0,1
203,Film,Film,Abraham Lincoln vs. Zombies.  Abraham Lincoln vs. Zombies is a 2012 American action horror B movie directed by Richard Schenkman with a screenplay by Schenkman based upon the story concept of Karl Hirsch and Lauren Proctor.,"{""Company"": 0, ""EducationalInstitution"": 0, ""Artist"": 0, ""Athlete"": 0, ""OfficeHolder"": 0, ""MeanOfTransportation"": 0, ""Building"": 0, ""NaturalPlace"": 0, ""Village"": 0, ""Animal"": 0, ""Plant"": 0, ""Album"": 0, ""Film"": 1, ""WrittenWork"": 0}",1,1,1.0,1
204,Building,OfficeHolder,San Francesco d'Assisi ad Acilia.  The Church of Saint Francis of Assisi in Acilia (Italian: San Francesco d'Assisi ad Acilia Latin: S. Francisci Assisiensis in Acilia) is a Roman Catholic titular church in Rome built as a parish church. On 21 February 2001 Pope John Paul II granted it a titular church as a seat for Cardinals.The present Cardinal Priest of the Titulus San Francisci Assisiensis in Acilia is Wilfrid Fox Napier.,"{""Company"": 0, ""EducationalInstitution"": 0, ""Artist"": 0, ""Athlete"": 0, ""OfficeHolder"": 1, ""MeanOfTransportation"": 0, ""Building"": 0, ""NaturalPlace"": 0, ""Village"": 0, ""Animal"": 0, ""Plant"": 0, ""Album"": 0, ""Film"": 0, ""WrittenWork"": 0}",1,1,1.0,0
205,Animal,Animal,Chloroclystis lichenodes.  Chloroclystis lichenodes is a moth in the Geometridae family. It is found in New Zealand where it has been recorded from the North Island the South Island and Stewart Island. The habitat consists of forests.The forewings are dull green with a large pale brown area near the base divided into three distinct patches by fine black lines. The central area of the wing is mottled with black pale brown and dull green. There is a broad irregular band of chocolate-brown near the termen.,"{""Company"": 0, ""EducationalInstitution"": 0, ""Artist"": 0, ""Athlete"": 0, ""OfficeHolder"": 0, ""MeanOfTransportation"": 0, ""Building"": 0, ""NaturalPlace"": 0, ""Village"": 0, ""Animal"": 1, ""Plant"": 0, ""Album"": 0, ""Film"": 0, ""WrittenWork"": 0}",1,1,1.0,1
206,MeanOfTransportation,MeanOfTransportation,USS Absegami (SP-371).  USS Absegami (SP-371) was a motorboat acquired on a free lease by the United States Navy during World War I. She was outfitted as an armed patrol craft and assigned to patrol the Delaware River from Philadelphia Pennsylvania to Cape May New Jersey on the Delaware Bay. When the Navy found her excess to their needs she was returned to her former owner.,"{""Company"": 0, ""EducationalInstitution"": 0, ""Artist"": 0, ""Athlete"": 0, ""OfficeHolder"": 0, ""MeanOfTransportation"": 1, ""Building"": 0, ""NaturalPlace"": 0, ""Village"": 0, ""Animal"": 0, ""Plant"": 0, ""Album"": 0, ""Film"": 0, ""WrittenWork"": 0}",1,1,1.0,1
207,Artist,Artist,Moe Keale.  Wilfred Nalani Moe Keale (December 3 1939 - April 15 2002) was a musician of Hawaiian music a ukulele virtuoso and an American actor. He was uncle to Israel Kamakawiwo'ole.,"{""Company"": 0, ""EducationalInstitution"": 0, ""Artist"": 1, ""Athlete"": 0, ""OfficeHolder"": 0, ""MeanOfTransportation"": 0, ""Building"": 0, ""NaturalPlace"": 0, ""Village"": 0, ""Animal"": 0, ""Plant"": 0, ""Album"": 0, ""Film"": 0, ""WrittenWork"": 0}",1,1,1.0,1
208,Company,Company,Mark VII Limited.  Mark VII Limited (or Mark Seven Limited) was the production company of actor producer and director Jack Webb and was active from 1951 to Webb's death in 1982.,"{""Company"": 1, ""EducationalInstitution"": 0, ""Artist"": 0, ""Athlete"": 0, ""OfficeHolder"": 0, ""MeanOfTransportation"": 0, ""Building"": 0, ""NaturalPlace"": 0, ""Village"": 0, ""Animal"": 0, ""Plant"": 0, ""Album"": 0, ""Film"": 0, ""WrittenWork"": 0}",1,1,1.0,1
209,EducationalInstitution,EducationalInstitution,Monterey Peninsula Unified School District.  Monterey Peninsula Unified School District is a public school district based in Monterey County California United States.,"{""Company"": 0, ""EducationalInstitution"": 1, ""Artist"": 0, ""Athlete"": 0, ""OfficeHolder"": 0, ""MeanOfTransportation"": 0, ""Building"": 0, ""NaturalPlace"": 0, ""Village"": 0, ""Animal"": 0, ""Plant"": 0, ""Album"": 0, ""Film"": 0, ""WrittenWork"": 0}",1,1,1.0,1
210,OfficeHolder,OfficeHolder,Margaret Rose Henry.  Margaret Rose Henry (born June 20 1944 in Rayne Louisiana) is an American politician and a Democratic member of the Delaware Senate since 1994 representing District 2.,"{""Company"": 0, ""EducationalInstitution"": 0, ""Artist"": 0, ""Athlete"": 0, ""OfficeHolder"": 1, ""MeanOfTransportation"": 0, ""Building"": 0, ""NaturalPlace"": 0, ""Village"": 0, ""Animal"": 0, ""Plant"": 0, ""Album"": 0, ""Film"": 0, ""WrittenWork"": 0}",1,1,1.0,1
211,Athlete,Athlete,Mirtha Brock.  Mirtha Brock Forbes (born April 9 1970) is a retired female track and field athlete from Colombia who competed in the sprint events during her career.,"{""Company"": 0, ""EducationalInstitution"": 0, ""Artist"": 0, ""Athlete"": 1, ""OfficeHolder"": 0, ""MeanOfTransportation"": 0, ""Building"": 0, ""NaturalPlace"": 0, ""Village"": 0, ""Animal"": 0, ""Plant"": 0, ""Album"": 0, ""Film"": 0, ""WrittenWork"": 0}",1,1,1.0,1
212,Village,Village,Advi Hulagabal.  Advi Hulagabal is a village in the southern state of Karnataka India. It is located in the Muddebihal taluk of Bijapur district in Karnataka.,"{""Company"": 0, ""EducationalInstitution"": 0, ""Artist"": 0, ""Athlete"": 0, ""OfficeHolder"": 0, ""MeanOfTransportation"": 0, ""Building"": 0, ""NaturalPlace"": 0, ""Village"": 1, ""Animal"": 0, ""Plant"": 0, ""Album"": 0, ""Film"": 0, ""WrittenWork"": 0}",1,1,1.0,1
213,Athlete,Athlete,Geoff Greenidge.  Geoffrey Alan Greenidge (born 26 May 1948 Fontabelle St Michael Barbados) is a former West Indian cricketer who played in five Tests from 1972 to 1973. His international career ended abruptly when he took part in a tour of Rhodesia which was then under white minority rule.Greenidge was the last white player to play for West Indies. For a time it was believed that Brendan Nash had taken this distinction in 2008 but Nash was later revealed to be of mixed race.,"{""Company"": 0, ""EducationalInstitution"": 0, ""Artist"": 0, ""Athlete"": 1, ""OfficeHolder"": 0, ""MeanOfTransportation"": 0, ""Building"": 0, ""NaturalPlace"": 0, ""Village"": 0, ""Animal"": 0, ""Plant"": 0, ""Album"": 0, ""Film"": 0, ""WrittenWork"": 0}",1,1,1.0,1
214,Building,Building,Sacred Heart Parish Ipswich.  Sacred Heart Parish - designated for Polish immigrants in Ipswich Massachusetts United States. Founded 1908. It was one of the Polish-American Roman Catholic parishes in New England in the Archdiocese of Boston.The parish closed April 25 1999. The building retains the original structure but the inside has been converted into luxury apartments.,"{""Company"": 0, ""EducationalInstitution"": 0, ""Artist"": 0, ""Athlete"": 0, ""OfficeHolder"": 0, ""MeanOfTransportation"": 0, ""Building"": 1, ""NaturalPlace"": 0, ""Village"": 0, ""Animal"": 0, ""Plant"": 0, ""Album"": 0, ""Film"": 0, ""WrittenWork"": 0}",1,1,1.0,1
215,OfficeHolder,OfficeHolder,Sally Kerans.  Sally P. Kerans (born May 26 1960 in Danvers Massachusetts) is an American politician who represented the 13th Essex district in the Massachusetts House of Representatives from 1991–1997.,"{""Company"": 0, ""EducationalInstitution"": 0, ""Artist"": 0, ""Athlete"": 0, ""OfficeHolder"": 1, ""MeanOfTransportation"": 0, ""Building"": 0, ""NaturalPlace"": 0, ""Village"": 0, ""Animal"": 0, ""Plant"": 0, ""Album"": 0, ""Film"": 0, ""WrittenWork"": 0}",1,1,1.0,1
216,Artist,WrittenWork,Jan Jelínek (legionary).  Jan Jelínek (8 April 1893 – 5 July 1974) was a Czech legionnaire and author of a book about legionnaires from the Boskovice region. He wrote about legionnaires in Russian Italian and French from 1931 to 1938.,"{""Company"": 0, ""EducationalInstitution"": 0, ""Artist"": 0, ""Athlete"": 0, ""OfficeHolder"": 0, ""MeanOfTransportation"": 0, ""Building"": 0, ""NaturalPlace"": 0, ""Village"": 0, ""Animal"": 0, ""Plant"": 0, ""Album"": 0, ""Film"": 0, ""WrittenWork"": 1}",1,1,1.0,0
217,MeanOfTransportation,MeanOfTransportation,USS Racine (PF-100).  USS Racine (PF-100) a Tacoma-class frigate was the first ship of the United States Navy to be named for Racine Wisconsin.The first Racine (PF-100) was laid down by the American Ship Building Company in Cleveland Ohio 14 September 1943; launched on 15 March 1944 sponsored by Mrs. Francis H. Wendt; and commissioned on 22 January 1945 at Houston Texas with Lieutenant Commander C. H. Waring USCG in command.,"{""Company"": 0, ""EducationalInstitution"": 0, ""Artist"": 0, ""Athlete"": 0, ""OfficeHolder"": 0, ""MeanOfTransportation"": 1, ""Building"": 0, ""NaturalPlace"": 0, ""Village"": 0, ""Animal"": 0, ""Plant"": 0, ""Album"": 0, ""Film"": 0, ""WrittenWork"": 0}",1,1,1.0,1
218,Film,Film,Kites: The Remix.  Kites: The Remix is the official English-language version of the 2010 film Kites. It was produced and edited by Hollywood director Brett Ratner. The international version is 90 minutes long as opposed to the Hindi version which is 130 minutes long. This new version removes all of the original Hindi songs except for the title track Fire which has an alternative English version that is heard during the end titles.,"{""Company"": 0, ""EducationalInstitution"": 0, ""Artist"": 0, ""Athlete"": 0, ""OfficeHolder"": 0, ""MeanOfTransportation"": 0, ""Building"": 0, ""NaturalPlace"": 0, ""Village"": 0, ""Animal"": 0, ""Plant"": 0, ""Album"": 0, ""Film"": 1, ""WrittenWork"": 0}",1,1,1.0,1
219,Company,Company,Magnitizdat.  Magnitizdat (Russian: магнитизда́т IPA: [məɡnʲɪtʲɪzˈdat] from the Russian words for tape recorder магнитофо́н [məɡnʲɪtɐˈfon]) and publishing изда́тельство [ɪˈzdatʲɪlʲstvə]) was the process of re-copying and self-distributing live audio tape recordings in the Soviet Union that were not available commercially.,"{""Company"": 1, ""EducationalInstitution"": 0, ""Artist"": 0, ""Athlete"": 0, ""OfficeHolder"": 0, ""MeanOfTransportation"": 0, ""Building"": 0, ""NaturalPlace"": 0, ""Village"": 0, ""Animal"": 0, ""Plant"": 0, ""Album"": 0, ""Film"": 0, ""WrittenWork"": 0}",1,1,1.0,1
220,Building,Building,St Mary Moorfields.  St Mary Moorfields is a Roman Catholic church in the City of London. The present building located at 4-5 Eldon Street was opened in 1903. However the foundation had a long history prior to this. A chapel was opened in 1686 but was suspended in 1689 in the aftermath of the Revolution of 1688. From 1736 there was a chapel in Ropemaker's Alley but in 1780 it too fell prey to anti-Catholic sentiment when its fabric and furniture were destroyed in the Gordon Riots.,"{""Company"": 0, ""EducationalInstitution"": 0, ""Artist"": 0, ""Athlete"": 0, ""OfficeHolder"": 0, ""MeanOfTransportation"": 0, ""Building"": 1, ""NaturalPlace"": 0, ""Village"": 0, ""Animal"": 0, ""Plant"": 0, ""Album"": 0, ""Film"": 0, ""WrittenWork"": 0}",1,1,1.0,1
221,Company,Company,Cardinal Health.  Cardinal Health Inc. is a Fortune 500 health care services company based in Dublin Ohio. The firm specializes in distribution of pharmaceuticals and medical products serving more than 60000 locations. The firm also manufactures medical and surgical products including gloves surgical apparel and fluid management products. In addition it operates the nation’s largest network of radiopharmacies.,"{""Company"": 1, ""EducationalInstitution"": 0, ""Artist"": 0, ""Athlete"": 0, ""OfficeHolder"": 0, ""MeanOfTransportation"": 0, ""Building"": 0, ""NaturalPlace"": 0, ""Village"": 0, ""Animal"": 0, ""Plant"": 0, ""Album"": 0, ""Film"": 0, ""WrittenWork"": 0}",1,1,1.0,1
222,MeanOfTransportation,MeanOfTransportation,Mastretta Unidiseño.  The Mastretta Unidiseño (previously Unidiseño Mastretta) was a kit-car coupé designed and manufactured by Mexican kit-car maker Unidiseño.,"{""Company"": 0, ""EducationalInstitution"": 0, ""Artist"": 0, ""Athlete"": 0, ""OfficeHolder"": 0, ""MeanOfTransportation"": 1, ""Building"": 0, ""NaturalPlace"": 0, ""Village"": 0, ""Animal"": 0, ""Plant"": 0, ""Album"": 0, ""Film"": 0, ""WrittenWork"": 0}",1,1,1.0,1
223,Village,Village,Lorkhani.  Lorkhani (Persian: لرخاني‎ also Romanized as Lorkhānī) is a village in Gamasiyab Rural District in the Central District of Sahneh County Kermanshah Province Iran. At the 2006 census its population was 179 in 35 families.,"{""Company"": 0, ""EducationalInstitution"": 0, ""Artist"": 0, ""Athlete"": 0, ""OfficeHolder"": 0, ""MeanOfTransportation"": 0, ""Building"": 0, ""NaturalPlace"": 0, ""Village"": 1, ""Animal"": 0, ""Plant"": 0, ""Album"": 0, ""Film"": 0, ""WrittenWork"": 0}",1,1,1.0,1
224,MeanOfTransportation,Company,BMW 7 Series (F01).  The BMW F01 is the current BMW 7 series that went into production in September 2008. The long-wheelbase model codenamed BMW F02 is 14 cm (5.5 in) longer than the BMW F01.,"{""Company"": 1, ""EducationalInstitution"": 0, ""Artist"": 0, ""Athlete"": 0, ""OfficeHolder"": 0, ""MeanOfTransportation"": 0, ""Building"": 0, ""NaturalPlace"": 0, ""Village"": 0, ""Animal"": 0, ""Plant"": 0, ""Album"": 0, ""Film"": 0, ""WrittenWork"": 0}",1,1,1.0,0
225,Building,Building,Toronto City Hall.  The Toronto City Hall is the home of the municipal government of Toronto Ontario Canada and one of the city's most distinctive landmarks. Designed by Finnish architect Viljo Revell (with Heikki Castrén Bengt Lundsten Seppo Valjus) and landscape architect Richard Strong and engineered by Hannskarl Bandel the building opened in 1965. It was built to replace Old City Hall which was built in 1899.,"{""Company"": 0, ""EducationalInstitution"": 0, ""Artist"": 0, ""Athlete"": 0, ""OfficeHolder"": 0, ""MeanOfTransportation"": 0, ""Building"": 1, ""NaturalPlace"": 0, ""Village"": 0, ""Animal"": 0, ""Plant"": 0, ""Album"": 0, ""Film"": 0, ""WrittenWork"": 0}",1,1,1.0,1
226,Company,Company,Yemeksepeti.  Yemeksepeti is an online food ordering company providing the facility to place food order online from an affiliated network of restaurants without charging the user any extra fees. The company started operations in Turkey and expanded to the to 4 different countries in the GCC region; The United Arab Emirates Kingdom of Saudi Arabia The Sultanate of Oman and The State of Qatar.,"{""Company"": 1, ""EducationalInstitution"": 0, ""Artist"": 0, ""Athlete"": 0, ""OfficeHolder"": 0, ""MeanOfTransportation"": 0, ""Building"": 0, ""NaturalPlace"": 0, ""Village"": 0, ""Animal"": 0, ""Plant"": 0, ""Album"": 0, ""Film"": 0, ""WrittenWork"": 0}",1,1,1.0,1
227,Building,Building,Capalaba Park Shopping Centre.  Capalaba Park Shopping Centre is a regional shopping centre located in Capalaba south-east of Brisbane Australia. The centre was opened to the public in 1981. Stores include Kmart Target Homeart Woolworths and Coles.,"{""Company"": 0, ""EducationalInstitution"": 0, ""Artist"": 0, ""Athlete"": 0, ""OfficeHolder"": 0, ""MeanOfTransportation"": 0, ""Building"": 1, ""NaturalPlace"": 0, ""Village"": 0, ""Animal"": 0, ""Plant"": 0, ""Album"": 0, ""Film"": 0, ""WrittenWork"": 0}",1,1,1.0,1
228,Artist,Artist,Barrett Martin.  Barrett Martin (born April 14 1967) is an American drummer upright bassist composer producer writer and Zen artist. He was the drummer for the Seattle Washington groups Skin Yard and Screaming Trees as well as the supergroups Mad Season and Tuatara. A multi-instrumentalist and producer he does recording session work in Seattle and Los Angeles and has played on or produced over 75 albums to date.,"{""Company"": 0, ""EducationalInstitution"": 0, ""Artist"": 1, ""Athlete"": 0, ""OfficeHolder"": 0, ""MeanOfTransportation"": 0, ""Building"": 0, ""NaturalPlace"": 0, ""Village"": 0, ""Animal"": 0, ""Plant"": 0, ""Album"": 0, ""Film"": 0, ""WrittenWork"": 0}",1,1,1.0,1
229,EducationalInstitution,EducationalInstitution,Mount Vernon High School (Alexandria Virginia).  Mount Vernon High School is a school in the Fairfax County Public Schools system located in Mount Vernon Virginia. The school was founded in 1939.,"{""Company"": 0, ""EducationalInstitution"": 1, ""Artist"": 0, ""Athlete"": 0, ""OfficeHolder"": 0, ""MeanOfTransportation"": 0, ""Building"": 0, ""NaturalPlace"": 0, ""Village"": 0, ""Animal"": 0, ""Plant"": 0, ""Album"": 0, ""Film"": 0, ""WrittenWork"": 0}",1,1,1.0,1
230,Film,WrittenWork,Western Cyclone.  Western Cyclone is a 1943 American film directed by Sam Newfield. The film is also known as Frontier Fighters (cut American reissue title).,"{""Company"": 0, ""EducationalInstitution"": 0, ""Artist"": 0, ""Athlete"": 0, ""OfficeHolder"": 0, ""MeanOfTransportation"": 0, ""Building"": 0, ""NaturalPlace"": 0, ""Village"": 0, ""Animal"": 0, ""Plant"": 0, ""Album"": 0, ""Film"": 0, ""WrittenWork"": 1}",1,1,1.0,0
231,Animal,Animal,Miomantis rebeli.  Miomantis rebeli is a species of praying mantis in the genus Miomantis in the order Mantodea.,"{""Company"": 0, ""EducationalInstitution"": 0, ""Artist"": 0, ""Athlete"": 0, ""OfficeHolder"": 0, ""MeanOfTransportation"": 0, ""Building"": 0, ""NaturalPlace"": 0, ""Village"": 0, ""Animal"": 1, ""Plant"": 0, ""Album"": 0, ""Film"": 0, ""WrittenWork"": 0}",1,1,1.0,1
232,NaturalPlace,NaturalPlace,Galda River.  The Galda River (Hungarian:Gáldi-patak ) is a tributary of the Mureş River in Transylvania Romania.,"{""Company"": 0, ""EducationalInstitution"": 0, ""Artist"": 0, ""Athlete"": 0, ""OfficeHolder"": 0, ""MeanOfTransportation"": 0, ""Building"": 0, ""NaturalPlace"": 1, ""Village"": 0, ""Animal"": 0, ""Plant"": 0, ""Album"": 0, ""Film"": 0, ""WrittenWork"": 0}",1,1,1.0,1
233,Artist,Artist,Alan Stafford.  Alan Stafford (born July 16 1976) is an American pornographic actor. He has appeared in over 130 movies since 2006 and won the 2008 AVN Award for Best Male Newcomer. He has also modelled for Playgirl magazine.,"{""Company"": 0, ""EducationalInstitution"": 0, ""Artist"": 1, ""Athlete"": 0, ""OfficeHolder"": 0, ""MeanOfTransportation"": 0, ""Building"": 0, ""NaturalPlace"": 0, ""Village"": 0, ""Animal"": 0, ""Plant"": 0, ""Album"": 0, ""Film"": 0, ""WrittenWork"": 0}",1,1,1.0,1
234,Album,Artist,This Gigantic Robot Kills.  This Gigantic Robot Kills is the sixth album by nerdcore musician MC Lars.Lars has stated that he worked with Weird Al Yankovic the Rondo Brothers Nick Rowe and Mike Kennedy of Bloodsimple James Bourne of Busted Daniel Dart of Time Again Donal Finn of Flash Bastard Pierre Bouvier of Simple Plan MC Bat Commander of The Aquabats Suburban Legends Worm Quartet Gabriel Saporta of Cobra Starship Brett Anderson of The Donnas MC Frontalot Amie Miriello of Dirtie Blonde Jesse Dangerously Linus Dotson of Size 14 Parry Gripp of Nerf Herder Jonathan Coulton Aesias Finale Sebastian Reynolds Brendan B.,"{""Company"": 0, ""EducationalInstitution"": 0, ""Artist"": 1, ""Athlete"": 0, ""OfficeHolder"": 0, ""MeanOfTransportation"": 0, ""Building"": 0, ""NaturalPlace"": 0, ""Village"": 0, ""Animal"": 0, ""Plant"": 0, ""Album"": 0, ""Film"": 0, ""WrittenWork"": 0}",1,1,1.0,0
235,OfficeHolder,OfficeHolder,Gunnar Uldall.  Gunnar Uldall (born 1940) is a German politician and former state minister of Economy and Labour in Hamburg. He is a member of the Christian Democratic Union (CDU).Uldall was born on 17 November 1940 in Hamburg he is married with 3 children. After his Abitur in 1960 and his conscription to the armed forces (1960–1962) Uldall studied economics at the University of Hamburg and earned his degree in 1966.,"{""Company"": 0, ""EducationalInstitution"": 0, ""Artist"": 0, ""Athlete"": 0, ""OfficeHolder"": 1, ""MeanOfTransportation"": 0, ""Building"": 0, ""NaturalPlace"": 0, ""Village"": 0, ""Animal"": 0, ""Plant"": 0, ""Album"": 0, ""Film"": 0, ""WrittenWork"": 0}",1,1,1.0,1
236,OfficeHolder,OfficeHolder,Cheryl Jacques.  Cheryl Ann Jacques (born February 17 1962) is a Massachusetts administrative judge in the Department of Industrial Accidents and former politician who served six terms in the Massachusetts Senate. She also worked as the president of the Human Rights Campaign for 11 months and addressed the 2004 Democratic National Convention in this post.Jacques graduated from Boston College in 1984 and received her J.D.,"{""Company"": 0, ""EducationalInstitution"": 0, ""Artist"": 0, ""Athlete"": 0, ""OfficeHolder"": 1, ""MeanOfTransportation"": 0, ""Building"": 0, ""NaturalPlace"": 0, ""Village"": 0, ""Animal"": 0, ""Plant"": 0, ""Album"": 0, ""Film"": 0, ""WrittenWork"": 0}",1,1,1.0,1
237,Village,Village,Stare Serby.  Stare Serby [ˈstarɛ ˈsɛrbɨ] (German: Lerchenberg 4/1/1938 Alt Lerchenberg) is a village in the administrative district of Gmina Głogów within Głogów County Lower Silesian Voivodeship in south-western Poland. Prior to 1945 it was in Germany.It lies approximately 5 km (3 mi) north-east of Głogów and 89 km (55 mi) north-west of the regional capital Wrocław.The village has an approximate population of 140.,"{""Company"": 0, ""EducationalInstitution"": 0, ""Artist"": 0, ""Athlete"": 0, ""OfficeHolder"": 0, ""MeanOfTransportation"": 0, ""Building"": 0, ""NaturalPlace"": 0, ""Village"": 1, ""Animal"": 0, ""Plant"": 0, ""Album"": 0, ""Film"": 0, ""WrittenWork"": 0}",1,1,1.0,1
238,OfficeHolder,OfficeHolder,Tarnya Smith.  Tarnya Lisa Smith (born 17 March 1965) is an Australian Liberal National politician who is the member of the Legislative Assembly of Queensland for Mount Ommaney having defeated Ben Marczyk at the 2012 state election. She was the candidate for the federal seat of Oxley at the 2010 federal election.,"{""Company"": 0, ""EducationalInstitution"": 0, ""Artist"": 0, ""Athlete"": 0, ""OfficeHolder"": 1, ""MeanOfTransportation"": 0, ""Building"": 0, ""NaturalPlace"": 0, ""Village"": 0, ""Animal"": 0, ""Plant"": 0, ""Album"": 0, ""Film"": 0, ""WrittenWork"": 0}",1,1,1.0,1
239,EducationalInstitution,EducationalInstitution,School Without Walls (Washington D.C.).  The School Without Walls Senior High School is a small public magnet high school in the Foggy Bottom area of Washington D.C. It is colloquially referred to by students and faculty as Walls. It is also well known as the top high school in the District of Columbia Public Schools and one of the best in the region.The school was established in 1971 following the model of the Parkway Program in the School District of Philadelphia.,"{""Company"": 0, ""EducationalInstitution"": 1, ""Artist"": 0, ""Athlete"": 0, ""OfficeHolder"": 0, ""MeanOfTransportation"": 0, ""Building"": 0, ""NaturalPlace"": 0, ""Village"": 0, ""Animal"": 0, ""Plant"": 0, ""Album"": 0, ""Film"": 0, ""WrittenWork"": 0}",1,1,1.0,1
240,EducationalInstitution,EducationalInstitution,McMaster School of Nursing.  The McMaster School of Nursing (SON) was established in 1946 and expanded with support from many community hospitals to become one of the unique programmes to incorporate professional and distance education in the field.,"{""Company"": 0, ""EducationalInstitution"": 1, ""Artist"": 0, ""Athlete"": 0, ""OfficeHolder"": 0, ""MeanOfTransportation"": 0, ""Building"": 0, ""NaturalPlace"": 0, ""Village"": 0, ""Animal"": 0, ""Plant"": 0, ""Album"": 0, ""Film"": 0, ""WrittenWork"": 0}",1,1,1.0,1
241,Film,Film,The Land Beyond the Sunset.  The Land Beyond the Sunset is a 1912 short silent drama film which tells the story of a young boy oppressed by his grandmother who goes on an outing in the country with a social welfare group. It stars Martin Fuller Mrs. William Bechtel Walter Edwin and Bigelow Cooper. The movie was written by Dorothy G. Shore and directed by Harold M. Shaw.,"{""Company"": 0, ""EducationalInstitution"": 0, ""Artist"": 0, ""Athlete"": 0, ""OfficeHolder"": 0, ""MeanOfTransportation"": 0, ""Building"": 0, ""NaturalPlace"": 0, ""Village"": 0, ""Animal"": 0, ""Plant"": 0, ""Album"": 0, ""Film"": 1, ""WrittenWork"": 0}",1,1,1.0,1
242,OfficeHolder,OfficeHolder,Thomas S. Bocock.  Thomas Stanley Bocock (May 18 1815 – August 5 1891) was a nineteenth-century politician and lawyer from Virginia. After serving as an antebellum United States Congressman he was the Speaker of the Confederate States House of Representatives during most of the American Civil War.,"{""Company"": 0, ""EducationalInstitution"": 0, ""Artist"": 0, ""Athlete"": 0, ""OfficeHolder"": 1, ""MeanOfTransportation"": 0, ""Building"": 0, ""NaturalPlace"": 0, ""Village"": 0, ""Animal"": 0, ""Plant"": 0, ""Album"": 0, ""Film"": 0, ""WrittenWork"": 0}",1,1,1.0,1
243,MeanOfTransportation,Building,USS Wright (AV-1).  USS Wright (AZ-1/AV-1) was a one-of-a-kind auxiliary ship in the United States Navy named for aviation pioneer Orville Wright.,"{""Company"": 0, ""EducationalInstitution"": 0, ""Artist"": 0, ""Athlete"": 0, ""OfficeHolder"": 0, ""MeanOfTransportation"": 0, ""Building"": 1, ""NaturalPlace"": 0, ""Village"": 0, ""Animal"": 0, ""Plant"": 0, ""Album"": 0, ""Film"": 0, ""WrittenWork"": 0}",1,1,1.0,0
244,WrittenWork,WrittenWork,A Treatise on Money.  A Treatise on Money is a work on economics by English economist John Maynard Keynes. In the Treatise Keynes drew a distinction between savings and investment arguing that where saving exceeded investment recession would occur. Thus Keynes reasoned that during a depression the best course of action would be to promote spending and to discourage saving.,"{""Company"": 0, ""EducationalInstitution"": 0, ""Artist"": 0, ""Athlete"": 0, ""OfficeHolder"": 0, ""MeanOfTransportation"": 0, ""Building"": 0, ""NaturalPlace"": 0, ""Village"": 0, ""Animal"": 0, ""Plant"": 0, ""Album"": 0, ""Film"": 0, ""WrittenWork"": 1}",1,1,1.0,1
245,Company,Company,Asian Institute of Finance.  Asian Institute of Finance or AIF for short is a non-profit organisation focused on human capital development in the Financial Services Industry (FSI). The institute is located at KL Sentral Kuala Lumpur Malaysia.,"{""Company"": 1, ""EducationalInstitution"": 0, ""Artist"": 0, ""Athlete"": 0, ""OfficeHolder"": 0, ""MeanOfTransportation"": 0, ""Building"": 0, ""NaturalPlace"": 0, ""Village"": 0, ""Animal"": 0, ""Plant"": 0, ""Album"": 0, ""Film"": 0, ""WrittenWork"": 0}",1,1,1.0,1
246,Album,Album,Slush (album).  Slush is the 1997 debut album by OP8 a band formed from Lisa Germano Howe Gelb of Giant Sand and Joey Burns and John Convertino of Calexico and Giant Sand. The album was released on Thirsty Ear and features covers of Sand by Nancy Sinatra and Lee Hazlewood as well as Round and Round by Neil Young. Its generally mainstream jazz-inflected songwriting is at times counterbalanced by odd sonic details including detuned melodic fragments and synthetic noises.,"{""Company"": 0, ""EducationalInstitution"": 0, ""Artist"": 0, ""Athlete"": 0, ""OfficeHolder"": 0, ""MeanOfTransportation"": 0, ""Building"": 0, ""NaturalPlace"": 0, ""Village"": 0, ""Animal"": 0, ""Plant"": 0, ""Album"": 1, ""Film"": 0, ""WrittenWork"": 0}",1,1,1.0,1
247,OfficeHolder,OfficeHolder,Aníbal José Torres.  Aníbal José Jossie Torres is a Puerto Rican politician affiliated to the Popular Democratic Party (PPD). Torres has served in several positions of leadership within his party. He served as Secretary of the party during the 2000s before being appointed as Puerto Rico Chief of Staff by elected Governor Aníbal Acevedo Vilá in 2005. After serving four years he returned to his position as Secretary of the PPD before deciding to run for the Senate of Puerto Rico at the 2012 general elections.,"{""Company"": 0, ""EducationalInstitution"": 0, ""Artist"": 0, ""Athlete"": 0, ""OfficeHolder"": 1, ""MeanOfTransportation"": 0, ""Building"": 0, ""NaturalPlace"": 0, ""Village"": 0, ""Animal"": 0, ""Plant"": 0, ""Album"": 0, ""Film"": 0, ""WrittenWork"": 0}",1,1,1.0,1
248,NaturalPlace,NaturalPlace,Santa Fe Baldy.  Santa Fe Baldy is a prominent summit in the Sangre de Cristo Mountains of New Mexico United States located 15 mi (24 km) northeast of Santa Fe. There are no higher mountains in New Mexico south of Santa Fe Baldy. It is prominent as seen from Los Alamos and communities along the Rio Grande in northern New Mexico but is relatively inconspicuous from Santa Fe as its north-south trending main ridge line is seen nearly end-on disguising the size of the mountain.,"{""Company"": 0, ""EducationalInstitution"": 0, ""Artist"": 0, ""Athlete"": 0, ""OfficeHolder"": 0, ""MeanOfTransportation"": 0, ""Building"": 0, ""NaturalPlace"": 1, ""Village"": 0, ""Animal"": 0, ""Plant"": 0, ""Album"": 0, ""Film"": 0, ""WrittenWork"": 0}",1,1,1.0,1
249,Company,Company,Canada West Airlines.  Canada West Airlines was an airline based in Canada. It ceased operations in 2004.,"{""Company"": 1, ""EducationalInstitution"": 0, ""Artist"": 0, ""Athlete"": 0, ""OfficeHolder"": 0, ""MeanOfTransportation"": 0, ""Building"": 0, ""NaturalPlace"": 0, ""Village"": 0, ""Animal"": 0, ""Plant"": 0, ""Album"": 0, ""Film"": 0, ""WrittenWork"": 0}",1,1,1.0,1
250,Building,NaturalPlace,Kađenica.  The Smoke Cave or Kađenica is a cave-church located in the village of Dljina near Čačak on the right bank of the Zapadna Morava one kilometre upstream from Ovčar Banja Serbia.During the Hadži Prodan's revolt in 1814 people found refuge in the cave. Turks discovered their hiding place and using straw and woods set it on fire suffocating everyone inside. This incident also gave the name to the cave. In 1936 the remains were retrieved fully cremated and buried in two stone sarcophaguses.,"{""Company"": 0, ""EducationalInstitution"": 0, ""Artist"": 0, ""Athlete"": 0, ""OfficeHolder"": 0, ""MeanOfTransportation"": 0, ""Building"": 0, ""NaturalPlace"": 1, ""Village"": 0, ""Animal"": 0, ""Plant"": 0, ""Album"": 0, ""Film"": 0, ""WrittenWork"": 0}",1,1,1.0,0
251,Plant,Plant,Pothoidium.  Pothoidium is a monotypic genus of flowering plants in the Araceae family. The single species that comprises the genus is Pothoidium lobbianum. This species is endemic to the Moluccas Sulawesi the Philippines and Taiwan.,"{""Company"": 0, ""EducationalInstitution"": 0, ""Artist"": 0, ""Athlete"": 0, ""OfficeHolder"": 0, ""MeanOfTransportation"": 0, ""Building"": 0, ""NaturalPlace"": 0, ""Village"": 0, ""Animal"": 0, ""Plant"": 1, ""Album"": 0, ""Film"": 0, ""WrittenWork"": 0}",1,1,1.0,1
252,Album,Album,Royal Festival Hall Vol. 1.  Royal Festival Hall Vol. 1 is the twenty-fourth album by Klaus Schulze. It was originally released in 1992. This is the third of seven early-1990s Klaus Schulze albums not to be reissued by Revisited Records.,"{""Company"": 0, ""EducationalInstitution"": 0, ""Artist"": 0, ""Athlete"": 0, ""OfficeHolder"": 0, ""MeanOfTransportation"": 0, ""Building"": 0, ""NaturalPlace"": 0, ""Village"": 0, ""Animal"": 0, ""Plant"": 0, ""Album"": 1, ""Film"": 0, ""WrittenWork"": 0}",1,1,1.0,1
253,Athlete,Athlete,Cao Tianbao.  Cao Tianbao (Chinese: 曹添堡; pinyin: Cáo Tiānbǎo; born 3 April 1982 in Shenyang) is a Chinese football striker who currently plays for Changchun Yatai in the Chinese Super League Primarily plays in the position of second striker.,"{""Company"": 0, ""EducationalInstitution"": 0, ""Artist"": 0, ""Athlete"": 1, ""OfficeHolder"": 0, ""MeanOfTransportation"": 0, ""Building"": 0, ""NaturalPlace"": 0, ""Village"": 0, ""Animal"": 0, ""Plant"": 0, ""Album"": 0, ""Film"": 0, ""WrittenWork"": 0}",1,1,1.0,1
254,Film,Film,The Dancing Masters.  The Dancing Masters is a 1943 Laurel and Hardy feature film. The plot involves the team running a ballet school and getting involved with an inventor. A young Robert Mitchum has an uncredited cameo role as a fraudulent insurance salesman.,"{""Company"": 0, ""EducationalInstitution"": 0, ""Artist"": 0, ""Athlete"": 0, ""OfficeHolder"": 0, ""MeanOfTransportation"": 0, ""Building"": 0, ""NaturalPlace"": 0, ""Village"": 0, ""Animal"": 0, ""Plant"": 0, ""Album"": 0, ""Film"": 1, ""WrittenWork"": 0}",1,1,1.0,1
255,Building,Building,San Pietro alla Magione.  San Pietro alla Magione is an ancient church on Via Camollia in Siena Italy.Documents attest to a church at the site since 998. It is built in stone and preceded by a stairs and a Romanesque bell portal. The austere interior was restored in 1957 and contains a Gothic tabernacle from the second half of the 14th century a Madonna with Saints John the Baptist and Peter by Diego Pesco fragments of frescoes (Cruxifixion and Biblical Stories) by Cristoforo di Bindoccio and Meo di Pero.,"{""Company"": 0, ""EducationalInstitution"": 0, ""Artist"": 0, ""Athlete"": 0, ""OfficeHolder"": 0, ""MeanOfTransportation"": 0, ""Building"": 1, ""NaturalPlace"": 0, ""Village"": 0, ""Animal"": 0, ""Plant"": 0, ""Album"": 0, ""Film"": 0, ""WrittenWork"": 0}",1,1,1.0,1
256,Building,Building,Elk Hill (Forest Virginia).  Elk Hill is a historic plantation home located near Forest Bedford County Virginia. It was built about 1797 and consists of a 2 1/2-story three bay brick central section with flanking wings in the Federal style. It has a slate gable roof and a front porch added in 1928 when restored by the architect Preston Craighill. The main block has twin brick exterior chimneys.,"{""Company"": 0, ""EducationalInstitution"": 0, ""Artist"": 0, ""Athlete"": 0, ""OfficeHolder"": 0, ""MeanOfTransportation"": 0, ""Building"": 1, ""NaturalPlace"": 0, ""Village"": 0, ""Animal"": 0, ""Plant"": 0, ""Album"": 0, ""Film"": 0, ""WrittenWork"": 0}",1,1,1.0,1
257,Album,Album,Just a Taste.  Just a Taste is a four track EP from rock band Steelheart. Released in late 2006 it's literally a taste of music to be heard from the following album Good 2b Alive released on September 15 2008 although the EP had its own supporting tour.Although the EP is now available for purchase via the Steelheart online store the tracks are available separately as digital downloads.,"{""Company"": 0, ""EducationalInstitution"": 0, ""Artist"": 0, ""Athlete"": 0, ""OfficeHolder"": 0, ""MeanOfTransportation"": 0, ""Building"": 0, ""NaturalPlace"": 0, ""Village"": 0, ""Animal"": 0, ""Plant"": 0, ""Album"": 1, ""Film"": 0, ""WrittenWork"": 0}",1,1,1.0,1
258,Plant,Plant,Simira.  Simira is a genus of plant in family Rubiaceae. It contains the following species (which list may be incomplete): Simira standleyi (Little)Steyerm. Simira wurdackii Steyerm.,"{""Company"": 0, ""EducationalInstitution"": 0, ""Artist"": 0, ""Athlete"": 0, ""OfficeHolder"": 0, ""MeanOfTransportation"": 0, ""Building"": 0, ""NaturalPlace"": 0, ""Village"": 0, ""Animal"": 0, ""Plant"": 1, ""Album"": 0, ""Film"": 0, ""WrittenWork"": 0}",1,1,1.0,1
259,Film,Film,The Compulsory Husband.  The Compulsory Husband is a 1930 British comedy film directed by Monty Banks and starring Banks Lillian Manton and Clifford Heatherley. It was based on a novel by John Glyder.,"{""Company"": 0, ""EducationalInstitution"": 0, ""Artist"": 0, ""Athlete"": 0, ""OfficeHolder"": 0, ""MeanOfTransportation"": 0, ""Building"": 0, ""NaturalPlace"": 0, ""Village"": 0, ""Animal"": 0, ""Plant"": 0, ""Album"": 0, ""Film"": 1, ""WrittenWork"": 0}",1,1,1.0,1
260,Plant,Plant,Salvia 'Jean's Purple Passion'.  Salvia 'Jean's Purple Passion' is a Salvia cultivar discovered at Cabrillo College in Aptos California. It was found growing between Salvia gesneriflora 'Tequila' and Salvia mexicana who are presumed to be its parents. It is named for Jean Coria a gardening enthusiast who propagated many species in the genus Salvia for many years at Strybing Arboretum.It has large vibrant violet flowers and grows 6 ft (1.8 m) or more in height.,"{""Company"": 0, ""EducationalInstitution"": 0, ""Artist"": 0, ""Athlete"": 0, ""OfficeHolder"": 0, ""MeanOfTransportation"": 0, ""Building"": 0, ""NaturalPlace"": 0, ""Village"": 0, ""Animal"": 0, ""Plant"": 1, ""Album"": 0, ""Film"": 0, ""WrittenWork"": 0}",1,1,1.0,1
261,NaturalPlace,NaturalPlace,Briar Lake.  Briar Lake is a lake of Clare municipality in Nova Scotia Canada.,"{""Company"": 0, ""EducationalInstitution"": 0, ""Artist"": 0, ""Athlete"": 0, ""OfficeHolder"": 0, ""MeanOfTransportation"": 0, ""Building"": 0, ""NaturalPlace"": 1, ""Village"": 0, ""Animal"": 0, ""Plant"": 0, ""Album"": 0, ""Film"": 0, ""WrittenWork"": 0}",1,1,1.0,1
262,Animal,Animal,Ciconiiformes.  Traditionally the order Ciconiiformes has included a variety of large long-legged wading birds with large bills: storks herons egrets ibises spoonbills and several others. Ciconiiformes are known from the Late Eocene. At present the only family retained in the order is the storks Ciconiidae.,"{""Company"": 0, ""EducationalInstitution"": 0, ""Artist"": 0, ""Athlete"": 0, ""OfficeHolder"": 0, ""MeanOfTransportation"": 0, ""Building"": 0, ""NaturalPlace"": 0, ""Village"": 0, ""Animal"": 1, ""Plant"": 0, ""Album"": 0, ""Film"": 0, ""WrittenWork"": 0}",1,1,1.0,1
263,Film,Film,The Favorite.  For the opera by Donizetti see La favorite. For the stadium in Palermo Italy see La Favorita. For the Canadian early music ensemble see La Favoritte. For the Brazilian soap opera see A Favorita.The Favorite (also titled Intimate Power) is a 1989 film based on the fictional life story of Aimée du Buc de Rivéry that takes place at the dawn of the 19th century. It is the final film of director Jack Smight.,"{""Company"": 0, ""EducationalInstitution"": 0, ""Artist"": 0, ""Athlete"": 0, ""OfficeHolder"": 0, ""MeanOfTransportation"": 0, ""Building"": 0, ""NaturalPlace"": 0, ""Village"": 0, ""Animal"": 0, ""Plant"": 0, ""Album"": 0, ""Film"": 1, ""WrittenWork"": 0}",1,1,1.0,1
264,Artist,Artist,Stephen Gregory (author).  Stephen Gregory is a Welsh author of horror fiction. He was born in Derby England in 1952. He has a degree in law from the University of London and has worked as a teacher in various places including Bangor in Wales Algiers in Algeria and the Sudan. Gregory lived in Hollywood California for a time where he worked as a script writer with William Friedkin at Paramount Pictures.,"{""Company"": 0, ""EducationalInstitution"": 0, ""Artist"": 1, ""Athlete"": 0, ""OfficeHolder"": 0, ""MeanOfTransportation"": 0, ""Building"": 0, ""NaturalPlace"": 0, ""Village"": 0, ""Animal"": 0, ""Plant"": 0, ""Album"": 0, ""Film"": 0, ""WrittenWork"": 0}",1,1,1.0,1
265,Artist,Artist,John Straley.  John Straley is a poet and author of detective fiction. He currently resides in Sitka Alaska.,"{""Company"": 0, ""EducationalInstitution"": 0, ""Artist"": 1, ""Athlete"": 0, ""OfficeHolder"": 0, ""MeanOfTransportation"": 0, ""Building"": 0, ""NaturalPlace"": 0, ""Village"": 0, ""Animal"": 0, ""Plant"": 0, ""Album"": 0, ""Film"": 0, ""WrittenWork"": 0}",1,1,1.0,1
266,EducationalInstitution,EducationalInstitution,Centro de Enseñanza Técnica y Superior.  The Centro de Enseñanza Técnica y Superior (CETYS) is a Mexican private university commonly referred to as CETYS Universidad.This institution was founded on February 17 1961 with Fernando Macías Rendón as first president in Mexicali Baja California. It originally opened with only a high school program where the first student registered was Eugenio Lagarde Camerón and courses started on September 20.,"{""Company"": 0, ""EducationalInstitution"": 1, ""Artist"": 0, ""Athlete"": 0, ""OfficeHolder"": 0, ""MeanOfTransportation"": 0, ""Building"": 0, ""NaturalPlace"": 0, ""Village"": 0, ""Animal"": 0, ""Plant"": 0, ""Album"": 0, ""Film"": 0, ""WrittenWork"": 0}",1,1,1.0,1
267,Building,Building,David Bachrach House.  The David Bachrach House also known as Gertrude Stein House is a historic home located at Baltimore Maryland United States. It is a late 19th-century Victorian style frame structure consisting of two stories plus a mansard roof in height. It was constructed about 1886 and occupied by David Bachrach (1845-1921) a commercial photographer who figures prominently in the annals of American photographic history.,"{""Company"": 0, ""EducationalInstitution"": 0, ""Artist"": 0, ""Athlete"": 0, ""OfficeHolder"": 0, ""MeanOfTransportation"": 0, ""Building"": 1, ""NaturalPlace"": 0, ""Village"": 0, ""Animal"": 0, ""Plant"": 0, ""Album"": 0, ""Film"": 0, ""WrittenWork"": 0}",1,1,1.0,1
268,Album,Album,Blue Light 'til Dawn.  Blue Light 'til Dawn is a studio album by American jazz singer Cassandra Wilson. Her first album on the Blue Note label it was released in 1993. It contains Wilson's interpretations of songs by various blues and rock artists as well as three original compositions.,"{""Company"": 0, ""EducationalInstitution"": 0, ""Artist"": 0, ""Athlete"": 0, ""OfficeHolder"": 0, ""MeanOfTransportation"": 0, ""Building"": 0, ""NaturalPlace"": 0, ""Village"": 0, ""Animal"": 0, ""Plant"": 0, ""Album"": 1, ""Film"": 0, ""WrittenWork"": 0}",1,1,1.0,1
269,Film,Film,Ammai Duwai.  Ammai Duwai is a 1984 Sri Lankan film directed by Mu. Arukgoda.,"{""Company"": 0, ""EducationalInstitution"": 0, ""Artist"": 0, ""Athlete"": 0, ""OfficeHolder"": 0, ""MeanOfTransportation"": 0, ""Building"": 0, ""NaturalPlace"": 0, ""Village"": 0, ""Animal"": 0, ""Plant"": 0, ""Album"": 0, ""Film"": 1, ""WrittenWork"": 0}",1,1,1.0,1
270,Company,Company,SwoonXO.  SwoonXO is a dating website and Facebook Application that incorporates live interactive environments for users to meet in real time. SwoonXO is privately held company based in San Francisco California.SwoonXO's dating website features are free but it's live interactive component is accessed by purchasing credits on the site.,"{""Company"": 1, ""EducationalInstitution"": 0, ""Artist"": 0, ""Athlete"": 0, ""OfficeHolder"": 0, ""MeanOfTransportation"": 0, ""Building"": 0, ""NaturalPlace"": 0, ""Village"": 0, ""Animal"": 0, ""Plant"": 0, ""Album"": 0, ""Film"": 0, ""WrittenWork"": 0}",1,1,1.0,1
271,Building,Building,All Saints Cathedral Halifax.  All Saints Cathedral is the cathedral church of the Anglican Church of Canada in Halifax Nova Scotia.It is the cathedral for the Diocese of Nova Scotia and Prince Edward Island. There is an additional cathedral St. Peter's in Charlottetown Prince Edward Island owing to the diocese unusually containing two civil provinces.All Saints is located on Martello Street (formerly Tower Road) in the South End of the Halifax Peninsula.,"{""Company"": 0, ""EducationalInstitution"": 0, ""Artist"": 0, ""Athlete"": 0, ""OfficeHolder"": 0, ""MeanOfTransportation"": 0, ""Building"": 1, ""NaturalPlace"": 0, ""Village"": 0, ""Animal"": 0, ""Plant"": 0, ""Album"": 0, ""Film"": 0, ""WrittenWork"": 0}",1,1,1.0,1
272,EducationalInstitution,EducationalInstitution,Alabama School of Mathematics and Science.  The Alabama School of Mathematics and Science (ASMS) is a public residential high school in the Midtown neighborhood of Mobile Alabama. ASMS is a member of the National Consortium for Specialized Secondary Schools of Mathematics Science and Technology. It graduated its first class in 1993.The school was founded in 1989 as a unique public-private partnership.,"{""Company"": 0, ""EducationalInstitution"": 1, ""Artist"": 0, ""Athlete"": 0, ""OfficeHolder"": 0, ""MeanOfTransportation"": 0, ""Building"": 0, ""NaturalPlace"": 0, ""Village"": 0, ""Animal"": 0, ""Plant"": 0, ""Album"": 0, ""Film"": 0, ""WrittenWork"": 0}",1,1,1.0,1
273,MeanOfTransportation,MeanOfTransportation,LIPNUR Kunang.  The LIPNUR Kunang was a single-seat sports plane built in Indonesia that first flew in 1958 in the hope that it would inspire interest in aviation amongst Indonesian youth. The only example that was built was subsequently grounded. It was a single-seat monoplane of conventional layout with fixed tailwheel undercarriage.,"{""Company"": 0, ""EducationalInstitution"": 0, ""Artist"": 0, ""Athlete"": 0, ""OfficeHolder"": 0, ""MeanOfTransportation"": 1, ""Building"": 0, ""NaturalPlace"": 0, ""Village"": 0, ""Animal"": 0, ""Plant"": 0, ""Album"": 0, ""Film"": 0, ""WrittenWork"": 0}",1,1,1.0,1
274,Building,Building,All Saints Church Thornton Hough.  All Saints Church Thornton Hough is in Raby Road Thornton Hough Wirral Merseyside England. It is an active Anglican parish church in the Deanery of Wirral South the archdeaconry of Chester and the diocese of Chester. The church is designated by English Heritage as a Grade II listed building.,"{""Company"": 0, ""EducationalInstitution"": 0, ""Artist"": 0, ""Athlete"": 0, ""OfficeHolder"": 0, ""MeanOfTransportation"": 0, ""Building"": 1, ""NaturalPlace"": 0, ""Village"": 0, ""Animal"": 0, ""Plant"": 0, ""Album"": 0, ""Film"": 0, ""WrittenWork"": 0}",1,1,1.0,1
275,Album,Album,Coming Up (album).  Coming Up is the third album by English alternative rock band Suede released in September 1996 on Nude Records. It was the band's first album since the departure of guitarist Bernard Butler who was replaced by Richard Oakes. Also added to the band was keyboardist Neil Codling. The album was nominated for the 1997 Mercury Prize. A commercial and critical success Coming Up was the album that introduced Suede to a worldwide audience in places such as Europe Canada and Asia.,"{""Company"": 0, ""EducationalInstitution"": 0, ""Artist"": 0, ""Athlete"": 0, ""OfficeHolder"": 0, ""MeanOfTransportation"": 0, ""Building"": 0, ""NaturalPlace"": 0, ""Village"": 0, ""Animal"": 0, ""Plant"": 0, ""Album"": 1, ""Film"": 0, ""WrittenWork"": 0}",1,1,1.0,1
276,EducationalInstitution,EducationalInstitution,Lake Brantley High School.  Lake Brantley High School (LBHS) is located in Altamonte Springs in the U.S. state of Florida an urban community approximately 13 miles (20 km) north of Orlando. It is a public high school serving grade levels 9–12 in Seminole County FL operated by Seminole County Public Schools. The school which opened in 1972 ranked 79th on Newsweek magazine's 2005 list of the top 100 high schools in the United States and 424th in the 2009 Newsweek list.,"{""Company"": 0, ""EducationalInstitution"": 1, ""Artist"": 0, ""Athlete"": 0, ""OfficeHolder"": 0, ""MeanOfTransportation"": 0, ""Building"": 0, ""NaturalPlace"": 0, ""Village"": 0, ""Animal"": 0, ""Plant"": 0, ""Album"": 0, ""Film"": 0, ""WrittenWork"": 0}",1,1,1.0,1
277,Artist,Artist,Pedro Déniz.  Pedro J. Déniz Acosta (Santa Brígida Las Palmas de Gran Canaria Canary Islands Spain 1964) is an interdisciplinary artist who has developed art projects and experiences ranging from the objectual art to installation art from art photography to video art cultivating art intervention performance art visual poetry and graphic design.,"{""Company"": 0, ""EducationalInstitution"": 0, ""Artist"": 1, ""Athlete"": 0, ""OfficeHolder"": 0, ""MeanOfTransportation"": 0, ""Building"": 0, ""NaturalPlace"": 0, ""Village"": 0, ""Animal"": 0, ""Plant"": 0, ""Album"": 0, ""Film"": 0, ""WrittenWork"": 0}",1,1,1.0,1
278,Company,Company,Turkish Bank.  Turkish Bank Group is a Banking corporation established during 1901 as the Nicosia Savings Box in Cyprus assisted businesses by providing capital and financial support for local tradesmen. Supervised by the custodian Hacı İbrahim Efendi and led by an established businessman of the area Mufti Hafiz Ziyai Efendi.By 1925 it had been turned into a savings bank and by 1974 (as Türk Bankası Ltd./Turkish Bank Ltd.) established branches in London.,"{""Company"": 1, ""EducationalInstitution"": 0, ""Artist"": 0, ""Athlete"": 0, ""OfficeHolder"": 0, ""MeanOfTransportation"": 0, ""Building"": 0, ""NaturalPlace"": 0, ""Village"": 0, ""Animal"": 0, ""Plant"": 0, ""Album"": 0, ""Film"": 0, ""WrittenWork"": 0}",1,1,1.0,1
279,Artist,Artist,Doug McCombs.  Douglas McCombs (born in 1962 in Peoria Illinois) plays bass and guitar with the instrumental rock band Tortoise and leads the instrumental band Brokeback. He is also the longtime bassist for the rock band Eleventh Dream Day. In 1997 he formed Pullman with Bundy K. Brown Chris Brokaw and Curtis Harvey with whom he released two albums.,"{""Company"": 0, ""EducationalInstitution"": 0, ""Artist"": 1, ""Athlete"": 0, ""OfficeHolder"": 0, ""MeanOfTransportation"": 0, ""Building"": 0, ""NaturalPlace"": 0, ""Village"": 0, ""Animal"": 0, ""Plant"": 0, ""Album"": 0, ""Film"": 0, ""WrittenWork"": 0}",1,1,1.0,1
280,NaturalPlace,NaturalPlace,Tomaș River.  The Tomaș River is a tributary of the Valea Lungă River in Romania. The lower course of the river crosses the city of Săcele where it is channelized.,"{""Company"": 0, ""EducationalInstitution"": 0, ""Artist"": 0, ""Athlete"": 0, ""OfficeHolder"": 0, ""MeanOfTransportation"": 0, ""Building"": 0, ""NaturalPlace"": 1, ""Village"": 0, ""Animal"": 0, ""Plant"": 0, ""Album"": 0, ""Film"": 0, ""WrittenWork"": 0}",1,1,1.0,1
281,Building,EducationalInstitution,Henan Museum.  The Henan Museum or Henan Provincial Museum (Chinese: 河南博物院; Pinyin: Hénán Bówùyuàn) located in Zhengzhou Henan Province China is a history and art museum. It has a collection of more than 130000 pieces of cultural relics through the ages. In addition to its collection of human history the museum is also home to many relics of natural history including dinosaur bones and fossils.,"{""Company"": 0, ""EducationalInstitution"": 1, ""Artist"": 0, ""Athlete"": 0, ""OfficeHolder"": 0, ""MeanOfTransportation"": 0, ""Building"": 0, ""NaturalPlace"": 0, ""Village"": 0, ""Animal"": 0, ""Plant"": 0, ""Album"": 0, ""Film"": 0, ""WrittenWork"": 0}",1,1,1.0,0
282,OfficeHolder,OfficeHolder,Don Meredith (politician).  Don Meredith (born July 13 1964) is an ordained minister in Canada executive director of the GTA Faith Alliance which focuses on the issue of youth violence particularly involving gangs and guns and a member of the Canadian Senate. The GTA Faith Alliance has organized peace rallies in the Malvern and Rexdale communities of Toronto following incidents of violence as well as organizing town hall meetings on related community issues.,"{""Company"": 0, ""EducationalInstitution"": 0, ""Artist"": 0, ""Athlete"": 0, ""OfficeHolder"": 1, ""MeanOfTransportation"": 0, ""Building"": 0, ""NaturalPlace"": 0, ""Village"": 0, ""Animal"": 0, ""Plant"": 0, ""Album"": 0, ""Film"": 0, ""WrittenWork"": 0}",1,1,1.0,1
283,Company,Company,Tofutti.  Tofutti Brands Inc. is a US company founded by New York restaurateur David Mintz that makes a range of soy-based dairy-free foods. Best known for ice cream substitute Tofutti targets some niches such as the lactose-intolerant kosher food allergy sensitive vegetarian and vegan markets. In Canada Tofutti-Cholac Foods has distributed Tofutti products to Canadian supermarkets grocers and health food stores since the late 1980s.,"{""Company"": 1, ""EducationalInstitution"": 0, ""Artist"": 0, ""Athlete"": 0, ""OfficeHolder"": 0, ""MeanOfTransportation"": 0, ""Building"": 0, ""NaturalPlace"": 0, ""Village"": 0, ""Animal"": 0, ""Plant"": 0, ""Album"": 0, ""Film"": 0, ""WrittenWork"": 0}",1,1,1.0,1
284,Village,Village,Melauli.  Melauli is a village development committee in Baitadi District in the Mahakali Zone of western Nepal. At the time of the 1991 Nepal census it had a population of 3391 and had 595 houses in the town.,"{""Company"": 0, ""EducationalInstitution"": 0, ""Artist"": 0, ""Athlete"": 0, ""OfficeHolder"": 0, ""MeanOfTransportation"": 0, ""Building"": 0, ""NaturalPlace"": 0, ""Village"": 1, ""Animal"": 0, ""Plant"": 0, ""Album"": 0, ""Film"": 0, ""WrittenWork"": 0}",1,1,1.0,1
285,Athlete,Athlete,Regina Halmich.  Regina Halmich (born 22 November 1976) is a female boxer from Germany. Halmich is among the most successful female boxers of all time and helped popularise female boxing in Europe.,"{""Company"": 0, ""EducationalInstitution"": 0, ""Artist"": 0, ""Athlete"": 1, ""OfficeHolder"": 0, ""MeanOfTransportation"": 0, ""Building"": 0, ""NaturalPlace"": 0, ""Village"": 0, ""Animal"": 0, ""Plant"": 0, ""Album"": 0, ""Film"": 0, ""WrittenWork"": 0}",1,1,1.0,1
286,Company,Company,Dwango (company).  Dwango Co. Ltd (株式会社ドワンゴ) (TYO: 3715) is a telecommunications and media company based in Japan headed by Nobuo Kawakami. Its subsidiaries include Niwango which runs the popular Japanese video sharing site Nico Nico Douga. The company was spun off from a U.S.-based service offering online multiplayer for video games DWANGO which was shut down in 1998. Majority shareholders include Kawakami himself Kadokawa Group Holdings and Avex Group.,"{""Company"": 1, ""EducationalInstitution"": 0, ""Artist"": 0, ""Athlete"": 0, ""OfficeHolder"": 0, ""MeanOfTransportation"": 0, ""Building"": 0, ""NaturalPlace"": 0, ""Village"": 0, ""Animal"": 0, ""Plant"": 0, ""Album"": 0, ""Film"": 0, ""WrittenWork"": 0}",1,1,1.0,1
287,OfficeHolder,OfficeHolder,Matt Dolan.  Matthew J. Dolan is a former member of the Ohio House of Representatives representing the 98th District from 2005 to 2010. He resigned in January 2010 to focus on a run for Cuyahoga County Executive. Dolan is the son of Cleveland Indians owner Larry Dolan and nephew of Cablevision billionaire Charles Dolan.On November 2 2010 he lost to Lakewood Mayor Democrat Ed FitzGerald in the race to become Cuyahoga County Executive.,"{""Company"": 0, ""EducationalInstitution"": 0, ""Artist"": 0, ""Athlete"": 0, ""OfficeHolder"": 1, ""MeanOfTransportation"": 0, ""Building"": 0, ""NaturalPlace"": 0, ""Village"": 0, ""Animal"": 0, ""Plant"": 0, ""Album"": 0, ""Film"": 0, ""WrittenWork"": 0}",1,1,1.0,1
288,Village,Village,Jasionowa Huta.  Jasionowa Huta [jaɕɔˈnɔva ˈxuta] is a village in the administrative district of Gmina Nowa Karczma within Kościerzyna County Pomeranian Voivodeship in northern Poland. It lies approximately 4 kilometres (2 mi) north of Nowa Karczma 16 km (10 mi) east of Kościerzyna and 36 km (22 mi) south-west of the regional capital Gdańsk.For details of the history of the region see History of Pomerania.,"{""Company"": 0, ""EducationalInstitution"": 0, ""Artist"": 0, ""Athlete"": 0, ""OfficeHolder"": 0, ""MeanOfTransportation"": 0, ""Building"": 0, ""NaturalPlace"": 0, ""Village"": 1, ""Animal"": 0, ""Plant"": 0, ""Album"": 0, ""Film"": 0, ""WrittenWork"": 0}",1,1,1.0,1
289,Animal,Animal,Malaysian Partridge.  The Malaysian Partridge or Campbell's Partridge (Arborophila campbelli) is a species of bird in the Phasianidae family. This monotypic species is found in highland forests in Peninsular Malaysia. It is sometimes treated as a subspecies of the Grey-breasted Partridge.,"{""Company"": 0, ""EducationalInstitution"": 0, ""Artist"": 0, ""Athlete"": 0, ""OfficeHolder"": 0, ""MeanOfTransportation"": 0, ""Building"": 0, ""NaturalPlace"": 0, ""Village"": 0, ""Animal"": 1, ""Plant"": 0, ""Album"": 0, ""Film"": 0, ""WrittenWork"": 0}",1,1,1.0,1
290,OfficeHolder,Company,Saugata Mitra.  Saugata Mitra is the Chief People Officer and Group Head Human Resources at Mother Dairy. He is a member of the Japan India Business Association and a governing body member of Institute of Rural Management Anand. He is a Human Resource professional business analyst and author.,"{""Company"": 1, ""EducationalInstitution"": 0, ""Artist"": 0, ""Athlete"": 0, ""OfficeHolder"": 0, ""MeanOfTransportation"": 0, ""Building"": 0, ""NaturalPlace"": 0, ""Village"": 0, ""Animal"": 0, ""Plant"": 0, ""Album"": 0, ""Film"": 0, ""WrittenWork"": 0}",1,1,1.0,0
291,Athlete,Athlete,Tani Fuga.  Tanielu Tani Fuga (born 14 July 1973) is a Samoan rugby union player. Born in Apia he was brought up by his grandparents Iosia and Salavao Fuga and they moved to Auckland in 1986 for him to study. He attended Waitakere College in Auckland and played for the Waitemata club. He played as hooker and after playing for Samoa in 1999 decided to move to the UK as one of his idols Keith Wood played there for Harlequins.,"{""Company"": 0, ""EducationalInstitution"": 0, ""Artist"": 0, ""Athlete"": 1, ""OfficeHolder"": 0, ""MeanOfTransportation"": 0, ""Building"": 0, ""NaturalPlace"": 0, ""Village"": 0, ""Animal"": 0, ""Plant"": 0, ""Album"": 0, ""Film"": 0, ""WrittenWork"": 0}",1,1,1.0,1
292,Animal,Animal,Cameraria sadlerianella.  Cameraria sadlerianella is a moth of the Gracillariidae family. It is known from the United States (California and Oregon).The length of the forewings is 4.3-4.9 mm.The larvae feed on Quercus sadleriana. They mine the leaves of their host plant. The mine is found on the upperside of the leaf. It is ovoid to triangular. The epidermis is opaque with a yellow tan. The mine is usually located on one side of the midrib with one mine edge oriented adjacent to the midrib.,"{""Company"": 0, ""EducationalInstitution"": 0, ""Artist"": 0, ""Athlete"": 0, ""OfficeHolder"": 0, ""MeanOfTransportation"": 0, ""Building"": 0, ""NaturalPlace"": 0, ""Village"": 0, ""Animal"": 1, ""Plant"": 0, ""Album"": 0, ""Film"": 0, ""WrittenWork"": 0}",1,1,1.0,1
293,Company,WrittenWork,Maariv.  Maariv or Ma'ariv (Hebrew: מַעֲרִיב [maʔăˈʁiv]) also known as Arvit (Hebrew: עַרְבִית [aʁˈvit]) is a Jewish prayer service held in the evening. It consists primarily of the evening Shema and Amidah.The service usually begins with two verses from Psalms followed by the communal recitation of Barechu. The three paragraphs of the Shema are then said both preceded and followed by two blessings although sometimes a fifth blessing is added at the end.,"{""Company"": 0, ""EducationalInstitution"": 0, ""Artist"": 0, ""Athlete"": 0, ""OfficeHolder"": 0, ""MeanOfTransportation"": 0, ""Building"": 0, ""NaturalPlace"": 0, ""Village"": 0, ""Animal"": 0, ""Plant"": 0, ""Album"": 0, ""Film"": 0, ""WrittenWork"": 1}",1,1,1.0,0
294,Plant,Plant,Salvia cedrosensis.  Salvia cedrosensis is an evergreen fruticose perennial plant that is endemic to the western (Pacific) coast of Baja California in Mexico growing on the Vizcaino peninsula and Cedros Island.It is found growing along dry riverbeds and canyons in rocky soil. In the wild it grows 60 cm (24 in) tall and wide with small felt-like leaves that are whitish-grey and 2.5 cm (0.98 in). The flowers are violet-blue with a pearly grey calyx and light violet around the edges.,"{""Company"": 0, ""EducationalInstitution"": 0, ""Artist"": 0, ""Athlete"": 0, ""OfficeHolder"": 0, ""MeanOfTransportation"": 0, ""Building"": 0, ""NaturalPlace"": 0, ""Village"": 0, ""Animal"": 0, ""Plant"": 1, ""Album"": 0, ""Film"": 0, ""WrittenWork"": 0}",1,1,1.0,1
295,Album,Album,Phenix (album).  Phenix is an album by jazz saxophonist Cannonball Adderley recorded at the Fantasy Studios in Berkeley California in 1975 featuring performances by Adderley's Quintet with Nat Adderley Michael Wolff Walter Booker and Roy McCurdy with guest percussionist Airto Moreira and sessions featuring past Quintet members George Duke Sam Jones and Louis Hayes.,"{""Company"": 0, ""EducationalInstitution"": 0, ""Artist"": 0, ""Athlete"": 0, ""OfficeHolder"": 0, ""MeanOfTransportation"": 0, ""Building"": 0, ""NaturalPlace"": 0, ""Village"": 0, ""Animal"": 0, ""Plant"": 0, ""Album"": 1, ""Film"": 0, ""WrittenWork"": 0}",1,1,1.0,1
296,Album,Album,Americruiser.  Americicruiser is the second album by American alternative rock group Urge Overkill.,"{""Company"": 0, ""EducationalInstitution"": 0, ""Artist"": 0, ""Athlete"": 0, ""OfficeHolder"": 0, ""MeanOfTransportation"": 0, ""Building"": 0, ""NaturalPlace"": 0, ""Village"": 0, ""Animal"": 0, ""Plant"": 0, ""Album"": 1, ""Film"": 0, ""WrittenWork"": 0}",1,1,1.0,1
297,OfficeHolder,OfficeHolder,Justin Marcum.  Justin Jerome Marcum is a Democratic member of the West Virginia House of Delegates representing the 20th district. Marcum has also served as a Mingo County prosecutor and previously worked as a coal miner.,"{""Company"": 0, ""EducationalInstitution"": 0, ""Artist"": 0, ""Athlete"": 0, ""OfficeHolder"": 1, ""MeanOfTransportation"": 0, ""Building"": 0, ""NaturalPlace"": 0, ""Village"": 0, ""Animal"": 0, ""Plant"": 0, ""Album"": 0, ""Film"": 0, ""WrittenWork"": 0}",1,1,1.0,1
298,Athlete,Athlete,Ifraim Alija.  Ifraim Alija (Serbo-Croat: Ifrajim Alija) (born 30 August 1985 in SFR Yugoslavia) is a footballer who plays for FC Gossau.He played his only match in Super League 2003–04 season.,"{""Company"": 0, ""EducationalInstitution"": 0, ""Artist"": 0, ""Athlete"": 1, ""OfficeHolder"": 0, ""MeanOfTransportation"": 0, ""Building"": 0, ""NaturalPlace"": 0, ""Village"": 0, ""Animal"": 0, ""Plant"": 0, ""Album"": 0, ""Film"": 0, ""WrittenWork"": 0}",1,1,1.0,1
299,MeanOfTransportation,MeanOfTransportation,USS Bagaduce (ATA-194).  The auxiliary ocean tug USS ATA-194 was laid down on 7 November 1944 at Orange Texas by the Levingston Ship Building Co.; launched 4 December 1944; and commissioned at Orange on 14 February 1945 Lieutenant (j.g.) William J. Bryan in command.After shakedown training ATA-194 sailed for the Pacific with equipment in tow. She transited the Panama Canal late in March and arrived at Pearl Harbor on 29 April.,"{""Company"": 0, ""EducationalInstitution"": 0, ""Artist"": 0, ""Athlete"": 0, ""OfficeHolder"": 0, ""MeanOfTransportation"": 1, ""Building"": 0, ""NaturalPlace"": 0, ""Village"": 0, ""Animal"": 0, ""Plant"": 0, ""Album"": 0, ""Film"": 0, ""WrittenWork"": 0}",1,1,1.0,1
